ISO-10303-21;
HEADER;
FILE_DESCRIPTION (( 'STEP AP214' ),
    '1' );
FILE_NAME ('EL1881CSZ.STEP',
    '2022-09-07T09:43:55',
    ( '' ),
    ( '' ),
    'SwSTEP 2.0',
    'SolidWorks 2018',
    '' );
FILE_SCHEMA (( 'AUTOMOTIVE_DESIGN' ));
ENDSEC;

DATA;
#1 =( LENGTH_UNIT ( ) NAMED_UNIT ( * ) SI_UNIT ( .MILLI., .METRE. ) );
#2 = MECHANICAL_DESIGN_GEOMETRIC_PRESENTATION_REPRESENTATION (  '', ( #5934 ), #380 ) ;
#3 = DIRECTION ( 'NONE',  ( -1.000000000000000000, -0.000000000000000000, -0.000000000000000000 ) ) ;
#4 = CARTESIAN_POINT ( 'NONE',  ( -2.282869896592605752, 1.858328323430713302, -0.03727787186130065988 ) ) ;
#5 = EDGE_CURVE ( 'NONE', #5121, #165, #3745, .T. ) ;
#6 =( NAMED_UNIT ( * ) PLANE_ANGLE_UNIT ( ) SI_UNIT ( $, .RADIAN. ) );
#7 = COLOUR_RGB ( '',0.7529411764705882248, 0.7529411764705882248, 0.7529411764705882248 ) ;
#8 =( LENGTH_UNIT ( ) NAMED_UNIT ( * ) SI_UNIT ( .MILLI., .METRE. ) );
#9 = PRESENTATION_STYLE_ASSIGNMENT (( #3805 ) ) ;
#10 = CARTESIAN_POINT ( 'NONE',  ( -2.373799999999999688, 1.949999999999999956, 0.8349999999999841993 ) ) ;
#11 = VECTOR ( 'NONE', #695, 1000.000000000000000 ) ;
#12 = DIRECTION ( 'NONE',  ( 0.000000000000000000, 0.000000000000000000, 1.000000000000000000 ) ) ;
#13 = CARTESIAN_POINT ( 'NONE',  ( 0.8500000000000015321, -2.708949121834177465, 1.250274496869775653 ) ) ;
#14 = ORIENTED_EDGE ( 'NONE', *, *, #2482, .T. ) ;
#15 =( LENGTH_UNIT ( ) NAMED_UNIT ( * ) SI_UNIT ( .MILLI., .METRE. ) );
#16 = CIRCLE ( 'NONE', #1567, 0.1340459166400966851 ) ;
#17 =( GEOMETRIC_REPRESENTATION_CONTEXT ( 3 ) GLOBAL_UNCERTAINTY_ASSIGNED_CONTEXT ( ( #342 ) ) GLOBAL_UNIT_ASSIGNED_CONTEXT ( ( #6207, #2853, #1676 ) ) REPRESENTATION_CONTEXT ( 'NONE', 'WORKASPACE' ) );
#18 = CARTESIAN_POINT ( 'NONE',  ( 1.690000000000001723, 2.671944735649774749, 1.286701275200562655 ) ) ;
#19 = EDGE_CURVE ( 'NONE', #4959, #7227, #6592, .T. ) ;
#20 =( GEOMETRIC_REPRESENTATION_CONTEXT ( 3 ) GLOBAL_UNCERTAINTY_ASSIGNED_CONTEXT ( ( #3452 ) ) GLOBAL_UNIT_ASSIGNED_CONTEXT ( ( #5277, #6408, #642 ) ) REPRESENTATION_CONTEXT ( 'NONE', 'WORKASPACE' ) );
#21 = VERTEX_POINT ( 'NONE', #5326 ) ;
#22 = DIRECTION ( 'NONE',  ( 0.000000000000000000, 0.06975647374412537183, -0.9975640502598243087 ) ) ;
#23 = VERTEX_POINT ( 'NONE', #206 ) ;
#24 = UNCERTAINTY_MEASURE_WITH_UNIT (LENGTH_MEASURE( 1.000000000000000082E-05 ), #2500, 'distance_accuracy_value', 'NONE');
#25 = MANIFOLD_SOLID_BREP ( 'LPattern1[2]', #6475 ) ;
#26 = PLANE ( 'NONE',  #4389 ) ;
#27 = DIRECTION ( 'NONE',  ( 8.764496256919476088E-17, -0.9902680687415708061, -0.1391731009600619684 ) ) ;
#28 = EDGE_LOOP ( 'NONE', ( #4206, #2113, #3098, #1048 ) ) ;
#29 =( NAMED_UNIT ( * ) SI_UNIT ( $, .STERADIAN. ) SOLID_ANGLE_UNIT ( ) );
#30 = PRESENTATION_LAYER_ASSIGNMENT (  '', '', ( #550 ) ) ;
#31 = LINE ( 'NONE', #2445, #3016 ) ;
#32 = AXIS2_PLACEMENT_3D ( 'NONE', #1312, #3004, #698 ) ;
#33 = LINE ( 'NONE', #6083, #5876 ) ;
#34 = EDGE_CURVE ( 'NONE', #4767, #1378, #1542, .T. ) ;
#35 = PRESENTATION_STYLE_ASSIGNMENT (( #5252 ) ) ;
#36 = CARTESIAN_POINT ( 'NONE',  ( -2.373799999999998800, -1.949999999999999956, 0.8349999999999841993 ) ) ;
#37 = AXIS2_PLACEMENT_3D ( 'NONE', #174, #2206, #3557 ) ;
#38 = ADVANCED_FACE ( 'NONE', ( #6227 ), #6314, .T. ) ;
#39 = FILL_AREA_STYLE_COLOUR ( '', #2145 ) ;
#40 = ORIENTED_EDGE ( 'NONE', *, *, #4884, .F. ) ;
#41 = LINE ( 'NONE', #6781, #5531 ) ;
#42 = VERTEX_POINT ( 'NONE', #1946 ) ;
#43 = DIRECTION ( 'NONE',  ( 1.000000000000000000, 0.000000000000000000, 0.000000000000000000 ) ) ;
#44 = AXIS2_PLACEMENT_3D ( 'NONE', #3908, #2208, #3304 ) ;
#45 = CARTESIAN_POINT ( 'NONE',  ( 2.120000000000001439, -1.949999999999999512, 0.6150000000000157563 ) ) ;
#46 = MECHANICAL_DESIGN_GEOMETRIC_PRESENTATION_REPRESENTATION (  '', ( #6832 ), #7268 ) ;
#47 = ORIENTED_EDGE ( 'NONE', *, *, #5376, .T. ) ;
#48 = SURFACE_STYLE_USAGE ( .BOTH. , #6938 ) ;
#49 = SURFACE_SIDE_STYLE ('',( #5971 ) ) ;
#50 = ORIENTED_EDGE ( 'NONE', *, *, #6488, .T. ) ;
#51 =( NAMED_UNIT ( * ) SI_UNIT ( $, .STERADIAN. ) SOLID_ANGLE_UNIT ( ) );
#52 = EDGE_LOOP ( 'NONE', ( #7216, #3828, #1487, #3504 ) ) ;
#53 = COLOUR_RGB ( '',0.2509803921568627416, 0.2509803921568627416, 0.2509803921568627416 ) ;
#54 =( NAMED_UNIT ( * ) SI_UNIT ( $, .STERADIAN. ) SOLID_ANGLE_UNIT ( ) );
#55 = CARTESIAN_POINT ( 'NONE',  ( 2.120000000000001439, 2.199999999999999734, 0.8349999999999841993 ) ) ;
#56 = CARTESIAN_POINT ( 'NONE',  ( 1.690000000000001723, 2.575229734309891771, 1.259625067334387394 ) ) ;
#57 = ORIENTED_EDGE ( 'NONE', *, *, #1281, .F. ) ;
#58 = CARTESIAN_POINT ( 'NONE',  ( -2.297327737236431133, -1.797327737236432466, 0.07620000000000001772 ) ) ;
#59 = LINE ( 'NONE', #5818, #5637 ) ;
#60 =( LENGTH_UNIT ( ) NAMED_UNIT ( * ) SI_UNIT ( .MILLI., .METRE. ) );
#61 = EDGE_CURVE ( 'NONE', #1741, #1217, #821, .T. ) ;
#62 = COLOUR_RGB ( '',0.7529411764705882248, 0.7529411764705882248, 0.7529411764705882248 ) ;
#63 =( NAMED_UNIT ( * ) PLANE_ANGLE_UNIT ( ) SI_UNIT ( $, .RADIAN. ) );
#64 = ORIENTED_EDGE ( 'NONE', *, *, #4139, .T. ) ;
#65 = UNCERTAINTY_MEASURE_WITH_UNIT (LENGTH_MEASURE( 1.000000000000000082E-05 ), #1822, 'distance_accuracy_value', 'NONE');
#66 = SURFACE_STYLE_USAGE ( .BOTH. , #1257 ) ;
#67 = VECTOR ( 'NONE', #2048, 1000.000000000000000 ) ;
#68 = DIRECTION ( 'NONE',  ( 1.000000000000000000, 0.000000000000000000, 0.000000000000000000 ) ) ;
#69 = FILL_AREA_STYLE ('',( #4712 ) ) ;
#70 = CLOSED_SHELL ( 'NONE', ( #5577, #6639, #1698, #4595, #4660, #257, #4329, #5055, #3255, #3925, #3960, #6005, #6906, #5506 ) ) ;
#71 = PRESENTATION_STYLE_ASSIGNMENT (( #5364 ) ) ;
#72 = ORIENTED_EDGE ( 'NONE', *, *, #5268, .F. ) ;
#73 = PRESENTATION_STYLE_ASSIGNMENT (( #6365 ) ) ;
#74 = FILL_AREA_STYLE_COLOUR ( '', #6770 ) ;
#75 = STYLED_ITEM ( 'NONE', ( #7355 ), #5546 ) ;
#76 =( GEOMETRIC_REPRESENTATION_CONTEXT ( 3 ) GLOBAL_UNCERTAINTY_ASSIGNED_CONTEXT ( ( #714 ) ) GLOBAL_UNIT_ASSIGNED_CONTEXT ( ( #2560, #4379, #5457 ) ) REPRESENTATION_CONTEXT ( 'NONE', 'WORKASPACE' ) );
#77 = ORIENTED_EDGE ( 'NONE', *, *, #7407, .T. ) ;
#78 = EDGE_CURVE ( 'NONE', #3322, #4294, #5228, .T. ) ;
#79 = PRESENTATION_LAYER_ASSIGNMENT (  '', '', ( #2922 ) ) ;
#80 = AXIS2_PLACEMENT_3D ( 'NONE', #4114, #4682, #4043 ) ;
#81 = ORIENTED_EDGE ( 'NONE', *, *, #1851, .T. ) ;
#82 = VERTEX_POINT ( 'NONE', #4371 ) ;
#83 = PLANE ( 'NONE',  #6643 ) ;
#84 = PRESENTATION_STYLE_ASSIGNMENT (( #1245 ) ) ;
#85 = SURFACE_STYLE_USAGE ( .BOTH. , #3595 ) ;
#86 = DIRECTION ( 'NONE',  ( 1.000000000000000000, 0.000000000000000000, 0.000000000000000000 ) ) ;
#87 = ORIENTED_EDGE ( 'NONE', *, *, #4103, .T. ) ;
#88 = AXIS2_PLACEMENT_3D ( 'NONE', #2400, #4321, #3848 ) ;
#89 = SURFACE_STYLE_USAGE ( .BOTH. , #3144 ) ;
#90 = CARTESIAN_POINT ( 'NONE',  ( 0.4200000000000015388, -2.999999999999999556, 1.625000000000000000 ) ) ;
#91 = AXIS2_PLACEMENT_3D ( 'NONE', #1052, #2708, #5735 ) ;
#92 = COLOUR_RGB ( '',0.2509803921568627416, 0.2509803921568627416, 0.2509803921568627416 ) ;
#93 =( GEOMETRIC_REPRESENTATION_CONTEXT ( 3 ) GLOBAL_UNCERTAINTY_ASSIGNED_CONTEXT ( ( #4472 ) ) GLOBAL_UNIT_ASSIGNED_CONTEXT ( ( #5565, #2680, #3315 ) ) REPRESENTATION_CONTEXT ( 'NONE', 'WORKASPACE' ) );
#94 = ORIENTED_EDGE ( 'NONE', *, *, #5, .F. ) ;
#95 = PRESENTATION_STYLE_ASSIGNMENT (( #2929 ) ) ;
#96 = VECTOR ( 'NONE', #1426, 1000.000000000000000 ) ;
#97 = DIRECTION ( 'NONE',  ( 0.000000000000000000, 0.000000000000000000, -1.000000000000000000 ) ) ;
#98 = SURFACE_STYLE_FILL_AREA ( #5759 ) ;
#99 = ORIENTED_EDGE ( 'NONE', *, *, #1481, .T. ) ;
#100 =( NAMED_UNIT ( * ) SI_UNIT ( $, .STERADIAN. ) SOLID_ANGLE_UNIT ( ) );
#101 = CARTESIAN_POINT ( 'NONE',  ( 2.374537999305286196, 1.949996426143392414, 0.8350254293110845882 ) ) ;
#102 = EDGE_CURVE ( 'NONE', #6561, #3065, #6219, .T. ) ;
#103 = COLOUR_RGB ( '',0.7529411764705882248, 0.7529411764705882248, 0.7529411764705882248 ) ;
#104 = CARTESIAN_POINT ( 'NONE',  ( -2.449999999999999734, 1.873799999999999910, 0.8349999999999843103 ) ) ;
#105 = EDGE_LOOP ( 'NONE', ( #4919, #3335, #1069, #47 ) ) ;
#106 = FILL_AREA_STYLE ('',( #3566 ) ) ;
#107 = SURFACE_STYLE_FILL_AREA ( #4146 ) ;
#108 =( NAMED_UNIT ( * ) SI_UNIT ( $, .STERADIAN. ) SOLID_ANGLE_UNIT ( ) );
#109 = DIRECTION ( 'NONE',  ( 1.000000000000000000, 0.000000000000000000, 0.000000000000000000 ) ) ;
#110 = SURFACE_STYLE_FILL_AREA ( #4513 ) ;
#111 = FILL_AREA_STYLE_COLOUR ( '', #3804 ) ;
#112 = CARTESIAN_POINT ( 'NONE',  ( -2.119999999999998774, 2.575229734309892216, 1.259625067334387394 ) ) ;
#113 = ORIENTED_EDGE ( 'NONE', *, *, #3987, .F. ) ;
#114 =( NAMED_UNIT ( * ) SI_UNIT ( $, .STERADIAN. ) SOLID_ANGLE_UNIT ( ) );
#115 = ORIENTED_EDGE ( 'NONE', *, *, #2861, .F. ) ;
#116 = UNCERTAINTY_MEASURE_WITH_UNIT (LENGTH_MEASURE( 1.000000000000000082E-05 ), #6610, 'distance_accuracy_value', 'NONE');
#117 = DIRECTION ( 'NONE',  ( -1.000000000000000000, -0.000000000000000000, -0.000000000000000000 ) ) ;
#118 = PRESENTATION_STYLE_ASSIGNMENT (( #3613 ) ) ;
#119 = SURFACE_STYLE_USAGE ( .BOTH. , #3581 ) ;
#120 = COLOUR_RGB ( '',0.7529411764705882248, 0.7529411764705882248, 0.7529411764705882248 ) ;
#121 = STYLED_ITEM ( 'NONE', ( #1190 ), #6792 ) ;
#122 = UNCERTAINTY_MEASURE_WITH_UNIT (LENGTH_MEASURE( 1.000000000000000082E-05 ), #1801, 'distance_accuracy_value', 'NONE');
#123 = EDGE_CURVE ( 'NONE', #6092, #371, #2339, .T. ) ;
#124 = MECHANICAL_DESIGN_GEOMETRIC_PRESENTATION_REPRESENTATION (  '', ( #1807 ), #3463 ) ;
#125 = VECTOR ( 'NONE', #3257, 1000.000000000000114 ) ;
#126 = PRESENTATION_STYLE_ASSIGNMENT (( #4295 ) ) ;
#127 = CARTESIAN_POINT ( 'NONE',  ( -0.8499999999999985345, 2.699598551369565502, 1.383993884394061347 ) ) ;
#128 = CARTESIAN_POINT ( 'NONE',  ( -2.119999999999998774, 2.200000000000000178, 0.8349999999999843103 ) ) ;
#129 = CARTESIAN_POINT ( 'NONE',  ( -2.119999999999998774, 1.949999999999999956, 0.6150000000000157563 ) ) ;
#130 =( GEOMETRIC_REPRESENTATION_CONTEXT ( 3 ) GLOBAL_UNCERTAINTY_ASSIGNED_CONTEXT ( ( #1274 ) ) GLOBAL_UNIT_ASSIGNED_CONTEXT ( ( #4429, #5568, #6153 ) ) REPRESENTATION_CONTEXT ( 'NONE', 'WORKASPACE' ) );
#131 = VECTOR ( 'NONE', #7097, 999.9999999999998863 ) ;
#132 = ORIENTED_EDGE ( 'NONE', *, *, #3162, .F. ) ;
#133 = MECHANICAL_DESIGN_GEOMETRIC_PRESENTATION_REPRESENTATION (  '', ( #5430 ), #1292 ) ;
#134 = PRESENTATION_LAYER_ASSIGNMENT (  '', '', ( #7112 ) ) ;
#135 = EDGE_LOOP ( 'NONE', ( #1511, #2614, #740, #4066, #4769, #3935, #6679, #295, #2310, #251, #2086, #5737 ) ) ;
#136 = FILL_AREA_STYLE ('',( #4698 ) ) ;
#137 = VECTOR ( 'NONE', #1962, 1000.000000000000000 ) ;
#138 = ORIENTED_EDGE ( 'NONE', *, *, #2656, .F. ) ;
#139 = VECTOR ( 'NONE', #152, 1000.000000000000000 ) ;
#140 =( NAMED_UNIT ( * ) SI_UNIT ( $, .STERADIAN. ) SOLID_ANGLE_UNIT ( ) );
#141 = DIRECTION ( 'NONE',  ( 0.000000000000000000, 0.9975640502598245307, -0.06975647374412130564 ) ) ;
#142 = SURFACE_STYLE_FILL_AREA ( #4133 ) ;
#143 = CARTESIAN_POINT ( 'NONE',  ( 2.374537999305285751, -1.949996426143391526, 0.6149745706889138130 ) ) ;
#144 = MECHANICAL_DESIGN_GEOMETRIC_PRESENTATION_REPRESENTATION (  '', ( #4311 ), #5822 ) ;
#145 = CARTESIAN_POINT ( 'NONE',  ( 2.374537999305286196, 1.949996426143392414, 0.8350254293110845882 ) ) ;
#146 = DIRECTION ( 'NONE',  ( 0.000000000000000000, -1.000000000000000000, 0.000000000000000000 ) ) ;
#147 = ORIENTED_EDGE ( 'NONE', *, *, #4816, .T. ) ;
#148 = VERTEX_POINT ( 'NONE', #3748 ) ;
#149 = VECTOR ( 'NONE', #1895, 1000.000000000000000 ) ;
#150 = ORIENTED_EDGE ( 'NONE', *, *, #4103, .F. ) ;
#151 = AXIS2_PLACEMENT_3D ( 'NONE', #912, #5513, #886 ) ;
#152 = DIRECTION ( 'NONE',  ( 1.000000000000000000, 0.000000000000000000, 0.000000000000000000 ) ) ;
#153 = VECTOR ( 'NONE', #702, 1000.000000000000000 ) ;
#154 = DIRECTION ( 'NONE',  ( 0.000000000000000000, -0.06975647374412130564, -0.9975640502598245307 ) ) ;
#155 = DIRECTION ( 'NONE',  ( 2.224004456380521903E-16, -1.000000000000000000, 0.000000000000000000 ) ) ;
#156 = ORIENTED_EDGE ( 'NONE', *, *, #5412, .F. ) ;
#157 = VECTOR ( 'NONE', #6624, 1000.000000000000000 ) ;
#158 = CARTESIAN_POINT ( 'NONE',  ( 0.4200000000000015388, 2.236792614887839648, 0.9295906676744072339 ) ) ;
#159 = VERTEX_POINT ( 'NONE', #870 ) ;
#160 = UNCERTAINTY_MEASURE_WITH_UNIT (LENGTH_MEASURE( 1.000000000000000082E-05 ), #6847, 'distance_accuracy_value', 'NONE');
#161 =( NAMED_UNIT ( * ) PLANE_ANGLE_UNIT ( ) SI_UNIT ( $, .RADIAN. ) );
#162 = EDGE_CURVE ( 'NONE', #3323, #6125, #5052, .T. ) ;
#163 = ORIENTED_EDGE ( 'NONE', *, *, #4278, .T. ) ;
#164 = MECHANICAL_DESIGN_GEOMETRIC_PRESENTATION_REPRESENTATION (  '', ( #939 ), #3663 ) ;
#165 = VERTEX_POINT ( 'NONE', #3799 ) ;
#166 = FILL_AREA_STYLE_COLOUR ( '', #363 ) ;
#167 = SURFACE_STYLE_USAGE ( .BOTH. , #1404 ) ;
#168 = ORIENTED_EDGE ( 'NONE', *, *, #1900, .T. ) ;
#169 = EDGE_LOOP ( 'NONE', ( #4474, #2867, #1831, #767 ) ) ;
#170 = EDGE_CURVE ( 'NONE', #4025, #4767, #2076, .T. ) ;
#171 = MECHANICAL_DESIGN_GEOMETRIC_PRESENTATION_REPRESENTATION (  '', ( #509 ), #5293 ) ;
#172 = CARTESIAN_POINT ( 'NONE',  ( -2.119999999999998774, 1.949999999999999956, 0.6150000000000157563 ) ) ;
#173 = ORIENTED_EDGE ( 'NONE', *, *, #2905, .F. ) ;
#174 = CARTESIAN_POINT ( 'NONE',  ( -2.119999999999998774, 2.358120395030566918, 1.308646010850337271 ) ) ;
#175 = COLOUR_RGB ( '',0.7921568627450980005, 0.8196078431372548767, 0.9333333333333333481 ) ;
#176 = SPHERICAL_SURFACE ( 'NONE', #1302, 0.07619999999999998996 ) ;
#177 = SURFACE_STYLE_USAGE ( .BOTH. , #6574 ) ;
#178 = DIRECTION ( 'NONE',  ( 1.000000000000000000, 0.000000000000000000, 0.000000000000000000 ) ) ;
#179 = ORIENTED_EDGE ( 'NONE', *, *, #6757, .F. ) ;
#180 = CIRCLE ( 'NONE', #4262, 0.3145906676743914776 ) ;
#181 = MECHANICAL_DESIGN_GEOMETRIC_PRESENTATION_REPRESENTATION (  '', ( #562 ), #1346 ) ;
#182 = PRESENTATION_LAYER_ASSIGNMENT (  '', '', ( #3279 ) ) ;
#183 = PLANE ( 'NONE',  #7110 ) ;
#184 = SURFACE_SIDE_STYLE ('',( #1142 ) ) ;
#185 = ORIENTED_EDGE ( 'NONE', *, *, #2973, .F. ) ;
#186 = FILL_AREA_STYLE ('',( #5192 ) ) ;
#187 = FACE_OUTER_BOUND ( 'NONE', #4782, .T. ) ;
#188 = DIRECTION ( 'NONE',  ( 0.000000000000000000, 0.000000000000000000, 1.000000000000000000 ) ) ;
#189 = CARTESIAN_POINT ( 'NONE',  ( -2.449996426143392192, 1.874537999305284641, 0.6149745706889169217 ) ) ;
#190 = CIRCLE ( 'NONE', #6438, 0.05000000000000002359 ) ;
#191 = LINE ( 'NONE', #3999, #4540 ) ;
#192 = DIRECTION ( 'NONE',  ( 0.000000000000000000, 0.000000000000000000, 1.000000000000000000 ) ) ;
#193 = EDGE_CURVE ( 'NONE', #4203, #2834, #1990, .T. ) ;
#194 = ORIENTED_EDGE ( 'NONE', *, *, #5291, .T. ) ;
#195 = UNCERTAINTY_MEASURE_WITH_UNIT (LENGTH_MEASURE( 1.000000000000000082E-05 ), #1977, 'distance_accuracy_value', 'NONE');
#196 = CARTESIAN_POINT ( 'NONE',  ( -1.689999999999998392, -3.000000000000000000, 1.625000000000000000 ) ) ;
#197 = DIRECTION ( 'NONE',  ( 1.000000000000000000, 0.000000000000000000, 0.000000000000000000 ) ) ;
#198 = PLANE ( 'NONE',  #6402 ) ;
#199 = CARTESIAN_POINT ( 'NONE',  ( -0.8499999999999985345, 2.200000000000000178, 0.9690459166400811064 ) ) ;
#200 = EDGE_CURVE ( 'NONE', #5303, #3706, #2995, .T. ) ;
#201 = SURFACE_SIDE_STYLE ('',( #3067 ) ) ;
#202 = AXIS2_PLACEMENT_3D ( 'NONE', #6068, #5502, #802 ) ;
#203 = ORIENTED_EDGE ( 'NONE', *, *, #1900, .F. ) ;
#204 =( NAMED_UNIT ( * ) PLANE_ANGLE_UNIT ( ) SI_UNIT ( $, .RADIAN. ) );
#205 = SURFACE_STYLE_FILL_AREA ( #7378 ) ;
#206 = CARTESIAN_POINT ( 'NONE',  ( -0.8499999999999985345, -2.358120395030566918, 1.308646010850337271 ) ) ;
#207 = ORIENTED_EDGE ( 'NONE', *, *, #6953, .F. ) ;
#208 = PLANE ( 'NONE',  #5133 ) ;
#209 = DIRECTION ( 'NONE',  ( -0.000000000000000000, 0.9975640502598244197, 0.06975647374412252688 ) ) ;
#210 = VERTEX_POINT ( 'NONE', #6627 ) ;
#211 = EDGE_CURVE ( 'NONE', #7339, #7227, #3740, .T. ) ;
#212 = PRESENTATION_STYLE_ASSIGNMENT (( #1489 ) ) ;
#213 =( GEOMETRIC_REPRESENTATION_CONTEXT ( 3 ) GLOBAL_UNCERTAINTY_ASSIGNED_CONTEXT ( ( #5684 ) ) GLOBAL_UNIT_ASSIGNED_CONTEXT ( ( #1082, #514, #569 ) ) REPRESENTATION_CONTEXT ( 'NONE', 'WORKASPACE' ) );
#214 = PRESENTATION_LAYER_ASSIGNMENT (  '', '', ( #1140 ) ) ;
#215 = DIRECTION ( 'NONE',  ( 0.000000000000000000, -0.7071067811865439090, 0.7071067811865512365 ) ) ;
#216 = CARTESIAN_POINT ( 'NONE',  ( 2.374292006267272548, 1.949998808705152298, 0.8350084765032774747 ) ) ;
#217 = VERTEX_POINT ( 'NONE', #7233 ) ;
#218 =( LENGTH_UNIT ( ) NAMED_UNIT ( * ) SI_UNIT ( .MILLI., .METRE. ) );
#219 = SURFACE_SIDE_STYLE ('',( #4927 ) ) ;
#220 = VECTOR ( 'NONE', #4893, 999.9999999999998863 ) ;
#221 = ADVANCED_FACE ( 'NONE', ( #3265 ), #7037, .T. ) ;
#222 =( GEOMETRIC_REPRESENTATION_CONTEXT ( 3 ) GLOBAL_UNCERTAINTY_ASSIGNED_CONTEXT ( ( #1623 ) ) GLOBAL_UNIT_ASSIGNED_CONTEXT ( ( #2266, #510, #6824 ) ) REPRESENTATION_CONTEXT ( 'NONE', 'WORKASPACE' ) );
#223 = PRESENTATION_LAYER_ASSIGNMENT (  '', '', ( #4961 ) ) ;
#224 = AXIS2_PLACEMENT_3D ( 'NONE', #2801, #6872, #1164 ) ;
#225 = ORIENTED_EDGE ( 'NONE', *, *, #5322, .T. ) ;
#226 = DIRECTION ( 'NONE',  ( 0.000000000000000000, 0.000000000000000000, -1.000000000000000000 ) ) ;
#227 = FILL_AREA_STYLE_COLOUR ( '', #6808 ) ;
#228 = EDGE_LOOP ( 'NONE', ( #1588, #267, #5778 ) ) ;
#229 = DIRECTION ( 'NONE',  ( -8.764496256919473623E-17, 0.9902680687415708061, -0.1391731009600619684 ) ) ;
#230 = FILL_AREA_STYLE ('',( #2360 ) ) ;
#231 = FILL_AREA_STYLE ('',( #1875 ) ) ;
#232 = PRESENTATION_LAYER_ASSIGNMENT (  '', '', ( #5009 ) ) ;
#233 = DIRECTION ( 'NONE',  ( 0.1378445374916255628, 0.1378445374916252297, -0.9808148484639900300 ) ) ;
#234 = CARTESIAN_POINT ( 'NONE',  ( 1.690000000000001723, -2.550616955507047923, 0.9076459320246323959 ) ) ;
#235 = FILL_AREA_STYLE_COLOUR ( '', #6410 ) ;
#236 = CARTESIAN_POINT ( 'NONE',  ( -1.689999999999998392, -1.949999999999999956, 0.8349999999999841993 ) ) ;
#237 = DIRECTION ( 'NONE',  ( 0.000000000000000000, -1.000000000000000000, 0.000000000000000000 ) ) ;
#238 = ORIENTED_EDGE ( 'NONE', *, *, #2805, .F. ) ;
#239 = VECTOR ( 'NONE', #5478, 1000.000000000000000 ) ;
#240 = ORIENTED_EDGE ( 'NONE', *, *, #5423, .T. ) ;
#241 = SURFACE_STYLE_FILL_AREA ( #1915 ) ;
#242 =( LENGTH_UNIT ( ) NAMED_UNIT ( * ) SI_UNIT ( .MILLI., .METRE. ) );
#243 = ORIENTED_EDGE ( 'NONE', *, *, #102, .F. ) ;
#244 = EDGE_CURVE ( 'NONE', #1340, #4162, #2427, .T. ) ;
#245 = PRESENTATION_STYLE_ASSIGNMENT (( #5581 ) ) ;
#246 =( NAMED_UNIT ( * ) PLANE_ANGLE_UNIT ( ) SI_UNIT ( $, .RADIAN. ) );
#247 = ORIENTED_EDGE ( 'NONE', *, *, #1186, .T. ) ;
#248 =( NAMED_UNIT ( * ) PLANE_ANGLE_UNIT ( ) SI_UNIT ( $, .RADIAN. ) );
#249 =( NAMED_UNIT ( * ) SI_UNIT ( $, .STERADIAN. ) SOLID_ANGLE_UNIT ( ) );
#250 =( NAMED_UNIT ( * ) SI_UNIT ( $, .STERADIAN. ) SOLID_ANGLE_UNIT ( ) );
#251 = ORIENTED_EDGE ( 'NONE', *, *, #440, .F. ) ;
#252 = EDGE_CURVE ( 'NONE', #23, #5202, #5139, .T. ) ;
#253 = CIRCLE ( 'NONE', #7318, 0.07619999999999994833 ) ;
#254 = AXIS2_PLACEMENT_3D ( 'NONE', #2954, #5159, #3490 ) ;
#255 = MECHANICAL_DESIGN_GEOMETRIC_PRESENTATION_REPRESENTATION (  '', ( #3912 ), #4198 ) ;
#256 = ORIENTED_EDGE ( 'NONE', *, *, #2905, .T. ) ;
#257 = ADVANCED_FACE ( 'NONE', ( #4089 ), #4790, .T. ) ;
#258 = CARTESIAN_POINT ( 'NONE',  ( -2.329591319968686403, 1.754132893130579074, 1.691752276207061811 ) ) ;
#259 = SURFACE_STYLE_USAGE ( .BOTH. , #3750 ) ;
#260 = PRESENTATION_STYLE_ASSIGNMENT (( #6795 ) ) ;
#261 = DIRECTION ( 'NONE',  ( 1.000000000000000000, 0.000000000000000000, 0.000000000000000000 ) ) ;
#262 = AXIS2_PLACEMENT_3D ( 'NONE', #3327, #6161, #2717 ) ;
#263 = PRESENTATION_LAYER_ASSIGNMENT (  '', '', ( #4301 ) ) ;
#264 = FACE_OUTER_BOUND ( 'NONE', #4601, .T. ) ;
#265 = AXIS2_PLACEMENT_3D ( 'NONE', #5821, #1233, #3580 ) ;
#266 = DIRECTION ( 'NONE',  ( 0.000000000000000000, 0.000000000000000000, -1.000000000000000000 ) ) ;
#267 = ORIENTED_EDGE ( 'NONE', *, *, #3608, .T. ) ;
#268 = DIRECTION ( 'NONE',  ( -1.000000000000000000, 0.000000000000000000, 0.000000000000000000 ) ) ;
#269 = DIRECTION ( 'NONE',  ( 0.000000000000000000, 0.9975640502598241977, -0.06975647374412535795 ) ) ;
#270 = FILL_AREA_STYLE_COLOUR ( '', #2868 ) ;
#271 = SURFACE_STYLE_FILL_AREA ( #6560 ) ;
#272 = CARTESIAN_POINT ( 'NONE',  ( -0.8499999999999985345, 2.699598551369565502, 1.383993884394061347 ) ) ;
#273 = VECTOR ( 'NONE', #7185, 1000.000000000000000 ) ;
#274 = ORIENTED_EDGE ( 'NONE', *, *, #6631, .T. ) ;
#275 = PRESENTATION_LAYER_ASSIGNMENT (  '', '', ( #6989 ) ) ;
#276 = SURFACE_SIDE_STYLE ('',( #1261 ) ) ;
#277 = LINE ( 'NONE', #6063, #3639 ) ;
#278 = VECTOR ( 'NONE', #5010, 1000.000000000000000 ) ;
#279 = PRESENTATION_STYLE_ASSIGNMENT (( #3054 ) ) ;
#280 = PLANE ( 'NONE',  #3188 ) ;
#281 = FILL_AREA_STYLE_COLOUR ( '', #6138 ) ;
#282 = DIRECTION ( 'NONE',  ( -1.000000000000000000, 0.000000000000000000, 0.000000000000000000 ) ) ;
#283 = PRESENTATION_STYLE_ASSIGNMENT (( #89 ) ) ;
#284 = ORIENTED_EDGE ( 'NONE', *, *, #4208, .T. ) ;
#285 = ORIENTED_EDGE ( 'NONE', *, *, #5111, .F. ) ;
#286 =( BOUNDED_CURVE ( )  B_SPLINE_CURVE ( 3, ( #5279, #5795, #1835, #6437 ),
 .UNSPECIFIED., .F., .T. ) 
 B_SPLINE_CURVE_WITH_KNOTS ( ( 4, 4 ),
 ( 5.507472325450606832, 7.058898288908569185 ),
 .UNSPECIFIED. ) 
 CURVE ( )  GEOMETRIC_REPRESENTATION_ITEM ( )  RATIONAL_B_SPLINE_CURVE ( ( 1.000000000000000000, 0.8092813118237087711, 0.8092813118237087711, 1.000000000000000000 ) ) 
 REPRESENTATION_ITEM ( '' )  );
#287 = CIRCLE ( 'NONE', #4956, 0.07619999999999998996 ) ;
#288 = PLANE ( 'NONE',  #202 ) ;
#289 = SURFACE_STYLE_USAGE ( .BOTH. , #1436 ) ;
#290 = CARTESIAN_POINT ( 'NONE',  ( 0.4200000000000015388, -1.949999999999999734, 0.6150000000000157563 ) ) ;
#291 = LINE ( 'NONE', #3187, #1209 ) ;
#292 = ADVANCED_FACE ( 'NONE', ( #1359 ), #6796, .T. ) ;
#293 = ORIENTED_EDGE ( 'NONE', *, *, #3880, .F. ) ;
#294 = DIRECTION ( 'NONE',  ( 0.000000000000000000, 0.7071067811865434649, -0.7071067811865515695 ) ) ;
#295 = ORIENTED_EDGE ( 'NONE', *, *, #1934, .T. ) ;
#296 = PRESENTATION_STYLE_ASSIGNMENT (( #3199 ) ) ;
#297 = CARTESIAN_POINT ( 'NONE',  ( -0.8499999999999985345, 2.550616955507048367, 0.9076459320246323959 ) ) ;
#298 = EDGE_CURVE ( 'NONE', #2250, #2979, #3090, .T. ) ;
#299 = SURFACE_STYLE_USAGE ( .BOTH. , #373 ) ;
#300 = STYLED_ITEM ( 'NONE', ( #1762 ), #2064 ) ;
#301 = DIRECTION ( 'NONE',  ( 0.000000000000000000, 0.000000000000000000, 1.000000000000000000 ) ) ;
#302 = LINE ( 'NONE', #4938, #4484 ) ;
#303 = FILL_AREA_STYLE_COLOUR ( '', #5318 ) ;
#304 = DIRECTION ( 'NONE',  ( -1.000000000000000000, -0.000000000000000000, 0.000000000000000000 ) ) ;
#305 = DIRECTION ( 'NONE',  ( 1.000000000000000000, 0.000000000000000000, 0.000000000000000000 ) ) ;
#306 = AXIS2_PLACEMENT_3D ( 'NONE', #7210, #3051, #3800 ) ;
#307 = DIRECTION ( 'NONE',  ( 1.000000000000000000, 0.000000000000000000, 0.000000000000000000 ) ) ;
#308 =( LENGTH_UNIT ( ) NAMED_UNIT ( * ) SI_UNIT ( .MILLI., .METRE. ) );
#309 = STYLED_ITEM ( 'NONE', ( #5676 ), #7131 ) ;
#310 = ORIENTED_EDGE ( 'NONE', *, *, #6766, .T. ) ;
#311 = EDGE_CURVE ( 'NONE', #913, #3323, #4363, .T. ) ;
#312 = STYLED_ITEM ( 'NONE', ( #472 ), #3960 ) ;
#313 = VECTOR ( 'NONE', #5115, 1000.000000000000000 ) ;
#314 = EDGE_LOOP ( 'NONE', ( #973, #388, #1331, #5265 ) ) ;
#315 = DIRECTION ( 'NONE',  ( -1.000000000000000000, 0.000000000000000000, 0.000000000000000000 ) ) ;
#316 = SURFACE_STYLE_USAGE ( .BOTH. , #1982 ) ;
#317 = SURFACE_STYLE_FILL_AREA ( #4265 ) ;
#318 =( NAMED_UNIT ( * ) PLANE_ANGLE_UNIT ( ) SI_UNIT ( $, .RADIAN. ) );
#319 = DIRECTION ( 'NONE',  ( 0.000000000000000000, 1.000000000000000000, 0.000000000000000000 ) ) ;
#320 = ORIENTED_EDGE ( 'NONE', *, *, #4849, .T. ) ;
#321 = CARTESIAN_POINT ( 'NONE',  ( 1.690000000000001723, -1.949999999999999512, 0.6150000000000157563 ) ) ;
#322 = PRESENTATION_LAYER_ASSIGNMENT (  '', '', ( #6021 ) ) ;
#323 = AXIS2_PLACEMENT_3D ( 'NONE', #1223, #2436, #155 ) ;
#324 = PRESENTATION_LAYER_ASSIGNMENT (  '', '', ( #5484 ) ) ;
#325 = DIRECTION ( 'NONE',  ( 1.000000000000000000, 0.000000000000000000, 0.000000000000000000 ) ) ;
#326 = VERTEX_POINT ( 'NONE', #7280 ) ;
#327 = STYLED_ITEM ( 'NONE', ( #7193 ), #1363 ) ;
#328 = CARTESIAN_POINT ( 'NONE',  ( -0.8499999999999985345, 2.358120395030566918, 1.308646010850337271 ) ) ;
#329 = ADVANCED_FACE ( 'NONE', ( #7293 ), #6396, .F. ) ;
#330 = FILL_AREA_STYLE_COLOUR ( '', #4496 ) ;
#331 =( BOUNDED_CURVE ( )  B_SPLINE_CURVE ( 3, ( #4362, #4928, #1989, #2058 ),
 .UNSPECIFIED., .F., .T. ) 
 B_SPLINE_CURVE_WITH_KNOTS ( ( 4, 4 ),
 ( 3.131907471921322461, 3.141592653589793116 ),
 .UNSPECIFIED. ) 
 CURVE ( )  GEOMETRIC_REPRESENTATION_ITEM ( )  RATIONAL_B_SPLINE_CURVE ( ( 1.000000000000000000, 0.9999921831199466427, 0.9999921831199466427, 1.000000000000000000 ) ) 
 REPRESENTATION_ITEM ( '' )  );
#332 = EDGE_CURVE ( 'NONE', #5652, #217, #5678, .T. ) ;
#333 = CARTESIAN_POINT ( 'NONE',  ( 2.450000000000001510, 1.950000000000000400, 0.8349999999999841993 ) ) ;
#334 =( LENGTH_UNIT ( ) NAMED_UNIT ( * ) SI_UNIT ( .MILLI., .METRE. ) );
#335 = ORIENTED_EDGE ( 'NONE', *, *, #6288, .T. ) ;
#336 = CYLINDRICAL_SURFACE ( 'NONE', #1107, 0.1340459166400967961 ) ;
#337 = ORIENTED_EDGE ( 'NONE', *, *, #2299, .T. ) ;
#338 = VERTEX_POINT ( 'NONE', #533 ) ;
#339 = CIRCLE ( 'NONE', #151, 0.07620000000000000384 ) ;
#340 =( NAMED_UNIT ( * ) SI_UNIT ( $, .STERADIAN. ) SOLID_ANGLE_UNIT ( ) );
#341 =( NAMED_UNIT ( * ) SI_UNIT ( $, .STERADIAN. ) SOLID_ANGLE_UNIT ( ) );
#342 = UNCERTAINTY_MEASURE_WITH_UNIT (LENGTH_MEASURE( 1.000000000000000082E-05 ), #6207, 'distance_accuracy_value', 'NONE');
#343 = CARTESIAN_POINT ( 'NONE',  ( 2.372786164074541571, 1.950000000000000400, 0.06559500970684328802 ) ) ;
#344 = CYLINDRICAL_SURFACE ( 'NONE', #7034, 0.07619999999999979567 ) ;
#345 = SURFACE_SIDE_STYLE ('',( #943 ) ) ;
#346 = ORIENTED_EDGE ( 'NONE', *, *, #3172, .F. ) ;
#347 = AXIS2_PLACEMENT_3D ( 'NONE', #6578, #3791, #2621 ) ;
#348 = FACE_OUTER_BOUND ( 'NONE', #1156, .T. ) ;
#349 = CARTESIAN_POINT ( 'NONE',  ( -2.297327737236431577, -1.797327737236432466, 0.000000000000000000 ) ) ;
#350 = CARTESIAN_POINT ( 'NONE',  ( 0.8500000000000015321, -2.699598551369565058, 1.383993884394061347 ) ) ;
#351 = ORIENTED_EDGE ( 'NONE', *, *, #7022, .F. ) ;
#352 = DIRECTION ( 'NONE',  ( -0.000000000000000000, 0.06975647374412606572, 0.9975640502598241977 ) ) ;
#353 = CARTESIAN_POINT ( 'NONE',  ( 0.4200000000000015388, 2.708949121834177465, 1.250274496869775653 ) ) ;
#354 = LINE ( 'NONE', #2711, #1705 ) ;
#355 = PRESENTATION_LAYER_ASSIGNMENT (  '', '', ( #1380 ) ) ;
#356 = EDGE_CURVE ( 'NONE', #2313, #1940, #5948, .T. ) ;
#357 = AXIS2_PLACEMENT_3D ( 'NONE', #2962, #6031, #3571 ) ;
#358 = ORIENTED_EDGE ( 'NONE', *, *, #2223, .F. ) ;
#359 = PRESENTATION_LAYER_ASSIGNMENT (  '', '', ( #7451 ) ) ;
#360 = SURFACE_STYLE_USAGE ( .BOTH. , #2654 ) ;
#361 = DIRECTION ( 'NONE',  ( -1.000000000000000000, 0.000000000000000000, 0.000000000000000000 ) ) ;
#362 =( LENGTH_UNIT ( ) NAMED_UNIT ( * ) SI_UNIT ( .MILLI., .METRE. ) );
#363 = COLOUR_RGB ( '',0.2509803921568627416, 0.2509803921568627416, 0.2509803921568627416 ) ;
#364 = DIRECTION ( 'NONE',  ( 0.000000000000000000, -0.06975647374412537183, -0.9975640502598243087 ) ) ;
#365 = STYLED_ITEM ( 'NONE', ( #1528 ), #7444 ) ;
#366 = AXIS2_PLACEMENT_3D ( 'NONE', #2578, #6608, #6058 ) ;
#367 = CARTESIAN_POINT ( 'NONE',  ( -2.374537999305283531, -1.949996426143391970, 0.6149745706889152563 ) ) ;
#368 = LINE ( 'NONE', #7063, #7302 ) ;
#369 =( NAMED_UNIT ( * ) PLANE_ANGLE_UNIT ( ) SI_UNIT ( $, .RADIAN. ) );
#370 = ADVANCED_FACE ( 'NONE', ( #7214 ), #3620, .F. ) ;
#371 = VERTEX_POINT ( 'NONE', #2848 ) ;
#372 = VECTOR ( 'NONE', #7008, 1000.000000000000114 ) ;
#373 = SURFACE_SIDE_STYLE ('',( #7461 ) ) ;
#374 = ORIENTED_EDGE ( 'NONE', *, *, #3774, .F. ) ;
#375 =( LENGTH_UNIT ( ) NAMED_UNIT ( * ) SI_UNIT ( .MILLI., .METRE. ) );
#376 = CARTESIAN_POINT ( 'NONE',  ( 2.373800000000001909, 1.950000000000000400, 1.449999999999999956 ) ) ;
#377 = ORIENTED_EDGE ( 'NONE', *, *, #1403, .T. ) ;
#378 = DIRECTION ( 'NONE',  ( 1.000000000000000000, 0.000000000000000000, 0.000000000000000000 ) ) ;
#379 = MANIFOLD_SOLID_BREP ( 'Mirror1[1]', #1979 ) ;
#380 =( GEOMETRIC_REPRESENTATION_CONTEXT ( 3 ) GLOBAL_UNCERTAINTY_ASSIGNED_CONTEXT ( ( #4342 ) ) GLOBAL_UNIT_ASSIGNED_CONTEXT ( ( #5310, #2403, #4159 ) ) REPRESENTATION_CONTEXT ( 'NONE', 'WORKASPACE' ) );
#381 = EDGE_CURVE ( 'NONE', #1522, #5029, #5125, .T. ) ;
#382 = FILL_AREA_STYLE ('',( #2072 ) ) ;
#383 = ORIENTED_EDGE ( 'NONE', *, *, #2137, .F. ) ;
#384 = ORIENTED_EDGE ( 'NONE', *, *, #2620, .F. ) ;
#385 = LINE ( 'NONE', #1425, #3670 ) ;
#386 = DIRECTION ( 'NONE',  ( -1.000000000000000000, -0.000000000000000000, 0.000000000000000000 ) ) ;
#387 =( NAMED_UNIT ( * ) SI_UNIT ( $, .STERADIAN. ) SOLID_ANGLE_UNIT ( ) );
#388 = ORIENTED_EDGE ( 'NONE', *, *, #1954, .T. ) ;
#389 =( NAMED_UNIT ( * ) PLANE_ANGLE_UNIT ( ) SI_UNIT ( $, .RADIAN. ) );
#390 = EDGE_CURVE ( 'NONE', #3322, #4010, #534, .T. ) ;
#391 = DIRECTION ( 'NONE',  ( -0.1378445374916255906, -0.1378445374916252575, 0.9808148484639900300 ) ) ;
#392 =( GEOMETRIC_REPRESENTATION_CONTEXT ( 3 ) GLOBAL_UNCERTAINTY_ASSIGNED_CONTEXT ( ( #2220 ) ) GLOBAL_UNIT_ASSIGNED_CONTEXT ( ( #242, #3810, #2075 ) ) REPRESENTATION_CONTEXT ( 'NONE', 'WORKASPACE' ) );
#393 = SURFACE_STYLE_USAGE ( .BOTH. , #7295 ) ;
#394 = CARTESIAN_POINT ( 'NONE',  ( -1.689999999999998392, 1.949999999999999956, 0.6150000000000157563 ) ) ;
#395 = COLOUR_RGB ( '',0.7529411764705882248, 0.7529411764705882248, 0.7529411764705882248 ) ;
#396 = ORIENTED_EDGE ( 'NONE', *, *, #3172, .T. ) ;
#397 = COLOUR_RGB ( '',0.7529411764705882248, 0.7529411764705882248, 0.7529411764705882248 ) ;
#398 = EDGE_LOOP ( 'NONE', ( #7271, #3046, #2355 ) ) ;
#399 = DIRECTION ( 'NONE',  ( 1.000000000000000000, 0.000000000000000000, 0.000000000000000000 ) ) ;
#400 = ADVANCED_FACE ( 'NONE', ( #1086 ), #6423, .F. ) ;
#401 = SURFACE_SIDE_STYLE ('',( #1534 ) ) ;
#402 = CARTESIAN_POINT ( 'NONE',  ( -1.449999999999999956, 0.7500000000000004441, 0.05000000000000000278 ) ) ;
#403 = AXIS2_PLACEMENT_3D ( 'NONE', #6082, #4755, #6458 ) ;
#404 = CARTESIAN_POINT ( 'NONE',  ( 0.4200000000000015388, 2.199999999999999734, 0.8349999999999841993 ) ) ;
#405 =( LENGTH_UNIT ( ) NAMED_UNIT ( * ) SI_UNIT ( .MILLI., .METRE. ) );
#406 = PRESENTATION_LAYER_ASSIGNMENT (  '', '', ( #2584 ) ) ;
#407 = EDGE_CURVE ( 'NONE', #6952, #455, #2510, .T. ) ;
#408 = STYLED_ITEM ( 'NONE', ( #823 ), #4370 ) ;
#409 = ORIENTED_EDGE ( 'NONE', *, *, #3093, .T. ) ;
#410 =( NAMED_UNIT ( * ) SI_UNIT ( $, .STERADIAN. ) SOLID_ANGLE_UNIT ( ) );
#411 = SURFACE_STYLE_FILL_AREA ( #7012 ) ;
#412 = ADVANCED_FACE ( 'NONE', ( #4079 ), #5886, .F. ) ;
#413 =( LENGTH_UNIT ( ) NAMED_UNIT ( * ) SI_UNIT ( .MILLI., .METRE. ) );
#414 =( NAMED_UNIT ( * ) PLANE_ANGLE_UNIT ( ) SI_UNIT ( $, .RADIAN. ) );
#415 = STYLED_ITEM ( 'NONE', ( #2181 ), #6678 ) ;
#416 = SURFACE_STYLE_FILL_AREA ( #3616 ) ;
#417 = PRESENTATION_LAYER_ASSIGNMENT (  '', '', ( #562 ) ) ;
#418 = FILL_AREA_STYLE ('',( #5107 ) ) ;
#419 = PRESENTATION_LAYER_ASSIGNMENT (  '', '', ( #615 ) ) ;
#420 = VERTEX_POINT ( 'NONE', #1794 ) ;
#421 = ORIENTED_EDGE ( 'NONE', *, *, #6312, .T. ) ;
#422 = COLOUR_RGB ( '',0.7529411764705882248, 0.7529411764705882248, 0.7529411764705882248 ) ;
#423 = EDGE_LOOP ( 'NONE', ( #6331, #580, #2925, #3886 ) ) ;
#424 = DIRECTION ( 'NONE',  ( 0.000000000000000000, -1.000000000000000000, 0.000000000000000000 ) ) ;
#425 = DIRECTION ( 'NONE',  ( 0.1378445374916256183, -0.1378445374916252297, 0.9808148484639900300 ) ) ;
#426 = DIRECTION ( 'NONE',  ( 0.000000000000000000, 1.000000000000000000, 0.000000000000000000 ) ) ;
#427 = UNCERTAINTY_MEASURE_WITH_UNIT (LENGTH_MEASURE( 1.000000000000000082E-05 ), #4319, 'distance_accuracy_value', 'NONE');
#428 = PLANE ( 'NONE',  #5621 ) ;
#429 = EDGE_LOOP ( 'NONE', ( #885, #1871, #6860, #50, #6829, #3656, #725, #377, #4102, #459, #1516, #5410 ) ) ;
#430 = CARTESIAN_POINT ( 'NONE',  ( -2.297327737236432021, 1.797327737236432466, 1.373799999999999910 ) ) ;
#431 = VERTEX_POINT ( 'NONE', #7005 ) ;
#432 = PRESENTATION_STYLE_ASSIGNMENT (( #6598 ) ) ;
#433 = FILL_AREA_STYLE_COLOUR ( '', #5939 ) ;
#434 = CARTESIAN_POINT ( 'NONE',  ( 1.690000000000001723, 2.333719387524285427, 0.9596953461754694770 ) ) ;
#435 = PLANE ( 'NONE',  #6256 ) ;
#436 = VECTOR ( 'NONE', #456, 1000.000000000000000 ) ;
#437 = CARTESIAN_POINT ( 'NONE',  ( -2.449996426143390860, -1.874537999305285307, 0.6149745706889138130 ) ) ;
#438 = ORIENTED_EDGE ( 'NONE', *, *, #162, .F. ) ;
#439 =( NAMED_UNIT ( * ) PLANE_ANGLE_UNIT ( ) SI_UNIT ( $, .RADIAN. ) );
#440 = EDGE_CURVE ( 'NONE', #3366, #5599, #7191, .T. ) ;
#441 = ADVANCED_FACE ( 'NONE', ( #1514 ), #4192, .T. ) ;
#442 = DIRECTION ( 'NONE',  ( 0.000000000000000000, 0.06975647374412130564, -0.9975640502598245307 ) ) ;
#443 = VECTOR ( 'NONE', #3801, 1000.000000000000000 ) ;
#444 = COLOUR_RGB ( '',0.2509803921568627416, 0.2509803921568627416, 0.2509803921568627416 ) ;
#445 = SURFACE_STYLE_USAGE ( .BOTH. , #3309 ) ;
#446 = CARTESIAN_POINT ( 'NONE',  ( -2.119999999999998774, -3.000000000000000000, 1.405000000000000027 ) ) ;
#447 = ADVANCED_FACE ( 'NONE', ( #2494 ), #1421, .T. ) ;
#448 = EDGE_CURVE ( 'NONE', #6785, #7380, #876, .T. ) ;
#449 = VECTOR ( 'NONE', #5926, 1000.000000000000227 ) ;
#450 = MECHANICAL_DESIGN_GEOMETRIC_PRESENTATION_REPRESENTATION (  '', ( #2922 ), #7303 ) ;
#451 =( GEOMETRIC_REPRESENTATION_CONTEXT ( 3 ) GLOBAL_UNCERTAINTY_ASSIGNED_CONTEXT ( ( #3353 ) ) GLOBAL_UNIT_ASSIGNED_CONTEXT ( ( #3119, #7127, #2992 ) ) REPRESENTATION_CONTEXT ( 'NONE', 'WORKASPACE' ) );
#452 = VECTOR ( 'NONE', #6105, 1000.000000000000000 ) ;
#453 = DIRECTION ( 'NONE',  ( 0.000000000000000000, 0.000000000000000000, -1.000000000000000000 ) ) ;
#454 =( NAMED_UNIT ( * ) SI_UNIT ( $, .STERADIAN. ) SOLID_ANGLE_UNIT ( ) );
#455 = VERTEX_POINT ( 'NONE', #782 ) ;
#456 = DIRECTION ( 'NONE',  ( 0.000000000000000000, 0.000000000000000000, 1.000000000000000000 ) ) ;
#457 = LINE ( 'NONE', #2148, #1820 ) ;
#458 = LINE ( 'NONE', #4485, #4892 ) ;
#459 = ORIENTED_EDGE ( 'NONE', *, *, #834, .F. ) ;
#460 = AXIS2_PLACEMENT_3D ( 'NONE', #3568, #4697, #1219 ) ;
#461 = ORIENTED_EDGE ( 'NONE', *, *, #7013, .F. ) ;
#462 = STYLED_ITEM ( 'NONE', ( #4878 ), #370 ) ;
#463 = PRESENTATION_STYLE_ASSIGNMENT (( #1517 ) ) ;
#464 = AXIS2_PLACEMENT_3D ( 'NONE', #1690, #7457, #584 ) ;
#465 = FILL_AREA_STYLE_COLOUR ( '', #3548 ) ;
#466 = LINE ( 'NONE', #1250, #6418 ) ;
#467 = VERTEX_POINT ( 'NONE', #5942 ) ;
#468 = CARTESIAN_POINT ( 'NONE',  ( 2.374292006267272104, 1.949998808705152298, 0.6149915234967224809 ) ) ;
#469 = ORIENTED_EDGE ( 'NONE', *, *, #2631, .T. ) ;
#470 = CARTESIAN_POINT ( 'NONE',  ( -1.689999999999998392, 3.000000000000000000, 1.625000000000000000 ) ) ;
#471 = LINE ( 'NONE', #1120, #1022 ) ;
#472 = PRESENTATION_STYLE_ASSIGNMENT (( #5420 ) ) ;
#473 = DIRECTION ( 'NONE',  ( 0.000000000000000000, 0.000000000000000000, 1.000000000000000000 ) ) ;
#474 =( LENGTH_UNIT ( ) NAMED_UNIT ( * ) SI_UNIT ( .MILLI., .METRE. ) );
#475 = ORIENTED_EDGE ( 'NONE', *, *, #5701, .F. ) ;
#476 = EDGE_CURVE ( 'NONE', #2857, #5832, #2128, .T. ) ;
#477 = EDGE_LOOP ( 'NONE', ( #3892, #7166, #2596, #6243 ) ) ;
#478 = UNCERTAINTY_MEASURE_WITH_UNIT (LENGTH_MEASURE( 1.000000000000000082E-05 ), #3681, 'distance_accuracy_value', 'NONE');
#479 = ADVANCED_FACE ( 'NONE', ( #1783 ), #198, .F. ) ;
#480 = CARTESIAN_POINT ( 'NONE',  ( 2.120000000000001439, -2.649999999999999467, 1.600525615819771152 ) ) ;
#481 = FILL_AREA_STYLE_COLOUR ( '', #92 ) ;
#482 = ORIENTED_EDGE ( 'NONE', *, *, #5998, .T. ) ;
#483 = ORIENTED_EDGE ( 'NONE', *, *, #2799, .T. ) ;
#484 = DIRECTION ( 'NONE',  ( 1.000000000000000000, 0.000000000000000000, 0.000000000000000000 ) ) ;
#485 = VECTOR ( 'NONE', #6045, 1000.000000000000000 ) ;
#486 = EDGE_CURVE ( 'NONE', #2513, #6952, #1955, .T. ) ;
#487 = FILL_AREA_STYLE ('',( #958 ) ) ;
#488 = CARTESIAN_POINT ( 'NONE',  ( 0.8500000000000015321, -1.949999999999999734, 0.6150000000000157563 ) ) ;
#489 = FILL_AREA_STYLE_COLOUR ( '', #1993 ) ;
#490 = ADVANCED_FACE ( 'NONE', ( #6018 ), #1191, .T. ) ;
#491 = ORIENTED_EDGE ( 'NONE', *, *, #3823, .T. ) ;
#492 = LINE ( 'NONE', #1265, #6983 ) ;
#493 = VERTEX_POINT ( 'NONE', #7353 ) ;
#494 =( NAMED_UNIT ( * ) SI_UNIT ( $, .STERADIAN. ) SOLID_ANGLE_UNIT ( ) );
#495 = SURFACE_STYLE_FILL_AREA ( #4631 ) ;
#496 =( NAMED_UNIT ( * ) SI_UNIT ( $, .STERADIAN. ) SOLID_ANGLE_UNIT ( ) );
#497 = AXIS2_PLACEMENT_3D ( 'NONE', #6339, #6859, #4202 ) ;
#498 = EDGE_CURVE ( 'NONE', #5663, #7252, #4277, .T. ) ;
#499 = PRESENTATION_STYLE_ASSIGNMENT (( #6366 ) ) ;
#500 =( GEOMETRIC_REPRESENTATION_CONTEXT ( 3 ) GLOBAL_UNCERTAINTY_ASSIGNED_CONTEXT ( ( #1226 ) ) GLOBAL_UNIT_ASSIGNED_CONTEXT ( ( #5709, #2256, #6294 ) ) REPRESENTATION_CONTEXT ( 'NONE', 'WORKASPACE' ) );
#501 = PRESENTATION_LAYER_ASSIGNMENT (  '', '', ( #6810 ) ) ;
#502 = DIRECTION ( 'NONE',  ( 0.000000000000000000, 0.9975640502598241977, -0.06975647374412535795 ) ) ;
#503 = FACE_OUTER_BOUND ( 'NONE', #5000, .T. ) ;
#504 = FILL_AREA_STYLE_COLOUR ( '', #444 ) ;
#505 = DIRECTION ( 'NONE',  ( -5.691349986800547879E-15, 0.000000000000000000, -1.000000000000000000 ) ) ;
#506 = DIRECTION ( 'NONE',  ( 0.000000000000000000, 0.000000000000000000, 1.000000000000000000 ) ) ;
#507 = STYLED_ITEM ( 'NONE', ( #4623 ), #7321 ) ;
#508 = COLOUR_RGB ( '',0.7921568627450980005, 0.8196078431372548767, 0.9333333333333333481 ) ;
#509 = STYLED_ITEM ( 'NONE', ( #463 ), #4068 ) ;
#510 =( NAMED_UNIT ( * ) PLANE_ANGLE_UNIT ( ) SI_UNIT ( $, .RADIAN. ) );
#511 = CARTESIAN_POINT ( 'NONE',  ( -1.689999999999998392, -2.200000000000000178, 0.8349999999999841993 ) ) ;
#512 = VERTEX_POINT ( 'NONE', #863 ) ;
#513 = FILL_AREA_STYLE_COLOUR ( '', #5705 ) ;
#514 =( NAMED_UNIT ( * ) PLANE_ANGLE_UNIT ( ) SI_UNIT ( $, .RADIAN. ) );
#515 = ORIENTED_EDGE ( 'NONE', *, *, #1136, .F. ) ;
#516 = ORIENTED_EDGE ( 'NONE', *, *, #61, .T. ) ;
#517 = AXIS2_PLACEMENT_3D ( 'NONE', #4125, #97, #5251 ) ;
#518 = COLOUR_RGB ( '',0.7529411764705882248, 0.7529411764705882248, 0.7529411764705882248 ) ;
#519 =( LENGTH_UNIT ( ) NAMED_UNIT ( * ) SI_UNIT ( .MILLI., .METRE. ) );
#520 = UNCERTAINTY_MEASURE_WITH_UNIT (LENGTH_MEASURE( 1.000000000000000082E-05 ), #6880, 'distance_accuracy_value', 'NONE');
#521 = SURFACE_STYLE_USAGE ( .BOTH. , #2769 ) ;
#522 = UNCERTAINTY_MEASURE_WITH_UNIT (LENGTH_MEASURE( 1.000000000000000082E-05 ), #893, 'distance_accuracy_value', 'NONE');
#523 = ORIENTED_EDGE ( 'NONE', *, *, #1166, .T. ) ;
#524 = SURFACE_STYLE_FILL_AREA ( #4332 ) ;
#525 =( NAMED_UNIT ( * ) SI_UNIT ( $, .STERADIAN. ) SOLID_ANGLE_UNIT ( ) );
#526 = DIRECTION ( 'NONE',  ( 1.000000000000000000, 0.000000000000000000, 0.000000000000000000 ) ) ;
#527 = FACE_OUTER_BOUND ( 'NONE', #5588, .T. ) ;
#528 = ADVANCED_FACE ( 'NONE', ( #1010 ), #7381, .T. ) ;
#529 = DIRECTION ( 'NONE',  ( -0.1378445374916256183, 0.1378445374916252575, -0.9808148484639900300 ) ) ;
#530 = EDGE_LOOP ( 'NONE', ( #5651, #3517, #2236, #7019, #6170, #4793, #1929, #2665, #5994, #203, #6576, #185 ) ) ;
#531 = CARTESIAN_POINT ( 'NONE',  ( -2.297327737236431133, -1.797327737236432466, 1.373799999999999910 ) ) ;
#532 = PRESENTATION_LAYER_ASSIGNMENT (  '', '', ( #4042 ) ) ;
#533 = CARTESIAN_POINT ( 'NONE',  ( 1.690000000000001723, -2.575229734309891771, 1.259625067334387394 ) ) ;
#534 = LINE ( 'NONE', #5861, #3441 ) ;
#535 = CARTESIAN_POINT ( 'NONE',  ( -1.449999999999999956, 0.7500000000000004441, 0.05000000000000000278 ) ) ;
#536 =( NAMED_UNIT ( * ) SI_UNIT ( $, .STERADIAN. ) SOLID_ANGLE_UNIT ( ) );
#537 = PRESENTATION_STYLE_ASSIGNMENT (( #3942 ) ) ;
#538 = EDGE_LOOP ( 'NONE', ( #150, #7010, #6817, #2803, #194, #2667, #3460 ) ) ;
#539 = FACE_OUTER_BOUND ( 'NONE', #2827, .T. ) ;
#540 = CARTESIAN_POINT ( 'NONE',  ( 1.690000000000001723, -2.671944735649774749, 1.286701275200562655 ) ) ;
#541 = VECTOR ( 'NONE', #840, 999.9999999999998863 ) ;
#542 = FILL_AREA_STYLE ('',( #1681 ) ) ;
#543 = EDGE_CURVE ( 'NONE', #1243, #5166, #7401, .T. ) ;
#544 = ORIENTED_EDGE ( 'NONE', *, *, #211, .F. ) ;
#545 = PRESENTATION_STYLE_ASSIGNMENT (( #1920 ) ) ;
#546 = LINE ( 'NONE', #2373, #11 ) ;
#547 = DIRECTION ( 'NONE',  ( 0.1378445374916256183, -0.1378445374916252297, -0.9808148484639899189 ) ) ;
#548 = VECTOR ( 'NONE', #4428, 1000.000000000000000 ) ;
#549 = SURFACE_STYLE_USAGE ( .BOTH. , #5134 ) ;
#550 = STYLED_ITEM ( 'NONE', ( #5816 ), #5577 ) ;
#551 = EDGE_CURVE ( 'NONE', #2287, #6785, #5234, .T. ) ;
#552 = CARTESIAN_POINT ( 'NONE',  ( -1.689999999999998392, 3.000000000000000000, 1.625000000000000000 ) ) ;
#553 = PLANE ( 'NONE',  #1430 ) ;
#554 = ORIENTED_EDGE ( 'NONE', *, *, #4894, .F. ) ;
#555 = DIRECTION ( 'NONE',  ( 0.000000000000000000, 0.000000000000000000, -1.000000000000000000 ) ) ;
#556 = DIRECTION ( 'NONE',  ( 0.000000000000000000, 1.000000000000000000, 0.000000000000000000 ) ) ;
#557 = ORIENTED_EDGE ( 'NONE', *, *, #6036, .F. ) ;
#558 =( NAMED_UNIT ( * ) PLANE_ANGLE_UNIT ( ) SI_UNIT ( $, .RADIAN. ) );
#559 = AXIS2_PLACEMENT_3D ( 'NONE', #5858, #6975, #2409 ) ;
#560 = DIRECTION ( 'NONE',  ( 1.000000000000000000, 0.000000000000000000, 0.000000000000000000 ) ) ;
#561 = ORIENTED_EDGE ( 'NONE', *, *, #298, .F. ) ;
#562 = STYLED_ITEM ( 'NONE', ( #7202 ), #1031 ) ;
#563 = UNCERTAINTY_MEASURE_WITH_UNIT (LENGTH_MEASURE( 1.000000000000000082E-05 ), #1693, 'distance_accuracy_value', 'NONE');
#564 = STYLED_ITEM ( 'NONE', ( #6562 ), #5024 ) ;
#565 = ADVANCED_FACE ( 'NONE', ( #6226 ), #2701, .F. ) ;
#566 = ORIENTED_EDGE ( 'NONE', *, *, #599, .T. ) ;
#567 = SURFACE_STYLE_FILL_AREA ( #2066 ) ;
#568 = SURFACE_STYLE_FILL_AREA ( #2892 ) ;
#569 =( NAMED_UNIT ( * ) SI_UNIT ( $, .STERADIAN. ) SOLID_ANGLE_UNIT ( ) );
#570 = CARTESIAN_POINT ( 'NONE',  ( -2.119999999999998774, -2.200000000000000178, 0.8349999999999841993 ) ) ;
#571 = ORIENTED_EDGE ( 'NONE', *, *, #6580, .F. ) ;
#572 = CARTESIAN_POINT ( 'NONE',  ( -0.4199999999999984857, -2.200000000000000178, 0.8349999999999841993 ) ) ;
#573 = CIRCLE ( 'NONE', #5801, 0.04999999999999991257 ) ;
#574 = LINE ( 'NONE', #129, #5352 ) ;
#575 = UNCERTAINTY_MEASURE_WITH_UNIT (LENGTH_MEASURE( 1.000000000000000082E-05 ), #2347, 'distance_accuracy_value', 'NONE');
#576 = FACE_OUTER_BOUND ( 'NONE', #2240, .T. ) ;
#577 = CARTESIAN_POINT ( 'NONE',  ( -2.297327737236432021, 1.872786164074540238, 1.384404990293156557 ) ) ;
#578 = EDGE_CURVE ( 'NONE', #966, #3408, #458, .T. ) ;
#579 = PRESENTATION_STYLE_ASSIGNMENT (( #6494 ) ) ;
#580 = ORIENTED_EDGE ( 'NONE', *, *, #5924, .F. ) ;
#581 = FACE_OUTER_BOUND ( 'NONE', #1557, .T. ) ;
#582 = CARTESIAN_POINT ( 'NONE',  ( -2.449996426143392636, 1.874537999305284863, 0.8350254293110828119 ) ) ;
#583 = ORIENTED_EDGE ( 'NONE', *, *, #7247, .T. ) ;
#584 = DIRECTION ( 'NONE',  ( 0.000000000000000000, -0.9902680687415708061, 0.1391731009600619962 ) ) ;
#585 = DIRECTION ( 'NONE',  ( 0.1378445374916256183, -0.1378445374916252575, -0.9808148484639900300 ) ) ;
#586 = DIRECTION ( 'NONE',  ( -1.000000000000000000, -0.000000000000000000, -0.000000000000000000 ) ) ;
#587 = DIRECTION ( 'NONE',  ( 1.000000000000000000, 0.000000000000000000, 0.000000000000000000 ) ) ;
#588 = FACE_OUTER_BOUND ( 'NONE', #1760, .T. ) ;
#589 = CIRCLE ( 'NONE', #5847, 0.3145906676743914776 ) ;
#590 = CARTESIAN_POINT ( 'NONE',  ( -0.8499999999999985345, -2.236792614887840092, 0.9295906676744072339 ) ) ;
#591 = VERTEX_POINT ( 'NONE', #2724 ) ;
#592 = CARTESIAN_POINT ( 'NONE',  ( -0.4199999999999984857, 2.708949121834177909, 1.250274496869775653 ) ) ;
#593 = EDGE_CURVE ( 'NONE', #5703, #3262, #735, .T. ) ;
#594 = MECHANICAL_DESIGN_GEOMETRIC_PRESENTATION_REPRESENTATION (  '', ( #4097 ), #6904 ) ;
#595 = DIRECTION ( 'NONE',  ( 0.000000000000000000, 0.000000000000000000, -1.000000000000000000 ) ) ;
#596 =( NAMED_UNIT ( * ) SI_UNIT ( $, .STERADIAN. ) SOLID_ANGLE_UNIT ( ) );
#597 = SURFACE_STYLE_FILL_AREA ( #638 ) ;
#598 =( NAMED_UNIT ( * ) SI_UNIT ( $, .STERADIAN. ) SOLID_ANGLE_UNIT ( ) );
#599 = EDGE_CURVE ( 'NONE', #2562, #2495, #7224, .T. ) ;
#600 = MECHANICAL_DESIGN_GEOMETRIC_PRESENTATION_REPRESENTATION (  '', ( #3720 ), #3824 ) ;
#601 = DIRECTION ( 'NONE',  ( 0.000000000000000000, 0.06975647374412130564, -0.9975640502598245307 ) ) ;
#602 = AXIS2_PLACEMENT_3D ( 'NONE', #535, #2308, #1148 ) ;
#603 = FACE_OUTER_BOUND ( 'NONE', #5561, .T. ) ;
#604 = FILL_AREA_STYLE_COLOUR ( '', #3851 ) ;
#605 = EDGE_LOOP ( 'NONE', ( #6284, #1081, #3420, #1029 ) ) ;
#606 = LINE ( 'NONE', #2149, #67 ) ;
#607 = PLANE ( 'NONE',  #224 ) ;
#608 = ORIENTED_EDGE ( 'NONE', *, *, #5120, .F. ) ;
#609 = CARTESIAN_POINT ( 'NONE',  ( 1.690000000000001723, -1.949999999999999512, 0.8349999999999841993 ) ) ;
#610 = VERTEX_POINT ( 'NONE', #1071 ) ;
#611 = CARTESIAN_POINT ( 'NONE',  ( 2.449996426143393968, -1.874537999305284419, 0.6149745706889168106 ) ) ;
#612 = DIRECTION ( 'NONE',  ( 0.000000000000000000, 0.000000000000000000, -1.000000000000000000 ) ) ;
#613 = PRESENTATION_LAYER_ASSIGNMENT (  '', '', ( #2245 ) ) ;
#614 = MECHANICAL_DESIGN_GEOMETRIC_PRESENTATION_REPRESENTATION (  '', ( #858 ), #6641 ) ;
#615 = STYLED_ITEM ( 'NONE', ( #804 ), #4882 ) ;
#616 = ORIENTED_EDGE ( 'NONE', *, *, #3103, .F. ) ;
#617 = DIRECTION ( 'NONE',  ( 0.000000000000000000, -0.06975647374412130564, -0.9975640502598245307 ) ) ;
#618 = ORIENTED_EDGE ( 'NONE', *, *, #4584, .T. ) ;
#619 = UNCERTAINTY_MEASURE_WITH_UNIT (LENGTH_MEASURE( 1.000000000000000082E-05 ), #5084, 'distance_accuracy_value', 'NONE');
#620 = DIRECTION ( 'NONE',  ( 1.000000000000000000, 0.000000000000000000, 0.000000000000000000 ) ) ;
#621 = DIRECTION ( 'NONE',  ( 0.9902680687415709171, 0.000000000000000000, -0.1391731009600616353 ) ) ;
#622 = CIRCLE ( 'NONE', #5909, 0.05000000000000000278 ) ;
#623 = SURFACE_SIDE_STYLE ('',( #3370 ) ) ;
#624 = EDGE_CURVE ( 'NONE', #1741, #467, #5860, .T. ) ;
#625 = PRESENTATION_STYLE_ASSIGNMENT (( #5528 ) ) ;
#626 = CARTESIAN_POINT ( 'NONE',  ( 2.297327737236434242, -1.797327737236432021, 0.07619999999999998996 ) ) ;
#627 = VERTEX_POINT ( 'NONE', #5037 ) ;
#628 = CIRCLE ( 'NONE', #2054, 0.05000000000000000278 ) ;
#629 = DIRECTION ( 'NONE',  ( 0.000000000000000000, 0.06975647374412254076, 0.9975640502598245307 ) ) ;
#630 = CARTESIAN_POINT ( 'NONE',  ( -0.8499999999999985345, 2.236792614887840092, 0.9295906676744072339 ) ) ;
#631 = ORIENTED_EDGE ( 'NONE', *, *, #5852, .F. ) ;
#632 = ADVANCED_FACE ( 'NONE', ( #2624 ), #1537, .T. ) ;
#633 = EDGE_CURVE ( 'NONE', #2199, #5712, #286, .T. ) ;
#634 = CARTESIAN_POINT ( 'NONE',  ( 2.450000000000001510, -1.873799999999999244, 0.6150000000000157563 ) ) ;
#635 = CARTESIAN_POINT ( 'NONE',  ( -0.4199999999999984857, 2.699598551369565502, 1.383993884394061347 ) ) ;
#636 = CARTESIAN_POINT ( 'NONE',  ( -2.418490299558755829, 1.949570726820018418, 0.6119455626125456238 ) ) ;
#637 = CIRCLE ( 'NONE', #517, 0.4000000000000001887 ) ;
#638 = FILL_AREA_STYLE ('',( #666 ) ) ;
#639 = ORIENTED_EDGE ( 'NONE', *, *, #311, .T. ) ;
#640 = CARTESIAN_POINT ( 'NONE',  ( 0.4200000000000015388, -2.999999999999999556, 1.625000000000000000 ) ) ;
#641 = SURFACE_STYLE_FILL_AREA ( #5149 ) ;
#642 =( NAMED_UNIT ( * ) SI_UNIT ( $, .STERADIAN. ) SOLID_ANGLE_UNIT ( ) );
#643 = CARTESIAN_POINT ( 'NONE',  ( -2.374292006267269439, -1.949998808705151854, 0.8350084765032774747 ) ) ;
#644 = EDGE_CURVE ( 'NONE', #4083, #6960, #1451, .T. ) ;
#645 = MECHANICAL_DESIGN_GEOMETRIC_PRESENTATION_REPRESENTATION (  '', ( #5660 ), #754 ) ;
#646 = STYLED_ITEM ( 'NONE', ( #6071 ), #2639 ) ;
#647 = EDGE_LOOP ( 'NONE', ( #5419, #4835, #7278, #3220 ) ) ;
#648 = PRESENTATION_STYLE_ASSIGNMENT (( #2629 ) ) ;
#649 = VERTEX_POINT ( 'NONE', #4736 ) ;
#650 = STYLED_ITEM ( 'NONE', ( #5455 ), #5698 ) ;
#651 = AXIS2_PLACEMENT_3D ( 'NONE', #2681, #1560, #2116 ) ;
#652 = CIRCLE ( 'NONE', #602, 0.4500000000000001221 ) ;
#653 = FACE_OUTER_BOUND ( 'NONE', #6973, .T. ) ;
#654 = SURFACE_SIDE_STYLE ('',( #2924 ) ) ;
#655 = MECHANICAL_DESIGN_GEOMETRIC_PRESENTATION_REPRESENTATION (  '', ( #7262 ), #1819 ) ;
#656 = DIRECTION ( 'NONE',  ( -1.000000000000000000, 0.000000000000000000, 0.000000000000000000 ) ) ;
#657 =( NAMED_UNIT ( * ) PLANE_ANGLE_UNIT ( ) SI_UNIT ( $, .RADIAN. ) );
#658 =( NAMED_UNIT ( * ) PLANE_ANGLE_UNIT ( ) SI_UNIT ( $, .RADIAN. ) );
#659 = LINE ( 'NONE', #2616, #1745 ) ;
#660 = FILL_AREA_STYLE ('',( #1826 ) ) ;
#661 = ORIENTED_EDGE ( 'NONE', *, *, #2874, .T. ) ;
#662 =( BOUNDED_CURVE ( )  B_SPLINE_CURVE ( 3, ( #634, #5738, #4638, #611 ),
 .UNSPECIFIED., .F., .F. ) 
 B_SPLINE_CURVE_WITH_KNOTS ( ( 4, 4 ),
 ( 3.141592653589793116, 3.151277835258272653 ),
 .UNSPECIFIED. ) 
 CURVE ( )  GEOMETRIC_REPRESENTATION_ITEM ( )  RATIONAL_B_SPLINE_CURVE ( ( 1.000000000000000000, 0.9999921831199466427, 0.9999921831199466427, 1.000000000000000000 ) ) 
 REPRESENTATION_ITEM ( '' )  );
#663 = LINE ( 'NONE', #5074, #3476 ) ;
#664 = VERTEX_POINT ( 'NONE', #673 ) ;
#665 = FILL_AREA_STYLE ('',( #2293 ) ) ;
#666 = FILL_AREA_STYLE_COLOUR ( '', #6900 ) ;
#667 = MECHANICAL_DESIGN_GEOMETRIC_PRESENTATION_REPRESENTATION (  '', ( #2340 ), #1571 ) ;
#668 = FILL_AREA_STYLE_COLOUR ( '', #7 ) ;
#669 = MECHANICAL_DESIGN_GEOMETRIC_PRESENTATION_REPRESENTATION (  '', ( #6989 ), #1066 ) ;
#670 = PRESENTATION_LAYER_ASSIGNMENT (  '', '', ( #6834 ) ) ;
#671 = VERTEX_POINT ( 'NONE', #3409 ) ;
#672 =( NAMED_UNIT ( * ) SI_UNIT ( $, .STERADIAN. ) SOLID_ANGLE_UNIT ( ) );
#673 = CARTESIAN_POINT ( 'NONE',  ( -2.119999999999998774, -1.949999999999999956, 0.8349999999999841993 ) ) ;
#674 = FACE_OUTER_BOUND ( 'NONE', #7093, .T. ) ;
#675 = ORIENTED_EDGE ( 'NONE', *, *, #4233, .F. ) ;
#676 = DIRECTION ( 'NONE',  ( -1.000000000000000000, -0.000000000000000000, -0.000000000000000000 ) ) ;
#677 = VECTOR ( 'NONE', #4455, 1000.000000000000114 ) ;
#678 = DIRECTION ( 'NONE',  ( 0.1378445374916255906, 0.1378445374916252297, -0.9808148484639900300 ) ) ;
#679 = PRESENTATION_STYLE_ASSIGNMENT (( #1315 ) ) ;
#680 = CARTESIAN_POINT ( 'NONE',  ( 0.8500000000000015321, 2.999999999999999556, 1.405000000000000027 ) ) ;
#681 = ORIENTED_EDGE ( 'NONE', *, *, #4982, .F. ) ;
#682 = AXIS2_PLACEMENT_3D ( 'NONE', #7122, #229, #2011 ) ;
#683 = SURFACE_STYLE_USAGE ( .BOTH. , #4794 ) ;
#684 = SURFACE_STYLE_FILL_AREA ( #1369 ) ;
#685 = FILL_AREA_STYLE_COLOUR ( '', #3481 ) ;
#686 = CARTESIAN_POINT ( 'NONE',  ( 1.690000000000001723, -2.199999999999999734, 0.9690459166400811064 ) ) ;
#687 = CARTESIAN_POINT ( 'NONE',  ( -1.689999999999998392, -3.000000000000000000, 1.405000000000000027 ) ) ;
#688 = CARTESIAN_POINT ( 'NONE',  ( 2.301871013108887087, -1.801871013108885533, 0.1085270875832955173 ) ) ;
#689 = CARTESIAN_POINT ( 'NONE',  ( 0.4200000000000015388, -2.575229734309891771, 1.259625067334387394 ) ) ;
#690 = PRESENTATION_STYLE_ASSIGNMENT (( #5866 ) ) ;
#691 = CARTESIAN_POINT ( 'NONE',  ( 0.4200000000000015388, -2.999999999999999556, 1.405000000000000027 ) ) ;
#692 = EDGE_CURVE ( 'NONE', #5202, #2255, #2529, .T. ) ;
#693 = AXIS2_PLACEMENT_3D ( 'NONE', #7143, #1338, #704 ) ;
#694 = CARTESIAN_POINT ( 'NONE',  ( -1.689999999999998392, -2.236792614887840092, 0.6150000000000157563 ) ) ;
#695 = DIRECTION ( 'NONE',  ( 1.000000000000000000, 0.000000000000000000, 0.000000000000000000 ) ) ;
#696 = DIRECTION ( 'NONE',  ( 1.000000000000000000, 0.000000000000000000, 0.000000000000000000 ) ) ;
#697 = MECHANICAL_DESIGN_GEOMETRIC_PRESENTATION_REPRESENTATION (  '', ( #650 ), #3621 ) ;
#698 = DIRECTION ( 'NONE',  ( 0.000000000000000000, 0.000000000000000000, -1.000000000000000000 ) ) ;
#699 = PRESENTATION_LAYER_ASSIGNMENT (  '', '', ( #309 ) ) ;
#700 = ORIENTED_EDGE ( 'NONE', *, *, #2920, .T. ) ;
#701 = EDGE_CURVE ( 'NONE', #7275, #5190, #637, .T. ) ;
#702 = DIRECTION ( 'NONE',  ( 0.000000000000000000, 0.000000000000000000, 1.000000000000000000 ) ) ;
#703 = ORIENTED_EDGE ( 'NONE', *, *, #5636, .F. ) ;
#704 = DIRECTION ( 'NONE',  ( 0.000000000000000000, -0.7071067811865435759, 0.7071067811865514585 ) ) ;
#705 = ORIENTED_EDGE ( 'NONE', *, *, #2432, .T. ) ;
#706 = CIRCLE ( 'NONE', #3211, 0.1340459166400967961 ) ;
#707 = DIRECTION ( 'NONE',  ( -1.000000000000000000, -0.000000000000000000, 0.000000000000000000 ) ) ;
#708 = CARTESIAN_POINT ( 'NONE',  ( -2.119999999999998774, 2.358120395030566918, 1.308646010850337271 ) ) ;
#709 = DIRECTION ( 'NONE',  ( 0.000000000000000000, 0.000000000000000000, 1.000000000000000000 ) ) ;
#710 = ORIENTED_EDGE ( 'NONE', *, *, #3562, .T. ) ;
#711 = CARTESIAN_POINT ( 'NONE',  ( -2.119999999999998774, -1.949999999999999956, 0.6150000000000157563 ) ) ;
#712 = MECHANICAL_DESIGN_GEOMETRIC_PRESENTATION_REPRESENTATION (  '', ( #1490 ), #2640 ) ;
#713 = AXIS2_PLACEMENT_3D ( 'NONE', #5601, #5655, #6171 ) ;
#714 = UNCERTAINTY_MEASURE_WITH_UNIT (LENGTH_MEASURE( 1.000000000000000082E-05 ), #2560, 'distance_accuracy_value', 'NONE');
#715 = UNCERTAINTY_MEASURE_WITH_UNIT (LENGTH_MEASURE( 1.000000000000000082E-05 ), #308, 'distance_accuracy_value', 'NONE');
#716 = SURFACE_SIDE_STYLE ('',( #4703 ) ) ;
#717 = EDGE_LOOP ( 'NONE', ( #2991, #6570, #2498, #2705 ) ) ;
#718 = FILL_AREA_STYLE_COLOUR ( '', #3303 ) ;
#719 = COLOUR_RGB ( '',0.7529411764705882248, 0.7529411764705882248, 0.7529411764705882248 ) ;
#720 =( NAMED_UNIT ( * ) PLANE_ANGLE_UNIT ( ) SI_UNIT ( $, .RADIAN. ) );
#721 = CARTESIAN_POINT ( 'NONE',  ( 2.340846632081213574, 1.840846632081212464, 0.3858530267301737982 ) ) ;
#722 = DIRECTION ( 'NONE',  ( -1.000000000000000000, -0.000000000000000000, 0.000000000000000000 ) ) ;
#723 = SURFACE_STYLE_FILL_AREA ( #6749 ) ;
#724 = CARTESIAN_POINT ( 'NONE',  ( 0.4200000000000015388, -2.550616955507047923, 0.9076459320246326179 ) ) ;
#725 = ORIENTED_EDGE ( 'NONE', *, *, #7111, .T. ) ;
#726 = AXIS2_PLACEMENT_3D ( 'NONE', #6500, #4779, #5815 ) ;
#727 = CARTESIAN_POINT ( 'NONE',  ( 0.4200000000000015388, 2.236792614887839648, 0.6150000000000157563 ) ) ;
#728 = EDGE_CURVE ( 'NONE', #7048, #6172, #5977, .T. ) ;
#729 = CARTESIAN_POINT ( 'NONE',  ( -0.4199999999999984857, -1.949999999999999734, 0.6150000000000157563 ) ) ;
#730 = SURFACE_STYLE_FILL_AREA ( #3917 ) ;
#731 = CARTESIAN_POINT ( 'NONE',  ( -0.8499999999999985345, -2.550616955507048367, 0.9076459320246326179 ) ) ;
#732 = VERTEX_POINT ( 'NONE', #1645 ) ;
#733 = SURFACE_SIDE_STYLE ('',( #6527 ) ) ;
#734 = SURFACE_SIDE_STYLE ('',( #3619 ) ) ;
#735 = LINE ( 'NONE', #6761, #918 ) ;
#736 = DIRECTION ( 'NONE',  ( 1.000000000000000000, 0.000000000000000000, 0.000000000000000000 ) ) ;
#737 =( NAMED_UNIT ( * ) SI_UNIT ( $, .STERADIAN. ) SOLID_ANGLE_UNIT ( ) );
#738 = EDGE_CURVE ( 'NONE', #6960, #4468, #6050, .T. ) ;
#739 = CARTESIAN_POINT ( 'NONE',  ( 0.8500000000000015321, 2.550616955507047923, 0.9076459320246326179 ) ) ;
#740 = ORIENTED_EDGE ( 'NONE', *, *, #1083, .F. ) ;
#741 = CARTESIAN_POINT ( 'NONE',  ( 2.297327737236433798, -1.797327737236432021, 1.373799999999999910 ) ) ;
#742 = LINE ( 'NONE', #4739, #6950 ) ;
#743 = SURFACE_STYLE_FILL_AREA ( #1798 ) ;
#744 = VERTEX_POINT ( 'NONE', #1235 ) ;
#745 = DIRECTION ( 'NONE',  ( -8.850629979473504779E-17, 1.000000000000000000, 0.000000000000000000 ) ) ;
#746 =( NAMED_UNIT ( * ) PLANE_ANGLE_UNIT ( ) SI_UNIT ( $, .RADIAN. ) );
#747 = EDGE_LOOP ( 'NONE', ( #2918, #4555, #1610, #1308 ) ) ;
#748 = LINE ( 'NONE', #5614, #1467 ) ;
#749 = PRESENTATION_LAYER_ASSIGNMENT (  '', '', ( #6913 ) ) ;
#750 = CARTESIAN_POINT ( 'NONE',  ( -2.282869896592603975, -1.782869896592605752, -0.02667288156814329181 ) ) ;
#751 = LINE ( 'NONE', #6197, #6229 ) ;
#752 = DIRECTION ( 'NONE',  ( 0.000000000000000000, -0.06975647374412537183, -0.9975640502598243087 ) ) ;
#753 = EDGE_CURVE ( 'NONE', #1961, #1417, #191, .T. ) ;
#754 =( GEOMETRIC_REPRESENTATION_CONTEXT ( 3 ) GLOBAL_UNCERTAINTY_ASSIGNED_CONTEXT ( ( #5914 ) ) GLOBAL_UNIT_ASSIGNED_CONTEXT ( ( #4212, #4719, #5936 ) ) REPRESENTATION_CONTEXT ( 'NONE', 'WORKASPACE' ) );
#755 =( GEOMETRIC_REPRESENTATION_CONTEXT ( 3 ) GLOBAL_UNCERTAINTY_ASSIGNED_CONTEXT ( ( #1536 ) ) GLOBAL_UNIT_ASSIGNED_CONTEXT ( ( #2497, #3638, #3667 ) ) REPRESENTATION_CONTEXT ( 'NONE', 'WORKASPACE' ) );
#756 = SURFACE_STYLE_FILL_AREA ( #6310 ) ;
#757 = LINE ( 'NONE', #5307, #6693 ) ;
#758 = SURFACE_STYLE_USAGE ( .BOTH. , #3108 ) ;
#759 = ORIENTED_EDGE ( 'NONE', *, *, #3221, .T. ) ;
#760 = VECTOR ( 'NONE', #378, 1000.000000000000000 ) ;
#761 = SURFACE_SIDE_STYLE ('',( #2023 ) ) ;
#762 = ORIENTED_EDGE ( 'NONE', *, *, #2620, .T. ) ;
#763 = EDGE_CURVE ( 'NONE', #6120, #5362, #2168, .T. ) ;
#764 = UNCERTAINTY_MEASURE_WITH_UNIT (LENGTH_MEASURE( 1.000000000000000082E-05 ), #1781, 'distance_accuracy_value', 'NONE');
#765 =( NAMED_UNIT ( * ) SI_UNIT ( $, .STERADIAN. ) SOLID_ANGLE_UNIT ( ) );
#766 = PRESENTATION_LAYER_ASSIGNMENT (  '', '', ( #5390 ) ) ;
#767 = ORIENTED_EDGE ( 'NONE', *, *, #2035, .T. ) ;
#768 = DIRECTION ( 'NONE',  ( 0.000000000000000000, -1.000000000000000000, 0.000000000000000000 ) ) ;
#769 = CARTESIAN_POINT ( 'NONE',  ( -1.689999999999998392, -2.550616955507048367, 0.9076459320246326179 ) ) ;
#770 =( NAMED_UNIT ( * ) PLANE_ANGLE_UNIT ( ) SI_UNIT ( $, .RADIAN. ) );
#771 = ORIENTED_EDGE ( 'NONE', *, *, #4524, .T. ) ;
#772 = CYLINDRICAL_SURFACE ( 'NONE', #6857, 0.1340459166400967961 ) ;
#773 = DIRECTION ( 'NONE',  ( 5.691349986800547879E-15, 1.000000000000000000, 0.000000000000000000 ) ) ;
#774 = DIRECTION ( 'NONE',  ( -1.000000000000000000, -8.850629979473504779E-17, 0.000000000000000000 ) ) ;
#775 =( LENGTH_UNIT ( ) NAMED_UNIT ( * ) SI_UNIT ( .MILLI., .METRE. ) );
#776 = CARTESIAN_POINT ( 'NONE',  ( 1.690000000000001723, -2.550616955507047923, 0.9076459320246326179 ) ) ;
#777 = FILL_AREA_STYLE_COLOUR ( '', #1005 ) ;
#778 = DIRECTION ( 'NONE',  ( 1.000000000000000000, 0.000000000000000000, 0.000000000000000000 ) ) ;
#779 = VECTOR ( 'NONE', #4867, 1000.000000000000000 ) ;
#780 = EDGE_CURVE ( 'NONE', #1396, #210, #4969, .T. ) ;
#781 =( NAMED_UNIT ( * ) PLANE_ANGLE_UNIT ( ) SI_UNIT ( $, .RADIAN. ) );
#782 = CARTESIAN_POINT ( 'NONE',  ( -2.449999999999998845, -1.873799999999999688, 0.8349999999999843103 ) ) ;
#783 = CARTESIAN_POINT ( 'NONE',  ( 0.4200000000000015388, -2.236792614887839648, 0.6150000000000157563 ) ) ;
#784 = DIRECTION ( 'NONE',  ( 0.000000000000000000, 0.000000000000000000, -1.000000000000000000 ) ) ;
#785 = CARTESIAN_POINT ( 'NONE',  ( 2.297327737236434242, 1.531193605351035103, 0.07619999999999998996 ) ) ;
#786 = ORIENTED_EDGE ( 'NONE', *, *, #381, .F. ) ;
#787 = EDGE_CURVE ( 'NONE', #2864, #3560, #4274, .T. ) ;
#788 = VERTEX_POINT ( 'NONE', #1780 ) ;
#789 = ORIENTED_EDGE ( 'NONE', *, *, #2514, .F. ) ;
#790 = SURFACE_STYLE_USAGE ( .BOTH. , #7060 ) ;
#791 =( NAMED_UNIT ( * ) SI_UNIT ( $, .STERADIAN. ) SOLID_ANGLE_UNIT ( ) );
#792 = FILL_AREA_STYLE ('',( #820 ) ) ;
#793 = PLANE ( 'NONE',  #6600 ) ;
#794 = ORIENTED_EDGE ( 'NONE', *, *, #5551, .T. ) ;
#795 = COLOUR_RGB ( '',0.7529411764705882248, 0.7529411764705882248, 0.7529411764705882248 ) ;
#796 = CARTESIAN_POINT ( 'NONE',  ( -0.8499999999999985345, 2.708949121834177909, 1.250274496869775653 ) ) ;
#797 = ORIENTED_EDGE ( 'NONE', *, *, #4741, .T. ) ;
#798 = LINE ( 'NONE', #1670, #5932 ) ;
#799 = AXIS2_PLACEMENT_3D ( 'NONE', #5222, #2349, #2977 ) ;
#800 = EDGE_CURVE ( 'NONE', #5466, #5730, #546, .T. ) ;
#801 = MECHANICAL_DESIGN_GEOMETRIC_PRESENTATION_REPRESENTATION (  '', ( #6489 ), #1957 ) ;
#802 = DIRECTION ( 'NONE',  ( 0.000000000000000000, -0.000000000000000000, 1.000000000000000000 ) ) ;
#803 = SURFACE_STYLE_USAGE ( .BOTH. , #7094 ) ;
#804 = PRESENTATION_STYLE_ASSIGNMENT (( #2989 ) ) ;
#805 = CARTESIAN_POINT ( 'NONE',  ( 1.690000000000001723, -2.699598551369565058, 1.383993884394061347 ) ) ;
#806 = FACE_OUTER_BOUND ( 'NONE', #3575, .T. ) ;
#807 = PRESENTATION_STYLE_ASSIGNMENT (( #1149 ) ) ;
#808 = CARTESIAN_POINT ( 'NONE',  ( 2.372786164074541571, -1.797327737236431799, 0.06559500970684327414 ) ) ;
#809 = UNCERTAINTY_MEASURE_WITH_UNIT (LENGTH_MEASURE( 1.000000000000000082E-05 ), #2900, 'distance_accuracy_value', 'NONE');
#810 = FILL_AREA_STYLE_COLOUR ( '', #5027 ) ;
#811 = FILL_AREA_STYLE ('',( #227 ) ) ;
#812 = DIRECTION ( 'NONE',  ( 0.000000000000000000, -0.9975640502598241977, -0.06975647374412535795 ) ) ;
#813 = AXIS2_PLACEMENT_3D ( 'NONE', #7175, #859, #4822 ) ;
#814 = FACE_OUTER_BOUND ( 'NONE', #981, .T. ) ;
#815 = CARTESIAN_POINT ( 'NONE',  ( -0.4199999999999984857, -2.358120395030566918, 1.308646010850337271 ) ) ;
#816 =( GEOMETRIC_REPRESENTATION_CONTEXT ( 3 ) GLOBAL_UNCERTAINTY_ASSIGNED_CONTEXT ( ( #1088 ) ) GLOBAL_UNIT_ASSIGNED_CONTEXT ( ( #1440, #1630, #2131 ) ) REPRESENTATION_CONTEXT ( 'NONE', 'WORKASPACE' ) );
#817 = DIRECTION ( 'NONE',  ( 1.000000000000000000, 8.850629979473504779E-17, 0.000000000000000000 ) ) ;
#818 = CARTESIAN_POINT ( 'NONE',  ( 2.373800000000001909, -1.949999999999999512, 0.6150000000000157563 ) ) ;
#819 = LINE ( 'NONE', #45, #4795 ) ;
#820 = FILL_AREA_STYLE_COLOUR ( '', #5073 ) ;
#821 = CIRCLE ( 'NONE', #366, 0.1340459166400966851 ) ;
#822 = CARTESIAN_POINT ( 'NONE',  ( -0.9499999999999997335, 0.7500000000000005551, 0.05000000000000000278 ) ) ;
#823 = PRESENTATION_STYLE_ASSIGNMENT (( #2969 ) ) ;
#824 = CARTESIAN_POINT ( 'NONE',  ( -2.119999999999998774, -2.333719387524285871, 0.9596953461754694770 ) ) ;
#825 = CARTESIAN_POINT ( 'NONE',  ( -2.374046004575875113, -1.949999999999999956, 0.6150000000000157563 ) ) ;
#826 = CARTESIAN_POINT ( 'NONE',  ( 2.120000000000001439, -2.699598551369565058, 1.383993884394061347 ) ) ;
#827 = ORIENTED_EDGE ( 'NONE', *, *, #6351, .F. ) ;
#828 = DIRECTION ( 'NONE',  ( 0.000000000000000000, 0.000000000000000000, 1.000000000000000000 ) ) ;
#829 = ADVANCED_FACE ( 'NONE', ( #6586 ), #3556, .F. ) ;
#830 = COLOUR_RGB ( '',0.7921568627450980005, 0.8196078431372548767, 0.9333333333333333481 ) ;
#831 = FILL_AREA_STYLE_COLOUR ( '', #6784 ) ;
#832 =( NAMED_UNIT ( * ) PLANE_ANGLE_UNIT ( ) SI_UNIT ( $, .RADIAN. ) );
#833 = DIRECTION ( 'NONE',  ( -0.1378445374916256183, -0.1378445374916252575, 0.9808148484639900300 ) ) ;
#834 = EDGE_CURVE ( 'NONE', #6793, #5029, #6137, .T. ) ;
#835 = VERTEX_POINT ( 'NONE', #4857 ) ;
#836 = DIRECTION ( 'NONE',  ( 0.000000000000000000, 0.000000000000000000, 1.000000000000000000 ) ) ;
#837 = CARTESIAN_POINT ( 'NONE',  ( 2.449998808705153852, 1.874292006267270549, 0.8350084765032761425 ) ) ;
#838 = CARTESIAN_POINT ( 'NONE',  ( -0.4199999999999984857, 1.949999999999999734, 0.6150000000000157563 ) ) ;
#839 = AXIS2_PLACEMENT_3D ( 'NONE', #592, #2941, #5189 ) ;
#840 = DIRECTION ( 'NONE',  ( 0.000000000000000000, -0.06975647374412254076, 0.9975640502598245307 ) ) ;
#841 = VERTEX_POINT ( 'NONE', #189 ) ;
#842 = EDGE_CURVE ( 'NONE', #5903, #6617, #368, .T. ) ;
#843 = VECTOR ( 'NONE', #3386, 1000.000000000000000 ) ;
#844 = PRESENTATION_LAYER_ASSIGNMENT (  '', '', ( #4254 ) ) ;
#845 = MECHANICAL_DESIGN_GEOMETRIC_PRESENTATION_REPRESENTATION (  '', ( #6392 ), #2002 ) ;
#846 = CARTESIAN_POINT ( 'NONE',  ( -0.4199999999999984857, 2.671944735649775193, 1.286701275200562655 ) ) ;
#847 = FACE_OUTER_BOUND ( 'NONE', #6732, .T. ) ;
#848 = ORIENTED_EDGE ( 'NONE', *, *, #988, .T. ) ;
#849 = UNCERTAINTY_MEASURE_WITH_UNIT (LENGTH_MEASURE( 1.000000000000000082E-05 ), #3461, 'distance_accuracy_value', 'NONE');
#850 = UNCERTAINTY_MEASURE_WITH_UNIT (LENGTH_MEASURE( 1.000000000000000082E-05 ), #4364, 'distance_accuracy_value', 'NONE');
#851 = VECTOR ( 'NONE', #5433, 1000.000000000000114 ) ;
#852 = DIRECTION ( 'NONE',  ( 1.000000000000000000, 0.000000000000000000, 0.000000000000000000 ) ) ;
#853 = DIRECTION ( 'NONE',  ( 0.000000000000000000, -1.000000000000000000, 0.000000000000000000 ) ) ;
#854 = SURFACE_STYLE_FILL_AREA ( #3183 ) ;
#855 = DIRECTION ( 'NONE',  ( 0.000000000000000000, -0.7071067811865435759, 0.7071067811865514585 ) ) ;
#856 = STYLED_ITEM ( 'NONE', ( #1847 ), #6230 ) ;
#857 =( GEOMETRIC_REPRESENTATION_CONTEXT ( 3 ) GLOBAL_UNCERTAINTY_ASSIGNED_CONTEXT ( ( #6838 ) ) GLOBAL_UNIT_ASSIGNED_CONTEXT ( ( #4501, #3351, #3947 ) ) REPRESENTATION_CONTEXT ( 'NONE', 'WORKASPACE' ) );
#858 = STYLED_ITEM ( 'NONE', ( #2700 ), #400 ) ;
#859 = DIRECTION ( 'NONE',  ( 8.850629979473502314E-17, -1.000000000000000000, 0.000000000000000000 ) ) ;
#860 =( GEOMETRIC_REPRESENTATION_CONTEXT ( 3 ) GLOBAL_UNCERTAINTY_ASSIGNED_CONTEXT ( ( #5375 ) ) GLOBAL_UNIT_ASSIGNED_CONTEXT ( ( #6355, #2901, #2845 ) ) REPRESENTATION_CONTEXT ( 'NONE', 'WORKASPACE' ) );
#861 = ORIENTED_EDGE ( 'NONE', *, *, #3414, .F. ) ;
#862 = DIRECTION ( 'NONE',  ( 1.000000000000000000, 0.000000000000000000, 0.000000000000000000 ) ) ;
#863 = CARTESIAN_POINT ( 'NONE',  ( 2.297327737236434242, 1.585075142077449817, 0.02231846327358474533 ) ) ;
#864 = COLOUR_RGB ( '',0.2509803921568627416, 0.2509803921568627416, 0.2509803921568627416 ) ;
#865 = ORIENTED_EDGE ( 'NONE', *, *, #4272, .F. ) ;
#866 = CARTESIAN_POINT ( 'NONE',  ( -2.119999999999998774, 1.949999999999999956, 0.8349999999999841993 ) ) ;
#867 =( NAMED_UNIT ( * ) SI_UNIT ( $, .STERADIAN. ) SOLID_ANGLE_UNIT ( ) );
#868 = CARTESIAN_POINT ( 'NONE',  ( 1.690000000000001723, 2.199999999999999734, 0.8349999999999841993 ) ) ;
#869 = ADVANCED_FACE ( 'NONE', ( #4626 ), #1878, .F. ) ;
#870 = CARTESIAN_POINT ( 'NONE',  ( 0.8500000000000015321, -2.999999999999999556, 1.405000000000000027 ) ) ;
#871 = EDGE_CURVE ( 'NONE', #4393, #5832, #3535, .T. ) ;
#872 = DIRECTION ( 'NONE',  ( 0.000000000000000000, 0.9975640502598241977, 0.06975647374412606572 ) ) ;
#873 = CARTESIAN_POINT ( 'NONE',  ( -2.119999999999998774, 2.671944735649775193, 1.286701275200562655 ) ) ;
#874 = SURFACE_SIDE_STYLE ('',( #4549 ) ) ;
#875 = DIRECTION ( 'NONE',  ( 0.000000000000000000, 0.000000000000000000, -1.000000000000000000 ) ) ;
#876 = LINE ( 'NONE', #4307, #7366 ) ;
#877 = CARTESIAN_POINT ( 'NONE',  ( -0.4199999999999984857, -1.949999999999999734, 0.6150000000000157563 ) ) ;
#878 = CARTESIAN_POINT ( 'NONE',  ( 2.120000000000001439, -2.550616955507047923, 0.9076459320246323959 ) ) ;
#879 = EDGE_CURVE ( 'NONE', #6582, #3629, #5224, .T. ) ;
#880 = PRESENTATION_LAYER_ASSIGNMENT (  '', '', ( #4791 ) ) ;
#881 = DIRECTION ( 'NONE',  ( 0.000000000000000000, 0.000000000000000000, 1.000000000000000000 ) ) ;
#882 = ORIENTED_EDGE ( 'NONE', *, *, #3312, .T. ) ;
#883 = CARTESIAN_POINT ( 'NONE',  ( 2.449998808705153852, 1.874292006267270549, 0.6149915234967239241 ) ) ;
#884 = DIRECTION ( 'NONE',  ( -1.000000000000000000, -0.000000000000000000, -0.000000000000000000 ) ) ;
#885 = ORIENTED_EDGE ( 'NONE', *, *, #5559, .T. ) ;
#886 = DIRECTION ( 'NONE',  ( -1.138269997360109576E-14, -1.000000000000000000, 0.000000000000000000 ) ) ;
#887 = ORIENTED_EDGE ( 'NONE', *, *, #6036, .T. ) ;
#888 =( GEOMETRIC_REPRESENTATION_CONTEXT ( 3 ) GLOBAL_UNCERTAINTY_ASSIGNED_CONTEXT ( ( #2463 ) ) GLOBAL_UNIT_ASSIGNED_CONTEXT ( ( #1007, #6188, #7446 ) ) REPRESENTATION_CONTEXT ( 'NONE', 'WORKASPACE' ) );
#889 = EDGE_CURVE ( 'NONE', #6947, #5537, #6406, .T. ) ;
#890 = AXIS2_PLACEMENT_3D ( 'NONE', #6020, #268, #828 ) ;
#891 = STYLED_ITEM ( 'NONE', ( #3282 ), #2873 ) ;
#892 =( LENGTH_UNIT ( ) NAMED_UNIT ( * ) SI_UNIT ( .MILLI., .METRE. ) );
#893 =( LENGTH_UNIT ( ) NAMED_UNIT ( * ) SI_UNIT ( .MILLI., .METRE. ) );
#894 = DIRECTION ( 'NONE',  ( 0.000000000000000000, 1.000000000000000000, 0.000000000000000000 ) ) ;
#895 = UNCERTAINTY_MEASURE_WITH_UNIT (LENGTH_MEASURE( 1.000000000000000082E-05 ), #1505, 'distance_accuracy_value', 'NONE');
#896 = CARTESIAN_POINT ( 'NONE',  ( -0.8499999999999985345, -2.671944735649775193, 1.286701275200562655 ) ) ;
#897 = DIRECTION ( 'NONE',  ( 0.000000000000000000, -0.000000000000000000, 1.000000000000000000 ) ) ;
#898 = ORIENTED_EDGE ( 'NONE', *, *, #19, .F. ) ;
#899 = CARTESIAN_POINT ( 'NONE',  ( -2.449999999999998845, -1.873799999999999910, 0.6150000000000157563 ) ) ;
#900 =( LENGTH_UNIT ( ) NAMED_UNIT ( * ) SI_UNIT ( .MILLI., .METRE. ) );
#901 = COLOUR_RGB ( '',0.7529411764705882248, 0.7529411764705882248, 0.7529411764705882248 ) ;
#902 = PRESENTATION_LAYER_ASSIGNMENT (  '', '', ( #507 ) ) ;
#903 = EDGE_CURVE ( 'NONE', #1590, #1682, #6755, .T. ) ;
#904 = UNCERTAINTY_MEASURE_WITH_UNIT (LENGTH_MEASURE( 1.000000000000000082E-05 ), #3626, 'distance_accuracy_value', 'NONE');
#905 = DIRECTION ( 'NONE',  ( 0.000000000000000000, 1.000000000000000000, 0.000000000000000000 ) ) ;
#906 = EDGE_LOOP ( 'NONE', ( #173, #6713, #3943, #3538, #6699, #6557 ) ) ;
#907 =( NAMED_UNIT ( * ) PLANE_ANGLE_UNIT ( ) SI_UNIT ( $, .RADIAN. ) );
#908 = ADVANCED_FACE ( 'NONE', ( #3356 ), #793, .F. ) ;
#909 = PLANE ( 'NONE',  #3525 ) ;
#910 =( NAMED_UNIT ( * ) SI_UNIT ( $, .STERADIAN. ) SOLID_ANGLE_UNIT ( ) );
#911 = CARTESIAN_POINT ( 'NONE',  ( 1.690000000000001723, -2.649999999999999467, 1.600525615819771152 ) ) ;
#912 = CARTESIAN_POINT ( 'NONE',  ( -2.297327737236431577, 1.531193605351035325, 0.07619999999999993445 ) ) ;
#913 = VERTEX_POINT ( 'NONE', #4296 ) ;
#914 = CARTESIAN_POINT ( 'NONE',  ( -0.8499999999999985345, 2.550616955507048367, 0.9076459320246326179 ) ) ;
#915 = SURFACE_STYLE_FILL_AREA ( #231 ) ;
#916 = FILL_AREA_STYLE_COLOUR ( '', #4918 ) ;
#917 = LINE ( 'NONE', #2263, #6848 ) ;
#918 = VECTOR ( 'NONE', #3913, 1000.000000000000227 ) ;
#919 = ORIENTED_EDGE ( 'NONE', *, *, #2401, .T. ) ;
#920 =( NAMED_UNIT ( * ) SI_UNIT ( $, .STERADIAN. ) SOLID_ANGLE_UNIT ( ) );
#921 =( NAMED_UNIT ( * ) PLANE_ANGLE_UNIT ( ) SI_UNIT ( $, .RADIAN. ) );
#922 = DIRECTION ( 'NONE',  ( 1.000000000000000000, 0.000000000000000000, 0.000000000000000000 ) ) ;
#923 = FILL_AREA_STYLE_COLOUR ( '', #956 ) ;
#924 =( NAMED_UNIT ( * ) SI_UNIT ( $, .STERADIAN. ) SOLID_ANGLE_UNIT ( ) );
#925 = VECTOR ( 'NONE', #6051, 1000.000000000000000 ) ;
#926 = CARTESIAN_POINT ( 'NONE',  ( 0.4200000000000015388, 2.999999999999999556, 1.625000000000000000 ) ) ;
#927 = MECHANICAL_DESIGN_GEOMETRIC_PRESENTATION_REPRESENTATION (  '', ( #4042 ), #1314 ) ;
#928 = COLOUR_RGB ( '',0.2509803921568627416, 0.2509803921568627416, 0.2509803921568627416 ) ;
#929 = CARTESIAN_POINT ( 'NONE',  ( 1.690000000000001723, -2.999999999999999556, 1.625000000000000000 ) ) ;
#930 = EDGE_LOOP ( 'NONE', ( #557, #7138, #6358, #2055 ) ) ;
#931 = CARTESIAN_POINT ( 'NONE',  ( -2.119999999999998774, -2.358120395030566918, 1.308646010850337271 ) ) ;
#932 = ORIENTED_EDGE ( 'NONE', *, *, #4608, .T. ) ;
#933 = ORIENTED_EDGE ( 'NONE', *, *, #1934, .F. ) ;
#934 = CARTESIAN_POINT ( 'NONE',  ( 2.449996426143393968, 1.874537999305284863, 0.6149745706889166996 ) ) ;
#935 = COLOUR_RGB ( '',0.7529411764705882248, 0.7529411764705882248, 0.7529411764705882248 ) ;
#936 = SURFACE_STYLE_USAGE ( .BOTH. , #4943 ) ;
#937 = EDGE_CURVE ( 'NONE', #3904, #2968, #5677, .T. ) ;
#938 = DIRECTION ( 'NONE',  ( 1.000000000000000000, 0.000000000000000000, 0.000000000000000000 ) ) ;
#939 = STYLED_ITEM ( 'NONE', ( #3559 ), #2364 ) ;
#940 = SURFACE_SIDE_STYLE ('',( #1827 ) ) ;
#941 = ORIENTED_EDGE ( 'NONE', *, *, #4233, .T. ) ;
#942 = VECTOR ( 'NONE', #5051, 999.9999999999998863 ) ;
#943 = SURFACE_STYLE_FILL_AREA ( #2102 ) ;
#944 = DIRECTION ( 'NONE',  ( 0.000000000000000000, 0.000000000000000000, 1.000000000000000000 ) ) ;
#945 = ADVANCED_FACE ( 'NONE', ( #5320 ), #4001, .T. ) ;
#946 =( NAMED_UNIT ( * ) PLANE_ANGLE_UNIT ( ) SI_UNIT ( $, .RADIAN. ) );
#947 = DIRECTION ( 'NONE',  ( 0.000000000000000000, 1.000000000000000000, 0.000000000000000000 ) ) ;
#948 = AXIS2_PLACEMENT_3D ( 'NONE', #5370, #7234, #7038 ) ;
#949 = DIRECTION ( 'NONE',  ( 0.000000000000000000, -0.06975647374412606572, 0.9975640502598241977 ) ) ;
#950 = SURFACE_STYLE_FILL_AREA ( #4111 ) ;
#951 = DIRECTION ( 'NONE',  ( 0.000000000000000000, 0.000000000000000000, -1.000000000000000000 ) ) ;
#952 = ORIENTED_EDGE ( 'NONE', *, *, #3488, .T. ) ;
#953 = EDGE_CURVE ( 'NONE', #4831, #4859, #6668, .T. ) ;
#954 = UNCERTAINTY_MEASURE_WITH_UNIT (LENGTH_MEASURE( 1.000000000000000082E-05 ), #5991, 'distance_accuracy_value', 'NONE');
#955 = PRESENTATION_LAYER_ASSIGNMENT (  '', '', ( #5960 ) ) ;
#956 = COLOUR_RGB ( '',0.2509803921568627416, 0.2509803921568627416, 0.2509803921568627416 ) ;
#957 = DIRECTION ( 'NONE',  ( -1.000000000000000000, -0.000000000000000000, -0.000000000000000000 ) ) ;
#958 = FILL_AREA_STYLE_COLOUR ( '', #2602 ) ;
#959 = DIRECTION ( 'NONE',  ( 0.1378445374916252297, -0.1378445374916252297, 0.9808148484639901410 ) ) ;
#960 = SURFACE_STYLE_FILL_AREA ( #2953 ) ;
#961 = STYLED_ITEM ( 'NONE', ( #7160 ), #6187 ) ;
#962 = AXIS2_PLACEMENT_3D ( 'NONE', #2657, #5497, #2686 ) ;
#963 = DIRECTION ( 'NONE',  ( 0.000000000000000000, 0.000000000000000000, 1.000000000000000000 ) ) ;
#964 = AXIS2_PLACEMENT_3D ( 'NONE', #3735, #1341, #5007 ) ;
#965 = SURFACE_STYLE_USAGE ( .BOTH. , #3863 ) ;
#966 = VERTEX_POINT ( 'NONE', #4377 ) ;
#967 = COLOUR_RGB ( '',0.7529411764705882248, 0.7529411764705882248, 0.7529411764705882248 ) ;
#968 = FILL_AREA_STYLE ('',( #923 ) ) ;
#969 = EDGE_CURVE ( 'NONE', #2205, #5911, #5137, .T. ) ;
#970 = SURFACE_SIDE_STYLE ('',( #7419 ) ) ;
#971 = DIRECTION ( 'NONE',  ( 0.000000000000000000, 0.06975647374412130564, -0.9975640502598245307 ) ) ;
#972 = ORIENTED_EDGE ( 'NONE', *, *, #3662, .F. ) ;
#973 = ORIENTED_EDGE ( 'NONE', *, *, #6244, .T. ) ;
#974 = ORIENTED_EDGE ( 'NONE', *, *, #2720, .F. ) ;
#975 = CARTESIAN_POINT ( 'NONE',  ( -2.449570726820016642, -1.918490299558756940, 0.6119455626125462899 ) ) ;
#976 = VECTOR ( 'NONE', #6575, 1000.000000000000000 ) ;
#977 = DIRECTION ( 'NONE',  ( 0.000000000000000000, 0.000000000000000000, 1.000000000000000000 ) ) ;
#978 = ADVANCED_FACE ( 'NONE', ( #2068 ), #3247, .T. ) ;
#979 = STYLED_ITEM ( 'NONE', ( #5174 ), #2194 ) ;
#980 = ORIENTED_EDGE ( 'NONE', *, *, #4547, .T. ) ;
#981 = EDGE_LOOP ( 'NONE', ( #1910, #346, #4610, #6459 ) ) ;
#982 = VECTOR ( 'NONE', #6924, 1000.000000000000000 ) ;
#983 = PLANE ( 'NONE',  #6279 ) ;
#984 = CARTESIAN_POINT ( 'NONE',  ( 2.340846632081213574, 1.840846632081212464, 0.3858530267301738537 ) ) ;
#985 = UNCERTAINTY_MEASURE_WITH_UNIT (LENGTH_MEASURE( 1.000000000000000082E-05 ), #992, 'distance_accuracy_value', 'NONE');
#986 = SURFACE_STYLE_FILL_AREA ( #382 ) ;
#987 = PRESENTATION_LAYER_ASSIGNMENT (  '', '', ( #1655 ) ) ;
#988 = EDGE_CURVE ( 'NONE', #6465, #2462, #3258, .T. ) ;
#989 = PRESENTATION_LAYER_ASSIGNMENT (  '', '', ( #312 ) ) ;
#990 = ORIENTED_EDGE ( 'NONE', *, *, #2554, .T. ) ;
#991 = PRESENTATION_LAYER_ASSIGNMENT (  '', '', ( #891 ) ) ;
#992 =( LENGTH_UNIT ( ) NAMED_UNIT ( * ) SI_UNIT ( .MILLI., .METRE. ) );
#993 = LINE ( 'NONE', #3426, #2326 ) ;
#994 = CARTESIAN_POINT ( 'NONE',  ( -1.449999999999999956, 0.7500000000000004441, 0.1000000000000000056 ) ) ;
#995 = FILL_AREA_STYLE_COLOUR ( '', #5286 ) ;
#996 = FILL_AREA_STYLE ('',( #7308 ) ) ;
#997 = DIRECTION ( 'NONE',  ( 0.000000000000000000, 0.000000000000000000, -1.000000000000000000 ) ) ;
#998 = LINE ( 'NONE', #6532, #6042 ) ;
#999 = ORIENTED_EDGE ( 'NONE', *, *, #7247, .F. ) ;
#1000 = MECHANICAL_DESIGN_GEOMETRIC_PRESENTATION_REPRESENTATION (  '', ( #365 ), #857 ) ;
#1001 =( GEOMETRIC_REPRESENTATION_CONTEXT ( 3 ) GLOBAL_UNCERTAINTY_ASSIGNED_CONTEXT ( ( #4654 ) ) GLOBAL_UNIT_ASSIGNED_CONTEXT ( ( #6454, #657, #1247 ) ) REPRESENTATION_CONTEXT ( 'NONE', 'WORKASPACE' ) );
#1002 = MECHANICAL_DESIGN_GEOMETRIC_PRESENTATION_REPRESENTATION (  '', ( #6304 ), #2936 ) ;
#1003 = SURFACE_STYLE_FILL_AREA ( #3522 ) ;
#1004 = FILL_AREA_STYLE_COLOUR ( '', #2015 ) ;
#1005 = COLOUR_RGB ( '',0.7529411764705882248, 0.7529411764705882248, 0.7529411764705882248 ) ;
#1006 = VERTEX_POINT ( 'NONE', #7212 ) ;
#1007 =( LENGTH_UNIT ( ) NAMED_UNIT ( * ) SI_UNIT ( .MILLI., .METRE. ) );
#1008 = DIRECTION ( 'NONE',  ( 0.000000000000000000, 0.000000000000000000, 1.000000000000000000 ) ) ;
#1009 = VECTOR ( 'NONE', #778, 1000.000000000000000 ) ;
#1010 = FACE_OUTER_BOUND ( 'NONE', #5856, .T. ) ;
#1011 = ORIENTED_EDGE ( 'NONE', *, *, #2027, .T. ) ;
#1012 = FILL_AREA_STYLE_COLOUR ( '', #120 ) ;
#1013 = ORIENTED_EDGE ( 'NONE', *, *, #6389, .T. ) ;
#1014 = EDGE_CURVE ( 'NONE', #2968, #3322, #7213, .T. ) ;
#1015 = DIRECTION ( 'NONE',  ( 0.000000000000000000, -1.000000000000000000, 0.000000000000000000 ) ) ;
#1016 = ADVANCED_FACE ( 'NONE', ( #4087 ), #1609, .T. ) ;
#1017 = DIRECTION ( 'NONE',  ( -5.691349986800547879E-15, 0.000000000000000000, 1.000000000000000000 ) ) ;
#1018 = SURFACE_SIDE_STYLE ('',( #6630 ) ) ;
#1019 = ORIENTED_EDGE ( 'NONE', *, *, #332, .F. ) ;
#1020 = DIRECTION ( 'NONE',  ( 0.000000000000000000, 0.06975647374412252688, 0.9975640502598244197 ) ) ;
#1021 =( NAMED_UNIT ( * ) SI_UNIT ( $, .STERADIAN. ) SOLID_ANGLE_UNIT ( ) );
#1022 = VECTOR ( 'NONE', #1717, 1000.000000000000000 ) ;
#1023 = FACE_OUTER_BOUND ( 'NONE', #7383, .T. ) ;
#1024 = CARTESIAN_POINT ( 'NONE',  ( 0.8500000000000015321, -2.199999999999999734, 0.9690459166400811064 ) ) ;
#1025 = DIRECTION ( 'NONE',  ( 0.000000000000000000, 0.000000000000000000, -1.000000000000000000 ) ) ;
#1026 = EDGE_CURVE ( 'NONE', #664, #5362, #2417, .T. ) ;
#1027 = VECTOR ( 'NONE', #2746, 1000.000000000000000 ) ;
#1028 =( NAMED_UNIT ( * ) PLANE_ANGLE_UNIT ( ) SI_UNIT ( $, .RADIAN. ) );
#1029 = ORIENTED_EDGE ( 'NONE', *, *, #448, .T. ) ;
#1030 = PRESENTATION_STYLE_ASSIGNMENT (( #119 ) ) ;
#1031 = ADVANCED_FACE ( 'NONE', ( #7107 ), #1167, .T. ) ;
#1032 = ORIENTED_EDGE ( 'NONE', *, *, #1419, .F. ) ;
#1033 = VECTOR ( 'NONE', #2525, 1000.000000000000000 ) ;
#1034 = SURFACE_STYLE_USAGE ( .BOTH. , #3926 ) ;
#1035 = FACE_OUTER_BOUND ( 'NONE', #6705, .T. ) ;
#1036 = DIRECTION ( 'NONE',  ( 0.000000000000000000, 0.000000000000000000, 1.000000000000000000 ) ) ;
#1037 = LINE ( 'NONE', #196, #6077 ) ;
#1038 = DIRECTION ( 'NONE',  ( 1.000000000000000000, 0.000000000000000000, 0.000000000000000000 ) ) ;
#1039 = ORIENTED_EDGE ( 'NONE', *, *, #4584, .F. ) ;
#1040 = AXIS2_PLACEMENT_3D ( 'NONE', #5020, #5591, #1526 ) ;
#1041 = PRESENTATION_STYLE_ASSIGNMENT (( #3338 ) ) ;
#1042 = EDGE_CURVE ( 'NONE', #5317, #6368, #1885, .T. ) ;
#1043 = CIRCLE ( 'NONE', #2282, 0.07619999999999996221 ) ;
#1044 = AXIS2_PLACEMENT_3D ( 'NONE', #688, #4876, #6602 ) ;
#1045 = PRESENTATION_LAYER_ASSIGNMENT (  '', '', ( #1178 ) ) ;
#1046 = DIRECTION ( 'NONE',  ( 0.000000000000000000, 0.000000000000000000, -1.000000000000000000 ) ) ;
#1047 = COLOUR_RGB ( '',0.7529411764705882248, 0.7529411764705882248, 0.7529411764705882248 ) ;
#1048 = ORIENTED_EDGE ( 'NONE', *, *, #969, .T. ) ;
#1049 = UNCERTAINTY_MEASURE_WITH_UNIT (LENGTH_MEASURE( 1.000000000000000082E-05 ), #3020, 'distance_accuracy_value', 'NONE');
#1050 = ORIENTED_EDGE ( 'NONE', *, *, #2574, .F. ) ;
#1051 =( NAMED_UNIT ( * ) PLANE_ANGLE_UNIT ( ) SI_UNIT ( $, .RADIAN. ) );
#1052 = CARTESIAN_POINT ( 'NONE',  ( -2.119999999999998774, 2.708949121834177909, 1.250274496869775653 ) ) ;
#1053 = DIRECTION ( 'NONE',  ( 0.000000000000000000, 0.000000000000000000, -1.000000000000000000 ) ) ;
#1054 = AXIS2_PLACEMENT_3D ( 'NONE', #3940, #5141, #505 ) ;
#1055 = CARTESIAN_POINT ( 'NONE',  ( 1.690000000000001723, -2.550616955507047923, 0.9076459320246326179 ) ) ;
#1056 = DIRECTION ( 'NONE',  ( 1.000000000000000000, 8.850629979473504779E-17, 0.000000000000000000 ) ) ;
#1057 = PRESENTATION_LAYER_ASSIGNMENT (  '', '', ( #5045 ) ) ;
#1058 = STYLED_ITEM ( 'NONE', ( #3633 ), #257 ) ;
#1059 =( GEOMETRIC_REPRESENTATION_CONTEXT ( 3 ) GLOBAL_UNCERTAINTY_ASSIGNED_CONTEXT ( ( #4924 ) ) GLOBAL_UNIT_ASSIGNED_CONTEXT ( ( #6724, #6954, #114 ) ) REPRESENTATION_CONTEXT ( 'NONE', 'WORKASPACE' ) );
#1060 = LINE ( 'NONE', #4890, #3135 ) ;
#1061 = LINE ( 'NONE', #3524, #1329 ) ;
#1062 = CARTESIAN_POINT ( 'NONE',  ( 2.120000000000001439, 2.671944735649774749, 1.286701275200562655 ) ) ;
#1063 = ORIENTED_EDGE ( 'NONE', *, *, #1592, .T. ) ;
#1064 =( GEOMETRIC_REPRESENTATION_CONTEXT ( 3 ) GLOBAL_UNCERTAINTY_ASSIGNED_CONTEXT ( ( #4404 ) ) GLOBAL_UNIT_ASSIGNED_CONTEXT ( ( #6169, #2057, #387 ) ) REPRESENTATION_CONTEXT ( 'NONE', 'WORKASPACE' ) );
#1065 = ADVANCED_FACE ( 'NONE', ( #264 ), #5571, .F. ) ;
#1066 =( GEOMETRIC_REPRESENTATION_CONTEXT ( 3 ) GLOBAL_UNCERTAINTY_ASSIGNED_CONTEXT ( ( #6750 ) ) GLOBAL_UNIT_ASSIGNED_CONTEXT ( ( #334, #1999, #6611 ) ) REPRESENTATION_CONTEXT ( 'NONE', 'WORKASPACE' ) );
#1067 = SURFACE_STYLE_USAGE ( .BOTH. , #7421 ) ;
#1068 = FILL_AREA_STYLE_COLOUR ( '', #1591 ) ;
#1069 = ORIENTED_EDGE ( 'NONE', *, *, #6215, .T. ) ;
#1070 = DIRECTION ( 'NONE',  ( -0.9902680687415708061, 0.000000000000000000, -0.1391731009600623292 ) ) ;
#1071 = CARTESIAN_POINT ( 'NONE',  ( 2.449996426143393968, -1.874537999305284197, 0.8350254293110831449 ) ) ;
#1072 = FILL_AREA_STYLE ('',( #4009 ) ) ;
#1073 = ADVANCED_FACE ( 'NONE', ( #4616 ), #176, .T. ) ;
#1074 = ORIENTED_EDGE ( 'NONE', *, *, #2502, .F. ) ;
#1075 = AXIS2_PLACEMENT_3D ( 'NONE', #2032, #3216, #6126 ) ;
#1076 = ORIENTED_EDGE ( 'NONE', *, *, #6441, .F. ) ;
#1077 = FILL_AREA_STYLE ('',( #2780 ) ) ;
#1078 = VERTEX_POINT ( 'NONE', #2120 ) ;
#1079 = DIRECTION ( 'NONE',  ( 0.000000000000000000, 0.000000000000000000, 1.000000000000000000 ) ) ;
#1080 = SURFACE_STYLE_FILL_AREA ( #6249 ) ;
#1081 = ORIENTED_EDGE ( 'NONE', *, *, #2565, .F. ) ;
#1082 =( LENGTH_UNIT ( ) NAMED_UNIT ( * ) SI_UNIT ( .MILLI., .METRE. ) );
#1083 = EDGE_CURVE ( 'NONE', #82, #2690, #354, .T. ) ;
#1084 = LINE ( 'NONE', #6842, #5487 ) ;
#1085 = PRESENTATION_LAYER_ASSIGNMENT (  '', '', ( #3953 ) ) ;
#1086 = FACE_OUTER_BOUND ( 'NONE', #5813, .T. ) ;
#1087 = DIRECTION ( 'NONE',  ( 0.000000000000000000, 0.000000000000000000, -1.000000000000000000 ) ) ;
#1088 = UNCERTAINTY_MEASURE_WITH_UNIT (LENGTH_MEASURE( 1.000000000000000082E-05 ), #1440, 'distance_accuracy_value', 'NONE');
#1089 = COLOUR_RGB ( '',0.7529411764705882248, 0.7529411764705882248, 0.7529411764705882248 ) ;
#1090 = CARTESIAN_POINT ( 'NONE',  ( -1.449999999999999956, 0.7500000000000004441, 0.05000000000000000278 ) ) ;
#1091 = EDGE_LOOP ( 'NONE', ( #4157, #5691, #5116, #3603 ) ) ;
#1092 = DIRECTION ( 'NONE',  ( -0.9902680687415709171, 0.000000000000000000, 0.1391731009600616353 ) ) ;
#1093 = CARTESIAN_POINT ( 'NONE',  ( -0.8499999999999985345, -2.236792614887840092, 0.6150000000000157563 ) ) ;
#1094 = EDGE_CURVE ( 'NONE', #5911, #1417, #3443, .T. ) ;
#1095 = MECHANICAL_DESIGN_GEOMETRIC_PRESENTATION_REPRESENTATION (  '', ( #4718 ), #3921 ) ;
#1096 = CARTESIAN_POINT ( 'NONE',  ( 2.374537999305285751, -1.949996426143391304, 0.8350254293110863646 ) ) ;
#1097 = ORIENTED_EDGE ( 'NONE', *, *, #4139, .F. ) ;
#1098 =( NAMED_UNIT ( * ) PLANE_ANGLE_UNIT ( ) SI_UNIT ( $, .RADIAN. ) );
#1099 = CARTESIAN_POINT ( 'NONE',  ( -0.8499999999999985345, -2.708949121834177909, 1.250274496869775653 ) ) ;
#1100 = FACE_OUTER_BOUND ( 'NONE', #5616, .T. ) ;
#1101 = EDGE_LOOP ( 'NONE', ( #3235, #1121, #3467, #4373 ) ) ;
#1102 = FILL_AREA_STYLE ('',( #4499 ) ) ;
#1103 = MECHANICAL_DESIGN_GEOMETRIC_PRESENTATION_REPRESENTATION (  '', ( #6021 ), #6400 ) ;
#1104 = STYLED_ITEM ( 'NONE', ( #7382 ), #7477 ) ;
#1105 = DIRECTION ( 'NONE',  ( 0.000000000000000000, -0.9975640502598245307, -0.06975647374412130564 ) ) ;
#1106 = MECHANICAL_DESIGN_GEOMETRIC_PRESENTATION_REPRESENTATION (  '', ( #4961 ), #5722 ) ;
#1107 = AXIS2_PLACEMENT_3D ( 'NONE', #2839, #6341, #7471 ) ;
#1108 = ADVANCED_FACE ( 'NONE', ( #2881 ), #2146, .T. ) ;
#1109 = CARTESIAN_POINT ( 'NONE',  ( 0.4200000000000015388, -2.236792614887839648, 0.6150000000000157563 ) ) ;
#1110 = CIRCLE ( 'NONE', #4149, 0.3145906676743915886 ) ;
#1111 = EDGE_LOOP ( 'NONE', ( #285, #5295, #2763, #1163 ) ) ;
#1112 = COLOUR_RGB ( '',0.2509803921568627416, 0.2509803921568627416, 0.2509803921568627416 ) ;
#1113 = STYLED_ITEM ( 'NONE', ( #4866 ), #1367 ) ;
#1114 = CARTESIAN_POINT ( 'NONE',  ( 1.690000000000001723, -2.236792614887839648, 0.9295906676744072339 ) ) ;
#1115 = EDGE_LOOP ( 'NONE', ( #1339, #1856 ) ) ;
#1116 = EDGE_CURVE ( 'NONE', #1340, #5599, #4954, .T. ) ;
#1117 = SURFACE_STYLE_FILL_AREA ( #1779 ) ;
#1118 = FILL_AREA_STYLE_COLOUR ( '', #7336 ) ;
#1119 = DIRECTION ( 'NONE',  ( -1.000000000000000000, -8.850629979473502314E-17, -0.000000000000000000 ) ) ;
#1120 = CARTESIAN_POINT ( 'NONE',  ( -2.119999999999998774, -2.649999999999999911, 1.600525615819771152 ) ) ;
#1121 = ORIENTED_EDGE ( 'NONE', *, *, #4151, .F. ) ;
#1122 = PRESENTATION_STYLE_ASSIGNMENT (( #2890 ) ) ;
#1123 = ORIENTED_EDGE ( 'NONE', *, *, #2000, .F. ) ;
#1124 = EDGE_CURVE ( 'NONE', #7123, #5029, #6388, .T. ) ;
#1125 = MECHANICAL_DESIGN_GEOMETRIC_PRESENTATION_REPRESENTATION (  '', ( #300 ), #7152 ) ;
#1126 = FILL_AREA_STYLE_COLOUR ( '', #5957 ) ;
#1127 = UNCERTAINTY_MEASURE_WITH_UNIT (LENGTH_MEASURE( 1.000000000000000082E-05 ), #5793, 'distance_accuracy_value', 'NONE');
#1128 = ORIENTED_EDGE ( 'NONE', *, *, #4884, .T. ) ;
#1129 = VECTOR ( 'NONE', #1147, 1000.000000000000000 ) ;
#1130 = DIRECTION ( 'NONE',  ( -0.000000000000000000, 0.000000000000000000, 1.000000000000000000 ) ) ;
#1131 = LINE ( 'NONE', #7001, #1495 ) ;
#1132 =( LENGTH_UNIT ( ) NAMED_UNIT ( * ) SI_UNIT ( .MILLI., .METRE. ) );
#1133 = MECHANICAL_DESIGN_GEOMETRIC_PRESENTATION_REPRESENTATION (  '', ( #6913 ), #2524 ) ;
#1134 = AXIS2_PLACEMENT_3D ( 'NONE', #2323, #22, #2274 ) ;
#1135 = UNCERTAINTY_MEASURE_WITH_UNIT (LENGTH_MEASURE( 1.000000000000000082E-05 ), #1595, 'distance_accuracy_value', 'NONE');
#1136 = EDGE_CURVE ( 'NONE', #4038, #4618, #3437, .T. ) ;
#1137 = MECHANICAL_DESIGN_GEOMETRIC_PRESENTATION_REPRESENTATION (  '', ( #1282 ), #1521 ) ;
#1138 = DIRECTION ( 'NONE',  ( 0.000000000000000000, 0.000000000000000000, 1.000000000000000000 ) ) ;
#1139 = ORIENTED_EDGE ( 'NONE', *, *, #6450, .F. ) ;
#1140 = STYLED_ITEM ( 'NONE', ( #2909 ), #2800 ) ;
#1141 = DIRECTION ( 'NONE',  ( 0.000000000000000000, 0.000000000000000000, 1.000000000000000000 ) ) ;
#1142 = SURFACE_STYLE_FILL_AREA ( #3634 ) ;
#1143 = ADVANCED_FACE ( 'NONE', ( #527 ), #4694, .T. ) ;
#1144 = DIRECTION ( 'NONE',  ( 0.000000000000000000, 0.000000000000000000, -1.000000000000000000 ) ) ;
#1145 = CARTESIAN_POINT ( 'NONE',  ( -1.949999999999999956, 0.7500000000000004441, 0.05000000000000000278 ) ) ;
#1146 = LINE ( 'NONE', #7169, #779 ) ;
#1147 = DIRECTION ( 'NONE',  ( 1.000000000000000000, 0.000000000000000000, 0.000000000000000000 ) ) ;
#1148 = DIRECTION ( 'NONE',  ( -1.000000000000000000, 0.000000000000000000, 0.000000000000000000 ) ) ;
#1149 = SURFACE_STYLE_USAGE ( .BOTH. , #2261 ) ;
#1150 = STYLED_ITEM ( 'NONE', ( #4692 ), #4844 ) ;
#1151 = COLOUR_RGB ( '',0.7529411764705882248, 0.7529411764705882248, 0.7529411764705882248 ) ;
#1152 = DIRECTION ( 'NONE',  ( 0.000000000000000000, 0.000000000000000000, -1.000000000000000000 ) ) ;
#1153 = EDGE_LOOP ( 'NONE', ( #482, #7129, #4152, #225 ) ) ;
#1154 = CARTESIAN_POINT ( 'NONE',  ( 2.450000000000001510, 1.873800000000000354, 1.449999999999999956 ) ) ;
#1155 = ORIENTED_EDGE ( 'NONE', *, *, #5366, .F. ) ;
#1156 = EDGE_LOOP ( 'NONE', ( #335, #2937, #3102, #2687, #6692, #6648, #2155, #1264, #6671, #2532, #1246, #7440 ) ) ;
#1157 = PRESENTATION_STYLE_ASSIGNMENT (( #299 ) ) ;
#1158 = SURFACE_STYLE_USAGE ( .BOTH. , #5521 ) ;
#1159 = DIRECTION ( 'NONE',  ( 1.000000000000000000, 0.000000000000000000, 0.000000000000000000 ) ) ;
#1160 = CARTESIAN_POINT ( 'NONE',  ( -0.8499999999999985345, 2.333719387524285871, 0.9596953461754694770 ) ) ;
#1161 = VECTOR ( 'NONE', #6427, 1000.000000000000000 ) ;
#1162 = CARTESIAN_POINT ( 'NONE',  ( 0.4200000000000015388, -2.999999999999999556, 1.625000000000000000 ) ) ;
#1163 = ORIENTED_EDGE ( 'NONE', *, *, #356, .T. ) ;
#1164 = DIRECTION ( 'NONE',  ( 1.000000000000000000, 0.000000000000000000, 0.000000000000000000 ) ) ;
#1165 = ADVANCED_FACE ( 'NONE', ( #348 ), #5145, .F. ) ;
#1166 = EDGE_CURVE ( 'NONE', #5906, #5652, #5483, .T. ) ;
#1167 = CYLINDRICAL_SURFACE ( 'NONE', #3277, 0.3145906676743915886 ) ;
#1168 = ORIENTED_EDGE ( 'NONE', *, *, #5076, .F. ) ;
#1169 = PLANE ( 'NONE',  #403 ) ;
#1170 = SURFACE_STYLE_USAGE ( .BOTH. , #4074 ) ;
#1171 = ADVANCED_FACE ( 'NONE', ( #1880 ), #2933, .F. ) ;
#1172 = UNCERTAINTY_MEASURE_WITH_UNIT (LENGTH_MEASURE( 1.000000000000000082E-05 ), #7369, 'distance_accuracy_value', 'NONE');
#1173 = UNCERTAINTY_MEASURE_WITH_UNIT (LENGTH_MEASURE( 1.000000000000000082E-05 ), #775, 'distance_accuracy_value', 'NONE');
#1174 = SURFACE_SIDE_STYLE ('',( #1748 ) ) ;
#1175 = VECTOR ( 'NONE', #5404, 1000.000000000000000 ) ;
#1176 = EDGE_CURVE ( 'NONE', #82, #5362, #1256, .T. ) ;
#1177 = EDGE_LOOP ( 'NONE', ( #5982, #5773 ) ) ;
#1178 = STYLED_ITEM ( 'NONE', ( #7140 ), #2683 ) ;
#1179 = COLOUR_RGB ( '',0.2509803921568627416, 0.2509803921568627416, 0.2509803921568627416 ) ;
#1180 =( NAMED_UNIT ( * ) SI_UNIT ( $, .STERADIAN. ) SOLID_ANGLE_UNIT ( ) );
#1181 = SURFACE_STYLE_FILL_AREA ( #4148 ) ;
#1182 =( NAMED_UNIT ( * ) PLANE_ANGLE_UNIT ( ) SI_UNIT ( $, .RADIAN. ) );
#1183 = ORIENTED_EDGE ( 'NONE', *, *, #5517, .T. ) ;
#1184 = MECHANICAL_DESIGN_GEOMETRIC_PRESENTATION_REPRESENTATION (  '', ( #7403 ), #1562 ) ;
#1185 = LINE ( 'NONE', #3972, #1904 ) ;
#1186 = EDGE_CURVE ( 'NONE', #5114, #6240, #4339, .T. ) ;
#1187 = SURFACE_STYLE_USAGE ( .BOTH. , #2259 ) ;
#1188 = PRESENTATION_LAYER_ASSIGNMENT (  '', '', ( #6489 ) ) ;
#1189 = CARTESIAN_POINT ( 'NONE',  ( -2.373800000000000132, 1.873799999999999910, 1.449999999999999956 ) ) ;
#1190 = PRESENTATION_STYLE_ASSIGNMENT (( #4255 ) ) ;
#1191 = SPHERICAL_SURFACE ( 'NONE', #2934, 0.07619999999999998996 ) ;
#1192 =( LENGTH_UNIT ( ) NAMED_UNIT ( * ) SI_UNIT ( .MILLI., .METRE. ) );
#1193 = EDGE_LOOP ( 'NONE', ( #6263, #3439, #515, #7162 ) ) ;
#1194 = DIRECTION ( 'NONE',  ( -0.9902680687415708061, -2.202360597892586438E-16, -0.1391731009600623292 ) ) ;
#1195 = CARTESIAN_POINT ( 'NONE',  ( -2.119999999999998774, -2.699598551369565502, 1.383993884394061347 ) ) ;
#1196 = ORIENTED_EDGE ( 'NONE', *, *, #6176, .F. ) ;
#1197 = VECTOR ( 'NONE', #7199, 1000.000000000000000 ) ;
#1198 = CARTESIAN_POINT ( 'NONE',  ( -2.449570726820017530, 1.918490299558756274, 0.6119455626125456238 ) ) ;
#1199 = CARTESIAN_POINT ( 'NONE',  ( -1.949999999999999956, 0.7500000000000004441, 0.000000000000000000 ) ) ;
#1200 = AXIS2_PLACEMENT_3D ( 'NONE', #5654, #6805, #1087 ) ;
#1201 = LINE ( 'NONE', #1810, #1830 ) ;
#1202 =( NAMED_UNIT ( * ) PLANE_ANGLE_UNIT ( ) SI_UNIT ( $, .RADIAN. ) );
#1203 = VECTOR ( 'NONE', #4180, 1000.000000000000000 ) ;
#1204 = PRESENTATION_LAYER_ASSIGNMENT (  '', '', ( #4830 ) ) ;
#1205 = ORIENTED_EDGE ( 'NONE', *, *, #6791, .F. ) ;
#1206 = CARTESIAN_POINT ( 'NONE',  ( -0.4199999999999984857, -2.236792614887840092, 0.9295906676744072339 ) ) ;
#1207 = DIRECTION ( 'NONE',  ( 0.000000000000000000, 0.000000000000000000, -1.000000000000000000 ) ) ;
#1208 = ADVANCED_FACE ( 'NONE', ( #5570 ), #6740, .T. ) ;
#1209 = VECTOR ( 'NONE', #963, 1000.000000000000000 ) ;
#1210 = DIRECTION ( 'NONE',  ( 0.000000000000000000, 0.000000000000000000, -1.000000000000000000 ) ) ;
#1211 = ORIENTED_EDGE ( 'NONE', *, *, #2413, .F. ) ;
#1212 = EDGE_LOOP ( 'NONE', ( #3846, #1568, #2491, #4355 ) ) ;
#1213 = DIRECTION ( 'NONE',  ( 1.000000000000000000, 0.000000000000000000, 0.000000000000000000 ) ) ;
#1214 = CARTESIAN_POINT ( 'NONE',  ( -2.449999999999999734, 1.874046004575876445, 0.8349999999999825340 ) ) ;
#1215 =( LENGTH_UNIT ( ) NAMED_UNIT ( * ) SI_UNIT ( .MILLI., .METRE. ) );
#1216 = FACE_OUTER_BOUND ( 'NONE', #1816, .T. ) ;
#1217 = VERTEX_POINT ( 'NONE', #1195 ) ;
#1218 = COLOUR_RGB ( '',0.7529411764705882248, 0.7529411764705882248, 0.7529411764705882248 ) ;
#1219 = DIRECTION ( 'NONE',  ( -1.000000000000000000, 0.000000000000000000, -0.000000000000000000 ) ) ;
#1220 = LINE ( 'NONE', #7180, #7422 ) ;
#1221 = SURFACE_SIDE_STYLE ('',( #2877 ) ) ;
#1222 = COLOUR_RGB ( '',0.7529411764705882248, 0.7529411764705882248, 0.7529411764705882248 ) ;
#1223 = CARTESIAN_POINT ( 'NONE',  ( -2.363567386658028457, -5.256584400883119243E-16, 1.449999999999999956 ) ) ;
#1224 = DIRECTION ( 'NONE',  ( 0.000000000000000000, -1.000000000000000000, 0.000000000000000000 ) ) ;
#1225 = CARTESIAN_POINT ( 'NONE',  ( -2.372786164074539794, 1.531193605351035547, 0.06559500970684332966 ) ) ;
#1226 = UNCERTAINTY_MEASURE_WITH_UNIT (LENGTH_MEASURE( 1.000000000000000082E-05 ), #5709, 'distance_accuracy_value', 'NONE');
#1227 = VECTOR ( 'NONE', #502, 1000.000000000000227 ) ;
#1228 = EDGE_LOOP ( 'NONE', ( #5997, #1596, #2439, #6116 ) ) ;
#1229 =( NAMED_UNIT ( * ) PLANE_ANGLE_UNIT ( ) SI_UNIT ( $, .RADIAN. ) );
#1230 = CARTESIAN_POINT ( 'NONE',  ( 0.8500000000000015321, 1.949999999999999734, 0.8349999999999841993 ) ) ;
#1231 = EDGE_CURVE ( 'NONE', #5218, #2268, #798, .T. ) ;
#1232 = MECHANICAL_DESIGN_GEOMETRIC_PRESENTATION_REPRESENTATION (  '', ( #3073 ), #3551 ) ;
#1233 = DIRECTION ( 'NONE',  ( -0.000000000000000000, 0.06975647374412606572, 0.9975640502598241977 ) ) ;
#1234 =( NAMED_UNIT ( * ) PLANE_ANGLE_UNIT ( ) SI_UNIT ( $, .RADIAN. ) );
#1235 = CARTESIAN_POINT ( 'NONE',  ( 0.4200000000000015388, 2.333719387524285427, 0.9596953461754694770 ) ) ;
#1236 = SURFACE_SIDE_STYLE ('',( #756 ) ) ;
#1237 = CARTESIAN_POINT ( 'NONE',  ( -1.689999999999998392, 2.200000000000000178, 0.9690459166400811064 ) ) ;
#1238 = AXIS2_PLACEMENT_3D ( 'NONE', #1024, #2634, #7414 ) ;
#1239 = EDGE_CURVE ( 'NONE', #7227, #2834, #2315, .T. ) ;
#1240 = MECHANICAL_DESIGN_GEOMETRIC_PRESENTATION_REPRESENTATION (  '', ( #3425 ), #213 ) ;
#1241 = STYLED_ITEM ( 'NONE', ( #3835 ), #3226 ) ;
#1242 = CARTESIAN_POINT ( 'NONE',  ( -0.4199999999999984857, 2.550616955507048367, 0.9076459320246326179 ) ) ;
#1243 = VERTEX_POINT ( 'NONE', #4092 ) ;
#1244 = SURFACE_STYLE_USAGE ( .BOTH. , #654 ) ;
#1245 = SURFACE_STYLE_USAGE ( .BOTH. , #734 ) ;
#1246 = ORIENTED_EDGE ( 'NONE', *, *, #5908, .T. ) ;
#1247 =( NAMED_UNIT ( * ) SI_UNIT ( $, .STERADIAN. ) SOLID_ANGLE_UNIT ( ) );
#1248 = SURFACE_SIDE_STYLE ('',( #6091 ) ) ;
#1249 = PRESENTATION_LAYER_ASSIGNMENT (  '', '', ( #3687 ) ) ;
#1250 = CARTESIAN_POINT ( 'NONE',  ( -0.8499999999999985345, -1.949999999999999734, 0.6150000000000157563 ) ) ;
#1251 = AXIS2_PLACEMENT_3D ( 'NONE', #7040, #1945, #3841 ) ;
#1252 = LINE ( 'NONE', #572, #3418 ) ;
#1253 = SURFACE_STYLE_USAGE ( .BOTH. , #4706 ) ;
#1254 = VERTEX_POINT ( 'NONE', #6899 ) ;
#1255 = FILL_AREA_STYLE ('',( #4687 ) ) ;
#1256 = LINE ( 'NONE', #7462, #7468 ) ;
#1257 = SURFACE_SIDE_STYLE ('',( #1117 ) ) ;
#1258 = DIRECTION ( 'NONE',  ( -8.850629979473497383E-17, 1.000000000000000000, 0.000000000000000000 ) ) ;
#1259 = SURFACE_STYLE_FILL_AREA ( #4824 ) ;
#1260 = SURFACE_SIDE_STYLE ('',( #6504 ) ) ;
#1261 = SURFACE_STYLE_FILL_AREA ( #2546 ) ;
#1262 =( NAMED_UNIT ( * ) SI_UNIT ( $, .STERADIAN. ) SOLID_ANGLE_UNIT ( ) );
#1263 = SURFACE_SIDE_STYLE ('',( #1415 ) ) ;
#1264 = ORIENTED_EDGE ( 'NONE', *, *, #692, .T. ) ;
#1265 = CARTESIAN_POINT ( 'NONE',  ( -2.119999999999998774, 1.949999999999999956, 0.6150000000000157563 ) ) ;
#1266 = PRESENTATION_STYLE_ASSIGNMENT (( #2174 ) ) ;
#1267 = CARTESIAN_POINT ( 'NONE',  ( -1.689999999999998392, 2.200000000000000178, 0.8349999999999841993 ) ) ;
#1268 = SURFACE_STYLE_USAGE ( .BOTH. , #1221 ) ;
#1269 = FILL_AREA_STYLE ('',( #4723 ) ) ;
#1270 = ORIENTED_EDGE ( 'NONE', *, *, #7427, .F. ) ;
#1271 = EDGE_CURVE ( 'NONE', #6785, #6745, #7377, .T. ) ;
#1272 =( NAMED_UNIT ( * ) SI_UNIT ( $, .STERADIAN. ) SOLID_ANGLE_UNIT ( ) );
#1273 = CARTESIAN_POINT ( 'NONE',  ( -0.8499999999999985345, 2.200000000000000178, 0.8349999999999843103 ) ) ;
#1274 = UNCERTAINTY_MEASURE_WITH_UNIT (LENGTH_MEASURE( 1.000000000000000082E-05 ), #4429, 'distance_accuracy_value', 'NONE');
#1275 = CIRCLE ( 'NONE', #3961, 0.1340459166400967961 ) ;
#1276 = CARTESIAN_POINT ( 'NONE',  ( 1.690000000000001723, 1.949999999999999512, 0.8349999999999841993 ) ) ;
#1277 = COLOUR_RGB ( '',0.7529411764705882248, 0.7529411764705882248, 0.7529411764705882248 ) ;
#1278 =( NAMED_UNIT ( * ) PLANE_ANGLE_UNIT ( ) SI_UNIT ( $, .RADIAN. ) );
#1279 = CLOSED_SHELL ( 'NONE', ( #370, #5729, #5103, #4446, #2104, #6349, #3383, #5761, #412, #3226, #6306, #1572, #3112, #2064, #1471, #5402, #6941, #1143, #2141, #4562, #4487, #221, #447, #1073, #1208, #3731, #3884, #3185, #3148, #6783, #6047, #4951, #6271, #490, #6198, #945, #3916, #2258, #2719, #4882, #2221, #5622, #3842, #1401, #7321, #632, #1963, #4632, #3693, #4517, #292, #2765, #1581 ) ) ;
#1280 = CARTESIAN_POINT ( 'NONE',  ( -0.4199999999999984857, 2.575229734309892216, 1.259625067334387394 ) ) ;
#1281 = EDGE_CURVE ( 'NONE', #6727, #3323, #6384, .T. ) ;
#1282 = STYLED_ITEM ( 'NONE', ( #3029 ), #3520 ) ;
#1283 = VERTEX_POINT ( 'NONE', #1273 ) ;
#1284 =( LENGTH_UNIT ( ) NAMED_UNIT ( * ) SI_UNIT ( .MILLI., .METRE. ) );
#1285 = PRESENTATION_STYLE_ASSIGNMENT (( #936 ) ) ;
#1286 = COLOUR_RGB ( '',0.2509803921568627416, 0.2509803921568627416, 0.2509803921568627416 ) ;
#1287 = PRESENTATION_STYLE_ASSIGNMENT (( #5715 ) ) ;
#1288 = EDGE_LOOP ( 'NONE', ( #980, #2723, #3669, #6876 ) ) ;
#1289 = DIRECTION ( 'NONE',  ( 1.000000000000000000, 0.000000000000000000, 0.000000000000000000 ) ) ;
#1290 =( GEOMETRIC_REPRESENTATION_CONTEXT ( 3 ) GLOBAL_UNCERTAINTY_ASSIGNED_CONTEXT ( ( #4207 ) ) GLOBAL_UNIT_ASSIGNED_CONTEXT ( ( #5369, #921, #4195 ) ) REPRESENTATION_CONTEXT ( 'NONE', 'WORKASPACE' ) );
#1291 = VECTOR ( 'NONE', #2782, 1000.000000000000000 ) ;
#1292 =( GEOMETRIC_REPRESENTATION_CONTEXT ( 3 ) GLOBAL_UNCERTAINTY_ASSIGNED_CONTEXT ( ( #6530 ) ) GLOBAL_UNIT_ASSIGNED_CONTEXT ( ( #5953, #746, #4293 ) ) REPRESENTATION_CONTEXT ( 'NONE', 'WORKASPACE' ) );
#1293 = CARTESIAN_POINT ( 'NONE',  ( 0.4200000000000015388, -2.999999999999999556, 1.625000000000000000 ) ) ;
#1294 = MECHANICAL_DESIGN_GEOMETRIC_PRESENTATION_REPRESENTATION (  '', ( #5243 ), #1391 ) ;
#1295 = LINE ( 'NONE', #5126, #2818 ) ;
#1296 = DIRECTION ( 'NONE',  ( 1.000000000000000000, 0.000000000000000000, 0.000000000000000000 ) ) ;
#1297 = LINE ( 'NONE', #4734, #4986 ) ;
#1298 = EDGE_LOOP ( 'NONE', ( #5256, #6760, #5350, #5824 ) ) ;
#1299 = DIRECTION ( 'NONE',  ( 0.000000000000000000, -0.06975647374412130564, -0.9975640502598245307 ) ) ;
#1300 =( LENGTH_UNIT ( ) NAMED_UNIT ( * ) SI_UNIT ( .MILLI., .METRE. ) );
#1301 = FILL_AREA_STYLE ('',( #5952 ) ) ;
#1302 = AXIS2_PLACEMENT_3D ( 'NONE', #2760, #6773, #7309 ) ;
#1303 =( GEOMETRIC_REPRESENTATION_CONTEXT ( 3 ) GLOBAL_UNCERTAINTY_ASSIGNED_CONTEXT ( ( #24 ) ) GLOBAL_UNIT_ASSIGNED_CONTEXT ( ( #2500, #3756, #3203 ) ) REPRESENTATION_CONTEXT ( 'NONE', 'WORKASPACE' ) );
#1304 = FILL_AREA_STYLE_COLOUR ( '', #7237 ) ;
#1305 = SURFACE_STYLE_FILL_AREA ( #1530 ) ;
#1306 =( NAMED_UNIT ( * ) PLANE_ANGLE_UNIT ( ) SI_UNIT ( $, .RADIAN. ) );
#1307 = FACE_OUTER_BOUND ( 'NONE', #4645, .T. ) ;
#1308 = ORIENTED_EDGE ( 'NONE', *, *, #1419, .T. ) ;
#1309 = VECTOR ( 'NONE', #3789, 1000.000000000000000 ) ;
#1310 = SURFACE_SIDE_STYLE ('',( #2083 ) ) ;
#1311 = SURFACE_STYLE_FILL_AREA ( #7027 ) ;
#1312 = CARTESIAN_POINT ( 'NONE',  ( 2.120000000000001439, -2.199999999999999734, 0.9690459166400811064 ) ) ;
#1313 = EDGE_LOOP ( 'NONE', ( #1753, #3061, #2070, #4941 ) ) ;
#1314 =( GEOMETRIC_REPRESENTATION_CONTEXT ( 3 ) GLOBAL_UNCERTAINTY_ASSIGNED_CONTEXT ( ( #4209 ) ) GLOBAL_UNIT_ASSIGNED_CONTEXT ( ( #2084, #6647, #1535 ) ) REPRESENTATION_CONTEXT ( 'NONE', 'WORKASPACE' ) );
#1315 = SURFACE_STYLE_USAGE ( .BOTH. , #219 ) ;
#1316 = SURFACE_STYLE_FILL_AREA ( #6492 ) ;
#1317 = DIRECTION ( 'NONE',  ( 0.000000000000000000, -0.9975640502598244197, 0.06975647374412252688 ) ) ;
#1318 = UNCERTAINTY_MEASURE_WITH_UNIT (LENGTH_MEASURE( 1.000000000000000082E-05 ), #1384, 'distance_accuracy_value', 'NONE');
#1319 = UNCERTAINTY_MEASURE_WITH_UNIT (LENGTH_MEASURE( 1.000000000000000082E-05 ), #1938, 'distance_accuracy_value', 'NONE');
#1320 = ORIENTED_EDGE ( 'NONE', *, *, #3952, .T. ) ;
#1321 = CARTESIAN_POINT ( 'NONE',  ( -2.119999999999998774, 2.200000000000000178, 0.9690459166400811064 ) ) ;
#1322 = FILL_AREA_STYLE_COLOUR ( '', #395 ) ;
#1323 =( LENGTH_UNIT ( ) NAMED_UNIT ( * ) SI_UNIT ( .MILLI., .METRE. ) );
#1324 = EDGE_CURVE ( 'NONE', #3392, #6561, #5653, .T. ) ;
#1325 = LINE ( 'NONE', #5933, #5725 ) ;
#1326 = AXIS2_PLACEMENT_3D ( 'NONE', #6210, #2766, #3949 ) ;
#1327 = SURFACE_STYLE_USAGE ( .BOTH. , #6004 ) ;
#1328 = DIRECTION ( 'NONE',  ( 1.000000000000000000, -0.000000000000000000, -0.000000000000000000 ) ) ;
#1329 = VECTOR ( 'NONE', #6901, 1000.000000000000000 ) ;
#1330 = FILL_AREA_STYLE_COLOUR ( '', #3725 ) ;
#1331 = ORIENTED_EDGE ( 'NONE', *, *, #5899, .T. ) ;
#1332 = FILL_AREA_STYLE_COLOUR ( '', #1286 ) ;
#1333 = ORIENTED_EDGE ( 'NONE', *, *, #4608, .F. ) ;
#1334 = EDGE_CURVE ( 'NONE', #1628, #4859, #3246, .T. ) ;
#1335 = AXIS2_PLACEMENT_3D ( 'NONE', #3352, #1105, #4026 ) ;
#1336 = DIRECTION ( 'NONE',  ( 0.000000000000000000, -1.000000000000000000, 0.000000000000000000 ) ) ;
#1337 = ORIENTED_EDGE ( 'NONE', *, *, #644, .F. ) ;
#1338 = DIRECTION ( 'NONE',  ( 0.09889026361067741744, 0.7036407875340303653, 0.7036407875340231488 ) ) ;
#1339 = ORIENTED_EDGE ( 'NONE', *, *, #3855, .T. ) ;
#1340 = VERTEX_POINT ( 'NONE', #4193 ) ;
#1341 = DIRECTION ( 'NONE',  ( 1.000000000000000000, 0.000000000000000000, 0.000000000000000000 ) ) ;
#1342 =( NAMED_UNIT ( * ) SI_UNIT ( $, .STERADIAN. ) SOLID_ANGLE_UNIT ( ) );
#1343 = DIRECTION ( 'NONE',  ( 0.000000000000000000, 1.000000000000000000, 0.000000000000000000 ) ) ;
#1344 = ORIENTED_EDGE ( 'NONE', *, *, #6098, .F. ) ;
#1345 = MECHANICAL_DESIGN_GEOMETRIC_PRESENTATION_REPRESENTATION (  '', ( #6774 ), #4456 ) ;
#1346 =( GEOMETRIC_REPRESENTATION_CONTEXT ( 3 ) GLOBAL_UNCERTAINTY_ASSIGNED_CONTEXT ( ( #5731 ) ) GLOBAL_UNIT_ASSIGNED_CONTEXT ( ( #362, #4430, #4976 ) ) REPRESENTATION_CONTEXT ( 'NONE', 'WORKASPACE' ) );
#1347 = MECHANICAL_DESIGN_GEOMETRIC_PRESENTATION_REPRESENTATION (  '', ( #1870 ), #3929 ) ;
#1348 = EDGE_LOOP ( 'NONE', ( #1873, #554, #2501, #6129 ) ) ;
#1349 =( NAMED_UNIT ( * ) SI_UNIT ( $, .STERADIAN. ) SOLID_ANGLE_UNIT ( ) );
#1350 = DIRECTION ( 'NONE',  ( -1.000000000000000000, -1.029790633090602509E-16, -1.029790633090591786E-16 ) ) ;
#1351 = DIRECTION ( 'NONE',  ( 0.1378445374916228150, 0.1378445374916253130, 0.9808148484639904741 ) ) ;
#1352 = CARTESIAN_POINT ( 'NONE',  ( 2.120000000000001439, 1.949999999999999512, 0.6150000000000157563 ) ) ;
#1353 = ORIENTED_EDGE ( 'NONE', *, *, #5596, .F. ) ;
#1354 = LINE ( 'NONE', #5638, #6936 ) ;
#1355 = CARTESIAN_POINT ( 'NONE',  ( 0.4200000000000015388, -2.199999999999999734, 0.8349999999999843103 ) ) ;
#1356 = CARTESIAN_POINT ( 'NONE',  ( 2.374537999305286196, 1.949996426143392414, 0.8350254293110845882 ) ) ;
#1357 = EDGE_CURVE ( 'NONE', #610, #21, #1408, .T. ) ;
#1358 = SURFACE_STYLE_FILL_AREA ( #3615 ) ;
#1359 = FACE_OUTER_BOUND ( 'NONE', #1177, .T. ) ;
#1360 = CARTESIAN_POINT ( 'NONE',  ( 2.244632334872440182, -1.820090761710545957, 1.759352260782781396 ) ) ;
#1361 = ORIENTED_EDGE ( 'NONE', *, *, #3034, .T. ) ;
#1362 = SURFACE_STYLE_FILL_AREA ( #186 ) ;
#1363 = ADVANCED_FACE ( 'NONE', ( #1431 ), #2390, .F. ) ;
#1364 = SURFACE_SIDE_STYLE ('',( #2824 ) ) ;
#1365 =( BOUNDED_CURVE ( )  B_SPLINE_CURVE ( 3, ( #1561, #5587, #6321, #1096 ),
 .UNSPECIFIED., .F., .T. ) 
 B_SPLINE_CURVE_WITH_KNOTS ( ( 4, 4 ),
 ( 0.000000000000000000, 0.009685181668459561313 ),
 .UNSPECIFIED. ) 
 CURVE ( )  GEOMETRIC_REPRESENTATION_ITEM ( )  RATIONAL_B_SPLINE_CURVE ( ( 1.000000000000000000, 0.9999921831199466427, 0.9999921831199466427, 1.000000000000000000 ) ) 
 REPRESENTATION_ITEM ( '' )  );
#1366 = CARTESIAN_POINT ( 'NONE',  ( 1.690000000000001723, 1.949999999999999512, 0.6150000000000157563 ) ) ;
#1367 = MANIFOLD_SOLID_BREP ( 'LPattern1[3]', #3433 ) ;
#1368 = VECTOR ( 'NONE', #3081, 1000.000000000000000 ) ;
#1369 = FILL_AREA_STYLE ('',( #3710 ) ) ;
#1370 = EDGE_CURVE ( 'NONE', #3150, #5303, #6921, .T. ) ;
#1371 = DIRECTION ( 'NONE',  ( -1.000000000000000000, -0.000000000000000000, -0.000000000000000000 ) ) ;
#1372 = VERTEX_POINT ( 'NONE', #1891 ) ;
#1373 = PRESENTATION_LAYER_ASSIGNMENT (  '', '', ( #3101 ) ) ;
#1374 =( NAMED_UNIT ( * ) SI_UNIT ( $, .STERADIAN. ) SOLID_ANGLE_UNIT ( ) );
#1375 = SURFACE_STYLE_FILL_AREA ( #2795 ) ;
#1376 = ORIENTED_EDGE ( 'NONE', *, *, #953, .T. ) ;
#1377 = DIRECTION ( 'NONE',  ( 0.000000000000000000, 0.000000000000000000, -1.000000000000000000 ) ) ;
#1378 = VERTEX_POINT ( 'NONE', #3547 ) ;
#1379 =( NAMED_UNIT ( * ) PLANE_ANGLE_UNIT ( ) SI_UNIT ( $, .RADIAN. ) );
#1380 = STYLED_ITEM ( 'NONE', ( #118 ), #6783 ) ;
#1381 = EDGE_CURVE ( 'NONE', #1952, #3444, #2133, .T. ) ;
#1382 = PRESENTATION_LAYER_ASSIGNMENT (  '', '', ( #3611 ) ) ;
#1383 = LINE ( 'NONE', #2838, #2730 ) ;
#1384 =( LENGTH_UNIT ( ) NAMED_UNIT ( * ) SI_UNIT ( .MILLI., .METRE. ) );
#1385 = VERTEX_POINT ( 'NONE', #1225 ) ;
#1386 = SURFACE_STYLE_FILL_AREA ( #5217 ) ;
#1387 = ORIENTED_EDGE ( 'NONE', *, *, #1991, .T. ) ;
#1388 =( GEOMETRIC_REPRESENTATION_CONTEXT ( 3 ) GLOBAL_UNCERTAINTY_ASSIGNED_CONTEXT ( ( #65 ) ) GLOBAL_UNIT_ASSIGNED_CONTEXT ( ( #1822, #7051, #5235 ) ) REPRESENTATION_CONTEXT ( 'NONE', 'WORKASPACE' ) );
#1389 = VECTOR ( 'NONE', #4124, 1000.000000000000000 ) ;
#1390 = CARTESIAN_POINT ( 'NONE',  ( -0.8499999999999985345, 2.649999999999999911, 1.600525615819771152 ) ) ;
#1391 =( GEOMETRIC_REPRESENTATION_CONTEXT ( 3 ) GLOBAL_UNCERTAINTY_ASSIGNED_CONTEXT ( ( #5003 ) ) GLOBAL_UNIT_ASSIGNED_CONTEXT ( ( #5371, #720, #6506 ) ) REPRESENTATION_CONTEXT ( 'NONE', 'WORKASPACE' ) );
#1392 = PRESENTATION_STYLE_ASSIGNMENT (( #2685 ) ) ;
#1393 = COLOUR_RGB ( '',0.2509803921568627416, 0.2509803921568627416, 0.2509803921568627416 ) ;
#1394 =( NAMED_UNIT ( * ) SI_UNIT ( $, .STERADIAN. ) SOLID_ANGLE_UNIT ( ) );
#1395 = CARTESIAN_POINT ( 'NONE',  ( 1.690000000000001723, -2.649999999999999467, 1.600525615819771152 ) ) ;
#1396 = VERTEX_POINT ( 'NONE', #3015 ) ;
#1397 = PRESENTATION_STYLE_ASSIGNMENT (( #289 ) ) ;
#1398 = LINE ( 'NONE', #7426, #5796 ) ;
#1399 = ORIENTED_EDGE ( 'NONE', *, *, #4894, .T. ) ;
#1400 = PRESENTATION_LAYER_ASSIGNMENT (  '', '', ( #2398 ) ) ;
#1401 = ADVANCED_FACE ( 'NONE', ( #5922 ), #5563, .T. ) ;
#1402 = CARTESIAN_POINT ( 'NONE',  ( -0.8499999999999985345, -2.358120395030566918, 1.308646010850337271 ) ) ;
#1403 = EDGE_CURVE ( 'NONE', #1844, #1522, #706, .T. ) ;
#1404 = SURFACE_SIDE_STYLE ('',( #3561 ) ) ;
#1405 = FILL_AREA_STYLE ('',( #1924 ) ) ;
#1406 = EDGE_LOOP ( 'NONE', ( #4422, #3617, #4573, #2843 ) ) ;
#1407 = SURFACE_SIDE_STYLE ('',( #4197 ) ) ;
#1408 =( BOUNDED_CURVE ( )  B_SPLINE_CURVE ( 3, ( #5298, #1846, #6401, #4116 ),
 .UNSPECIFIED., .F., .T. ) 
 B_SPLINE_CURVE_WITH_KNOTS ( ( 4, 4 ),
 ( 6.273500125511109360, 6.283185307179586232 ),
 .UNSPECIFIED. ) 
 CURVE ( )  GEOMETRIC_REPRESENTATION_ITEM ( )  RATIONAL_B_SPLINE_CURVE ( ( 1.000000000000000000, 0.9999921831199466427, 0.9999921831199466427, 1.000000000000000000 ) ) 
 REPRESENTATION_ITEM ( '' )  );
#1409 = COLOUR_RGB ( '',0.7529411764705882248, 0.7529411764705882248, 0.7529411764705882248 ) ;
#1410 = CARTESIAN_POINT ( 'NONE',  ( 0.4200000000000015388, 1.949999999999999734, 0.6150000000000157563 ) ) ;
#1411 = EDGE_CURVE ( 'NONE', #591, #3033, #3606, .T. ) ;
#1412 = FACE_OUTER_BOUND ( 'NONE', #3113, .T. ) ;
#1413 = SURFACE_SIDE_STYLE ('',( #3428 ) ) ;
#1414 = DIRECTION ( 'NONE',  ( 1.000000000000000000, 0.000000000000000000, 0.000000000000000000 ) ) ;
#1415 = SURFACE_STYLE_FILL_AREA ( #6416 ) ;
#1416 = CARTESIAN_POINT ( 'NONE',  ( 0.4200000000000015388, 2.999999999999999556, 1.405000000000000027 ) ) ;
#1417 = VERTEX_POINT ( 'NONE', #2516 ) ;
#1418 = AXIS2_PLACEMENT_3D ( 'NONE', #1757, #5772, #4128 ) ;
#1419 = EDGE_CURVE ( 'NONE', #5056, #6644, #2496, .T. ) ;
#1420 = ORIENTED_EDGE ( 'NONE', *, *, #2368, .F. ) ;
#1421 = SPHERICAL_SURFACE ( 'NONE', #5482, 0.07619999999999998996 ) ;
#1422 = PRESENTATION_LAYER_ASSIGNMENT (  '', '', ( #1241 ) ) ;
#1423 = ORIENTED_EDGE ( 'NONE', *, *, #6800, .T. ) ;
#1424 = LINE ( 'NONE', #3239, #6104 ) ;
#1425 = CARTESIAN_POINT ( 'NONE',  ( -2.282869896592604864, -1.858328323430713525, -0.03727787186130011865 ) ) ;
#1426 = DIRECTION ( 'NONE',  ( 1.000000000000000000, 0.000000000000000000, 0.000000000000000000 ) ) ;
#1427 = ORIENTED_EDGE ( 'NONE', *, *, #2380, .T. ) ;
#1428 = CIRCLE ( 'NONE', #3690, 0.4000000000000001887 ) ;
#1429 = VERTEX_POINT ( 'NONE', #5418 ) ;
#1430 = AXIS2_PLACEMENT_3D ( 'NONE', #1667, #7459, #1637 ) ;
#1431 = FACE_OUTER_BOUND ( 'NONE', #7343, .T. ) ;
#1432 = AXIS2_PLACEMENT_3D ( 'NONE', #3074, #3050, #3660 ) ;
#1433 = AXIS2_PLACEMENT_3D ( 'NONE', #1722, #2808, #2832 ) ;
#1434 = FILL_AREA_STYLE ('',( #2453 ) ) ;
#1435 = ORIENTED_EDGE ( 'NONE', *, *, #5798, .F. ) ;
#1436 = SURFACE_SIDE_STYLE ('',( #4572 ) ) ;
#1437 = SURFACE_STYLE_FILL_AREA ( #1743 ) ;
#1438 = VERTEX_POINT ( 'NONE', #5395 ) ;
#1439 = DIRECTION ( 'NONE',  ( 0.000000000000000000, 0.000000000000000000, -1.000000000000000000 ) ) ;
#1440 =( LENGTH_UNIT ( ) NAMED_UNIT ( * ) SI_UNIT ( .MILLI., .METRE. ) );
#1441 = DIRECTION ( 'NONE',  ( 0.000000000000000000, 0.000000000000000000, -1.000000000000000000 ) ) ;
#1442 = ORIENTED_EDGE ( 'NONE', *, *, #6139, .F. ) ;
#1443 = MECHANICAL_DESIGN_GEOMETRIC_PRESENTATION_REPRESENTATION (  '', ( #6597 ), #1064 ) ;
#1444 = FILL_AREA_STYLE_COLOUR ( '', #5739 ) ;
#1445 =( NAMED_UNIT ( * ) PLANE_ANGLE_UNIT ( ) SI_UNIT ( $, .RADIAN. ) );
#1446 = SURFACE_STYLE_USAGE ( .BOTH. , #3165 ) ;
#1447 = FACE_OUTER_BOUND ( 'NONE', #7455, .T. ) ;
#1448 = UNCERTAINTY_MEASURE_WITH_UNIT (LENGTH_MEASURE( 1.000000000000000082E-05 ), #3817, 'distance_accuracy_value', 'NONE');
#1449 = FILL_AREA_STYLE ('',( #5496 ) ) ;
#1450 = VECTOR ( 'NONE', #1918, 1000.000000000000000 ) ;
#1451 = LINE ( 'NONE', #2211, #6313 ) ;
#1452 = AXIS2_PLACEMENT_3D ( 'NONE', #626, #4602, #4651 ) ;
#1453 =( NAMED_UNIT ( * ) PLANE_ANGLE_UNIT ( ) SI_UNIT ( $, .RADIAN. ) );
#1454 = ORIENTED_EDGE ( 'NONE', *, *, #3623, .T. ) ;
#1455 = LINE ( 'NONE', #6407, #4624 ) ;
#1456 = CARTESIAN_POINT ( 'NONE',  ( -0.4199999999999984857, 1.949999999999999734, 0.6150000000000157563 ) ) ;
#1457 = FILL_AREA_STYLE_COLOUR ( '', #3691 ) ;
#1458 = UNCERTAINTY_MEASURE_WITH_UNIT (LENGTH_MEASURE( 1.000000000000000082E-05 ), #2019, 'distance_accuracy_value', 'NONE');
#1459 = DIRECTION ( 'NONE',  ( 0.000000000000000000, 0.06975647374412254076, 0.9975640502598245307 ) ) ;
#1460 = DIRECTION ( 'NONE',  ( 1.000000000000000000, 0.000000000000000000, 0.000000000000000000 ) ) ;
#1461 = EDGE_CURVE ( 'NONE', #2857, #6465, #3241, .T. ) ;
#1462 = CYLINDRICAL_SURFACE ( 'NONE', #80, 0.07620000000000000384 ) ;
#1463 =( NAMED_UNIT ( * ) PLANE_ANGLE_UNIT ( ) SI_UNIT ( $, .RADIAN. ) );
#1464 =( GEOMETRIC_REPRESENTATION_CONTEXT ( 3 ) GLOBAL_UNCERTAINTY_ASSIGNED_CONTEXT ( ( #5871 ) ) GLOBAL_UNIT_ASSIGNED_CONTEXT ( ( #5855, #5806, #3511 ) ) REPRESENTATION_CONTEXT ( 'NONE', 'WORKASPACE' ) );
#1465 = DIRECTION ( 'NONE',  ( -1.000000000000000000, -0.000000000000000000, -0.000000000000000000 ) ) ;
#1466 = VERTEX_POINT ( 'NONE', #1416 ) ;
#1467 = VECTOR ( 'NONE', #1563, 1000.000000000000000 ) ;
#1468 = LINE ( 'NONE', #7296, #6688 ) ;
#1469 = SURFACE_STYLE_USAGE ( .BOTH. , #2063 ) ;
#1470 = COLOUR_RGB ( '',0.7529411764705882248, 0.7529411764705882248, 0.7529411764705882248 ) ;
#1471 = ADVANCED_FACE ( 'NONE', ( #6819 ), #4282, .T. ) ;
#1472 = DIRECTION ( 'NONE',  ( 0.000000000000000000, 0.06975647374412130564, -0.9975640502598245307 ) ) ;
#1473 = CARTESIAN_POINT ( 'NONE',  ( -0.8499999999999985345, 2.699598551369565502, 1.383993884394061347 ) ) ;
#1474 = EDGE_LOOP ( 'NONE', ( #6779, #5881, #3545, #3803 ) ) ;
#1475 = AXIS2_PLACEMENT_3D ( 'NONE', #2440, #141, #4372 ) ;
#1476 = CARTESIAN_POINT ( 'NONE',  ( 1.690000000000001723, 2.699598551369565058, 1.383993884394061347 ) ) ;
#1477 = LINE ( 'NONE', #4201, #3657 ) ;
#1478 = MECHANICAL_DESIGN_GEOMETRIC_PRESENTATION_REPRESENTATION (  '', ( #309 ), #6110 ) ;
#1479 = EDGE_LOOP ( 'NONE', ( #4551, #243, #3431, #1344 ) ) ;
#1480 = LINE ( 'NONE', #4449, #5526 ) ;
#1481 = EDGE_CURVE ( 'NONE', #7371, #3982, #6377, .T. ) ;
#1482 = CIRCLE ( 'NONE', #1859, 0.3145906676743915886 ) ;
#1483 = MECHANICAL_DESIGN_GEOMETRIC_PRESENTATION_REPRESENTATION (  '', ( #312 ), #4861 ) ;
#1484 = CIRCLE ( 'NONE', #4500, 0.3145906676743915886 ) ;
#1485 = EDGE_LOOP ( 'NONE', ( #5627, #3980, #661, #6134 ) ) ;
#1486 = DIRECTION ( 'NONE',  ( 0.000000000000000000, 0.000000000000000000, -1.000000000000000000 ) ) ;
#1487 = ORIENTED_EDGE ( 'NONE', *, *, #5258, .F. ) ;
#1488 = DIRECTION ( 'NONE',  ( -1.000000000000000000, -8.850629979473504779E-17, -0.000000000000000000 ) ) ;
#1489 = SURFACE_STYLE_USAGE ( .BOTH. , #2743 ) ;
#1490 = STYLED_ITEM ( 'NONE', ( #6285 ), #447 ) ;
#1491 = CARTESIAN_POINT ( 'NONE',  ( 1.690000000000001723, 2.699598551369565058, 1.383993884394061347 ) ) ;
#1492 = AXIS2_PLACEMENT_3D ( 'NONE', #2423, #6415, #6486 ) ;
#1493 = ORIENTED_EDGE ( 'NONE', *, *, #6424, .T. ) ;
#1494 =( LENGTH_UNIT ( ) NAMED_UNIT ( * ) SI_UNIT ( .MILLI., .METRE. ) );
#1495 = VECTOR ( 'NONE', #1289, 1000.000000000000000 ) ;
#1496 = DIRECTION ( 'NONE',  ( 0.000000000000000000, -0.000000000000000000, 1.000000000000000000 ) ) ;
#1497 = PRESENTATION_STYLE_ASSIGNMENT (( #6498 ) ) ;
#1498 = VERTEX_POINT ( 'NONE', #3688 ) ;
#1499 = LINE ( 'NONE', #1597, #5178 ) ;
#1500 =( NAMED_UNIT ( * ) PLANE_ANGLE_UNIT ( ) SI_UNIT ( $, .RADIAN. ) );
#1501 = FILL_AREA_STYLE ('',( #995 ) ) ;
#1502 = UNCERTAINTY_MEASURE_WITH_UNIT (LENGTH_MEASURE( 1.000000000000000082E-05 ), #2414, 'distance_accuracy_value', 'NONE');
#1503 = EDGE_LOOP ( 'NONE', ( #5299, #1848, #5699, #3807, #6772, #4032, #4823, #1063, #3532, #138, #1423, #3814 ) ) ;
#1504 = CIRCLE ( 'NONE', #1898, 0.3145906676743915886 ) ;
#1505 =( LENGTH_UNIT ( ) NAMED_UNIT ( * ) SI_UNIT ( .MILLI., .METRE. ) );
#1506 = EDGE_CURVE ( 'NONE', #3985, #610, #4571, .T. ) ;
#1507 = CIRCLE ( 'NONE', #6997, 0.1340459166400967961 ) ;
#1508 = ADVANCED_FACE ( 'NONE', ( #2691 ), #6099, .F. ) ;
#1509 =( GEOMETRIC_REPRESENTATION_CONTEXT ( 3 ) GLOBAL_UNCERTAINTY_ASSIGNED_CONTEXT ( ( #3645 ) ) GLOBAL_UNIT_ASSIGNED_CONTEXT ( ( #4792, #3109, #4841 ) ) REPRESENTATION_CONTEXT ( 'NONE', 'WORKASPACE' ) );
#1510 = DIRECTION ( 'NONE',  ( 0.000000000000000000, 0.000000000000000000, -1.000000000000000000 ) ) ;
#1511 = ORIENTED_EDGE ( 'NONE', *, *, #5998, .F. ) ;
#1512 = CARTESIAN_POINT ( 'NONE',  ( 0.4200000000000015388, 2.699598551369565058, 1.383993884394061347 ) ) ;
#1513 = VERTEX_POINT ( 'NONE', #3655 ) ;
#1514 = FACE_OUTER_BOUND ( 'NONE', #3091, .T. ) ;
#1515 =( NAMED_UNIT ( * ) SI_UNIT ( $, .STERADIAN. ) SOLID_ANGLE_UNIT ( ) );
#1516 = ORIENTED_EDGE ( 'NONE', *, *, #5701, .T. ) ;
#1517 = SURFACE_STYLE_USAGE ( .BOTH. , #940 ) ;
#1518 = MECHANICAL_DESIGN_GEOMETRIC_PRESENTATION_REPRESENTATION (  '', ( #1655 ), #2278 ) ;
#1519 = ORIENTED_EDGE ( 'NONE', *, *, #5937, .T. ) ;
#1520 = EDGE_CURVE ( 'NONE', #6491, #3065, #339, .T. ) ;
#1521 =( GEOMETRIC_REPRESENTATION_CONTEXT ( 3 ) GLOBAL_UNCERTAINTY_ASSIGNED_CONTEXT ( ( #2087 ) ) GLOBAL_UNIT_ASSIGNED_CONTEXT ( ( #7196, #907, #5411 ) ) REPRESENTATION_CONTEXT ( 'NONE', 'WORKASPACE' ) );
#1522 = VERTEX_POINT ( 'NONE', #7226 ) ;
#1523 = CARTESIAN_POINT ( 'NONE',  ( 0.8500000000000015321, -2.358120395030566474, 1.308646010850337271 ) ) ;
#1524 = FILL_AREA_STYLE ('',( #6657 ) ) ;
#1525 = ORIENTED_EDGE ( 'NONE', *, *, #6312, .F. ) ;
#1526 = DIRECTION ( 'NONE',  ( 0.000000000000000000, -1.000000000000000000, 0.000000000000000000 ) ) ;
#1527 = DIRECTION ( 'NONE',  ( 0.000000000000000000, -0.9975640502598241977, 0.06975647374412607959 ) ) ;
#1528 = PRESENTATION_STYLE_ASSIGNMENT (( #3250 ) ) ;
#1529 = AXIS2_PLACEMENT_3D ( 'NONE', #2549, #6584, #2626 ) ;
#1530 = FILL_AREA_STYLE ('',( #1004 ) ) ;
#1531 = EDGE_LOOP ( 'NONE', ( #2202, #238, #999, #2334 ) ) ;
#1532 = CARTESIAN_POINT ( 'NONE',  ( -2.297327737236431133, -1.797327737236432466, 1.373799999999999910 ) ) ;
#1533 = CARTESIAN_POINT ( 'NONE',  ( -0.4199999999999984857, -2.550616955507048367, 0.9076459320246323959 ) ) ;
#1534 = SURFACE_STYLE_FILL_AREA ( #4447 ) ;
#1535 =( NAMED_UNIT ( * ) SI_UNIT ( $, .STERADIAN. ) SOLID_ANGLE_UNIT ( ) );
#1536 = UNCERTAINTY_MEASURE_WITH_UNIT (LENGTH_MEASURE( 1.000000000000000082E-05 ), #2497, 'distance_accuracy_value', 'NONE');
#1537 = CYLINDRICAL_SURFACE ( 'NONE', #2888, 0.07620000000000000384 ) ;
#1538 = ADVANCED_FACE ( 'NONE', ( #5023 ), #4929, .F. ) ;
#1539 = DIRECTION ( 'NONE',  ( 1.000000000000000000, 0.000000000000000000, 0.000000000000000000 ) ) ;
#1540 = VERTEX_POINT ( 'NONE', #6670 ) ;
#1541 = SURFACE_SIDE_STYLE ('',( #4181 ) ) ;
#1542 = CIRCLE ( 'NONE', #3132, 0.3145906676743914776 ) ;
#1543 = CARTESIAN_POINT ( 'NONE',  ( 2.374046004575878221, 1.950000000000000400, 0.8349999999999841993 ) ) ;
#1544 = EDGE_CURVE ( 'NONE', #3394, #1438, #2217, .T. ) ;
#1545 = VERTEX_POINT ( 'NONE', #4945 ) ;
#1546 = DIRECTION ( 'NONE',  ( 0.000000000000000000, -0.9975640502598241977, -0.06975647374412535795 ) ) ;
#1547 = CARTESIAN_POINT ( 'NONE',  ( 2.449996426143393968, -1.874537999305284419, 0.6149745706889168106 ) ) ;
#1548 = CARTESIAN_POINT ( 'NONE',  ( 2.297327737236434242, 1.531193605351035325, 0.07619999999999993445 ) ) ;
#1549 = DIRECTION ( 'NONE',  ( 0.000000000000000000, -0.9975640502598241977, -0.06975647374412535795 ) ) ;
#1550 = EDGE_CURVE ( 'NONE', #3392, #2513, #2399, .T. ) ;
#1551 = CARTESIAN_POINT ( 'NONE',  ( 2.449570726820019306, -1.918490299558756051, 0.8380544373874558861 ) ) ;
#1552 = AXIS2_PLACEMENT_3D ( 'NONE', #2970, #3555, #5872 ) ;
#1553 = DIRECTION ( 'NONE',  ( 1.000000000000000000, 8.850629979473504779E-17, 0.000000000000000000 ) ) ;
#1554 = CIRCLE ( 'NONE', #5441, 0.07619999999999997609 ) ;
#1555 = DIRECTION ( 'NONE',  ( 0.000000000000000000, 0.06975647374412254076, 0.9975640502598245307 ) ) ;
#1556 = CIRCLE ( 'NONE', #7249, 0.07620000000000015650 ) ;
#1557 = EDGE_LOOP ( 'NONE', ( #4696, #4681, #5401, #469 ) ) ;
#1558 = LINE ( 'NONE', #1109, #2559 ) ;
#1559 = FILL_AREA_STYLE_COLOUR ( '', #5406 ) ;
#1560 = DIRECTION ( 'NONE',  ( 0.000000000000000000, 1.000000000000000000, 0.000000000000000000 ) ) ;
#1561 = CARTESIAN_POINT ( 'NONE',  ( 2.373800000000001909, -1.949999999999999512, 0.8349999999999841993 ) ) ;
#1562 =( GEOMETRIC_REPRESENTATION_CONTEXT ( 3 ) GLOBAL_UNCERTAINTY_ASSIGNED_CONTEXT ( ( #1458 ) ) GLOBAL_UNIT_ASSIGNED_CONTEXT ( ( #2019, #161, #6059 ) ) REPRESENTATION_CONTEXT ( 'NONE', 'WORKASPACE' ) );
#1563 = DIRECTION ( 'NONE',  ( 1.000000000000000000, 0.000000000000000000, 0.000000000000000000 ) ) ;
#1564 = FILL_AREA_STYLE_COLOUR ( '', #4354 ) ;
#1565 = STYLED_ITEM ( 'NONE', ( #7301 ), #7245 ) ;
#1566 = EDGE_CURVE ( 'NONE', #5663, #3150, #1424, .T. ) ;
#1567 = AXIS2_PLACEMENT_3D ( 'NONE', #1614, #5745, #7417 ) ;
#1568 = ORIENTED_EDGE ( 'NONE', *, *, #7396, .F. ) ;
#1569 =( LENGTH_UNIT ( ) NAMED_UNIT ( * ) SI_UNIT ( .MILLI., .METRE. ) );
#1570 = CARTESIAN_POINT ( 'NONE',  ( -1.689999999999998392, 1.949999999999999956, 0.6150000000000157563 ) ) ;
#1571 =( GEOMETRIC_REPRESENTATION_CONTEXT ( 3 ) GLOBAL_UNCERTAINTY_ASSIGNED_CONTEXT ( ( #3976 ) ) GLOBAL_UNIT_ASSIGNED_CONTEXT ( ( #3733, #246, #4306 ) ) REPRESENTATION_CONTEXT ( 'NONE', 'WORKASPACE' ) );
#1572 = ADVANCED_FACE ( 'NONE', ( #6903 ), #983, .F. ) ;
#1573 = STYLED_ITEM ( 'NONE', ( #2537 ), #565 ) ;
#1574 = SURFACE_STYLE_FILL_AREA ( #1583 ) ;
#1575 = FILL_AREA_STYLE ('',( #1068 ) ) ;
#1576 = VECTOR ( 'NONE', #812, 1000.000000000000227 ) ;
#1577 = SURFACE_STYLE_FILL_AREA ( #3206 ) ;
#1578 =( NAMED_UNIT ( * ) PLANE_ANGLE_UNIT ( ) SI_UNIT ( $, .RADIAN. ) );
#1579 =( NAMED_UNIT ( * ) PLANE_ANGLE_UNIT ( ) SI_UNIT ( $, .RADIAN. ) );
#1580 = VECTOR ( 'NONE', #4144, 999.9999999999998863 ) ;
#1581 = ADVANCED_FACE ( 'NONE', ( #2590 ), #3058, .F. ) ;
#1582 =( NAMED_UNIT ( * ) PLANE_ANGLE_UNIT ( ) SI_UNIT ( $, .RADIAN. ) );
#1583 = FILL_AREA_STYLE ('',( #330 ) ) ;
#1584 = DIRECTION ( 'NONE',  ( 0.000000000000000000, -0.9975640502598244197, 0.06975647374412252688 ) ) ;
#1585 =( NAMED_UNIT ( * ) PLANE_ANGLE_UNIT ( ) SI_UNIT ( $, .RADIAN. ) );
#1586 = ORIENTED_EDGE ( 'NONE', *, *, #4478, .F. ) ;
#1587 = CIRCLE ( 'NONE', #5656, 0.1340459166400966851 ) ;
#1588 = ORIENTED_EDGE ( 'NONE', *, *, #3503, .T. ) ;
#1589 = EDGE_LOOP ( 'NONE', ( #5340, #616, #3072, #2714 ) ) ;
#1590 = VERTEX_POINT ( 'NONE', #7351 ) ;
#1591 = COLOUR_RGB ( '',0.7529411764705882248, 0.7529411764705882248, 0.7529411764705882248 ) ;
#1592 = EDGE_CURVE ( 'NONE', #1590, #5919, #1507, .T. ) ;
#1593 = AXIS2_PLACEMENT_3D ( 'NONE', #4539, #6267, #1141 ) ;
#1594 = ORIENTED_EDGE ( 'NONE', *, *, #6963, .T. ) ;
#1595 =( LENGTH_UNIT ( ) NAMED_UNIT ( * ) SI_UNIT ( .MILLI., .METRE. ) );
#1596 = ORIENTED_EDGE ( 'NONE', *, *, #2035, .F. ) ;
#1597 = CARTESIAN_POINT ( 'NONE',  ( 2.120000000000001439, -1.949999999999999512, 0.6150000000000157563 ) ) ;
#1598 = FILL_AREA_STYLE ('',( #5064 ) ) ;
#1599 = EDGE_CURVE ( 'NONE', #5218, #1590, #4055, .T. ) ;
#1600 = AXIS2_PLACEMENT_3D ( 'NONE', #5281, #1836, #1207 ) ;
#1601 = ORIENTED_EDGE ( 'NONE', *, *, #3675, .T. ) ;
#1602 = PRESENTATION_LAYER_ASSIGNMENT (  '', '', ( #2383 ) ) ;
#1603 = CARTESIAN_POINT ( 'NONE',  ( -0.8499999999999985345, 3.000000000000000000, 1.625000000000000000 ) ) ;
#1604 = ADVANCED_FACE ( 'NONE', ( #6638 ), #6291, .F. ) ;
#1605 = SURFACE_SIDE_STYLE ('',( #3677 ) ) ;
#1606 = CARTESIAN_POINT ( 'NONE',  ( -2.373799999999999688, 1.949999999999999956, 1.449999999999999956 ) ) ;
#1607 =( NAMED_UNIT ( * ) SI_UNIT ( $, .STERADIAN. ) SOLID_ANGLE_UNIT ( ) );
#1608 = CIRCLE ( 'NONE', #32, 0.1340459166400967961 ) ;
#1609 = CYLINDRICAL_SURFACE ( 'NONE', #962, 0.3145906676743914776 ) ;
#1610 = ORIENTED_EDGE ( 'NONE', *, *, #4579, .T. ) ;
#1611 = CARTESIAN_POINT ( 'NONE',  ( -2.418490299558755829, 1.949570726820019084, 0.8380544373874547759 ) ) ;
#1612 = AXIS2_PLACEMENT_3D ( 'NONE', #1293, #6395, #5232 ) ;
#1613 = PRODUCT_DEFINITION ( 'UNKNOWN', '', #2693, #2600 ) ;
#1614 = CARTESIAN_POINT ( 'NONE',  ( -0.8499999999999985345, -2.708949121834177909, 1.250274496869775653 ) ) ;
#1615 = AXIS2_PLACEMENT_3D ( 'NONE', #6081, #7209, #4952 ) ;
#1616 = PRESENTATION_LAYER_ASSIGNMENT (  '', '', ( #6304 ) ) ;
#1617 = ADVANCED_FACE ( 'NONE', ( #2682 ), #26, .F. ) ;
#1618 = DIRECTION ( 'NONE',  ( 0.000000000000000000, 0.000000000000000000, 1.000000000000000000 ) ) ;
#1619 = DIRECTION ( 'NONE',  ( 0.000000000000000000, 0.000000000000000000, -1.000000000000000000 ) ) ;
#1620 = ORIENTED_EDGE ( 'NONE', *, *, #5924, .T. ) ;
#1621 = LINE ( 'NONE', #2908, #2533 ) ;
#1622 =( NAMED_UNIT ( * ) PLANE_ANGLE_UNIT ( ) SI_UNIT ( $, .RADIAN. ) );
#1623 = UNCERTAINTY_MEASURE_WITH_UNIT (LENGTH_MEASURE( 1.000000000000000082E-05 ), #2266, 'distance_accuracy_value', 'NONE');
#1624 = CARTESIAN_POINT ( 'NONE',  ( 2.120000000000001439, 2.999999999999999556, 1.625000000000000000 ) ) ;
#1625 = UNCERTAINTY_MEASURE_WITH_UNIT (LENGTH_MEASURE( 1.000000000000000082E-05 ), #3005, 'distance_accuracy_value', 'NONE');
#1626 = VECTOR ( 'NONE', #7367, 1000.000000000000000 ) ;
#1627 = COLOUR_RGB ( '',0.2509803921568627416, 0.2509803921568627416, 0.2509803921568627416 ) ;
#1628 = VERTEX_POINT ( 'NONE', #5155 ) ;
#1629 = MECHANICAL_DESIGN_GEOMETRIC_PRESENTATION_REPRESENTATION (  '', ( #3486 ), #2947 ) ;
#1630 =( NAMED_UNIT ( * ) PLANE_ANGLE_UNIT ( ) SI_UNIT ( $, .RADIAN. ) );
#1631 = FILL_AREA_STYLE_COLOUR ( '', #397 ) ;
#1632 = EDGE_CURVE ( 'NONE', #6414, #6292, #6186, .T. ) ;
#1633 = SURFACE_SIDE_STYLE ('',( #4529 ) ) ;
#1634 = PRESENTATION_STYLE_ASSIGNMENT (( #4080 ) ) ;
#1635 = COLOUR_RGB ( '',0.2509803921568627416, 0.2509803921568627416, 0.2509803921568627416 ) ;
#1636 = CARTESIAN_POINT ( 'NONE',  ( -1.689999999999998392, 2.708949121834177909, 1.250274496869775653 ) ) ;
#1637 = DIRECTION ( 'NONE',  ( -1.000000000000000000, 0.000000000000000000, -0.000000000000000000 ) ) ;
#1638 = ORIENTED_EDGE ( 'NONE', *, *, #4915, .F. ) ;
#1639 = PLANE ( 'NONE',  #2036 ) ;
#1640 = VECTOR ( 'NONE', #1555, 999.9999999999998863 ) ;
#1641 = EDGE_CURVE ( 'NONE', #841, #5648, #6999, .T. ) ;
#1642 = APPLICATION_PROTOCOL_DEFINITION ( 'draft international standard', 'automotive_design', 1998, #1721 ) ;
#1643 = AXIS2_PLACEMENT_3D ( 'NONE', #5878, #1881, #2426 ) ;
#1644 = ORIENTED_EDGE ( 'NONE', *, *, #3910, .F. ) ;
#1645 = CARTESIAN_POINT ( 'NONE',  ( 1.690000000000001723, -2.333719387524285427, 0.9596953461754694770 ) ) ;
#1646 = SURFACE_STYLE_FILL_AREA ( #4809 ) ;
#1647 = EDGE_LOOP ( 'NONE', ( #5972, #6056, #256, #566 ) ) ;
#1648 = FACE_OUTER_BOUND ( 'NONE', #2091, .T. ) ;
#1649 = DIRECTION ( 'NONE',  ( 1.000000000000000000, 0.000000000000000000, 0.000000000000000000 ) ) ;
#1650 = DIRECTION ( 'NONE',  ( 0.1378445374916255906, 0.1378445374916252575, 0.9808148484639900300 ) ) ;
#1651 = CARTESIAN_POINT ( 'NONE',  ( -1.689999999999998392, 1.949999999999999956, 0.8349999999999841993 ) ) ;
#1652 = STYLED_ITEM ( 'NONE', ( #3501 ), #5436 ) ;
#1653 = COLOUR_RGB ( '',0.2509803921568627416, 0.2509803921568627416, 0.2509803921568627416 ) ;
#1654 = SURFACE_STYLE_FILL_AREA ( #2230 ) ;
#1655 = STYLED_ITEM ( 'NONE', ( #1634 ), #6753 ) ;
#1656 = EDGE_CURVE ( 'NONE', #6111, #2581, #3590, .T. ) ;
#1657 = PRESENTATION_STYLE_ASSIGNMENT (( #7320 ) ) ;
#1658 = MECHANICAL_DESIGN_GEOMETRIC_PRESENTATION_REPRESENTATION (  '', ( #6810 ), #6011 ) ;
#1659 = CARTESIAN_POINT ( 'NONE',  ( 2.297327737236433798, 1.872786164074540682, 1.384404990293156557 ) ) ;
#1660 = COLOUR_RGB ( '',0.7529411764705882248, 0.7529411764705882248, 0.7529411764705882248 ) ;
#1661 = PRESENTATION_STYLE_ASSIGNMENT (( #1244 ) ) ;
#1662 = ADVANCED_FACE ( 'NONE', ( #503 ), #5105, .F. ) ;
#1663 = ORIENTED_EDGE ( 'NONE', *, *, #2257, .F. ) ;
#1664 = LINE ( 'NONE', #3678, #2381 ) ;
#1665 = DIRECTION ( 'NONE',  ( 0.000000000000000000, 0.000000000000000000, 1.000000000000000000 ) ) ;
#1666 = CYLINDRICAL_SURFACE ( 'NONE', #3505, 0.3145906676743914776 ) ;
#1667 = CARTESIAN_POINT ( 'NONE',  ( 0.000000000000000000, 0.000000000000000000, 0.000000000000000000 ) ) ;
#1668 = PRESENTATION_LAYER_ASSIGNMENT (  '', '', ( #7314 ) ) ;
#1669 = SURFACE_SIDE_STYLE ('',( #3931 ) ) ;
#1670 = CARTESIAN_POINT ( 'NONE',  ( 0.4200000000000015388, -2.358120395030566474, 1.308646010850337271 ) ) ;
#1671 = MECHANICAL_DESIGN_GEOMETRIC_PRESENTATION_REPRESENTATION (  '', ( #507 ), #7075 ) ;
#1672 = EDGE_CURVE ( 'NONE', #4038, #4959, #4673, .T. ) ;
#1673 = CYLINDRICAL_SURFACE ( 'NONE', #4357, 0.3145906676743914776 ) ;
#1674 = ORIENTED_EDGE ( 'NONE', *, *, #3749, .T. ) ;
#1675 = EDGE_LOOP ( 'NONE', ( #933, #561, #5005, #5530 ) ) ;
#1676 =( NAMED_UNIT ( * ) SI_UNIT ( $, .STERADIAN. ) SOLID_ANGLE_UNIT ( ) );
#1677 = FILL_AREA_STYLE ('',( #489 ) ) ;
#1678 = UNCERTAINTY_MEASURE_WITH_UNIT (LENGTH_MEASURE( 1.000000000000000082E-05 ), #5582, 'distance_accuracy_value', 'NONE');
#1679 = SURFACE_STYLE_FILL_AREA ( #3228 ) ;
#1680 =( NAMED_UNIT ( * ) SI_UNIT ( $, .STERADIAN. ) SOLID_ANGLE_UNIT ( ) );
#1681 = FILL_AREA_STYLE_COLOUR ( '', #4993 ) ;
#1682 = VERTEX_POINT ( 'NONE', #5382 ) ;
#1683 = LINE ( 'NONE', #680, #153 ) ;
#1684 = SURFACE_STYLE_USAGE ( .BOTH. , #2156 ) ;
#1685 = CARTESIAN_POINT ( 'NONE',  ( 0.4200000000000015388, 2.649999999999999467, 1.600525615819771152 ) ) ;
#1686 = COLOUR_RGB ( '',0.2509803921568627416, 0.2509803921568627416, 0.2509803921568627416 ) ;
#1687 = ORIENTED_EDGE ( 'NONE', *, *, #3475, .T. ) ;
#1688 = SURFACE_STYLE_FILL_AREA ( #1575 ) ;
#1689 = CARTESIAN_POINT ( 'NONE',  ( -2.374537999305283531, -1.949996426143391970, 0.8350254293110844772 ) ) ;
#1690 = CARTESIAN_POINT ( 'NONE',  ( 2.297327737236433798, -1.797327737236432021, 1.373799999999999910 ) ) ;
#1691 = ORIENTED_EDGE ( 'NONE', *, *, #1544, .T. ) ;
#1692 = VERTEX_POINT ( 'NONE', #1930 ) ;
#1693 =( LENGTH_UNIT ( ) NAMED_UNIT ( * ) SI_UNIT ( .MILLI., .METRE. ) );
#1694 = DIRECTION ( 'NONE',  ( 1.000000000000000000, 0.000000000000000000, 0.000000000000000000 ) ) ;
#1695 = EDGE_LOOP ( 'NONE', ( #1320, #6658, #6601, #3042 ) ) ;
#1696 = PRESENTATION_STYLE_ASSIGNMENT (( #4797 ) ) ;
#1697 = SURFACE_SIDE_STYLE ('',( #641 ) ) ;
#1698 = ADVANCED_FACE ( 'NONE', ( #4145 ), #4766, .F. ) ;
#1699 = MECHANICAL_DESIGN_GEOMETRIC_PRESENTATION_REPRESENTATION (  '', ( #3101 ), #5422 ) ;
#1700 = ORIENTED_EDGE ( 'NONE', *, *, #1750, .T. ) ;
#1701 = CARTESIAN_POINT ( 'NONE',  ( -2.119999999999998774, 2.699598551369565502, 1.383993884394061347 ) ) ;
#1702 = EDGE_CURVE ( 'NONE', #467, #671, #5820, .T. ) ;
#1703 = MECHANICAL_DESIGN_GEOMETRIC_PRESENTATION_REPRESENTATION (  '', ( #6337 ), #3365 ) ;
#1704 =( NAMED_UNIT ( * ) PLANE_ANGLE_UNIT ( ) SI_UNIT ( $, .RADIAN. ) );
#1705 = VECTOR ( 'NONE', #4497, 1000.000000000000000 ) ;
#1706 = CARTESIAN_POINT ( 'NONE',  ( 0.4200000000000015388, -2.708949121834177465, 1.250274496869775653 ) ) ;
#1707 = VERTEX_POINT ( 'NONE', #6996 ) ;
#1708 = DIRECTION ( 'NONE',  ( 0.000000000000000000, 0.000000000000000000, 1.000000000000000000 ) ) ;
#1709 = PLANE ( 'NONE',  #6443 ) ;
#1710 = PRESENTATION_LAYER_ASSIGNMENT (  '', '', ( #75 ) ) ;
#1711 = EDGE_CURVE ( 'NONE', #7098, #5911, #1683, .T. ) ;
#1712 = PRESENTATION_STYLE_ASSIGNMENT (( #1158 ) ) ;
#1713 = PRESENTATION_STYLE_ASSIGNMENT (( #3127 ) ) ;
#1714 = CARTESIAN_POINT ( 'NONE',  ( -2.119999999999998774, -2.708949121834177909, 1.250274496869775653 ) ) ;
#1715 = AXIS2_PLACEMENT_3D ( 'NONE', #2645, #884, #1441 ) ;
#1716 =( NAMED_UNIT ( * ) PLANE_ANGLE_UNIT ( ) SI_UNIT ( $, .RADIAN. ) );
#1717 = DIRECTION ( 'NONE',  ( 1.000000000000000000, 0.000000000000000000, 0.000000000000000000 ) ) ;
#1718 =( LENGTH_UNIT ( ) NAMED_UNIT ( * ) SI_UNIT ( .MILLI., .METRE. ) );
#1719 = DIRECTION ( 'NONE',  ( 1.000000000000000000, 0.000000000000000000, 0.000000000000000000 ) ) ;
#1720 = MECHANICAL_DESIGN_GEOMETRIC_PRESENTATION_REPRESENTATION (  '', ( #6684 ), #2103 ) ;
#1721 = APPLICATION_CONTEXT ( 'automotive_design' ) ;
#1722 = CARTESIAN_POINT ( 'NONE',  ( 1.690000000000001723, 2.708949121834177465, 1.250274496869775653 ) ) ;
#1723 = STYLED_ITEM ( 'NONE', ( #1266 ), #1065 ) ;
#1724 = SURFACE_STYLE_FILL_AREA ( #1677 ) ;
#1725 = PRESENTATION_LAYER_ASSIGNMENT (  '', '', ( #564 ) ) ;
#1726 = UNCERTAINTY_MEASURE_WITH_UNIT (LENGTH_MEASURE( 1.000000000000000082E-05 ), #405, 'distance_accuracy_value', 'NONE');
#1727 =( NAMED_UNIT ( * ) PLANE_ANGLE_UNIT ( ) SI_UNIT ( $, .RADIAN. ) );
#1728 = COLOUR_RGB ( '',0.7529411764705882248, 0.7529411764705882248, 0.7529411764705882248 ) ;
#1729 = LINE ( 'NONE', #6001, #372 ) ;
#1730 = ADVANCED_FACE ( 'NONE', ( #603 ), #6447, .T. ) ;
#1731 = EDGE_LOOP ( 'NONE', ( #3161, #2507, #4003, #4044 ) ) ;
#1732 = FILL_AREA_STYLE_COLOUR ( '', #4983 ) ;
#1733 = ORIENTED_EDGE ( 'NONE', *, *, #3350, .T. ) ;
#1734 = CIRCLE ( 'NONE', #3564, 0.3145906676743914776 ) ;
#1735 =( NAMED_UNIT ( * ) SI_UNIT ( $, .STERADIAN. ) SOLID_ANGLE_UNIT ( ) );
#1736 = MECHANICAL_DESIGN_GEOMETRIC_PRESENTATION_REPRESENTATION (  '', ( #5253 ), #7424 ) ;
#1737 = ORIENTED_EDGE ( 'NONE', *, *, #7282, .F. ) ;
#1738 = SURFACE_SIDE_STYLE ('',( #495 ) ) ;
#1739 = EDGE_CURVE ( 'NONE', #1217, #671, #1325, .T. ) ;
#1740 = ADVANCED_FACE ( 'NONE', ( #5008 ), #288, .T. ) ;
#1741 = VERTEX_POINT ( 'NONE', #3089 ) ;
#1742 = DIRECTION ( 'NONE',  ( 0.000000000000000000, -0.06975647374412130564, -0.9975640502598245307 ) ) ;
#1743 = FILL_AREA_STYLE ('',( #5685 ) ) ;
#1744 = DIRECTION ( 'NONE',  ( 1.000000000000000000, 0.000000000000000000, 0.000000000000000000 ) ) ;
#1745 = VECTOR ( 'NONE', #5006, 1000.000000000000000 ) ;
#1746 = SURFACE_SIDE_STYLE ('',( #1793 ) ) ;
#1747 = ORIENTED_EDGE ( 'NONE', *, *, #753, .T. ) ;
#1748 = SURFACE_STYLE_FILL_AREA ( #3483 ) ;
#1749 = ORIENTED_EDGE ( 'NONE', *, *, #3034, .F. ) ;
#1750 = EDGE_CURVE ( 'NONE', #210, #5781, #6719, .T. ) ;
#1751 = AXIS2_PLACEMENT_3D ( 'NONE', #4383, #6566, #7194 ) ;
#1752 = DIRECTION ( 'NONE',  ( 0.000000000000000000, 0.06975647374412254076, 0.9975640502598245307 ) ) ;
#1753 = ORIENTED_EDGE ( 'NONE', *, *, #6476, .T. ) ;
#1754 = FACE_OUTER_BOUND ( 'NONE', #4863, .T. ) ;
#1755 = SURFACE_SIDE_STYLE ('',( #568 ) ) ;
#1756 = LINE ( 'NONE', #5434, #485 ) ;
#1757 = CARTESIAN_POINT ( 'NONE',  ( 1.690000000000001723, -2.708949121834177465, 1.250274496869775653 ) ) ;
#1758 = VECTOR ( 'NONE', #1742, 1000.000000000000000 ) ;
#1759 =( GEOMETRIC_REPRESENTATION_CONTEXT ( 3 ) GLOBAL_UNCERTAINTY_ASSIGNED_CONTEXT ( ( #849 ) ) GLOBAL_UNIT_ASSIGNED_CONTEXT ( ( #3461, #2895, #596 ) ) REPRESENTATION_CONTEXT ( 'NONE', 'WORKASPACE' ) );
#1760 = EDGE_LOOP ( 'NONE', ( #6195, #3773, #4106, #4309 ) ) ;
#1761 = EDGE_CURVE ( 'NONE', #5218, #3780, #1768, .T. ) ;
#1762 = PRESENTATION_STYLE_ASSIGNMENT (( #2844 ) ) ;
#1763 = PRESENTATION_LAYER_ASSIGNMENT (  '', '', ( #3720 ) ) ;
#1764 = AXIS2_PLACEMENT_3D ( 'NONE', #750, #4229, #3126 ) ;
#1765 = FILL_AREA_STYLE ('',( #6394 ) ) ;
#1766 = SURFACE_STYLE_FILL_AREA ( #4803 ) ;
#1767 = SURFACE_SIDE_STYLE ('',( #1437 ) ) ;
#1768 = CIRCLE ( 'NONE', #2517, 0.3145906676743915886 ) ;
#1769 = SURFACE_SIDE_STYLE ('',( #5488 ) ) ;
#1770 = CARTESIAN_POINT ( 'NONE',  ( -0.4199999999999984857, 3.000000000000000000, 1.625000000000000000 ) ) ;
#1771 = AXIS2_PLACEMENT_3D ( 'NONE', #4494, #2655, #6201 ) ;
#1772 = CARTESIAN_POINT ( 'NONE',  ( -0.8499999999999985345, -2.550616955507048367, 0.9076459320246323959 ) ) ;
#1773 = UNCERTAINTY_MEASURE_WITH_UNIT (LENGTH_MEASURE( 1.000000000000000082E-05 ), #3894, 'distance_accuracy_value', 'NONE');
#1774 = STYLED_ITEM ( 'NONE', ( #6040 ), #4595 ) ;
#1775 = DIRECTION ( 'NONE',  ( 0.000000000000000000, 0.000000000000000000, -1.000000000000000000 ) ) ;
#1776 = DIRECTION ( 'NONE',  ( 1.000000000000000000, 0.000000000000000000, 0.000000000000000000 ) ) ;
#1777 = DIRECTION ( 'NONE',  ( 0.000000000000000000, 0.000000000000000000, 1.000000000000000000 ) ) ;
#1778 = VERTEX_POINT ( 'NONE', #3787 ) ;
#1779 = FILL_AREA_STYLE ('',( #1304 ) ) ;
#1780 = CARTESIAN_POINT ( 'NONE',  ( -1.689999999999998392, 2.358120395030566918, 1.308646010850337271 ) ) ;
#1781 =( LENGTH_UNIT ( ) NAMED_UNIT ( * ) SI_UNIT ( .MILLI., .METRE. ) );
#1782 = ORIENTED_EDGE ( 'NONE', *, *, #3588, .T. ) ;
#1783 = FACE_OUTER_BOUND ( 'NONE', #4199, .T. ) ;
#1784 = VERTEX_POINT ( 'NONE', #2506 ) ;
#1785 = MECHANICAL_DESIGN_GEOMETRIC_PRESENTATION_REPRESENTATION (  '', ( #2398 ), #5771 ) ;
#1786 = COLOUR_RGB ( '',0.7529411764705882248, 0.7529411764705882248, 0.7529411764705882248 ) ;
#1787 = PLANE ( 'NONE',  #1418 ) ;
#1788 = EDGE_CURVE ( 'NONE', #1078, #5537, #1146, .T. ) ;
#1789 = ORIENTED_EDGE ( 'NONE', *, *, #6963, .F. ) ;
#1790 = EDGE_LOOP ( 'NONE', ( #5396, #5180, #4160, #5158 ) ) ;
#1791 = FILL_AREA_STYLE_COLOUR ( '', #3683 ) ;
#1792 = VERTEX_POINT ( 'NONE', #6016 ) ;
#1793 = SURFACE_STYLE_FILL_AREA ( #5690 ) ;
#1794 = CARTESIAN_POINT ( 'NONE',  ( -2.119999999999998774, 2.200000000000000178, 0.8349999999999843103 ) ) ;
#1795 = PLANE ( 'NONE',  #2389 ) ;
#1796 = EDGE_CURVE ( 'NONE', #5317, #3859, #6839, .T. ) ;
#1797 = EDGE_LOOP ( 'NONE', ( #2997, #5892, #3069, #6066 ) ) ;
#1798 = FILL_AREA_STYLE ('',( #3521 ) ) ;
#1799 = CARTESIAN_POINT ( 'NONE',  ( -2.244632334872438406, 1.744632334872438628, 1.748747270489624306 ) ) ;
#1800 = PLANE ( 'NONE',  #4205 ) ;
#1801 =( LENGTH_UNIT ( ) NAMED_UNIT ( * ) SI_UNIT ( .MILLI., .METRE. ) );
#1802 =( NAMED_UNIT ( * ) SI_UNIT ( $, .STERADIAN. ) SOLID_ANGLE_UNIT ( ) );
#1803 = SURFACE_STYLE_FILL_AREA ( #2451 ) ;
#1804 = DIRECTION ( 'NONE',  ( 0.000000000000000000, 0.000000000000000000, 1.000000000000000000 ) ) ;
#1805 = MECHANICAL_DESIGN_GEOMETRIC_PRESENTATION_REPRESENTATION (  '', ( #1380 ), #2676 ) ;
#1806 = EDGE_CURVE ( 'NONE', #371, #4831, #6181, .T. ) ;
#1807 = STYLED_ITEM ( 'NONE', ( #4137 ), #3255 ) ;
#1808 = ORIENTED_EDGE ( 'NONE', *, *, #7218, .T. ) ;
#1809 = STYLED_ITEM ( 'NONE', ( #126 ), #2704 ) ;
#1810 = CARTESIAN_POINT ( 'NONE',  ( 0.4200000000000015388, -2.999999999999999556, 1.405000000000000027 ) ) ;
#1811 = DIRECTION ( 'NONE',  ( 0.000000000000000000, 0.000000000000000000, -1.000000000000000000 ) ) ;
#1812 = CARTESIAN_POINT ( 'NONE',  ( -0.8499999999999985345, 2.575229734309892216, 1.259625067334387394 ) ) ;
#1813 = LINE ( 'NONE', #4223, #4361 ) ;
#1814 = VECTOR ( 'NONE', #7135, 1000.000000000000000 ) ;
#1815 = DIRECTION ( 'NONE',  ( 0.000000000000000000, 0.000000000000000000, -1.000000000000000000 ) ) ;
#1816 = EDGE_LOOP ( 'NONE', ( #4662, #2622, #1442, #3146 ) ) ;
#1817 = AXIS2_PLACEMENT_3D ( 'NONE', #3631, #4243, #773 ) ;
#1818 =( LENGTH_UNIT ( ) NAMED_UNIT ( * ) SI_UNIT ( .MILLI., .METRE. ) );
#1819 =( GEOMETRIC_REPRESENTATION_CONTEXT ( 3 ) GLOBAL_UNCERTAINTY_ASSIGNED_CONTEXT ( ( #1903 ) ) GLOBAL_UNIT_ASSIGNED_CONTEXT ( ( #4855, #3099, #3664 ) ) REPRESENTATION_CONTEXT ( 'NONE', 'WORKASPACE' ) );
#1820 = VECTOR ( 'NONE', #484, 1000.000000000000000 ) ;
#1821 = COLOUR_RGB ( '',0.7529411764705882248, 0.7529411764705882248, 0.7529411764705882248 ) ;
#1822 =( LENGTH_UNIT ( ) NAMED_UNIT ( * ) SI_UNIT ( .MILLI., .METRE. ) );
#1823 =( NAMED_UNIT ( * ) PLANE_ANGLE_UNIT ( ) SI_UNIT ( $, .RADIAN. ) );
#1824 = ORIENTED_EDGE ( 'NONE', *, *, #1592, .F. ) ;
#1825 = DIRECTION ( 'NONE',  ( -8.764496256919476088E-17, 0.9902680687415708061, -0.1391731009600619684 ) ) ;
#1826 = FILL_AREA_STYLE_COLOUR ( '', #4609 ) ;
#1827 = SURFACE_STYLE_FILL_AREA ( #6721 ) ;
#1828 = FILL_AREA_STYLE_COLOUR ( '', #5498 ) ;
#1829 = CARTESIAN_POINT ( 'NONE',  ( -2.119999999999998774, -2.236792614887840092, 0.9295906676744072339 ) ) ;
#1830 = VECTOR ( 'NONE', #5198, 1000.000000000000000 ) ;
#1831 = ORIENTED_EDGE ( 'NONE', *, *, #3209, .T. ) ;
#1832 = DIRECTION ( 'NONE',  ( 0.000000000000000000, 0.000000000000000000, -1.000000000000000000 ) ) ;
#1833 = PRESENTATION_LAYER_ASSIGNMENT (  '', '', ( #4311 ) ) ;
#1834 =( LENGTH_UNIT ( ) NAMED_UNIT ( * ) SI_UNIT ( .MILLI., .METRE. ) );
#1835 = CARTESIAN_POINT ( 'NONE',  ( 2.418490299558757606, 1.949570726820018862, 0.6119455626125460679 ) ) ;
#1836 = DIRECTION ( 'NONE',  ( -1.000000000000000000, -0.000000000000000000, -0.000000000000000000 ) ) ;
#1837 = LINE ( 'NONE', #6072, #5072 ) ;
#1838 = DIRECTION ( 'NONE',  ( 0.000000000000000000, -1.000000000000000000, 0.000000000000000000 ) ) ;
#1839 = VERTEX_POINT ( 'NONE', #2534 ) ;
#1840 = DIRECTION ( 'NONE',  ( 0.09889026361067741744, 0.7036407875340303653, 0.7036407875340231488 ) ) ;
#1841 = ORIENTED_EDGE ( 'NONE', *, *, #599, .F. ) ;
#1842 = MECHANICAL_DESIGN_GEOMETRIC_PRESENTATION_REPRESENTATION (  '', ( #3006 ), #3249 ) ;
#1843 = VECTOR ( 'NONE', #4896, 1000.000000000000000 ) ;
#1844 = VERTEX_POINT ( 'NONE', #4840 ) ;
#1845 =( LENGTH_UNIT ( ) NAMED_UNIT ( * ) SI_UNIT ( .MILLI., .METRE. ) );
#1846 = CARTESIAN_POINT ( 'NONE',  ( 2.449998808705153852, -1.874292006267269661, 0.8350084765032761425 ) ) ;
#1847 = PRESENTATION_STYLE_ASSIGNMENT (( #6451 ) ) ;
#1848 = ORIENTED_EDGE ( 'NONE', *, *, #2528, .T. ) ;
#1849 = ORIENTED_EDGE ( 'NONE', *, *, #2419, .F. ) ;
#1850 = SURFACE_STYLE_USAGE ( .BOTH. , #184 ) ;
#1851 = EDGE_CURVE ( 'NONE', #2059, #3166, #7170, .T. ) ;
#1852 =( GEOMETRIC_REPRESENTATION_CONTEXT ( 3 ) GLOBAL_UNCERTAINTY_ASSIGNED_CONTEXT ( ( #4440 ) ) GLOBAL_UNIT_ASSIGNED_CONTEXT ( ( #218, #318, #3179 ) ) REPRESENTATION_CONTEXT ( 'NONE', 'WORKASPACE' ) );
#1853 = CARTESIAN_POINT ( 'NONE',  ( -0.4199999999999984857, -3.000000000000000000, 1.625000000000000000 ) ) ;
#1854 = SURFACE_SIDE_STYLE ('',( #2538 ) ) ;
#1855 = CARTESIAN_POINT ( 'NONE',  ( -2.374046004575875113, -1.949999999999999956, 0.8349999999999841993 ) ) ;
#1856 = ORIENTED_EDGE ( 'NONE', *, *, #3844, .T. ) ;
#1857 =( NAMED_UNIT ( * ) SI_UNIT ( $, .STERADIAN. ) SOLID_ANGLE_UNIT ( ) );
#1858 = EDGE_CURVE ( 'NONE', #371, #1628, #1060, .T. ) ;
#1859 = AXIS2_PLACEMENT_3D ( 'NONE', #1062, #5628, #1619 ) ;
#1860 =( LENGTH_UNIT ( ) NAMED_UNIT ( * ) SI_UNIT ( .MILLI., .METRE. ) );
#1861 = MANIFOLD_SOLID_BREP ( 'LPattern1[1]', #3107 ) ;
#1862 = CIRCLE ( 'NONE', #2342, 0.1340459166400967961 ) ;
#1863 =( LENGTH_UNIT ( ) NAMED_UNIT ( * ) SI_UNIT ( .MILLI., .METRE. ) );
#1864 = FILL_AREA_STYLE_COLOUR ( '', #6213 ) ;
#1865 = SURFACE_SIDE_STYLE ('',( #684 ) ) ;
#1866 = ORIENTED_EDGE ( 'NONE', *, *, #252, .F. ) ;
#1867 = FILL_AREA_STYLE_COLOUR ( '', #3715 ) ;
#1868 = AXIS2_PLACEMENT_3D ( 'NONE', #3849, #364, #2692 ) ;
#1869 = STYLED_ITEM ( 'NONE', ( #7113 ), #329 ) ;
#1870 = STYLED_ITEM ( 'NONE', ( #4432 ), #5066 ) ;
#1871 = ORIENTED_EDGE ( 'NONE', *, *, #6132, .T. ) ;
#1872 = CARTESIAN_POINT ( 'NONE',  ( -2.373799999999999688, 1.949999999999999956, 0.8349999999999841993 ) ) ;
#1873 = ORIENTED_EDGE ( 'NONE', *, *, #2973, .T. ) ;
#1874 = VERTEX_POINT ( 'NONE', #4917 ) ;
#1875 = FILL_AREA_STYLE_COLOUR ( '', #3450 ) ;
#1876 = VECTOR ( 'NONE', #5442, 1000.000000000000000 ) ;
#1877 = PLANE ( 'NONE',  #2531 ) ;
#1878 = PLANE ( 'NONE',  #5057 ) ;
#1879 = PRESENTATION_LAYER_ASSIGNMENT (  '', '', ( #1113 ) ) ;
#1880 = FACE_OUTER_BOUND ( 'NONE', #5884, .T. ) ;
#1881 = DIRECTION ( 'NONE',  ( 1.000000000000000000, 0.000000000000000000, 0.000000000000000000 ) ) ;
#1882 = ORIENTED_EDGE ( 'NONE', *, *, #6992, .F. ) ;
#1883 = SURFACE_SIDE_STYLE ('',( #5625 ) ) ;
#1884 = SURFACE_STYLE_FILL_AREA ( #3519 ) ;
#1885 = LINE ( 'NONE', #3876, #4533 ) ;
#1886 = DIRECTION ( 'NONE',  ( 0.000000000000000000, 0.000000000000000000, -1.000000000000000000 ) ) ;
#1887 = CARTESIAN_POINT ( 'NONE',  ( -2.449996426143390860, -1.874537999305285307, 0.6149745706889138130 ) ) ;
#1888 = CARTESIAN_POINT ( 'NONE',  ( 0.8500000000000015321, -2.699598551369565058, 1.383993884394061347 ) ) ;
#1889 = ORIENTED_EDGE ( 'NONE', *, *, #3021, .T. ) ;
#1890 = EDGE_CURVE ( 'NONE', #7339, #6617, #4316, .T. ) ;
#1891 = CARTESIAN_POINT ( 'NONE',  ( 2.372786164074541571, -1.797327737236432021, 1.384404990293156557 ) ) ;
#1892 = MECHANICAL_DESIGN_GEOMETRIC_PRESENTATION_REPRESENTATION (  '', ( #1992 ), #3163 ) ;
#1893 = PLANE ( 'NONE',  #1432 ) ;
#1894 = VECTOR ( 'NONE', #2601, 1000.000000000000227 ) ;
#1895 = DIRECTION ( 'NONE',  ( 0.000000000000000000, 0.06975647374412130564, -0.9975640502598245307 ) ) ;
#1896 = ORIENTED_EDGE ( 'NONE', *, *, #842, .F. ) ;
#1897 = CARTESIAN_POINT ( 'NONE',  ( 2.374046004575877777, -1.949999999999999289, 0.6150000000000139799 ) ) ;
#1898 = AXIS2_PLACEMENT_3D ( 'NONE', #5844, #43, #5791 ) ;
#1899 =( LENGTH_UNIT ( ) NAMED_UNIT ( * ) SI_UNIT ( .MILLI., .METRE. ) );
#1900 = EDGE_CURVE ( 'NONE', #6909, #4393, #3956, .T. ) ;
#1901 = AXIS2_PLACEMENT_3D ( 'NONE', #7435, #586, #555 ) ;
#1902 = SURFACE_SIDE_STYLE ('',( #3007 ) ) ;
#1903 = UNCERTAINTY_MEASURE_WITH_UNIT (LENGTH_MEASURE( 1.000000000000000082E-05 ), #4855, 'distance_accuracy_value', 'NONE');
#1904 = VECTOR ( 'NONE', #4622, 1000.000000000000114 ) ;
#1905 = DIRECTION ( 'NONE',  ( 0.000000000000000000, 0.000000000000000000, 1.000000000000000000 ) ) ;
#1906 = FACE_OUTER_BOUND ( 'NONE', #1288, .T. ) ;
#1907 = DIRECTION ( 'NONE',  ( 0.000000000000000000, 0.000000000000000000, 1.000000000000000000 ) ) ;
#1908 = DIRECTION ( 'NONE',  ( 0.000000000000000000, 0.000000000000000000, -1.000000000000000000 ) ) ;
#1909 =( GEOMETRIC_REPRESENTATION_CONTEXT ( 3 ) GLOBAL_UNCERTAINTY_ASSIGNED_CONTEXT ( ( #520 ) ) GLOBAL_UNIT_ASSIGNED_CONTEXT ( ( #6880, #7391, #5099 ) ) REPRESENTATION_CONTEXT ( 'NONE', 'WORKASPACE' ) );
#1910 = ORIENTED_EDGE ( 'NONE', *, *, #200, .F. ) ;
#1911 = DIRECTION ( 'NONE',  ( 1.000000000000000000, 0.000000000000000000, 0.000000000000000000 ) ) ;
#1912 = AXIS2_PLACEMENT_3D ( 'NONE', #4227, #6460, #3053 ) ;
#1913 = UNCERTAINTY_MEASURE_WITH_UNIT (LENGTH_MEASURE( 1.000000000000000082E-05 ), #3812, 'distance_accuracy_value', 'NONE');
#1914 = DIRECTION ( 'NONE',  ( 0.000000000000000000, 0.000000000000000000, 1.000000000000000000 ) ) ;
#1915 = FILL_AREA_STYLE ('',( #5440 ) ) ;
#1916 = SURFACE_SIDE_STYLE ('',( #2599 ) ) ;
#1917 = EDGE_LOOP ( 'NONE', ( #583, #990, #1435 ) ) ;
#1918 = DIRECTION ( 'NONE',  ( 0.000000000000000000, -0.06975647374412130564, -0.9975640502598245307 ) ) ;
#1919 = COLOUR_RGB ( '',0.2509803921568627416, 0.2509803921568627416, 0.2509803921568627416 ) ;
#1920 = SURFACE_STYLE_USAGE ( .BOTH. , #6533 ) ;
#1921 = EDGE_LOOP ( 'NONE', ( #2770, #5108, #5247, #284 ) ) ;
#1922 = FILL_AREA_STYLE_COLOUR ( '', #5780 ) ;
#1923 = VECTOR ( 'NONE', #1618, 1000.000000000000000 ) ;
#1924 = FILL_AREA_STYLE_COLOUR ( '', #1277 ) ;
#1925 = PRESENTATION_STYLE_ASSIGNMENT (( #683 ) ) ;
#1926 = COLOUR_RGB ( '',0.7529411764705882248, 0.7529411764705882248, 0.7529411764705882248 ) ;
#1927 = VECTOR ( 'NONE', #1650, 1000.000000000000114 ) ;
#1928 = DIRECTION ( 'NONE',  ( 1.000000000000000000, 0.000000000000000000, 0.000000000000000000 ) ) ;
#1929 = ORIENTED_EDGE ( 'NONE', *, *, #1461, .F. ) ;
#1930 = CARTESIAN_POINT ( 'NONE',  ( -2.119999999999998774, -2.236792614887840092, 0.6150000000000157563 ) ) ;
#1931 = DIRECTION ( 'NONE',  ( -0.000000000000000000, 0.9975640502598244197, 0.06975647374412252688 ) ) ;
#1932 = LINE ( 'NONE', #7172, #4833 ) ;
#1933 = CARTESIAN_POINT ( 'NONE',  ( -0.4199999999999984857, -2.550616955507048367, 0.9076459320246326179 ) ) ;
#1934 = EDGE_CURVE ( 'NONE', #2979, #4512, #7086, .T. ) ;
#1935 = PRESENTATION_STYLE_ASSIGNMENT (( #2887 ) ) ;
#1936 = ORIENTED_EDGE ( 'NONE', *, *, #2502, .T. ) ;
#1937 = VECTOR ( 'NONE', #5634, 1000.000000000000000 ) ;
#1938 =( LENGTH_UNIT ( ) NAMED_UNIT ( * ) SI_UNIT ( .MILLI., .METRE. ) );
#1939 = DIRECTION ( 'NONE',  ( 0.000000000000000000, 0.000000000000000000, -1.000000000000000000 ) ) ;
#1940 = VERTEX_POINT ( 'NONE', #5823 ) ;
#1941 =( NAMED_UNIT ( * ) SI_UNIT ( $, .STERADIAN. ) SOLID_ANGLE_UNIT ( ) );
#1942 = CARTESIAN_POINT ( 'NONE',  ( -0.4199999999999984857, 2.699598551369565502, 1.383993884394061347 ) ) ;
#1943 = EDGE_CURVE ( 'NONE', #4413, #493, #5632, .T. ) ;
#1944 = STYLED_ITEM ( 'NONE', ( #6708 ), #3371 ) ;
#1945 = DIRECTION ( 'NONE',  ( 2.224004456380521903E-16, -1.000000000000000000, 0.000000000000000000 ) ) ;
#1946 = CARTESIAN_POINT ( 'NONE',  ( 2.120000000000001439, -2.699598551369565058, 1.383993884394061347 ) ) ;
#1947 = PLANE ( 'NONE',  #7304 ) ;
#1948 = PRESENTATION_STYLE_ASSIGNMENT (( #4094 ) ) ;
#1949 =( NAMED_UNIT ( * ) SI_UNIT ( $, .STERADIAN. ) SOLID_ANGLE_UNIT ( ) );
#1950 = FILL_AREA_STYLE_COLOUR ( '', #5330 ) ;
#1951 = AXIS2_PLACEMENT_3D ( 'NONE', #741, #894, #5348 ) ;
#1952 = VERTEX_POINT ( 'NONE', #2796 ) ;
#1953 = UNCERTAINTY_MEASURE_WITH_UNIT (LENGTH_MEASURE( 1.000000000000000082E-05 ), #5332, 'distance_accuracy_value', 'NONE');
#1954 = EDGE_CURVE ( 'NONE', #6491, #6340, #7263, .T. ) ;
#1955 =( BOUNDED_CURVE ( )  B_SPLINE_CURVE ( 3, ( #1887, #3653, #4798, #3709 ),
 .UNSPECIFIED., .F., .T. ) 
 B_SPLINE_CURVE_WITH_KNOTS ( ( 4, 4 ),
 ( 3.131907471921310915, 3.141592653589793116 ),
 .UNSPECIFIED. ) 
 CURVE ( )  GEOMETRIC_REPRESENTATION_ITEM ( )  RATIONAL_B_SPLINE_CURVE ( ( 1.000000000000000000, 0.9999921831199466427, 0.9999921831199466427, 1.000000000000000000 ) ) 
 REPRESENTATION_ITEM ( '' )  );
#1956 = CIRCLE ( 'NONE', #1492, 0.07620000000000004547 ) ;
#1957 =( GEOMETRIC_REPRESENTATION_CONTEXT ( 3 ) GLOBAL_UNCERTAINTY_ASSIGNED_CONTEXT ( ( #6887 ) ) GLOBAL_UNIT_ASSIGNED_CONTEXT ( ( #2394, #63, #6905 ) ) REPRESENTATION_CONTEXT ( 'NONE', 'WORKASPACE' ) );
#1958 =( LENGTH_UNIT ( ) NAMED_UNIT ( * ) SI_UNIT ( .MILLI., .METRE. ) );
#1959 = EDGE_LOOP ( 'NONE', ( #6907, #2742, #4268, #5803 ) ) ;
#1960 = CARTESIAN_POINT ( 'NONE',  ( 0.4200000000000015388, -2.199999999999999734, 0.9690459166400811064 ) ) ;
#1961 = VERTEX_POINT ( 'NONE', #1685 ) ;
#1962 = DIRECTION ( 'NONE',  ( 1.000000000000000000, 0.000000000000000000, 0.000000000000000000 ) ) ;
#1963 = ADVANCED_FACE ( 'NONE', ( #6896 ), #3583, .T. ) ;
#1964 = PLANE ( 'NONE',  #813 ) ;
#1965 = ORIENTED_EDGE ( 'NONE', *, *, #5423, .F. ) ;
#1966 = SURFACE_SIDE_STYLE ('',( #3866 ) ) ;
#1967 =( NAMED_UNIT ( * ) PLANE_ANGLE_UNIT ( ) SI_UNIT ( $, .RADIAN. ) );
#1968 = ORIENTED_EDGE ( 'NONE', *, *, #7204, .F. ) ;
#1969 = STYLED_ITEM ( 'NONE', ( #7394 ), #829 ) ;
#1970 = CARTESIAN_POINT ( 'NONE',  ( 1.690000000000001723, 2.358120395030566474, 1.308646010850337271 ) ) ;
#1971 = VECTOR ( 'NONE', #1296, 1000.000000000000000 ) ;
#1972 = STYLED_ITEM ( 'NONE', ( #3062 ), #5103 ) ;
#1973 = PLANE ( 'NONE',  #357 ) ;
#1974 =( LENGTH_UNIT ( ) NAMED_UNIT ( * ) SI_UNIT ( .MILLI., .METRE. ) );
#1975 = EDGE_LOOP ( 'NONE', ( #3484, #1337, #6222, #3415 ) ) ;
#1976 = FACE_OUTER_BOUND ( 'NONE', #1921, .T. ) ;
#1977 =( LENGTH_UNIT ( ) NAMED_UNIT ( * ) SI_UNIT ( .MILLI., .METRE. ) );
#1978 = CARTESIAN_POINT ( 'NONE',  ( 0.8500000000000015321, 1.949999999999999734, 0.6150000000000157563 ) ) ;
#1979 = CLOSED_SHELL ( 'NONE', ( #3421, #3776, #6374, #2800, #5066, #4384, #7245, #2320, #4527, #528, #4844, #38, #1171, #4370 ) ) ;
#1980 = CYLINDRICAL_SURFACE ( 'NONE', #6778, 0.07619999999999998996 ) ;
#1981 =( LENGTH_UNIT ( ) NAMED_UNIT ( * ) SI_UNIT ( .MILLI., .METRE. ) );
#1982 = SURFACE_SIDE_STYLE ('',( #5127 ) ) ;
#1983 = FACE_OUTER_BOUND ( 'NONE', #423, .T. ) ;
#1984 = DIRECTION ( 'NONE',  ( 0.000000000000000000, -0.000000000000000000, 1.000000000000000000 ) ) ;
#1985 = COLOUR_RGB ( '',0.7529411764705882248, 0.7529411764705882248, 0.7529411764705882248 ) ;
#1986 = LINE ( 'NONE', #3225, #5765 ) ;
#1987 = VECTOR ( 'NONE', #1079, 1000.000000000000000 ) ;
#1988 =( NAMED_UNIT ( * ) PLANE_ANGLE_UNIT ( ) SI_UNIT ( $, .RADIAN. ) );
#1989 = CARTESIAN_POINT ( 'NONE',  ( -2.374046004575876445, 1.949999999999999956, 0.6150000000000157563 ) ) ;
#1990 = LINE ( 'NONE', #3777, #4970 ) ;
#1991 = EDGE_CURVE ( 'NONE', #744, #5592, #4836, .T. ) ;
#1992 = STYLED_ITEM ( 'NONE', ( #3317 ), #1730 ) ;
#1993 = COLOUR_RGB ( '',0.7529411764705882248, 0.7529411764705882248, 0.7529411764705882248 ) ;
#1994 = ORIENTED_EDGE ( 'NONE', *, *, #4717, .T. ) ;
#1995 = VERTEX_POINT ( 'NONE', #1659 ) ;
#1996 = UNCERTAINTY_MEASURE_WITH_UNIT (LENGTH_MEASURE( 1.000000000000000082E-05 ), #5043, 'distance_accuracy_value', 'NONE');
#1997 = FILL_AREA_STYLE ('',( #5373 ) ) ;
#1998 = FACE_OUTER_BOUND ( 'NONE', #605, .T. ) ;
#1999 =( NAMED_UNIT ( * ) PLANE_ANGLE_UNIT ( ) SI_UNIT ( $, .RADIAN. ) );
#2000 = EDGE_CURVE ( 'NONE', #5566, #6064, #7081, .T. ) ;
#2001 = AXIS2_PLACEMENT_3D ( 'NONE', #6854, #5075, #7445 ) ;
#2002 =( GEOMETRIC_REPRESENTATION_CONTEXT ( 3 ) GLOBAL_UNCERTAINTY_ASSIGNED_CONTEXT ( ( #6572 ) ) GLOBAL_UNIT_ASSIGNED_CONTEXT ( ( #2260, #6300, #6874 ) ) REPRESENTATION_CONTEXT ( 'NONE', 'WORKASPACE' ) );
#2003 = VERTEX_POINT ( 'NONE', #3367 ) ;
#2004 = SURFACE_SIDE_STYLE ('',( #3025 ) ) ;
#2005 = DIRECTION ( 'NONE',  ( 1.000000000000000000, 0.000000000000000000, 0.000000000000000000 ) ) ;
#2006 = PRESENTATION_LAYER_ASSIGNMENT (  '', '', ( #6637 ) ) ;
#2007 = VECTOR ( 'NONE', #881, 1000.000000000000000 ) ;
#2008 = MECHANICAL_DESIGN_GEOMETRIC_PRESENTATION_REPRESENTATION (  '', ( #5864 ), #1388 ) ;
#2009 = STYLED_ITEM ( 'NONE', ( #6665 ), #4517 ) ;
#2010 = ORIENTED_EDGE ( 'NONE', *, *, #5412, .T. ) ;
#2011 = DIRECTION ( 'NONE',  ( 1.000000000000000000, 8.850629979473502314E-17, 0.000000000000000000 ) ) ;
#2012 = CARTESIAN_POINT ( 'NONE',  ( -0.8499999999999985345, 1.949999999999999734, 0.6150000000000157563 ) ) ;
#2013 = ORIENTED_EDGE ( 'NONE', *, *, #5899, .F. ) ;
#2014 = DIRECTION ( 'NONE',  ( 1.000000000000000000, 0.000000000000000000, 0.000000000000000000 ) ) ;
#2015 = COLOUR_RGB ( '',0.7529411764705882248, 0.7529411764705882248, 0.7529411764705882248 ) ;
#2016 = VECTOR ( 'NONE', #2005, 1000.000000000000000 ) ;
#2017 =( NAMED_UNIT ( * ) PLANE_ANGLE_UNIT ( ) SI_UNIT ( $, .RADIAN. ) );
#2018 = AXIS2_PLACEMENT_3D ( 'NONE', #2733, #7360, #6798 ) ;
#2019 =( LENGTH_UNIT ( ) NAMED_UNIT ( * ) SI_UNIT ( .MILLI., .METRE. ) );
#2020 = EDGE_CURVE ( 'NONE', #5827, #6517, #1499, .T. ) ;
#2021 =( NAMED_UNIT ( * ) PLANE_ANGLE_UNIT ( ) SI_UNIT ( $, .RADIAN. ) );
#2022 = ORIENTED_EDGE ( 'NONE', *, *, #3221, .F. ) ;
#2023 = SURFACE_STYLE_FILL_AREA ( #5879 ) ;
#2024 = LINE ( 'NONE', #2090, #5805 ) ;
#2025 =( NAMED_UNIT ( * ) SI_UNIT ( $, .STERADIAN. ) SOLID_ANGLE_UNIT ( ) );
#2026 = DIRECTION ( 'NONE',  ( 0.000000000000000000, 0.000000000000000000, -1.000000000000000000 ) ) ;
#2027 = EDGE_CURVE ( 'NONE', #1438, #6582, #589, .T. ) ;
#2028 = ADVANCED_FACE ( 'NONE', ( #5097 ), #7453, .F. ) ;
#2029 = SURFACE_SIDE_STYLE ('',( #2046 ) ) ;
#2030 = DIRECTION ( 'NONE',  ( 0.000000000000000000, 0.000000000000000000, 1.000000000000000000 ) ) ;
#2031 = VECTOR ( 'NONE', #6344, 1000.000000000000000 ) ;
#2032 = CARTESIAN_POINT ( 'NONE',  ( 1.690000000000001723, -2.199999999999999734, 0.8349999999999841993 ) ) ;
#2033 = CYLINDRICAL_SURFACE ( 'NONE', #4416, 0.3145906676743915886 ) ;
#2034 = AXIS2_PLACEMENT_3D ( 'NONE', #3030, #3585, #192 ) ;
#2035 = EDGE_CURVE ( 'NONE', #3741, #5600, #6712, .T. ) ;
#2036 = AXIS2_PLACEMENT_3D ( 'NONE', #3345, #1584, #1020 ) ;
#2037 = CARTESIAN_POINT ( 'NONE',  ( 2.297327737236434242, 0.000000000000000000, 0.07619999999999998996 ) ) ;
#2038 =( NAMED_UNIT ( * ) SI_UNIT ( $, .STERADIAN. ) SOLID_ANGLE_UNIT ( ) );
#2039 = DIRECTION ( 'NONE',  ( 0.000000000000000000, 1.000000000000000000, 0.000000000000000000 ) ) ;
#2040 = CARTESIAN_POINT ( 'NONE',  ( -2.119999999999998774, -2.358120395030566918, 1.308646010850337271 ) ) ;
#2041 =( NAMED_UNIT ( * ) SI_UNIT ( $, .STERADIAN. ) SOLID_ANGLE_UNIT ( ) );
#2042 =( NAMED_UNIT ( * ) SI_UNIT ( $, .STERADIAN. ) SOLID_ANGLE_UNIT ( ) );
#2043 = EDGE_LOOP ( 'NONE', ( #5083, #1782, #87, #4399 ) ) ;
#2044 = UNCERTAINTY_MEASURE_WITH_UNIT (LENGTH_MEASURE( 1.000000000000000082E-05 ), #3344, 'distance_accuracy_value', 'NONE');
#2045 = UNCERTAINTY_MEASURE_WITH_UNIT (LENGTH_MEASURE( 1.000000000000000082E-05 ), #6875, 'distance_accuracy_value', 'NONE');
#2046 = SURFACE_STYLE_FILL_AREA ( #2592 ) ;
#2047 = EDGE_LOOP ( 'NONE', ( #608, #919, #3584, #1333 ) ) ;
#2049 = ORIENTED_EDGE ( 'NONE', *, *, #6323, .T. ) ;
#2048 = DIRECTION ( 'NONE',  ( 1.000000000000000000, 0.000000000000000000, 0.000000000000000000 ) ) ;
#2050 = MECHANICAL_DESIGN_GEOMETRIC_PRESENTATION_REPRESENTATION (  '', ( #3783 ), #4913 ) ;
#2051 = VECTOR ( 'NONE', #5465, 1000.000000000000000 ) ;
#2052 = MECHANICAL_DESIGN_GEOMETRIC_PRESENTATION_REPRESENTATION (  '', ( #7361 ), #2431 ) ;
#2053 = STYLED_ITEM ( 'NONE', ( #279 ), #38 ) ;
#2054 = AXIS2_PLACEMENT_3D ( 'NONE', #4463, #5041, #453 ) ;
#2055 = ORIENTED_EDGE ( 'NONE', *, *, #3453, .T. ) ;
#2056 = PRESENTATION_STYLE_ASSIGNMENT (( #2851 ) ) ;
#2057 =( NAMED_UNIT ( * ) PLANE_ANGLE_UNIT ( ) SI_UNIT ( $, .RADIAN. ) );
#2058 = CARTESIAN_POINT ( 'NONE',  ( -2.373800000000000132, 1.949999999999999956, 0.6150000000000157563 ) ) ;
#2059 = VERTEX_POINT ( 'NONE', #7425 ) ;
#2060 = FILL_AREA_STYLE ('',( #7294 ) ) ;
#2061 = CARTESIAN_POINT ( 'NONE',  ( 1.690000000000001723, 2.575229734309891771, 1.259625067334387394 ) ) ;
#2062 = COLOUR_RGB ( '',0.7529411764705882248, 0.7529411764705882248, 0.7529411764705882248 ) ;
#2063 = SURFACE_SIDE_STYLE ('',( #4701 ) ) ;
#2064 = ADVANCED_FACE ( 'NONE', ( #3299 ), #5665, .T. ) ;
#2065 = FILL_AREA_STYLE ('',( #5522 ) ) ;
#2066 = FILL_AREA_STYLE ('',( #5524 ) ) ;
#2067 = DIRECTION ( 'NONE',  ( 1.000000000000000000, -0.000000000000000000, -0.000000000000000000 ) ) ;
#2068 = FACE_OUTER_BOUND ( 'NONE', #1975, .T. ) ;
#2069 = STYLED_ITEM ( 'NONE', ( #5297 ), #1581 ) ;
#2070 = ORIENTED_EDGE ( 'NONE', *, *, #6728, .F. ) ;
#2071 = FILL_AREA_STYLE ('',( #7240 ) ) ;
#2072 = FILL_AREA_STYLE_COLOUR ( '', #2062 ) ;
#2073 = DIRECTION ( 'NONE',  ( 0.000000000000000000, 0.000000000000000000, 1.000000000000000000 ) ) ;
#2074 = LINE ( 'NONE', #3324, #1626 ) ;
#2075 =( NAMED_UNIT ( * ) SI_UNIT ( $, .STERADIAN. ) SOLID_ANGLE_UNIT ( ) );
#2076 = LINE ( 'NONE', #3819, #273 ) ;
#2077 = CARTESIAN_POINT ( 'NONE',  ( 2.449570726820019306, -1.918490299558755829, 0.6119455626125448466 ) ) ;
#2078 = COLOUR_RGB ( '',0.7529411764705882248, 0.7529411764705882248, 0.7529411764705882248 ) ;
#2079 = CARTESIAN_POINT ( 'NONE',  ( 1.690000000000001723, -2.999999999999999556, 1.625000000000000000 ) ) ;
#2080 =( NAMED_UNIT ( * ) PLANE_ANGLE_UNIT ( ) SI_UNIT ( $, .RADIAN. ) );
#2081 = DIRECTION ( 'NONE',  ( 3.999335388641868531E-16, -1.000000000000000000, 2.845674993400275912E-15 ) ) ;
#2082 = EDGE_CURVE ( 'NONE', #6125, #2562, #5511, .T. ) ;
#2083 = SURFACE_STYLE_FILL_AREA ( #6463 ) ;
#2084 =( LENGTH_UNIT ( ) NAMED_UNIT ( * ) SI_UNIT ( .MILLI., .METRE. ) );
#2085 = AXIS2_PLACEMENT_3D ( 'NONE', #2249, #5769, #4029 ) ;
#2086 = ORIENTED_EDGE ( 'NONE', *, *, #3198, .F. ) ;
#2087 = UNCERTAINTY_MEASURE_WITH_UNIT (LENGTH_MEASURE( 1.000000000000000082E-05 ), #7196, 'distance_accuracy_value', 'NONE');
#2088 = DIRECTION ( 'NONE',  ( -0.000000000000000000, 0.000000000000000000, -1.000000000000000000 ) ) ;
#2089 = SURFACE_STYLE_FILL_AREA ( #418 ) ;
#2090 = CARTESIAN_POINT ( 'NONE',  ( -0.8499999999999985345, -2.200000000000000178, 0.8349999999999843103 ) ) ;
#2091 = EDGE_LOOP ( 'NONE', ( #5930, #6078, #7438, #523 ) ) ;
#2092 = STYLED_ITEM ( 'NONE', ( #7259 ), #5613 ) ;
#2093 = FILL_AREA_STYLE_COLOUR ( '', #4394 ) ;
#2094 = VECTOR ( 'NONE', #4975, 1000.000000000000000 ) ;
#2095 = EDGE_CURVE ( 'NONE', #5648, #1385, #6889, .T. ) ;
#2096 = CYLINDRICAL_SURFACE ( 'NONE', #5618, 0.07619999999999979567 ) ;
#2097 = SURFACE_STYLE_USAGE ( .BOTH. , #2739 ) ;
#2098 = ORIENTED_EDGE ( 'NONE', *, *, #3962, .F. ) ;
#2099 = EDGE_LOOP ( 'NONE', ( #2862, #5331, #5843, #3373, #5454, #5550, #2201, #7368, #1211, #7273, #5724, #2022 ) ) ;
#2100 = CARTESIAN_POINT ( 'NONE',  ( 0.8500000000000015321, 2.199999999999999734, 0.8349999999999841993 ) ) ;
#2101 = LINE ( 'NONE', #5150, #1927 ) ;
#2102 = FILL_AREA_STYLE ('',( #2668 ) ) ;
#2103 =( GEOMETRIC_REPRESENTATION_CONTEXT ( 3 ) GLOBAL_UNCERTAINTY_ASSIGNED_CONTEXT ( ( #3498 ) ) GLOBAL_UNIT_ASSIGNED_CONTEXT ( ( #2465, #4217, #5996 ) ) REPRESENTATION_CONTEXT ( 'NONE', 'WORKASPACE' ) );
#2104 = ADVANCED_FACE ( 'NONE', ( #4045 ), #5229, .F. ) ;
#2105 = PRESENTATION_LAYER_ASSIGNMENT (  '', '', ( #1723 ) ) ;
#2106 = VECTOR ( 'NONE', #707, 1000.000000000000000 ) ;
#2107 = VERTEX_POINT ( 'NONE', #2405 ) ;
#2108 = TOROIDAL_SURFACE ( 'NONE', #4770, 0.5000000000000001110, 0.05000000000000000278 ) ;
#2109 = FACE_OUTER_BOUND ( 'NONE', #3591, .T. ) ;
#2110 =( NAMED_UNIT ( * ) PLANE_ANGLE_UNIT ( ) SI_UNIT ( $, .RADIAN. ) );
#2111 = CARTESIAN_POINT ( 'NONE',  ( 1.690000000000001723, 1.949999999999999512, 0.6150000000000157563 ) ) ;
#2112 = VECTOR ( 'NONE', #6870, 1000.000000000000227 ) ;
#2113 = ORIENTED_EDGE ( 'NONE', *, *, #5022, .F. ) ;
#2114 = DIRECTION ( 'NONE',  ( 0.000000000000000000, 0.06975647374412537183, -0.9975640502598243087 ) ) ;
#2115 =( GEOMETRIC_REPRESENTATION_CONTEXT ( 3 ) GLOBAL_UNCERTAINTY_ASSIGNED_CONTEXT ( ( #1502 ) ) GLOBAL_UNIT_ASSIGNED_CONTEXT ( ( #2414, #6456, #5889 ) ) REPRESENTATION_CONTEXT ( 'NONE', 'WORKASPACE' ) );
#2116 = DIRECTION ( 'NONE',  ( 0.000000000000000000, 0.000000000000000000, 1.000000000000000000 ) ) ;
#2117 =( NAMED_UNIT ( * ) SI_UNIT ( $, .STERADIAN. ) SOLID_ANGLE_UNIT ( ) );
#2118 = EDGE_CURVE ( 'NONE', #1540, #5576, #492, .T. ) ;
#2119 = PLANE ( 'NONE',  #5662 ) ;
#2120 = CARTESIAN_POINT ( 'NONE',  ( 0.4200000000000015388, 1.949999999999999734, 0.8349999999999841993 ) ) ;
#2121 = CARTESIAN_POINT ( 'NONE',  ( -0.4199999999999984857, -2.699598551369565502, 1.383993884394061347 ) ) ;
#2122 = SURFACE_STYLE_USAGE ( .BOTH. , #6166 ) ;
#2123 = EDGE_CURVE ( 'NONE', #2779, #1741, #4039, .T. ) ;
#2124 = AXIS2_PLACEMENT_3D ( 'NONE', #7083, #938, #4819 ) ;
#2125 = VERTEX_POINT ( 'NONE', #1160 ) ;
#2126 = CARTESIAN_POINT ( 'NONE',  ( -0.8499999999999985345, 3.000000000000000000, 1.625000000000000000 ) ) ;
#2127 = ORIENTED_EDGE ( 'NONE', *, *, #787, .F. ) ;
#2128 = CIRCLE ( 'NONE', #2788, 0.3145906676743915886 ) ;
#2129 = CARTESIAN_POINT ( 'NONE',  ( 2.374537999305285751, -1.949996426143391304, 0.8350254293110863646 ) ) ;
#2130 = EDGE_LOOP ( 'NONE', ( #6350, #681, #4563, #5356 ) ) ;
#2131 =( NAMED_UNIT ( * ) SI_UNIT ( $, .STERADIAN. ) SOLID_ANGLE_UNIT ( ) );
#2132 = PLANE ( 'NONE',  #4994 ) ;
#2133 = LINE ( 'NONE', #739, #7274 ) ;
#2134 =( GEOMETRIC_REPRESENTATION_CONTEXT ( 3 ) GLOBAL_UNCERTAINTY_ASSIGNED_CONTEXT ( ( #1953 ) ) GLOBAL_UNIT_ASSIGNED_CONTEXT ( ( #5332, #6485, #2477 ) ) REPRESENTATION_CONTEXT ( 'NONE', 'WORKASPACE' ) );
#2135 = VERTEX_POINT ( 'NONE', #7025 ) ;
#2136 = UNCERTAINTY_MEASURE_WITH_UNIT (LENGTH_MEASURE( 1.000000000000000082E-05 ), #1, 'distance_accuracy_value', 'NONE');
#2137 = EDGE_CURVE ( 'NONE', #7380, #1952, #7344, .T. ) ;
#2138 = PRESENTATION_LAYER_ASSIGNMENT (  '', '', ( #4585 ) ) ;
#2139 = MECHANICAL_DESIGN_GEOMETRIC_PRESENTATION_REPRESENTATION (  '', ( #3611 ), #6676 ) ;
#2140 = SURFACE_STYLE_USAGE ( .BOTH. , #1633 ) ;
#2141 = ADVANCED_FACE ( 'NONE', ( #2755 ), #4414, .T. ) ;
#2142 =( NAMED_UNIT ( * ) SI_UNIT ( $, .STERADIAN. ) SOLID_ANGLE_UNIT ( ) );
#2143 = ORIENTED_EDGE ( 'NONE', *, *, #6269, .T. ) ;
#2144 =( LENGTH_UNIT ( ) NAMED_UNIT ( * ) SI_UNIT ( .MILLI., .METRE. ) );
#2145 = COLOUR_RGB ( '',0.2509803921568627416, 0.2509803921568627416, 0.2509803921568627416 ) ;
#2146 = PLANE ( 'NONE',  #2018 ) ;
#2147 = COLOUR_RGB ( '',0.2509803921568627416, 0.2509803921568627416, 0.2509803921568627416 ) ;
#2148 = CARTESIAN_POINT ( 'NONE',  ( 0.4200000000000015388, -2.699598551369565058, 1.383993884394061347 ) ) ;
#2149 = CARTESIAN_POINT ( 'NONE',  ( 1.690000000000001723, 2.999999999999999556, 1.405000000000000027 ) ) ;
#2150 = PRODUCT_RELATED_PRODUCT_CATEGORY ( 'part', '', ( #6379 ) ) ;
#2151 = PRESENTATION_LAYER_ASSIGNMENT (  '', '', ( #5619 ) ) ;
#2152 = COLOUR_RGB ( '',0.7529411764705882248, 0.7529411764705882248, 0.7529411764705882248 ) ;
#2153 =( GEOMETRIC_REPRESENTATION_CONTEXT ( 3 ) GLOBAL_UNCERTAINTY_ASSIGNED_CONTEXT ( ( #7117 ) ) GLOBAL_UNIT_ASSIGNED_CONTEXT ( ( #1974, #204, #3605 ) ) REPRESENTATION_CONTEXT ( 'NONE', 'WORKASPACE' ) );
#2154 = ADVANCED_FACE ( 'NONE', ( #581 ), #4257, .F. ) ;
#2155 = ORIENTED_EDGE ( 'NONE', *, *, #252, .T. ) ;
#2156 = SURFACE_SIDE_STYLE ('',( #3111 ) ) ;
#2157 =( NAMED_UNIT ( * ) SI_UNIT ( $, .STERADIAN. ) SOLID_ANGLE_UNIT ( ) );
#2158 = FACE_OUTER_BOUND ( 'NONE', #1959, .T. ) ;
#2159 = SURFACE_STYLE_FILL_AREA ( #2526 ) ;
#2160 = DIRECTION ( 'NONE',  ( 0.000000000000000000, 0.000000000000000000, -1.000000000000000000 ) ) ;
#2161 = ORIENTED_EDGE ( 'NONE', *, *, #2280, .T. ) ;
#2162 = SURFACE_SIDE_STYLE ('',( #1375 ) ) ;
#2163 = CARTESIAN_POINT ( 'NONE',  ( -0.8499999999999985345, 2.236792614887840092, 0.9295906676744072339 ) ) ;
#2164 = LINE ( 'NONE', #6033, #5049 ) ;
#2165 = CARTESIAN_POINT ( 'NONE',  ( -2.372786164074539794, 1.797327737236432466, 1.384404990293156557 ) ) ;
#2166 = EDGE_CURVE ( 'NONE', #1378, #5652, #1664, .T. ) ;
#2167 = CIRCLE ( 'NONE', #2233, 0.07620000000000000384 ) ;
#2168 = LINE ( 'NONE', #511, #2994 ) ;
#2169 =( LENGTH_UNIT ( ) NAMED_UNIT ( * ) SI_UNIT ( .MILLI., .METRE. ) );
#2170 = DIRECTION ( 'NONE',  ( -0.000000000000000000, -1.000000000000000000, -0.000000000000000000 ) ) ;
#2171 = CARTESIAN_POINT ( 'NONE',  ( -2.449996426143390860, -1.874537999305284197, 0.8350254293110863646 ) ) ;
#2172 = ORIENTED_EDGE ( 'NONE', *, *, #1520, .T. ) ;
#2173 = DIRECTION ( 'NONE',  ( 0.000000000000000000, 0.000000000000000000, -1.000000000000000000 ) ) ;
#2174 = SURFACE_STYLE_USAGE ( .BOTH. , #5044 ) ;
#2175 = LINE ( 'NONE', #4275, #4625 ) ;
#2176 =( NAMED_UNIT ( * ) SI_UNIT ( $, .STERADIAN. ) SOLID_ANGLE_UNIT ( ) );
#2177 = EDGE_CURVE ( 'NONE', #420, #1778, #3576, .T. ) ;
#2178 = LINE ( 'NONE', #4396, #3369 ) ;
#2179 = CARTESIAN_POINT ( 'NONE',  ( 1.690000000000001723, -2.999999999999999556, 1.405000000000000027 ) ) ;
#2180 =( LENGTH_UNIT ( ) NAMED_UNIT ( * ) SI_UNIT ( .MILLI., .METRE. ) );
#2181 = PRESENTATION_STYLE_ASSIGNMENT (( #4482 ) ) ;
#2182 = CIRCLE ( 'NONE', #1901, 0.1340459166400966851 ) ;
#2183 = UNCERTAINTY_MEASURE_WITH_UNIT (LENGTH_MEASURE( 1.000000000000000082E-05 ), #4989, 'distance_accuracy_value', 'NONE');
#2184 = STYLED_ITEM ( 'NONE', ( #3826 ), #6867 ) ;
#2185 = EDGE_CURVE ( 'NONE', #1707, #6736, #2659, .T. ) ;
#2186 = STYLED_ITEM ( 'NONE', ( #1041 ), #3289 ) ;
#2187 = STYLED_ITEM ( 'NONE', ( #6436 ), #2296 ) ;
#2188 = CARTESIAN_POINT ( 'NONE',  ( 1.590748275412404479E-16, -1.797327737236432244, 1.373799999999999910 ) ) ;
#2189 = LINE ( 'NONE', #2079, #7416 ) ;
#2190 = CARTESIAN_POINT ( 'NONE',  ( 0.4200000000000015388, -2.699598551369565058, 1.383993884394061347 ) ) ;
#2191 = ORIENTED_EDGE ( 'NONE', *, *, #3711, .T. ) ;
#2192 =( NAMED_UNIT ( * ) PLANE_ANGLE_UNIT ( ) SI_UNIT ( $, .RADIAN. ) );
#2193 = LINE ( 'NONE', #2179, #1923 ) ;
#2194 = ADVANCED_FACE ( 'NONE', ( #5357 ), #772, .F. ) ;
#2195 = SURFACE_SIDE_STYLE ('',( #7026 ) ) ;
#2196 = CARTESIAN_POINT ( 'NONE',  ( -2.449999999999998845, -1.949999999999999956, 0.6150000000000157563 ) ) ;
#2197 = CARTESIAN_POINT ( 'NONE',  ( -0.4199999999999984857, -2.708949121834177909, 1.250274496869775653 ) ) ;
#2198 = MECHANICAL_DESIGN_GEOMETRIC_PRESENTATION_REPRESENTATION (  '', ( #1565 ), #5673 ) ;
#2199 = VERTEX_POINT ( 'NONE', #2428 ) ;
#2200 = EDGE_CURVE ( 'NONE', #3985, #2003, #2569, .T. ) ;
#2201 = ORIENTED_EDGE ( 'NONE', *, *, #7340, .F. ) ;
#2202 = ORIENTED_EDGE ( 'NONE', *, *, #3711, .F. ) ;
#2203 = CARTESIAN_POINT ( 'NONE',  ( -2.449999999999999734, 1.873799999999999688, 0.6150000000000157563 ) ) ;
#2204 = FACE_OUTER_BOUND ( 'NONE', #1917, .T. ) ;
#2205 = VERTEX_POINT ( 'NONE', #2455 ) ;
#2206 = DIRECTION ( 'NONE',  ( 0.000000000000000000, 0.9975640502598245307, -0.06975647374412130564 ) ) ;
#2207 =( GEOMETRIC_REPRESENTATION_CONTEXT ( 3 ) GLOBAL_UNCERTAINTY_ASSIGNED_CONTEXT ( ( #3087 ) ) GLOBAL_UNIT_ASSIGNED_CONTEXT ( ( #5955, #2474, #5329 ) ) REPRESENTATION_CONTEXT ( 'NONE', 'WORKASPACE' ) );
#2208 = DIRECTION ( 'NONE',  ( -0.1378445374916255073, 0.1378445374916298927, 0.9808148484639894749 ) ) ;
#2209 = LINE ( 'NONE', #6471, #1576 ) ;
#2210 = PRESENTATION_STYLE_ASSIGNMENT (( #5409 ) ) ;
#2211 = CARTESIAN_POINT ( 'NONE',  ( 0.4200000000000015388, -1.949999999999999734, 0.6150000000000157563 ) ) ;
#2212 = PLANE ( 'NONE',  #2816 ) ;
#2213 = CARTESIAN_POINT ( 'NONE',  ( 1.690000000000001723, 2.358120395030566474, 1.308646010850337271 ) ) ;
#2214 = MECHANICAL_DESIGN_GEOMETRIC_PRESENTATION_REPRESENTATION (  '', ( #2846 ), #4753 ) ;
#2215 = CARTESIAN_POINT ( 'NONE',  ( -2.119999999999998774, -2.671944735649775193, 1.286701275200562655 ) ) ;
#2216 = SURFACE_STYLE_USAGE ( .BOTH. , #1541 ) ;
#2217 = LINE ( 'NONE', #7248, #157 ) ;
#2218 = DIRECTION ( 'NONE',  ( 1.000000000000000000, 0.000000000000000000, 0.000000000000000000 ) ) ;
#2219 = DIRECTION ( 'NONE',  ( 1.000000000000000000, 0.000000000000000000, 0.000000000000000000 ) ) ;
#2220 = UNCERTAINTY_MEASURE_WITH_UNIT (LENGTH_MEASURE( 1.000000000000000082E-05 ), #242, 'distance_accuracy_value', 'NONE');
#2221 = ADVANCED_FACE ( 'NONE', ( #2204 ), #6250, .T. ) ;
#2222 = ORIENTED_EDGE ( 'NONE', *, *, #6709, .T. ) ;
#2223 = EDGE_CURVE ( 'NONE', #5703, #5166, #6352, .T. ) ;
#2224 = EDGE_LOOP ( 'NONE', ( #3968, #3578, #2595, #1747 ) ) ;
#2225 = PRESENTATION_LAYER_ASSIGNMENT (  '', '', ( #2267 ) ) ;
#2226 = VERTEX_POINT ( 'NONE', #4891 ) ;
#2227 = CARTESIAN_POINT ( 'NONE',  ( -1.689999999999998392, 2.699598551369565502, 1.383993884394061347 ) ) ;
#2228 = UNCERTAINTY_MEASURE_WITH_UNIT (LENGTH_MEASURE( 1.000000000000000082E-05 ), #5264, 'distance_accuracy_value', 'NONE');
#2229 = FILL_AREA_STYLE ('',( #5062 ) ) ;
#2230 = FILL_AREA_STYLE ('',( #916 ) ) ;
#2231 = COLOUR_RGB ( '',0.7921568627450980005, 0.8196078431372548767, 0.9333333333333333481 ) ;
#2232 = AXIS2_PLACEMENT_3D ( 'NONE', #2709, #4972, #6106 ) ;
#2233 = AXIS2_PLACEMENT_3D ( 'NONE', #4070, #4175, #5741 ) ;
#2234 = EDGE_CURVE ( 'NONE', #42, #4807, #3944, .T. ) ;
#2235 = AXIS2_PLACEMENT_3D ( 'NONE', #3742, #301, #6649 ) ;
#2236 = ORIENTED_EDGE ( 'NONE', *, *, #2299, .F. ) ;
#2237 = CARTESIAN_POINT ( 'NONE',  ( -0.4199999999999984857, -1.949999999999999734, 0.6150000000000157563 ) ) ;
#2238 = CARTESIAN_POINT ( 'NONE',  ( 0.8500000000000015321, 2.671944735649774749, 1.286701275200562655 ) ) ;
#2239 = LINE ( 'NONE', #6775, #3079 ) ;
#2240 = EDGE_LOOP ( 'NONE', ( #3890, #4381, #6044, #3523, #6940, #3037, #705, #3201 ) ) ;
#2241 = DIRECTION ( 'NONE',  ( 1.000000000000000000, 0.000000000000000000, 0.000000000000000000 ) ) ;
#2242 = AXIS2_PLACEMENT_3D ( 'NONE', #5414, #7118, #3708 ) ;
#2243 = CIRCLE ( 'NONE', #1529, 0.3145906676743914776 ) ;
#2244 = APPLICATION_CONTEXT ( 'automotive_design' ) ;
#2245 = STYLED_ITEM ( 'NONE', ( #5842 ), #2271 ) ;
#2246 = PRESENTATION_LAYER_ASSIGNMENT (  '', '', ( #4593 ) ) ;
#2247 = PRESENTATION_LAYER_ASSIGNMENT (  '', '', ( #1870 ) ) ;
#2248 = CIRCLE ( 'NONE', #1817, 0.07620000000000000384 ) ;
#2249 = CARTESIAN_POINT ( 'NONE',  ( -2.119999999999998774, -2.550616955507048367, 0.9076459320246326179 ) ) ;
#2250 = VERTEX_POINT ( 'NONE', #931 ) ;
#2251 = CYLINDRICAL_SURFACE ( 'NONE', #6538, 0.1340459166400967961 ) ;
#2252 = COLOUR_RGB ( '',0.7529411764705882248, 0.7529411764705882248, 0.7529411764705882248 ) ;
#2253 =( GEOMETRIC_REPRESENTATION_CONTEXT ( 3 ) GLOBAL_UNCERTAINTY_ASSIGNED_CONTEXT ( ( #6660 ) ) GLOBAL_UNIT_ASSIGNED_CONTEXT ( ( #3630, #4219, #5841 ) ) REPRESENTATION_CONTEXT ( 'NONE', 'WORKASPACE' ) );
#2254 = SURFACE_SIDE_STYLE ('',( #5717 ) ) ;
#2255 = VERTEX_POINT ( 'NONE', #3788 ) ;
#2256 =( NAMED_UNIT ( * ) PLANE_ANGLE_UNIT ( ) SI_UNIT ( $, .RADIAN. ) );
#2257 = EDGE_CURVE ( 'NONE', #5746, #4468, #4655, .T. ) ;
#2258 = ADVANCED_FACE ( 'NONE', ( #1754 ), #3293, .T. ) ;
#2259 = SURFACE_SIDE_STYLE ('',( #4834 ) ) ;
#2260 =( LENGTH_UNIT ( ) NAMED_UNIT ( * ) SI_UNIT ( .MILLI., .METRE. ) );
#2261 = SURFACE_SIDE_STYLE ('',( #2325 ) ) ;
#2262 = ORIENTED_EDGE ( 'NONE', *, *, #7103, .T. ) ;
#2263 = CARTESIAN_POINT ( 'NONE',  ( -2.297327737236431577, -1.863567386658029124, 1.449999999999999956 ) ) ;
#2264 = EDGE_CURVE ( 'NONE', #1784, #5663, #7155, .T. ) ;
#2265 = VECTOR ( 'NONE', #5153, 1000.000000000000000 ) ;
#2266 =( LENGTH_UNIT ( ) NAMED_UNIT ( * ) SI_UNIT ( .MILLI., .METRE. ) );
#2267 = STYLED_ITEM ( 'NONE', ( #499 ), #2104 ) ;
#2268 = VERTEX_POINT ( 'NONE', #3180 ) ;
#2269 =( LENGTH_UNIT ( ) NAMED_UNIT ( * ) SI_UNIT ( .MILLI., .METRE. ) );
#2270 = LINE ( 'NONE', #6962, #1203 ) ;
#2271 = ADVANCED_BREP_SHAPE_REPRESENTATION ( 'EL1881CSZ', ( #2364, #1861, #25, #1367, #379, #4068, #5327, #2704, #3754, #5387 ), #7031 ) ;
#2272 = UNCERTAINTY_MEASURE_WITH_UNIT (LENGTH_MEASURE( 1.000000000000000082E-05 ), #4746, 'distance_accuracy_value', 'NONE');
#2273 = CIRCLE ( 'NONE', #2777, 0.5000000000000000000 ) ;
#2274 = DIRECTION ( 'NONE',  ( 0.000000000000000000, -0.9975640502598241977, -0.06975647374412535795 ) ) ;
#2275 = ORIENTED_EDGE ( 'NONE', *, *, #879, .T. ) ;
#2276 = PRESENTATION_LAYER_ASSIGNMENT (  '', '', ( #4486 ) ) ;
#2277 = COLOUR_RGB ( '',0.7529411764705882248, 0.7529411764705882248, 0.7529411764705882248 ) ;
#2278 =( GEOMETRIC_REPRESENTATION_CONTEXT ( 3 ) GLOBAL_UNCERTAINTY_ASSIGNED_CONTEXT ( ( #5975 ) ) GLOBAL_UNIT_ASSIGNED_CONTEXT ( ( #6364, #4671, #5802 ) ) REPRESENTATION_CONTEXT ( 'NONE', 'WORKASPACE' ) );
#2279 = ORIENTED_EDGE ( 'NONE', *, *, #3361, .T. ) ;
#2280 = EDGE_CURVE ( 'NONE', #6745, #2960, #5989, .T. ) ;
#2281 = COLOUR_RGB ( '',0.2509803921568627416, 0.2509803921568627416, 0.2509803921568627416 ) ;
#2282 = AXIS2_PLACEMENT_3D ( 'NONE', #6568, #3136, #855 ) ;
#2283 = FILL_AREA_STYLE ('',( #5776 ) ) ;
#2284 = MECHANICAL_DESIGN_GEOMETRIC_PRESENTATION_REPRESENTATION (  '', ( #7451 ), #6444 ) ;
#2285 = SURFACE_SIDE_STYLE ('',( #6540 ) ) ;
#2286 = VECTOR ( 'NONE', #2433, 1000.000000000000000 ) ;
#2287 = VERTEX_POINT ( 'NONE', #1410 ) ;
#2288 = CARTESIAN_POINT ( 'NONE',  ( -2.297327737236432466, 1.531193605351035103, 0.07619999999999998996 ) ) ;
#2289 = VECTOR ( 'NONE', #4674, 1000.000000000000000 ) ;
#2290 = CARTESIAN_POINT ( 'NONE',  ( -2.296203745688480957, 1.523195989922530913, 0.06820238457149559175 ) ) ;
#2291 = PRESENTATION_LAYER_ASSIGNMENT (  '', '', ( #1104 ) ) ;
#2292 = PRESENTATION_LAYER_ASSIGNMENT (  '', '', ( #3329 ) ) ;
#2293 = FILL_AREA_STYLE_COLOUR ( '', #6754 ) ;
#2294 = ORIENTED_EDGE ( 'NONE', *, *, #2767, .T. ) ;
#2295 = SURFACE_SIDE_STYLE ('',( #1724 ) ) ;
#2296 = ADVANCED_FACE ( 'NONE', ( #5263 ), #4304, .T. ) ;
#2297 = CARTESIAN_POINT ( 'NONE',  ( 2.120000000000001439, -2.708949121834177465, 1.250274496869775653 ) ) ;
#2298 = CARTESIAN_POINT ( 'NONE',  ( -1.689999999999998392, 2.649999999999999911, 1.600525615819771152 ) ) ;
#2299 = EDGE_CURVE ( 'NONE', #7285, #5240, #4735, .T. ) ;
#2300 = CARTESIAN_POINT ( 'NONE',  ( -2.119999999999998774, 1.949999999999999956, 0.6150000000000157563 ) ) ;
#2301 = DIRECTION ( 'NONE',  ( -1.000000000000000000, -8.850629979473504779E-17, 0.000000000000000000 ) ) ;
#2302 = EDGE_LOOP ( 'NONE', ( #2814, #5365, #6615, #1139 ) ) ;
#2303 = CARTESIAN_POINT ( 'NONE',  ( -1.689999999999998392, 2.358120395030566918, 1.308646010850337271 ) ) ;
#2304 = ORIENTED_EDGE ( 'NONE', *, *, #5335, .T. ) ;
#2305 = DIRECTION ( 'NONE',  ( 0.000000000000000000, -0.9975640502598241977, -0.06975647374412535795 ) ) ;
#2306 = ORIENTED_EDGE ( 'NONE', *, *, #6112, .F. ) ;
#2307 = EDGE_CURVE ( 'NONE', #6292, #4646, #3205, .T. ) ;
#2308 = DIRECTION ( 'NONE',  ( 0.000000000000000000, -0.000000000000000000, -1.000000000000000000 ) ) ;
#2309 =( BOUNDED_CURVE ( )  B_SPLINE_CURVE ( 3, ( #7157, #3746, #837, #7184 ),
 .UNSPECIFIED., .F., .T. ) 
 B_SPLINE_CURVE_WITH_KNOTS ( ( 4, 4 ),
 ( 0.000000000000000000, 0.009685181668473706249 ),
 .UNSPECIFIED. ) 
 CURVE ( )  GEOMETRIC_REPRESENTATION_ITEM ( )  RATIONAL_B_SPLINE_CURVE ( ( 1.000000000000000000, 0.9999921831199466427, 0.9999921831199466427, 1.000000000000000000 ) ) 
 REPRESENTATION_ITEM ( '' )  );
#2310 = ORIENTED_EDGE ( 'NONE', *, *, #6323, .F. ) ;
#2311 = PRESENTATION_STYLE_ASSIGNMENT (( #6096 ) ) ;
#2312 = ORIENTED_EDGE ( 'NONE', *, *, #633, .T. ) ;
#2313 = VERTEX_POINT ( 'NONE', #2666 ) ;
#2314 = DIRECTION ( 'NONE',  ( 1.000000000000000000, 0.000000000000000000, 0.000000000000000000 ) ) ;
#2315 = CIRCLE ( 'NONE', #726, 0.3145906676743914776 ) ;
#2316 = ORIENTED_EDGE ( 'NONE', *, *, #2330, .T. ) ;
#2317 = DIRECTION ( 'NONE',  ( 0.000000000000000000, 1.000000000000000000, 0.000000000000000000 ) ) ;
#2318 = EDGE_CURVE ( 'NONE', #2003, #6891, #302, .T. ) ;
#2319 = STYLED_ITEM ( 'NONE', ( #1657 ), #3693 ) ;
#2320 = ADVANCED_FACE ( 'NONE', ( #5001 ), #4119, .F. ) ;
#2321 = MECHANICAL_DESIGN_GEOMETRIC_PRESENTATION_REPRESENTATION (  '', ( #1178 ), #2722 ) ;
#2322 = ORIENTED_EDGE ( 'NONE', *, *, #3997, .T. ) ;
#2323 = CARTESIAN_POINT ( 'NONE',  ( 0.4200000000000015388, 2.999999999999999556, 1.625000000000000000 ) ) ;
#2324 = CARTESIAN_POINT ( 'NONE',  ( 0.4200000000000015388, -2.358120395030566474, 1.308646010850337271 ) ) ;
#2325 = SURFACE_STYLE_FILL_AREA ( #7337 ) ;
#2326 = VECTOR ( 'NONE', #6299, 1000.000000000000000 ) ;
#2327 = DIRECTION ( 'NONE',  ( 0.000000000000000000, -0.06975647374412130564, -0.9975640502598245307 ) ) ;
#2328 = STYLED_ITEM ( 'NONE', ( #4312 ), #5667 ) ;
#2329 = PRESENTATION_LAYER_ASSIGNMENT (  '', '', ( #1565 ) ) ;
#2330 = EDGE_CURVE ( 'NONE', #6599, #6292, #1556, .T. ) ;
#2331 = DIRECTION ( 'NONE',  ( -1.000000000000000000, 0.000000000000000000, -0.000000000000000000 ) ) ;
#2332 = FILL_AREA_STYLE ('',( #1864 ) ) ;
#2333 = CARTESIAN_POINT ( 'NONE',  ( 2.329591319968688179, -1.754132893130578630, 1.691752276207061811 ) ) ;
#2334 = ORIENTED_EDGE ( 'NONE', *, *, #1656, .F. ) ;
#2335 = CARTESIAN_POINT ( 'NONE',  ( 0.8500000000000015321, -2.671944735649774749, 1.286701275200562655 ) ) ;
#2336 = CARTESIAN_POINT ( 'NONE',  ( -2.119999999999998774, 2.575229734309892216, 1.259625067334387394 ) ) ;
#2337 = VECTOR ( 'NONE', #617, 1000.000000000000000 ) ;
#2338 = CARTESIAN_POINT ( 'NONE',  ( -2.374537999305284863, 1.949996426143391970, 0.6149745706889151453 ) ) ;
#2339 = CIRCLE ( 'NONE', #3232, 0.3145906676743914776 ) ;
#2340 = STYLED_ITEM ( 'NONE', ( #6516 ), #6349 ) ;
#2341 =( GEOMETRIC_REPRESENTATION_CONTEXT ( 3 ) GLOBAL_UNCERTAINTY_ASSIGNED_CONTEXT ( ( #619 ) ) GLOBAL_UNIT_ASSIGNED_CONTEXT ( ( #5084, #7327, #5308 ) ) REPRESENTATION_CONTEXT ( 'NONE', 'WORKASPACE' ) );
#2342 = AXIS2_PLACEMENT_3D ( 'NONE', #3153, #3806, #875 ) ;
#2343 = VECTOR ( 'NONE', #678, 1000.000000000000000 ) ;
#2344 = PRESENTATION_STYLE_ASSIGNMENT (( #393 ) ) ;
#2345 = ORIENTED_EDGE ( 'NONE', *, *, #2318, .T. ) ;
#2346 = ORIENTED_EDGE ( 'NONE', *, *, #2318, .F. ) ;
#2347 =( LENGTH_UNIT ( ) NAMED_UNIT ( * ) SI_UNIT ( .MILLI., .METRE. ) );
#2348 = VECTOR ( 'NONE', #5538, 1000.000000000000000 ) ;
#2349 = DIRECTION ( 'NONE',  ( 0.000000000000000000, -0.9975640502598245307, -0.06975647374412130564 ) ) ;
#2350 = CARTESIAN_POINT ( 'NONE',  ( -2.119999999999998774, 2.200000000000000178, 0.8349999999999841993 ) ) ;
#2351 = CARTESIAN_POINT ( 'NONE',  ( 2.450000000000001510, 1.950000000000000400, 1.449999999999999956 ) ) ;
#2352 = ORIENTED_EDGE ( 'NONE', *, *, #2123, .T. ) ;
#2353 = CARTESIAN_POINT ( 'NONE',  ( 2.375975367522380033, 1.951433794360486473, 0.6252019769807438676 ) ) ;
#2354 = PRESENTATION_STYLE_ASSIGNMENT (( #167 ) ) ;
#2355 = ORIENTED_EDGE ( 'NONE', *, *, #311, .F. ) ;
#2356 = FILL_AREA_STYLE_COLOUR ( '', #4481 ) ;
#2357 = CARTESIAN_POINT ( 'NONE',  ( 2.373800000000001909, 1.873800000000000354, 1.449999999999999956 ) ) ;
#2358 = SURFACE_STYLE_USAGE ( .BOTH. , #7029 ) ;
#2359 = DIRECTION ( 'NONE',  ( 1.000000000000000000, 1.029790633090602386E-16, 1.029790633090591786E-16 ) ) ;
#2360 = FILL_AREA_STYLE_COLOUR ( '', #928 ) ;
#2361 = VECTOR ( 'NONE', #5536, 1000.000000000000000 ) ;
#2362 = ORIENTED_EDGE ( 'NONE', *, *, #1042, .F. ) ;
#2363 = UNCERTAINTY_MEASURE_WITH_UNIT (LENGTH_MEASURE( 1.000000000000000082E-05 ), #60, 'distance_accuracy_value', 'NONE');
#2364 = MANIFOLD_SOLID_BREP ( 'Boss-Extrude2', #4231 ) ;
#2365 = CARTESIAN_POINT ( 'NONE',  ( -2.449996426143392192, 1.874537999305284641, 0.6149745706889169217 ) ) ;
#2366 = VECTOR ( 'NONE', #3440, 1000.000000000000000 ) ;
#2367 = CARTESIAN_POINT ( 'NONE',  ( 1.690000000000001723, -2.999999999999999556, 1.625000000000000000 ) ) ;
#2368 = EDGE_CURVE ( 'NONE', #3629, #1254, #2556, .T. ) ;
#2369 = AXIS2_PLACEMENT_3D ( 'NONE', #4187, #5904, #1907 ) ;
#2370 = PLANE ( 'NONE',  #4872 ) ;
#2371 = ORIENTED_EDGE ( 'NONE', *, *, #1761, .T. ) ;
#2372 = DIRECTION ( 'NONE',  ( 0.000000000000000000, 0.000000000000000000, -1.000000000000000000 ) ) ;
#2373 = CARTESIAN_POINT ( 'NONE',  ( 1.690000000000001723, -2.999999999999999556, 1.625000000000000000 ) ) ;
#2374 = SURFACE_STYLE_FILL_AREA ( #1598 ) ;
#2375 = FILL_AREA_STYLE_COLOUR ( '', #7324 ) ;
#2376 = FILL_AREA_STYLE ('',( #1332 ) ) ;
#2377 = CARTESIAN_POINT ( 'NONE',  ( -0.4199999999999984857, 3.000000000000000000, 1.405000000000000027 ) ) ;
#2378 = CIRCLE ( 'NONE', #6879, 0.1340459166400966851 ) ;
#2379 = EDGE_LOOP ( 'NONE', ( #1420, #6662, #4434, #4246, #3223, #1737, #2740, #1700, #6200, #3075, #3237, #789 ) ) ;
#2380 = EDGE_CURVE ( 'NONE', #6736, #5537, #2741, .T. ) ;
#2381 = VECTOR ( 'NONE', #5935, 999.9999999999998863 ) ;
#2382 = FILL_AREA_STYLE_COLOUR ( '', #62 ) ;
#2383 = STYLED_ITEM ( 'NONE', ( #283 ), #3185 ) ;
#2384 = VECTOR ( 'NONE', #2359, 1000.000000000000000 ) ;
#2385 =( NAMED_UNIT ( * ) PLANE_ANGLE_UNIT ( ) SI_UNIT ( $, .RADIAN. ) );
#2386 = SURFACE_STYLE_FILL_AREA ( #2229 ) ;
#2387 =( NAMED_UNIT ( * ) SI_UNIT ( $, .STERADIAN. ) SOLID_ANGLE_UNIT ( ) );
#2388 = FILL_AREA_STYLE_COLOUR ( '', #1409 ) ;
#2389 = AXIS2_PLACEMENT_3D ( 'NONE', #5910, #3685, #3596 ) ;
#2390 = PLANE ( 'NONE',  #2897 ) ;
#2391 = AXIS2_PLACEMENT_3D ( 'NONE', #6979, #5266, #5209 ) ;
#2392 = MECHANICAL_DESIGN_GEOMETRIC_PRESENTATION_REPRESENTATION (  '', ( #6025 ), #2153 ) ;
#2393 = CARTESIAN_POINT ( 'NONE',  ( 0.4200000000000015388, -2.699598551369565058, 1.383993884394061347 ) ) ;
#2394 =( LENGTH_UNIT ( ) NAMED_UNIT ( * ) SI_UNIT ( .MILLI., .METRE. ) );
#2395 = ORIENTED_EDGE ( 'NONE', *, *, #6098, .T. ) ;
#2396 = PLANE ( 'NONE',  #1552 ) ;
#2397 = DIRECTION ( 'NONE',  ( 0.000000000000000000, 0.000000000000000000, -1.000000000000000000 ) ) ;
#2398 = STYLED_ITEM ( 'NONE', ( #537 ), #1108 ) ;
#2399 = LINE ( 'NONE', #3283, #3883 ) ;
#2400 = CARTESIAN_POINT ( 'NONE',  ( -2.119999999999998774, -2.708949121834177909, 1.250274496869775653 ) ) ;
#2401 = EDGE_CURVE ( 'NONE', #5190, #3052, #573, .T. ) ;
#2402 = VERTEX_POINT ( 'NONE', #4980 ) ;
#2403 =( NAMED_UNIT ( * ) PLANE_ANGLE_UNIT ( ) SI_UNIT ( $, .RADIAN. ) );
#2404 = ORIENTED_EDGE ( 'NONE', *, *, #593, .T. ) ;
#2405 = CARTESIAN_POINT ( 'NONE',  ( -2.373800000000000132, 1.949999999999999956, 0.6150000000000157563 ) ) ;
#2406 = ORIENTED_EDGE ( 'NONE', *, *, #6807, .F. ) ;
#2407 = FILL_AREA_STYLE_COLOUR ( '', #2277 ) ;
#2408 = UNCERTAINTY_MEASURE_WITH_UNIT (LENGTH_MEASURE( 1.000000000000000082E-05 ), #6864, 'distance_accuracy_value', 'NONE');
#2409 = DIRECTION ( 'NONE',  ( 0.9902680687415709171, 0.000000000000000000, 0.1391731009600620794 ) ) ;
#2410 = ORIENTED_EDGE ( 'NONE', *, *, #7340, .T. ) ;
#2411 = VECTOR ( 'NONE', #3764, 1000.000000000000000 ) ;
#2412 = FILL_AREA_STYLE_COLOUR ( '', #6469 ) ;
#2413 = EDGE_CURVE ( 'NONE', #2205, #1961, #5259, .T. ) ;
#2414 =( LENGTH_UNIT ( ) NAMED_UNIT ( * ) SI_UNIT ( .MILLI., .METRE. ) );
#2415 = ORIENTED_EDGE ( 'NONE', *, *, #4524, .F. ) ;
#2416 = CARTESIAN_POINT ( 'NONE',  ( 1.690000000000001723, 2.999999999999999556, 1.625000000000000000 ) ) ;
#2417 = LINE ( 'NONE', #3269, #96 ) ;
#2418 = MECHANICAL_DESIGN_GEOMETRIC_PRESENTATION_REPRESENTATION (  '', ( #121 ), #6148 ) ;
#2419 = EDGE_CURVE ( 'NONE', #6858, #1692, #41, .T. ) ;
#2420 = EDGE_LOOP ( 'NONE', ( #4062, #7146, #6003 ) ) ;
#2421 = AXIS2_PLACEMENT_3D ( 'NONE', #6179, #6223, #5068 ) ;
#2422 = DIRECTION ( 'NONE',  ( 1.000000000000000000, 0.000000000000000000, 0.000000000000000000 ) ) ;
#2423 = CARTESIAN_POINT ( 'NONE',  ( 2.340846632081213574, 1.840846632081212464, 0.3858530267301739647 ) ) ;
#2424 =( LENGTH_UNIT ( ) NAMED_UNIT ( * ) SI_UNIT ( .MILLI., .METRE. ) );
#2425 = PRESENTATION_STYLE_ASSIGNMENT (( #5789 ) ) ;
#2426 = DIRECTION ( 'NONE',  ( 0.000000000000000000, 0.000000000000000000, -1.000000000000000000 ) ) ;
#2427 = LINE ( 'NONE', #4318, #1894 ) ;
#2428 = CARTESIAN_POINT ( 'NONE',  ( 2.449996426143393968, 1.874537999305284863, 0.6149745706889166996 ) ) ;
#2429 = ORIENTED_EDGE ( 'NONE', *, *, #6654, .T. ) ;
#2430 = CARTESIAN_POINT ( 'NONE',  ( 1.690000000000001723, -2.199999999999999734, 0.9690459166400811064 ) ) ;
#2431 =( GEOMETRIC_REPRESENTATION_CONTEXT ( 3 ) GLOBAL_UNCERTAINTY_ASSIGNED_CONTEXT ( ( #5869 ) ) GLOBAL_UNIT_ASSIGNED_CONTEXT ( ( #2503, #7109, #1262 ) ) REPRESENTATION_CONTEXT ( 'NONE', 'WORKASPACE' ) );
#2432 = EDGE_CURVE ( 'NONE', #2513, #3859, #7033, .T. ) ;
#2433 = DIRECTION ( 'NONE',  ( -1.000000000000000000, -8.850629979473504779E-17, 0.000000000000000000 ) ) ;
#2434 = CARTESIAN_POINT ( 'NONE',  ( 2.340846632081213574, 1.894728168807626956, 0.3319714900037586403 ) ) ;
#2435 = VECTOR ( 'NONE', #4550, 1000.000000000000000 ) ;
#2436 = DIRECTION ( 'NONE',  ( 0.9902680687415708061, 2.202360597892586438E-16, -0.1391731009600623292 ) ) ;
#2437 = DIRECTION ( 'NONE',  ( 0.000000000000000000, -0.06975647374412130564, -0.9975640502598245307 ) ) ;
#2438 = DIRECTION ( 'NONE',  ( -0.000000000000000000, 0.000000000000000000, 1.000000000000000000 ) ) ;
#2439 = ORIENTED_EDGE ( 'NONE', *, *, #6569, .F. ) ;
#2440 = CARTESIAN_POINT ( 'NONE',  ( 0.4200000000000015388, 2.358120395030566474, 1.308646010850337271 ) ) ;
#2441 = LINE ( 'NONE', #1355, #4805 ) ;
#2442 = DIRECTION ( 'NONE',  ( 1.000000000000000000, 0.000000000000000000, 0.000000000000000000 ) ) ;
#2443 = PRESENTATION_STYLE_ASSIGNMENT (( #5144 ) ) ;
#2444 = EDGE_CURVE ( 'NONE', #6491, #1385, #4991, .T. ) ;
#2445 = CARTESIAN_POINT ( 'NONE',  ( 1.690000000000001723, -2.699598551369565058, 1.383993884394061347 ) ) ;
#2446 = LINE ( 'NONE', #914, #1640 ) ;
#2447 = SURFACE_SIDE_STYLE ('',( #271 ) ) ;
#2448 = DIRECTION ( 'NONE',  ( 1.000000000000000000, 0.000000000000000000, 0.000000000000000000 ) ) ;
#2449 = UNCERTAINTY_MEASURE_WITH_UNIT (LENGTH_MEASURE( 1.000000000000000082E-05 ), #1569, 'distance_accuracy_value', 'NONE');
#2450 = LINE ( 'NONE', #5249, #4813 ) ;
#2451 = FILL_AREA_STYLE ('',( #2481 ) ) ;
#2452 = EDGE_LOOP ( 'NONE', ( #2544, #2698, #974 ) ) ;
#2453 = FILL_AREA_STYLE_COLOUR ( '', #4425 ) ;
#2454 = MECHANICAL_DESIGN_GEOMETRIC_PRESENTATION_REPRESENTATION (  '', ( #2069 ), #6613 ) ;
#2455 = CARTESIAN_POINT ( 'NONE',  ( 0.4200000000000015388, 2.999999999999999556, 1.625000000000000000 ) ) ;
#2456 = DIRECTION ( 'NONE',  ( -1.000000000000000000, 0.000000000000000000, -0.000000000000000000 ) ) ;
#2457 = SURFACE_STYLE_FILL_AREA ( #5993 ) ;
#2458 = EDGE_LOOP ( 'NONE', ( #6275, #7452, #351, #710 ) ) ;
#2459 = CIRCLE ( 'NONE', #4806, 0.07619999999999994833 ) ;
#2460 = SURFACE_STYLE_USAGE ( .BOTH. , #733 ) ;
#2461 = LINE ( 'NONE', #4652, #5713 ) ;
#2462 = VERTEX_POINT ( 'NONE', #4453 ) ;
#2463 = UNCERTAINTY_MEASURE_WITH_UNIT (LENGTH_MEASURE( 1.000000000000000082E-05 ), #1007, 'distance_accuracy_value', 'NONE');
#2464 = DIRECTION ( 'NONE',  ( 0.000000000000000000, 0.000000000000000000, -1.000000000000000000 ) ) ;
#2465 =( LENGTH_UNIT ( ) NAMED_UNIT ( * ) SI_UNIT ( .MILLI., .METRE. ) );
#2466 = COLOUR_RGB ( '',0.2509803921568627416, 0.2509803921568627416, 0.2509803921568627416 ) ;
#2467 = ORIENTED_EDGE ( 'NONE', *, *, #5742, .T. ) ;
#2468 = DIRECTION ( 'NONE',  ( 0.000000000000000000, 0.000000000000000000, -1.000000000000000000 ) ) ;
#2469 = CARTESIAN_POINT ( 'NONE',  ( 0.8500000000000015321, 2.333719387524285427, 0.9596953461754694770 ) ) ;
#2470 = LINE ( 'NONE', #4259, #7432 ) ;
#2471 = AXIS2_PLACEMENT_3D ( 'NONE', #4078, #2910, #3977 ) ;
#2472 = DIRECTION ( 'NONE',  ( 0.000000000000000000, 0.000000000000000000, -1.000000000000000000 ) ) ;
#2473 = CARTESIAN_POINT ( 'NONE',  ( 0.4200000000000015388, 1.949999999999999734, 0.6150000000000157563 ) ) ;
#2474 =( NAMED_UNIT ( * ) PLANE_ANGLE_UNIT ( ) SI_UNIT ( $, .RADIAN. ) );
#2475 = EDGE_LOOP ( 'NONE', ( #2316, #1196, #3818, #3510 ) ) ;
#2476 = VECTOR ( 'NONE', #3466, 1000.000000000000000 ) ;
#2477 =( NAMED_UNIT ( * ) SI_UNIT ( $, .STERADIAN. ) SOLID_ANGLE_UNIT ( ) );
#2478 = CARTESIAN_POINT ( 'NONE',  ( -2.373799999999998800, -1.949999999999999956, 0.6150000000000157563 ) ) ;
#2479 = PRESENTATION_LAYER_ASSIGNMENT (  '', '', ( #2092 ) ) ;
#2480 = LINE ( 'NONE', #2040, #149 ) ;
#2481 = FILL_AREA_STYLE_COLOUR ( '', #3347 ) ;
#2482 = EDGE_CURVE ( 'NONE', #6966, #6909, #663, .T. ) ;
#2483 = AXIS2_PLACEMENT_3D ( 'NONE', #4966, #2081, #5512 ) ;
#2484 = VECTOR ( 'NONE', #6239, 1000.000000000000000 ) ;
#2485 = ORIENTED_EDGE ( 'NONE', *, *, #1796, .T. ) ;
#2486 = DIRECTION ( 'NONE',  ( 0.000000000000000000, 0.000000000000000000, -1.000000000000000000 ) ) ;
#2487 = CARTESIAN_POINT ( 'NONE',  ( -2.119999999999998774, -2.671944735649775193, 1.286701275200562655 ) ) ;
#2488 = CARTESIAN_POINT ( 'NONE',  ( -2.449998808705152076, 1.874292006267270105, 0.6149915234967241462 ) ) ;
#2489 = MECHANICAL_DESIGN_GEOMETRIC_PRESENTATION_REPRESENTATION (  '', ( #5191 ), #4591 ) ;
#2490 = MECHANICAL_DESIGN_GEOMETRIC_PRESENTATION_REPRESENTATION (  '', ( #1972 ), #7126 ) ;
#2491 = ORIENTED_EDGE ( 'NONE', *, *, #7163, .F. ) ;
#2492 = CIRCLE ( 'NONE', #5194, 0.1340459166400967961 ) ;
#2493 = CARTESIAN_POINT ( 'NONE',  ( -0.4199999999999984857, 2.236792614887840092, 0.6150000000000157563 ) ) ;
#2494 = FACE_OUTER_BOUND ( 'NONE', #2420, .T. ) ;
#2495 = VERTEX_POINT ( 'NONE', #2203 ) ;
#2496 = LINE ( 'NONE', #866, #1876 ) ;
#2497 =( LENGTH_UNIT ( ) NAMED_UNIT ( * ) SI_UNIT ( .MILLI., .METRE. ) );
#2498 = ORIENTED_EDGE ( 'NONE', *, *, #6389, .F. ) ;
#2499 = SURFACE_STYLE_FILL_AREA ( #3159 ) ;
#2501 = ORIENTED_EDGE ( 'NONE', *, *, #4288, .F. ) ;
#2500 =( LENGTH_UNIT ( ) NAMED_UNIT ( * ) SI_UNIT ( .MILLI., .METRE. ) );
#2502 = EDGE_CURVE ( 'NONE', #3552, #5466, #2193, .T. ) ;
#2503 =( LENGTH_UNIT ( ) NAMED_UNIT ( * ) SI_UNIT ( .MILLI., .METRE. ) );
#2504 = UNCERTAINTY_MEASURE_WITH_UNIT (LENGTH_MEASURE( 1.000000000000000082E-05 ), #5501, 'distance_accuracy_value', 'NONE');
#2505 = UNCERTAINTY_MEASURE_WITH_UNIT (LENGTH_MEASURE( 1.000000000000000082E-05 ), #8, 'distance_accuracy_value', 'NONE');
#2506 = CARTESIAN_POINT ( 'NONE',  ( -0.8499999999999985345, 2.575229734309892216, 1.259625067334387394 ) ) ;
#2507 = ORIENTED_EDGE ( 'NONE', *, *, #2961, .F. ) ;
#2508 = DIRECTION ( 'NONE',  ( 1.000000000000000000, 0.000000000000000000, 0.000000000000000000 ) ) ;
#2509 = FACE_OUTER_BOUND ( 'NONE', #3635, .T. ) ;
#2510 = LINE ( 'NONE', #5316, #6927 ) ;
#2511 = SURFACE_SIDE_STYLE ('',( #524 ) ) ;
#2512 = SURFACE_STYLE_USAGE ( .BOTH. , #4799 ) ;
#2513 = VERTEX_POINT ( 'NONE', #4505 ) ;
#2514 = EDGE_CURVE ( 'NONE', #1254, #42, #6700, .T. ) ;
#2515 = PRESENTATION_STYLE_ASSIGNMENT (( #3873 ) ) ;
#2516 = CARTESIAN_POINT ( 'NONE',  ( 0.8500000000000015321, 2.649999999999999467, 1.600525615819771152 ) ) ;
#2517 = AXIS2_PLACEMENT_3D ( 'NONE', #2586, #5961, #1486 ) ;
#2518 = DIRECTION ( 'NONE',  ( -1.000000000000000000, -0.000000000000000000, -0.000000000000000000 ) ) ;
#2519 = EDGE_LOOP ( 'NONE', ( #2882, #2127, #1128, #6114 ) ) ;
#2520 =( LENGTH_UNIT ( ) NAMED_UNIT ( * ) SI_UNIT ( .MILLI., .METRE. ) );
#2521 = CYLINDRICAL_SURFACE ( 'NONE', #3094, 0.1340459166400966851 ) ;
#2522 = ADVANCED_FACE ( 'NONE', ( #3286 ), #3412, .F. ) ;
#2523 = CARTESIAN_POINT ( 'NONE',  ( -0.8499999999999985345, 2.236792614887840092, 0.6150000000000157563 ) ) ;
#2524 =( GEOMETRIC_REPRESENTATION_CONTEXT ( 3 ) GLOBAL_UNCERTAINTY_ASSIGNED_CONTEXT ( ( #2606 ) ) GLOBAL_UNIT_ASSIGNED_CONTEXT ( ( #4552, #6823, #2176 ) ) REPRESENTATION_CONTEXT ( 'NONE', 'WORKASPACE' ) );
#2525 = DIRECTION ( 'NONE',  ( -0.1378445374916255628, -0.1378445374916252297, -0.9808148484639900300 ) ) ;
#2526 = FILL_AREA_STYLE ('',( #1330 ) ) ;
#2527 =( GEOMETRIC_REPRESENTATION_CONTEXT ( 3 ) GLOBAL_UNCERTAINTY_ASSIGNED_CONTEXT ( ( #1318 ) ) GLOBAL_UNIT_ASSIGNED_CONTEXT ( ( #1384, #7137, #6633 ) ) REPRESENTATION_CONTEXT ( 'NONE', 'WORKASPACE' ) );
#2528 = EDGE_CURVE ( 'NONE', #1628, #5566, #6428, .T. ) ;
#2529 = CIRCLE ( 'NONE', #3527, 0.1340459166400967961 ) ;
#2530 = AXIS2_PLACEMENT_3D ( 'NONE', #984, #3914, #6698 ) ;
#2531 = AXIS2_PLACEMENT_3D ( 'NONE', #776, #7133, #6006 ) ;
#2532 = ORIENTED_EDGE ( 'NONE', *, *, #3209, .F. ) ;
#2533 = VECTOR ( 'NONE', #5216, 1000.000000000000000 ) ;
#2534 = CARTESIAN_POINT ( 'NONE',  ( -2.119999999999998774, 2.550616955507048367, 0.9076459320246323959 ) ) ;
#2535 = FACE_OUTER_BOUND ( 'NONE', #1589, .T. ) ;
#2536 =( NAMED_UNIT ( * ) PLANE_ANGLE_UNIT ( ) SI_UNIT ( $, .RADIAN. ) );
#2537 = PRESENTATION_STYLE_ASSIGNMENT (( #3958 ) ) ;
#2538 = SURFACE_STYLE_FILL_AREA ( #4247 ) ;
#2539 = CARTESIAN_POINT ( 'NONE',  ( 1.690000000000001723, -2.199999999999999734, 0.8349999999999843103 ) ) ;
#2540 = MECHANICAL_DESIGN_GEOMETRIC_PRESENTATION_REPRESENTATION (  '', ( #5619 ), #6931 ) ;
#2541 = MECHANICAL_DESIGN_GEOMETRIC_PRESENTATION_REPRESENTATION (  '', ( #1774 ), #7464 ) ;
#2542 = DIRECTION ( 'NONE',  ( 1.000000000000000000, 0.000000000000000000, 0.000000000000000000 ) ) ;
#2543 = DIRECTION ( 'NONE',  ( 0.000000000000000000, -0.06975647374412254076, 0.9975640502598245307 ) ) ;
#2544 = ORIENTED_EDGE ( 'NONE', *, *, #1324, .T. ) ;
#2545 = LINE ( 'NONE', #5980, #1033 ) ;
#2546 = FILL_AREA_STYLE ('',( #3771 ) ) ;
#2547 = VECTOR ( 'NONE', #4064, 999.9999999999998863 ) ;
#2548 = CIRCLE ( 'NONE', #6767, 0.3145906676743915886 ) ;
#2549 = CARTESIAN_POINT ( 'NONE',  ( 2.120000000000001439, -2.236792614887839648, 0.9295906676744072339 ) ) ;
#2550 = LINE ( 'NONE', #5681, #1027 ) ;
#2551 = DIRECTION ( 'NONE',  ( 1.000000000000000000, 0.000000000000000000, 0.000000000000000000 ) ) ;
#2552 = ORIENTED_EDGE ( 'NONE', *, *, #4579, .F. ) ;
#2553 = UNCERTAINTY_MEASURE_WITH_UNIT (LENGTH_MEASURE( 1.000000000000000082E-05 ), #413, 'distance_accuracy_value', 'NONE');
#2554 = EDGE_CURVE ( 'NONE', #2226, #1995, #2459, .T. ) ;
#2555 = DIRECTION ( 'NONE',  ( 0.000000000000000000, -1.000000000000000000, 0.000000000000000000 ) ) ;
#2556 = LINE ( 'NONE', #3853, #942 ) ;
#2557 = DIRECTION ( 'NONE',  ( 0.000000000000000000, -0.9975640502598244197, 0.06975647374412252688 ) ) ;
#2558 = ORIENTED_EDGE ( 'NONE', *, *, #1381, .F. ) ;
#2559 = VECTOR ( 'NONE', #7420, 1000.000000000000000 ) ;
#2560 =( LENGTH_UNIT ( ) NAMED_UNIT ( * ) SI_UNIT ( .MILLI., .METRE. ) );
#2561 = LINE ( 'NONE', #4330, #131 ) ;
#2562 = VERTEX_POINT ( 'NONE', #2858 ) ;
#2563 = DIRECTION ( 'NONE',  ( 0.000000000000000000, 0.9975640502598241977, 0.06975647374412607959 ) ) ;
#2564 = VECTOR ( 'NONE', #6593, 1000.000000000000227 ) ;
#2565 = EDGE_CURVE ( 'NONE', #2287, #6947, #4473, .T. ) ;
#2566 = ADVANCED_FACE ( 'NONE', ( #5697 ), #4027, .F. ) ;
#2567 = ORIENTED_EDGE ( 'NONE', *, *, #3021, .F. ) ;
#2568 = DIRECTION ( 'NONE',  ( 0.000000000000000000, -0.9902680687415708061, -0.1391731009600619962 ) ) ;
#2569 = LINE ( 'NONE', #1360, #5273 ) ;
#2570 = SURFACE_STYLE_USAGE ( .BOTH. , #5995 ) ;
#2571 = CARTESIAN_POINT ( 'NONE',  ( 0.4200000000000015388, 2.708949121834177465, 1.250274496869775653 ) ) ;
#2572 = LINE ( 'NONE', #56, #4932 ) ;
#2573 =( GEOMETRIC_REPRESENTATION_CONTEXT ( 3 ) GLOBAL_UNCERTAINTY_ASSIGNED_CONTEXT ( ( #6117 ) ) GLOBAL_UNIT_ASSIGNED_CONTEXT ( ( #1981, #1453, #2025 ) ) REPRESENTATION_CONTEXT ( 'NONE', 'WORKASPACE' ) );
#2574 = EDGE_CURVE ( 'NONE', #493, #6399, #2450, .T. ) ;
#2575 = VECTOR ( 'NONE', #526, 1000.000000000000000 ) ;
#2576 = STYLED_ITEM ( 'NONE', ( #4126 ), #3340 ) ;
#2577 = STYLED_ITEM ( 'NONE', ( #7242 ), #2320 ) ;
#2578 = CARTESIAN_POINT ( 'NONE',  ( -2.119999999999998774, -2.708949121834177909, 1.250274496869775653 ) ) ;
#2579 =( NAMED_UNIT ( * ) PLANE_ANGLE_UNIT ( ) SI_UNIT ( $, .RADIAN. ) );
#2580 = SURFACE_SIDE_STYLE ('',( #3088 ) ) ;
#2581 = VERTEX_POINT ( 'NONE', #6385 ) ;
#2582 = CARTESIAN_POINT ( 'NONE',  ( 2.450000000000001510, -1.873799999999999244, 0.6150000000000157563 ) ) ;
#2583 = CARTESIAN_POINT ( 'NONE',  ( 0.4200000000000015388, 2.358120395030566474, 1.308646010850337271 ) ) ;
#2584 = STYLED_ITEM ( 'NONE', ( #1712 ), #7279 ) ;
#2585 = EDGE_CURVE ( 'NONE', #5240, #6507, #5973, .T. ) ;
#2586 = CARTESIAN_POINT ( 'NONE',  ( 0.4200000000000015388, -2.671944735649774749, 1.286701275200562655 ) ) ;
#2587 = ORIENTED_EDGE ( 'NONE', *, *, #3301, .T. ) ;
#2588 = VERTEX_POINT ( 'NONE', #3530 ) ;
#2589 = DIRECTION ( 'NONE',  ( 0.000000000000000000, -1.000000000000000000, 0.000000000000000000 ) ) ;
#2590 = FACE_OUTER_BOUND ( 'NONE', #6694, .T. ) ;
#2591 = EDGE_LOOP ( 'NONE', ( #310, #2821, #5019, #2812 ) ) ;
#2592 = FILL_AREA_STYLE ('',( #6667 ) ) ;
#2593 = LINE ( 'NONE', #6742, #3151 ) ;
#2594 =( NAMED_UNIT ( * ) SI_UNIT ( $, .STERADIAN. ) SOLID_ANGLE_UNIT ( ) );
#2595 = ORIENTED_EDGE ( 'NONE', *, *, #2413, .T. ) ;
#2596 = ORIENTED_EDGE ( 'NONE', *, *, #2432, .F. ) ;
#2597 = STYLED_ITEM ( 'NONE', ( #2618 ), #978 ) ;
#2598 = DIRECTION ( 'NONE',  ( 0.000000000000000000, 0.000000000000000000, 1.000000000000000000 ) ) ;
#2599 = SURFACE_STYLE_FILL_AREA ( #3769 ) ;
#2600 = PRODUCT_DEFINITION_CONTEXT ( 'detailed design', #1721, 'design' ) ;
#2601 = DIRECTION ( 'NONE',  ( 0.000000000000000000, 0.9975640502598241977, -0.06975647374412535795 ) ) ;
#2602 = COLOUR_RGB ( '',0.7529411764705882248, 0.7529411764705882248, 0.7529411764705882248 ) ;
#2603 =( LENGTH_UNIT ( ) NAMED_UNIT ( * ) SI_UNIT ( .MILLI., .METRE. ) );
#2604 = VECTOR ( 'NONE', #587, 1000.000000000000000 ) ;
#2605 = DIRECTION ( 'NONE',  ( 0.000000000000000000, 1.000000000000000000, 0.000000000000000000 ) ) ;
#2606 = UNCERTAINTY_MEASURE_WITH_UNIT (LENGTH_MEASURE( 1.000000000000000082E-05 ), #4552, 'distance_accuracy_value', 'NONE');
#2607 = PRESENTATION_LAYER_ASSIGNMENT (  '', '', ( #7056 ) ) ;
#2608 = LINE ( 'NONE', #2237, #3991 ) ;
#2609 = DIRECTION ( 'NONE',  ( 0.000000000000000000, 0.000000000000000000, -1.000000000000000000 ) ) ;
#2610 = SURFACE_STYLE_USAGE ( .BOTH. , #3723 ) ;
#2611 = PLANE ( 'NONE',  #262 ) ;
#2612 = SURFACE_STYLE_FILL_AREA ( #3724 ) ;
#2613 = PRESENTATION_STYLE_ASSIGNMENT (( #2216 ) ) ;
#2614 = ORIENTED_EDGE ( 'NONE', *, *, #3719, .F. ) ;
#2615 = SURFACE_SIDE_STYLE ('',( #854 ) ) ;
#2616 = CARTESIAN_POINT ( 'NONE',  ( -2.119999999999998774, -2.236792614887840092, 0.6150000000000157563 ) ) ;
#2617 = CARTESIAN_POINT ( 'NONE',  ( 2.450000000000001510, 1.874046004575876667, 0.6150000000000170886 ) ) ;
#2618 = PRESENTATION_STYLE_ASSIGNMENT (( #7260 ) ) ;
#2619 = CARTESIAN_POINT ( 'NONE',  ( -0.9499999999999997335, 0.7500000000000005551, 0.000000000000000000 ) ) ;
#2620 = EDGE_CURVE ( 'NONE', #6177, #42, #31, .T. ) ;
#2621 = DIRECTION ( 'NONE',  ( 0.000000000000000000, 0.000000000000000000, -1.000000000000000000 ) ) ;
#2622 = ORIENTED_EDGE ( 'NONE', *, *, #4019, .F. ) ;
#2623 = PRESENTATION_LAYER_ASSIGNMENT (  '', '', ( #300 ) ) ;
#2624 = FACE_OUTER_BOUND ( 'NONE', #7338, .T. ) ;
#2625 = COLOUR_RGB ( '',0.7921568627450980005, 0.8196078431372548767, 0.9333333333333333481 ) ;
#2626 = DIRECTION ( 'NONE',  ( 0.000000000000000000, 0.000000000000000000, 1.000000000000000000 ) ) ;
#2627 = FILL_AREA_STYLE_COLOUR ( '', #4583 ) ;
#2628 = ORIENTED_EDGE ( 'NONE', *, *, #4450, .F. ) ;
#2629 = SURFACE_STYLE_USAGE ( .BOTH. , #4273 ) ;
#2630 = LINE ( 'NONE', #4308, #4710 ) ;
#2631 = EDGE_CURVE ( 'NONE', #3145, #6507, #1297, .T. ) ;
#2632 = STYLED_ITEM ( 'NONE', ( #3563 ), #3731 ) ;
#2633 = LINE ( 'NONE', #7068, #7311 ) ;
#2634 = DIRECTION ( 'NONE',  ( 1.000000000000000000, 0.000000000000000000, 0.000000000000000000 ) ) ;
#2635 = CIRCLE ( 'NONE', #4862, 0.3145906676743915886 ) ;
#2636 = CARTESIAN_POINT ( 'NONE',  ( -2.119999999999998774, 2.708949121834177909, 1.250274496869775653 ) ) ;
#2637 = ORIENTED_EDGE ( 'NONE', *, *, #2775, .F. ) ;
#2638 = AXIS2_PLACEMENT_3D ( 'NONE', #6594, #5389, #3651 ) ;
#2639 = ADVANCED_FACE ( 'NONE', ( #2641 ), #2396, .F. ) ;
#2640 =( GEOMETRIC_REPRESENTATION_CONTEXT ( 3 ) GLOBAL_UNCERTAINTY_ASSIGNED_CONTEXT ( ( #1319 ) ) GLOBAL_UNIT_ASSIGNED_CONTEXT ( ( #1938, #1988, #7100 ) ) REPRESENTATION_CONTEXT ( 'NONE', 'WORKASPACE' ) );
#2641 = FACE_OUTER_BOUND ( 'NONE', #4441, .T. ) ;
#2642 =( GEOMETRIC_REPRESENTATION_CONTEXT ( 3 ) GLOBAL_UNCERTAINTY_ASSIGNED_CONTEXT ( ( #904 ) ) GLOBAL_UNIT_ASSIGNED_CONTEXT ( ( #3626, #3012, #5233 ) ) REPRESENTATION_CONTEXT ( 'NONE', 'WORKASPACE' ) );
#2643 = ORIENTED_EDGE ( 'NONE', *, *, #5322, .F. ) ;
#2644 = CIRCLE ( 'NONE', #6150, 0.5000000000000000000 ) ;
#2645 = CARTESIAN_POINT ( 'NONE',  ( -2.119999999999998774, 2.671944735649775193, 1.286701275200562655 ) ) ;
#2646 = SURFACE_SIDE_STYLE ('',( #3508 ) ) ;
#2647 = PRESENTATION_STYLE_ASSIGNMENT (( #3068 ) ) ;
#2648 = FILL_AREA_STYLE ('',( #3864 ) ) ;
#2649 = VERTEX_POINT ( 'NONE', #145 ) ;
#2650 = UNCERTAINTY_MEASURE_WITH_UNIT (LENGTH_MEASURE( 1.000000000000000082E-05 ), #5170, 'distance_accuracy_value', 'NONE');
#2651 = UNCERTAINTY_MEASURE_WITH_UNIT (LENGTH_MEASURE( 1.000000000000000082E-05 ), #6029, 'distance_accuracy_value', 'NONE');
#2652 = ORIENTED_EDGE ( 'NONE', *, *, #2257, .T. ) ;
#2653 = CIRCLE ( 'NONE', #5853, 0.3145906676743914776 ) ;
#2654 = SURFACE_SIDE_STYLE ('',( #3727 ) ) ;
#2655 = DIRECTION ( 'NONE',  ( -0.000000000000000000, 0.000000000000000000, 1.000000000000000000 ) ) ;
#2656 = EDGE_CURVE ( 'NONE', #4083, #431, #2270, .T. ) ;
#2657 = CARTESIAN_POINT ( 'NONE',  ( 0.4200000000000015388, -2.236792614887839648, 0.9295906676744072339 ) ) ;
#2658 = ORIENTED_EDGE ( 'NONE', *, *, #5646, .T. ) ;
#2659 = LINE ( 'NONE', #4276, #139 ) ;
#2660 = LINE ( 'NONE', #7388, #1129 ) ;
#2661 = LINE ( 'NONE', #4163, #5540 ) ;
#2662 = CARTESIAN_POINT ( 'NONE',  ( -0.8499999999999985345, 3.000000000000000000, 1.625000000000000000 ) ) ;
#2663 =( LENGTH_UNIT ( ) NAMED_UNIT ( * ) SI_UNIT ( .MILLI., .METRE. ) );
#2664 = CYLINDRICAL_SURFACE ( 'NONE', #2884, 0.1340459166400966851 ) ;
#2665 = ORIENTED_EDGE ( 'NONE', *, *, #476, .T. ) ;
#2666 = CARTESIAN_POINT ( 'NONE',  ( 1.690000000000001723, 2.649999999999999467, 1.600525615819771152 ) ) ;
#2667 = ORIENTED_EDGE ( 'NONE', *, *, #6450, .T. ) ;
#2668 = FILL_AREA_STYLE_COLOUR ( '', #2281 ) ;
#2669 = EDGE_CURVE ( 'NONE', #4854, #5323, #757, .T. ) ;
#2670 =( GEOMETRIC_REPRESENTATION_CONTEXT ( 3 ) GLOBAL_UNCERTAINTY_ASSIGNED_CONTEXT ( ( #3794 ) ) GLOBAL_UNIT_ASSIGNED_CONTEXT ( ( #1958, #3759, #341 ) ) REPRESENTATION_CONTEXT ( 'NONE', 'WORKASPACE' ) );
#2671 = LINE ( 'NONE', #2416, #3589 ) ;
#2672 = FILL_AREA_STYLE_COLOUR ( '', #3014 ) ;
#2673 = SURFACE_STYLE_USAGE ( .BOTH. , #2029 ) ;
#2674 = CARTESIAN_POINT ( 'NONE',  ( -0.8499999999999985345, -2.699598551369565502, 1.383993884394061347 ) ) ;
#2675 = DIRECTION ( 'NONE',  ( 0.000000000000000000, 0.000000000000000000, 1.000000000000000000 ) ) ;
#2676 =( GEOMETRIC_REPRESENTATION_CONTEXT ( 3 ) GLOBAL_UNCERTAINTY_ASSIGNED_CONTEXT ( ( #6529 ) ) GLOBAL_UNIT_ASSIGNED_CONTEXT ( ( #1284, #6413, #100 ) ) REPRESENTATION_CONTEXT ( 'NONE', 'WORKASPACE' ) );
#2677 = EDGE_CURVE ( 'NONE', #4618, #6617, #1477, .T. ) ;
#2678 = AXIS2_PLACEMENT_3D ( 'NONE', #290, #7144, #3707 ) ;
#2679 = PRESENTATION_LAYER_ASSIGNMENT (  '', '', ( #6151 ) ) ;
#2680 =( NAMED_UNIT ( * ) PLANE_ANGLE_UNIT ( ) SI_UNIT ( $, .RADIAN. ) );
#2681 = CARTESIAN_POINT ( 'NONE',  ( 2.297327737236434242, 1.797327737236432910, 1.373799999999999910 ) ) ;
#2682 = FACE_OUTER_BOUND ( 'NONE', #747, .T. ) ;
#2683 = ADVANCED_FACE ( 'NONE', ( #3278 ), #1877, .F. ) ;
#2684 = CARTESIAN_POINT ( 'NONE',  ( -2.449999999999998401, -1.874046004575876223, 0.8349999999999860867 ) ) ;
#2685 = SURFACE_STYLE_USAGE ( .BOTH. , #5472 ) ;
#2686 = DIRECTION ( 'NONE',  ( 0.000000000000000000, 0.000000000000000000, -1.000000000000000000 ) ) ;
#2687 = ORIENTED_EDGE ( 'NONE', *, *, #6149, .T. ) ;
#2688 = CYLINDRICAL_SURFACE ( 'NONE', #964, 0.1340459166400967961 ) ;
#2689 = EDGE_LOOP ( 'NONE', ( #1594, #1205, #1824, #7329 ) ) ;
#2690 = VERTEX_POINT ( 'NONE', #694 ) ;
#2691 = FACE_OUTER_BOUND ( 'NONE', #3763, .T. ) ;
#2692 = DIRECTION ( 'NONE',  ( 0.000000000000000000, 0.9975640502598241977, -0.06975647374412535795 ) ) ;
#2693 = PRODUCT_DEFINITION_FORMATION_WITH_SPECIFIED_SOURCE ( 'ANY', '', #6379, .NOT_KNOWN. ) ;
#2694 = EDGE_CURVE ( 'NONE', #3427, #4393, #3382, .T. ) ;
#2695 = MECHANICAL_DESIGN_GEOMETRIC_PRESENTATION_REPRESENTATION (  '', ( #5390 ), #4504 ) ;
#2696 = ORIENTED_EDGE ( 'NONE', *, *, #5874, .T. ) ;
#2697 = DIRECTION ( 'NONE',  ( 0.000000000000000000, -1.000000000000000000, 0.000000000000000000 ) ) ;
#2698 = ORIENTED_EDGE ( 'NONE', *, *, #7163, .T. ) ;
#2699 = CARTESIAN_POINT ( 'NONE',  ( 2.449996426143393968, -1.874537999305284197, 0.8350254293110831449 ) ) ;
#2700 = PRESENTATION_STYLE_ASSIGNMENT (( #2358 ) ) ;
#2701 = PLANE ( 'NONE',  #4075 ) ;
#2702 = DIRECTION ( 'NONE',  ( 1.000000000000000000, 0.000000000000000000, 0.000000000000000000 ) ) ;
#2703 = SURFACE_STYLE_FILL_AREA ( #5016 ) ;
#2704 = MANIFOLD_SOLID_BREP ( 'Mirror1[4]', #3197 ) ;
#2705 = ORIENTED_EDGE ( 'NONE', *, *, #800, .T. ) ;
#2706 = PLANE ( 'NONE',  #3734 ) ;
#2707 = FILL_AREA_STYLE_COLOUR ( '', #5136 ) ;
#2708 = DIRECTION ( 'NONE',  ( 1.000000000000000000, 0.000000000000000000, 0.000000000000000000 ) ) ;
#2709 = CARTESIAN_POINT ( 'NONE',  ( 0.4200000000000015388, 2.236792614887839648, 0.9295906676744072339 ) ) ;
#2710 = SURFACE_STYLE_USAGE ( .BOTH. , #4495 ) ;
#2711 = CARTESIAN_POINT ( 'NONE',  ( -1.689999999999998392, -1.949999999999999956, 0.6150000000000157563 ) ) ;
#2712 = PRESENTATION_STYLE_ASSIGNMENT (( #6062 ) ) ;
#2713 = COLOUR_RGB ( '',0.7529411764705882248, 0.7529411764705882248, 0.7529411764705882248 ) ;
#2714 = ORIENTED_EDGE ( 'NONE', *, *, #4349, .T. ) ;
#2715 = DIRECTION ( 'NONE',  ( 1.000000000000000000, 0.000000000000000000, 0.000000000000000000 ) ) ;
#2716 = EDGE_CURVE ( 'NONE', #3859, #4461, #385, .T. ) ;
#2717 = DIRECTION ( 'NONE',  ( 0.000000000000000000, -0.9975640502598241977, -0.06975647374412535795 ) ) ;
#2718 = DIRECTION ( 'NONE',  ( -0.9902680687415709171, 0.000000000000000000, 0.1391731009600616353 ) ) ;
#2719 = ADVANCED_FACE ( 'NONE', ( #6780 ), #4650, .T. ) ;
#2720 = EDGE_CURVE ( 'NONE', #3392, #4461, #5788, .T. ) ;
#2721 = PRESENTATION_LAYER_ASSIGNMENT (  '', '', ( #2319 ) ) ;
#2722 =( GEOMETRIC_REPRESENTATION_CONTEXT ( 3 ) GLOBAL_UNCERTAINTY_ASSIGNED_CONTEXT ( ( #1127 ) ) GLOBAL_UNIT_ASSIGNED_CONTEXT ( ( #5793, #6037, #4787 ) ) REPRESENTATION_CONTEXT ( 'NONE', 'WORKASPACE' ) );
#2723 = ORIENTED_EDGE ( 'NONE', *, *, #879, .F. ) ;
#2724 = CARTESIAN_POINT ( 'NONE',  ( 1.690000000000001723, 2.333719387524285427, 0.9596953461754694770 ) ) ;
#2725 = DIRECTION ( 'NONE',  ( 0.000000000000000000, 0.000000000000000000, -1.000000000000000000 ) ) ;
#2726 = EDGE_LOOP ( 'NONE', ( #2792, #4090, #4640, #7148 ) ) ;
#2727 = CIRCLE ( 'NONE', #2483, 0.07619999999999998996 ) ;
#2728 = ADVANCED_FACE ( 'NONE', ( #5427 ), #208, .T. ) ;
#2729 = DIRECTION ( 'NONE',  ( 0.000000000000000000, 1.000000000000000000, 0.000000000000000000 ) ) ;
#2730 = VECTOR ( 'NONE', #5175, 1000.000000000000000 ) ;
#2731 = PLANE ( 'NONE',  #1771 ) ;
#2732 = EDGE_LOOP ( 'NONE', ( #5040, #898, #7239, #5826 ) ) ;
#2733 = CARTESIAN_POINT ( 'NONE',  ( -0.4199999999999984857, -2.708949121834177909, 1.250274496869775653 ) ) ;
#2734 = STYLED_ITEM ( 'NONE', ( #625 ), #7370 ) ;
#2735 = SURFACE_STYLE_FILL_AREA ( #3375 ) ;
#2736 = EDGE_CURVE ( 'NONE', #6891, #7048, #2545, .T. ) ;
#2737 = AXIS2_PLACEMENT_3D ( 'NONE', #353, #2702, #2725 ) ;
#2738 = DIRECTION ( 'NONE',  ( 1.000000000000000000, 0.000000000000000000, 0.000000000000000000 ) ) ;
#2739 = SURFACE_SIDE_STYLE ('',( #986 ) ) ;
#2740 = ORIENTED_EDGE ( 'NONE', *, *, #3815, .F. ) ;
#2741 = LINE ( 'NONE', #2100, #7331 ) ;
#2742 = ORIENTED_EDGE ( 'NONE', *, *, #903, .F. ) ;
#2743 = SURFACE_SIDE_STYLE ('',( #5609 ) ) ;
#2744 = PRESENTATION_LAYER_ASSIGNMENT (  '', '', ( #2340 ) ) ;
#2745 = AXIS2_PLACEMENT_3D ( 'NONE', #4810, #2557, #3718 ) ;
#2746 = DIRECTION ( 'NONE',  ( -0.000000000000000000, -0.000000000000000000, 1.000000000000000000 ) ) ;
#2747 = MECHANICAL_DESIGN_GEOMETRIC_PRESENTATION_REPRESENTATION (  '', ( #5484 ), #2642 ) ;
#2748 = ORIENTED_EDGE ( 'NONE', *, *, #5223, .F. ) ;
#2749 = UNCERTAINTY_MEASURE_WITH_UNIT (LENGTH_MEASURE( 1.000000000000000082E-05 ), #3321, 'distance_accuracy_value', 'NONE');
#2750 = COLOUR_RGB ( '',0.7529411764705882248, 0.7529411764705882248, 0.7529411764705882248 ) ;
#2751 = VECTOR ( 'NONE', #4356, 1000.000000000000114 ) ;
#2752 = DIRECTION ( 'NONE',  ( 0.000000000000000000, 0.000000000000000000, -1.000000000000000000 ) ) ;
#2753 = CARTESIAN_POINT ( 'NONE',  ( 2.375975367522380033, -1.951433794360485585, 0.6252019769807438676 ) ) ;
#2754 = PRESENTATION_STYLE_ASSIGNMENT (( #1187 ) ) ;
#2755 = FACE_OUTER_BOUND ( 'NONE', #52, .T. ) ;
#2756 = ORIENTED_EDGE ( 'NONE', *, *, #3987, .T. ) ;
#2757 = FILL_AREA_STYLE_COLOUR ( '', #6393 ) ;
#2758 = ADVANCED_FACE ( 'NONE', ( #5608 ), #1947, .F. ) ;
#2759 = DIRECTION ( 'NONE',  ( 1.000000000000000000, 0.000000000000000000, 0.000000000000000000 ) ) ;
#2760 = CARTESIAN_POINT ( 'NONE',  ( -2.297327737236432021, 1.531193605351035325, 0.07619999999999998996 ) ) ;
#2761 = VECTOR ( 'NONE', #3430, 1000.000000000000000 ) ;
#2762 = VECTOR ( 'NONE', #1777, 1000.000000000000000 ) ;
#2763 = ORIENTED_EDGE ( 'NONE', *, *, #6009, .T. ) ;
#2764 = SURFACE_STYLE_FILL_AREA ( #1102 ) ;
#2765 = ADVANCED_FACE ( 'NONE', ( #5983 ), #3018, .T. ) ;
#2766 = DIRECTION ( 'NONE',  ( -0.09889026361067673743, 0.7036407875340335849, 0.7036407875340201512 ) ) ;
#2767 = EDGE_CURVE ( 'NONE', #1283, #4618, #1480, .T. ) ;
#2768 = FILL_AREA_STYLE_COLOUR ( '', #1470 ) ;
#2769 = SURFACE_SIDE_STYLE ('',( #6466 ) ) ;
#2770 = ORIENTED_EDGE ( 'NONE', *, *, #1750, .F. ) ;
#2771 = CARTESIAN_POINT ( 'NONE',  ( 2.363567386658030678, 0.000000000000000000, 1.449999999999999956 ) ) ;
#2772 = ORIENTED_EDGE ( 'NONE', *, *, #390, .T. ) ;
#2773 = FILL_AREA_STYLE_COLOUR ( '', #7128 ) ;
#2774 = ORIENTED_EDGE ( 'NONE', *, *, #6821, .T. ) ;
#2775 = EDGE_CURVE ( 'NONE', #7246, #6920, #7142, .T. ) ;
#2776 = VECTOR ( 'NONE', #6311, 1000.000000000000000 ) ;
#2777 = AXIS2_PLACEMENT_3D ( 'NONE', #4597, #1130, #3457 ) ;
#2778 = MECHANICAL_DESIGN_GEOMETRIC_PRESENTATION_REPRESENTATION (  '', ( #2383 ), #451 ) ;
#2779 = VERTEX_POINT ( 'NONE', #4909 ) ;
#2780 = FILL_AREA_STYLE_COLOUR ( '', #864 ) ;
#2781 = ORIENTED_EDGE ( 'NONE', *, *, #4272, .T. ) ;
#2782 = DIRECTION ( 'NONE',  ( -0.000000000000000000, -0.000000000000000000, 1.000000000000000000 ) ) ;
#2783 = CARTESIAN_POINT ( 'NONE',  ( 2.297327737236433798, 1.531193605351035325, 0.07619999999999998996 ) ) ;
#2784 = CARTESIAN_POINT ( 'NONE',  ( -2.449996426143392636, 1.874537999305284863, 0.8350254293110828119 ) ) ;
#2785 = PRESENTATION_LAYER_ASSIGNMENT (  '', '', ( #961 ) ) ;
#2786 = MECHANICAL_DESIGN_GEOMETRIC_PRESENTATION_REPRESENTATION (  '', ( #2245 ), #1909 ) ;
#2787 = PLANE ( 'NONE',  #1335 ) ;
#2788 = AXIS2_PLACEMENT_3D ( 'NONE', #4825, #4874, #5394 ) ;
#2789 = UNCERTAINTY_MEASURE_WITH_UNIT (LENGTH_MEASURE( 1.000000000000000082E-05 ), #375, 'distance_accuracy_value', 'NONE');
#2790 = COLOUR_RGB ( '',0.7529411764705882248, 0.7529411764705882248, 0.7529411764705882248 ) ;
#2791 =( NAMED_UNIT ( * ) PLANE_ANGLE_UNIT ( ) SI_UNIT ( $, .RADIAN. ) );
#2792 = ORIENTED_EDGE ( 'NONE', *, *, #6674, .T. ) ;
#2793 = SURFACE_STYLE_FILL_AREA ( #3922 ) ;
#2794 = PRESENTATION_LAYER_ASSIGNMENT (  '', '', ( #5921 ) ) ;
#2795 = FILL_AREA_STYLE ('',( #2773 ) ) ;
#2796 = CARTESIAN_POINT ( 'NONE',  ( 0.8500000000000015321, 2.550616955507047923, 0.9076459320246323959 ) ) ;
#2797 = SURFACE_STYLE_FILL_AREA ( #1301 ) ;
#2798 = DIRECTION ( 'NONE',  ( 0.000000000000000000, 0.000000000000000000, -1.000000000000000000 ) ) ;
#2799 = EDGE_CURVE ( 'NONE', #4977, #4599, #6158, .T. ) ;
#2800 = ADVANCED_FACE ( 'NONE', ( #6695 ), #2119, .F. ) ;
#2801 = CARTESIAN_POINT ( 'NONE',  ( 1.690000000000001723, 1.949999999999999512, 0.6150000000000157563 ) ) ;
#2802 = DIRECTION ( 'NONE',  ( 1.000000000000000000, 0.000000000000000000, 0.000000000000000000 ) ) ;
#2803 = ORIENTED_EDGE ( 'NONE', *, *, #2307, .T. ) ;
#2804 = CARTESIAN_POINT ( 'NONE',  ( 0.4200000000000015388, -2.708949121834177465, 1.250274496869775653 ) ) ;
#2805 = EDGE_CURVE ( 'NONE', #2226, #1372, #3659, .T. ) ;
#2806 = DIRECTION ( 'NONE',  ( 0.000000000000000000, 0.000000000000000000, 1.000000000000000000 ) ) ;
#2807 = AXIS2_PLACEMENT_3D ( 'NONE', #127, #3036, #2978 ) ;
#2808 = DIRECTION ( 'NONE',  ( -1.000000000000000000, -0.000000000000000000, -0.000000000000000000 ) ) ;
#2809 = DIRECTION ( 'NONE',  ( 0.000000000000000000, 0.000000000000000000, -1.000000000000000000 ) ) ;
#2810 = CARTESIAN_POINT ( 'NONE',  ( 0.4200000000000015388, -2.649999999999999467, 1.600525615819771152 ) ) ;
#2811 = COLOUR_RGB ( '',0.7529411764705882248, 0.7529411764705882248, 0.7529411764705882248 ) ;
#2812 = ORIENTED_EDGE ( 'NONE', *, *, #3762, .T. ) ;
#2813 = DIRECTION ( 'NONE',  ( -0.09889026361067743132, -0.7036407875340303653, -0.7036407875340230378 ) ) ;
#2814 = ORIENTED_EDGE ( 'NONE', *, *, #5, .T. ) ;
#2815 = AXIS2_PLACEMENT_3D ( 'NONE', #3534, #6886, #1210 ) ;
#2816 = AXIS2_PLACEMENT_3D ( 'NONE', #446, #426, #3311 ) ;
#2817 = STYLED_ITEM ( 'NONE', ( #1392 ), #2765 ) ;
#2818 = VECTOR ( 'NONE', #1038, 1000.000000000000000 ) ;
#2819 =( NAMED_UNIT ( * ) SI_UNIT ( $, .STERADIAN. ) SOLID_ANGLE_UNIT ( ) );
#2820 = SURFACE_SIDE_STYLE ('',( #1654 ) ) ;
#2821 = ORIENTED_EDGE ( 'NONE', *, *, #1806, .F. ) ;
#2822 = SURFACE_STYLE_USAGE ( .BOTH. , #5732 ) ;
#2823 = DIRECTION ( 'NONE',  ( 0.000000000000000000, 0.000000000000000000, -1.000000000000000000 ) ) ;
#2824 = SURFACE_STYLE_FILL_AREA ( #4279 ) ;
#2825 = DIRECTION ( 'NONE',  ( 1.000000000000000000, 0.000000000000000000, 0.000000000000000000 ) ) ;
#2826 = STYLED_ITEM ( 'NONE', ( #6932 ), #7357 ) ;
#2827 = EDGE_LOOP ( 'NONE', ( #639, #57, #1493, #6433 ) ) ;
#2828 = AXIS2_PLACEMENT_3D ( 'NONE', #721, #1351, #5305 ) ;
#2829 = VECTOR ( 'NONE', #853, 1000.000000000000000 ) ;
#2830 = MECHANICAL_DESIGN_GEOMETRIC_PRESENTATION_REPRESENTATION (  '', ( #2009 ), #3477 ) ;
#2831 = ORIENTED_EDGE ( 'NONE', *, *, #1334, .T. ) ;
#2832 = DIRECTION ( 'NONE',  ( 0.000000000000000000, 0.000000000000000000, -1.000000000000000000 ) ) ;
#2833 = ADVANCED_FACE ( 'NONE', ( #3847 ), #5782, .T. ) ;
#2834 = VERTEX_POINT ( 'NONE', #7187 ) ;
#2835 = UNCERTAINTY_MEASURE_WITH_UNIT (LENGTH_MEASURE( 1.000000000000000082E-05 ), #4750, 'distance_accuracy_value', 'NONE');
#2836 = COLOUR_RGB ( '',0.2509803921568627416, 0.2509803921568627416, 0.2509803921568627416 ) ;
#2837 = ORIENTED_EDGE ( 'NONE', *, *, #6054, .T. ) ;
#2838 = CARTESIAN_POINT ( 'NONE',  ( -0.8499999999999985345, -2.649999999999999911, 1.600525615819771152 ) ) ;
#2839 = CARTESIAN_POINT ( 'NONE',  ( -0.8499999999999985345, -2.200000000000000178, 0.9690459166400811064 ) ) ;
#2840 = EDGE_CURVE ( 'NONE', #2268, #1682, #5976, .T. ) ;
#2841 = VECTOR ( 'NONE', #3494, 1000.000000000000000 ) ;
#2842 = DIRECTION ( 'NONE',  ( 0.000000000000000000, 1.000000000000000000, 0.000000000000000000 ) ) ;
#2843 = ORIENTED_EDGE ( 'NONE', *, *, #4816, .F. ) ;
#2844 = SURFACE_STYLE_USAGE ( .BOTH. , #2254 ) ;
#2845 =( NAMED_UNIT ( * ) SI_UNIT ( $, .STERADIAN. ) SOLID_ANGLE_UNIT ( ) );
#2846 = STYLED_ITEM ( 'NONE', ( #3598 ), #1604 ) ;
#2847 = PRESENTATION_STYLE_ASSIGNMENT (( #6616 ) ) ;
#2848 = CARTESIAN_POINT ( 'NONE',  ( 0.4200000000000015388, -2.550616955507047923, 0.9076459320246323959 ) ) ;
#2849 = CARTESIAN_POINT ( 'NONE',  ( -0.8499999999999985345, 2.671944735649775193, 1.286701275200562655 ) ) ;
#2850 = CARTESIAN_POINT ( 'NONE',  ( 1.690000000000001723, -2.575229734309891771, 1.259625067334387394 ) ) ;
#2851 = SURFACE_STYLE_USAGE ( .BOTH. , #6929 ) ;
#2852 = LINE ( 'NONE', #2196, #2761 ) ;
#2854 = ORIENTED_EDGE ( 'NONE', *, *, #5572, .T. ) ;
#2853 =( NAMED_UNIT ( * ) PLANE_ANGLE_UNIT ( ) SI_UNIT ( $, .RADIAN. ) );
#2855 = SURFACE_STYLE_USAGE ( .BOTH. , #4048 ) ;
#2856 =( NAMED_UNIT ( * ) SI_UNIT ( $, .STERADIAN. ) SOLID_ANGLE_UNIT ( ) );
#2857 = VERTEX_POINT ( 'NONE', #3245 ) ;
#2858 = CARTESIAN_POINT ( 'NONE',  ( -2.449999999999999734, 1.873799999999999910, 0.8349999999999843103 ) ) ;
#2859 = FACE_OUTER_BOUND ( 'NONE', #1647, .T. ) ;
#2860 =( NAMED_UNIT ( * ) PLANE_ANGLE_UNIT ( ) SI_UNIT ( $, .RADIAN. ) );
#2861 = EDGE_CURVE ( 'NONE', #3427, #2893, #33, .T. ) ;
#2862 = ORIENTED_EDGE ( 'NONE', *, *, #2280, .F. ) ;
#2863 = STYLED_ITEM ( 'NONE', ( #1030 ), #2566 ) ;
#2864 = VERTEX_POINT ( 'NONE', #6703 ) ;
#2865 = SURFACE_STYLE_USAGE ( .BOTH. , #1236 ) ;
#2866 = CARTESIAN_POINT ( 'NONE',  ( 2.449996426143394412, 1.874537999305285085, 0.8350254293110831449 ) ) ;
#2867 = ORIENTED_EDGE ( 'NONE', *, *, #7261, .F. ) ;
#2868 = COLOUR_RGB ( '',0.7529411764705882248, 0.7529411764705882248, 0.7529411764705882248 ) ;
#2869 = FILL_AREA_STYLE ('',( #5707 ) ) ;
#2870 = EDGE_LOOP ( 'NONE', ( #5605, #2429, #4072, #1183 ) ) ;
#2871 = SURFACE_STYLE_USAGE ( .BOTH. , #5807 ) ;
#2872 =( GEOMETRIC_REPRESENTATION_CONTEXT ( 3 ) GLOBAL_UNCERTAINTY_ASSIGNED_CONTEXT ( ( #122 ) ) GLOBAL_UNIT_ASSIGNED_CONTEXT ( ( #1801, #558, #3480 ) ) REPRESENTATION_CONTEXT ( 'NONE', 'WORKASPACE' ) );
#2873 = ADVANCED_FACE ( 'NONE', ( #1648 ), #1639, .F. ) ;
#2874 = EDGE_CURVE ( 'NONE', #744, #1707, #3191, .T. ) ;
#2875 = STYLED_ITEM ( 'NONE', ( #6142 ), #4329 ) ;
#2876 = ORIENTED_EDGE ( 'NONE', *, *, #2716, .T. ) ;
#2877 = SURFACE_STYLE_FILL_AREA ( #4722 ) ;
#2878 = CARTESIAN_POINT ( 'NONE',  ( -2.449999999999999734, 1.949999999999999956, 0.6150000000000157563 ) ) ;
#2879 = DIRECTION ( 'NONE',  ( 0.000000000000000000, 0.7071067811865435759, -0.7071067811865514585 ) ) ;
#2880 = UNCERTAINTY_MEASURE_WITH_UNIT (LENGTH_MEASURE( 1.000000000000000082E-05 ), #6363, 'distance_accuracy_value', 'NONE');
#2881 = FACE_OUTER_BOUND ( 'NONE', #530, .T. ) ;
#2882 = ORIENTED_EDGE ( 'NONE', *, *, #5282, .F. ) ;
#2883 = DIRECTION ( 'NONE',  ( 0.000000000000000000, 0.9975640502598241977, -0.06975647374412535795 ) ) ;
#2884 = AXIS2_PLACEMENT_3D ( 'NONE', #1714, #4059, #7408 ) ;
#2885 = CIRCLE ( 'NONE', #464, 0.07619999999999994833 ) ;
#2886 = FILL_AREA_STYLE_COLOUR ( '', #2231 ) ;
#2887 = SURFACE_STYLE_USAGE ( .BOTH. , #1966 ) ;
#2888 = AXIS2_PLACEMENT_3D ( 'NONE', #2188, #1553, #1258 ) ;
#2889 = SURFACE_STYLE_FILL_AREA ( #7335 ) ;
#2890 = SURFACE_STYLE_USAGE ( .BOTH. , #1174 ) ;
#2891 = VECTOR ( 'NONE', #7387, 1000.000000000000000 ) ;
#2892 = FILL_AREA_STYLE ('',( #2375 ) ) ;
#2893 = VERTEX_POINT ( 'NONE', #3966 ) ;
#2894 = PRESENTATION_STYLE_ASSIGNMENT (( #1327 ) ) ;
#2895 =( NAMED_UNIT ( * ) PLANE_ANGLE_UNIT ( ) SI_UNIT ( $, .RADIAN. ) );
#2896 = SURFACE_STYLE_FILL_AREA ( #3194 ) ;
#2897 = AXIS2_PLACEMENT_3D ( 'NONE', #711, #2438, #6472 ) ;
#2898 = ORIENTED_EDGE ( 'NONE', *, *, #2368, .T. ) ;
#2899 = EDGE_CURVE ( 'NONE', #1466, #2205, #6236, .T. ) ;
#2900 =( LENGTH_UNIT ( ) NAMED_UNIT ( * ) SI_UNIT ( .MILLI., .METRE. ) );
#2901 =( NAMED_UNIT ( * ) PLANE_ANGLE_UNIT ( ) SI_UNIT ( $, .RADIAN. ) );
#2902 = CARTESIAN_POINT ( 'NONE',  ( 0.8500000000000015321, 2.999999999999999556, 1.625000000000000000 ) ) ;
#2903 = ORIENTED_EDGE ( 'NONE', *, *, #6902, .F. ) ;
#2904 = FILL_AREA_STYLE_COLOUR ( '', #4142 ) ;
#2905 = EDGE_CURVE ( 'NONE', #455, #2562, #5870, .T. ) ;
#2906 = PRESENTATION_LAYER_ASSIGNMENT (  '', '', ( #5598 ) ) ;
#2907 = ORIENTED_EDGE ( 'NONE', *, *, #6631, .F. ) ;
#2908 = CARTESIAN_POINT ( 'NONE',  ( -2.119999999999998774, 2.550616955507048367, 0.9076459320246323959 ) ) ;
#2909 = PRESENTATION_STYLE_ASSIGNMENT (( #4998 ) ) ;
#2910 = DIRECTION ( 'NONE',  ( 1.000000000000000000, 0.000000000000000000, 0.000000000000000000 ) ) ;
#2911 = FACE_OUTER_BOUND ( 'NONE', #1531, .T. ) ;
#2912 = CARTESIAN_POINT ( 'NONE',  ( -2.372786164074538906, -1.797327737236432466, 1.384404990293156557 ) ) ;
#2913 = ORIENTED_EDGE ( 'NONE', *, *, #5785, .F. ) ;
#2914 = DIRECTION ( 'NONE',  ( 1.000000000000000000, 0.000000000000000000, 0.000000000000000000 ) ) ;
#2915 = AXIS2_PLACEMENT_3D ( 'NONE', #4047, #6878, #6799 ) ;
#2916 =( NAMED_UNIT ( * ) PLANE_ANGLE_UNIT ( ) SI_UNIT ( $, .RADIAN. ) );
#2917 = PRESENTATION_LAYER_ASSIGNMENT (  '', '', ( #5657 ) ) ;
#2918 = ORIENTED_EDGE ( 'NONE', *, *, #6269, .F. ) ;
#2919 = SURFACE_STYLE_FILL_AREA ( #7283 ) ;
#2920 = EDGE_CURVE ( 'NONE', #1540, #4025, #748, .T. ) ;
#2921 = CYLINDRICAL_SURFACE ( 'NONE', #5610, 0.1340459166400966851 ) ;
#2922 = STYLED_ITEM ( 'NONE', ( #35 ), #3925 ) ;
#2923 = SURFACE_SIDE_STYLE ('',( #5912 ) ) ;
#2924 = SURFACE_STYLE_FILL_AREA ( #7002 ) ;
#2925 = ORIENTED_EDGE ( 'NONE', *, *, #4661, .F. ) ;
#2926 = ORIENTED_EDGE ( 'NONE', *, *, #332, .T. ) ;
#2927 =( NAMED_UNIT ( * ) PLANE_ANGLE_UNIT ( ) SI_UNIT ( $, .RADIAN. ) );
#2928 = FACE_OUTER_BOUND ( 'NONE', #3182, .T. ) ;
#2929 = SURFACE_STYLE_USAGE ( .BOTH. , #1769 ) ;
#2930 = CARTESIAN_POINT ( 'NONE',  ( 2.412756678803866350, 1.894728168807626956, 0.3319714900037586958 ) ) ;
#2931 = MECHANICAL_DESIGN_GEOMETRIC_PRESENTATION_REPRESENTATION (  '', ( #7314 ), #2981 ) ;
#2932 = DIRECTION ( 'NONE',  ( 0.000000000000000000, 0.000000000000000000, -1.000000000000000000 ) ) ;
#2933 = PLANE ( 'NONE',  #3747 ) ;
#2934 = AXIS2_PLACEMENT_3D ( 'NONE', #3738, #3115, #7120 ) ;
#2935 = FACE_OUTER_BOUND ( 'NONE', #1228, .T. ) ;
#2936 =( GEOMETRIC_REPRESENTATION_CONTEXT ( 3 ) GLOBAL_UNCERTAINTY_ASSIGNED_CONTEXT ( ( #3695 ) ) GLOBAL_UNIT_ASSIGNED_CONTEXT ( ( #6677, #2017, #7254 ) ) REPRESENTATION_CONTEXT ( 'NONE', 'WORKASPACE' ) );
#2937 = ORIENTED_EDGE ( 'NONE', *, *, #4288, .T. ) ;
#2938 =( BOUNDED_CURVE ( )  B_SPLINE_CURVE ( 3, ( #4523, #1611, #6228, #2784 ),
 .UNSPECIFIED., .F., .T. ) 
 B_SPLINE_CURVE_WITH_KNOTS ( ( 4, 4 ),
 ( 2.365879671860808831, 3.917305635318763191 ),
 .UNSPECIFIED. ) 
 CURVE ( )  GEOMETRIC_REPRESENTATION_ITEM ( )  RATIONAL_B_SPLINE_CURVE ( ( 1.000000000000000000, 0.8092813118237107695, 0.8092813118237107695, 1.000000000000000000 ) ) 
 REPRESENTATION_ITEM ( '' )  );
#2939 = CARTESIAN_POINT ( 'NONE',  ( -0.8499999999999985345, -2.699598551369565502, 1.383993884394061347 ) ) ;
#2940 = ORIENTED_EDGE ( 'NONE', *, *, #5033, .F. ) ;
#2941 = DIRECTION ( 'NONE',  ( 1.000000000000000000, 0.000000000000000000, 0.000000000000000000 ) ) ;
#2942 =( NAMED_UNIT ( * ) PLANE_ANGLE_UNIT ( ) SI_UNIT ( $, .RADIAN. ) );
#2943 = CYLINDRICAL_SURFACE ( 'NONE', #2232, 0.3145906676743914776 ) ;
#2944 = CARTESIAN_POINT ( 'NONE',  ( -2.119999999999998774, 2.333719387524285871, 0.9596953461754694770 ) ) ;
#2945 =( NAMED_UNIT ( * ) SI_UNIT ( $, .STERADIAN. ) SOLID_ANGLE_UNIT ( ) );
#2946 = ADVANCED_FACE ( 'NONE', ( #5069 ), #5248, .T. ) ;
#2947 =( GEOMETRIC_REPRESENTATION_CONTEXT ( 3 ) GLOBAL_UNCERTAINTY_ASSIGNED_CONTEXT ( ( #160 ) ) GLOBAL_UNIT_ASSIGNED_CONTEXT ( ( #6847, #4568, #3404 ) ) REPRESENTATION_CONTEXT ( 'NONE', 'WORKASPACE' ) );
#2948 = DIRECTION ( 'NONE',  ( 0.000000000000000000, -0.9975640502598245307, -0.06975647374412130564 ) ) ;
#2949 = CARTESIAN_POINT ( 'NONE',  ( 2.373800000000001464, 1.950000000000000400, 0.6150000000000157563 ) ) ;
#2950 = EDGE_CURVE ( 'NONE', #2107, #7246, #3758, .T. ) ;
#2951 = SURFACE_STYLE_FILL_AREA ( #5213 ) ;
#2952 = SURFACE_SIDE_STYLE ('',( #5379 ) ) ;
#2953 = FILL_AREA_STYLE ('',( #1791 ) ) ;
#2954 = CARTESIAN_POINT ( 'NONE',  ( 0.4200000000000015388, -2.699598551369565058, 1.383993884394061347 ) ) ;
#2955 = ORIENTED_EDGE ( 'NONE', *, *, #2419, .T. ) ;
#2956 = LINE ( 'NONE', #5750, #6369 ) ;
#2957 = SURFACE_SIDE_STYLE ('',( #950 ) ) ;
#2958 = CARTESIAN_POINT ( 'NONE',  ( 1.690000000000001723, 2.199999999999999734, 0.8349999999999841993 ) ) ;
#2959 = EDGE_LOOP ( 'NONE', ( #2652, #6815, #3287, #6730 ) ) ;
#2960 = VERTEX_POINT ( 'NONE', #3918 ) ;
#2961 = EDGE_CURVE ( 'NONE', #1438, #6517, #6067, .T. ) ;
#2962 = CARTESIAN_POINT ( 'NONE',  ( -0.8499999999999985345, 2.200000000000000178, 0.8349999999999841993 ) ) ;
#2963 = DIRECTION ( 'NONE',  ( 0.000000000000000000, 0.06975647374412254076, 0.9975640502598245307 ) ) ;
#2964 = LINE ( 'NONE', #5067, #7373 ) ;
#2965 = DIRECTION ( 'NONE',  ( 0.000000000000000000, 1.000000000000000000, 0.000000000000000000 ) ) ;
#2966 =( NAMED_UNIT ( * ) PLANE_ANGLE_UNIT ( ) SI_UNIT ( $, .RADIAN. ) );
#2967 = ORIENTED_EDGE ( 'NONE', *, *, #753, .F. ) ;
#2968 = VERTEX_POINT ( 'NONE', #7359 ) ;
#2969 = SURFACE_STYLE_USAGE ( .BOTH. , #6937 ) ;
#2970 = CARTESIAN_POINT ( 'NONE',  ( 0.4200000000000015388, 2.199999999999999734, 0.8349999999999841993 ) ) ;
#2971 = CARTESIAN_POINT ( 'NONE',  ( -0.8499999999999985345, -2.200000000000000178, 0.9690459166400811064 ) ) ;
#2972 = PRESENTATION_LAYER_ASSIGNMENT (  '', '', ( #121 ) ) ;
#2973 = EDGE_CURVE ( 'NONE', #5311, #6966, #5692, .T. ) ;
#2974 = AXIS2_PLACEMENT_3D ( 'NONE', #7154, #1825, #817 ) ;
#2975 =( GEOMETRIC_REPRESENTATION_CONTEXT ( 3 ) GLOBAL_UNCERTAINTY_ASSIGNED_CONTEXT ( ( #2553 ) ) GLOBAL_UNIT_ASSIGNED_CONTEXT ( ( #413, #6803, #7266 ) ) REPRESENTATION_CONTEXT ( 'NONE', 'WORKASPACE' ) );
#2976 = CARTESIAN_POINT ( 'NONE',  ( 2.419517251367360178, 1.863702568968458984, 0.3981039733242635603 ) ) ;
#2977 = DIRECTION ( 'NONE',  ( 0.000000000000000000, 0.06975647374412130564, -0.9975640502598245307 ) ) ;
#2978 = DIRECTION ( 'NONE',  ( 0.000000000000000000, 0.9975640502598241977, 0.06975647374412606572 ) ) ;
#2979 = VERTEX_POINT ( 'NONE', #6248 ) ;
#2980 = CARTESIAN_POINT ( 'NONE',  ( 0.000000000000000000, 0.000000000000000000, 1.449999999999999956 ) ) ;
#2981 =( GEOMETRIC_REPRESENTATION_CONTEXT ( 3 ) GLOBAL_UNCERTAINTY_ASSIGNED_CONTEXT ( ( #4617 ) ) GLOBAL_UNIT_ASSIGNED_CONTEXT ( ( #3471, #1716, #4587 ) ) REPRESENTATION_CONTEXT ( 'NONE', 'WORKASPACE' ) );
#2982 = AXIS2_PLACEMENT_3D ( 'NONE', #7090, #3673, #6590 ) ;
#2983 =( BOUNDED_CURVE ( )  B_SPLINE_CURVE ( 3, ( #10, #6327, #5212, #6933 ),
 .UNSPECIFIED., .F., .T. ) 
 B_SPLINE_CURVE_WITH_KNOTS ( ( 4, 4 ),
 ( 0.000000000000000000, 0.009685181668465343147 ),
 .UNSPECIFIED. ) 
 CURVE ( )  GEOMETRIC_REPRESENTATION_ITEM ( )  RATIONAL_B_SPLINE_CURVE ( ( 1.000000000000000000, 0.9999921831199466427, 0.9999921831199466427, 1.000000000000000000 ) ) 
 REPRESENTATION_ITEM ( '' )  );
#2984 = EDGE_CURVE ( 'NONE', #1707, #1078, #7412, .T. ) ;
#2985 = UNCERTAINTY_MEASURE_WITH_UNIT (LENGTH_MEASURE( 1.000000000000000082E-05 ), #4883, 'distance_accuracy_value', 'NONE');
#2986 = COLOUR_RGB ( '',0.7529411764705882248, 0.7529411764705882248, 0.7529411764705882248 ) ;
#2987 = PLANE ( 'NONE',  #460 ) ;
#2988 = AXIS2_PLACEMENT_3D ( 'NONE', #3716, #5920, #2472 ) ;
#2989 = SURFACE_STYLE_USAGE ( .BOTH. , #1767 ) ;
#2990 =( LENGTH_UNIT ( ) NAMED_UNIT ( * ) SI_UNIT ( .MILLI., .METRE. ) );
#2991 = ORIENTED_EDGE ( 'NONE', *, *, #3550, .T. ) ;
#2992 =( NAMED_UNIT ( * ) SI_UNIT ( $, .STERADIAN. ) SOLID_ANGLE_UNIT ( ) );
#2993 = DIRECTION ( 'NONE',  ( 0.000000000000000000, -0.000000000000000000, 1.000000000000000000 ) ) ;
#2994 = VECTOR ( 'NONE', #4576, 1000.000000000000000 ) ;
#2995 = LINE ( 'NONE', #5450, #452 ) ;
#2996 = PLANE ( 'NONE',  #4204 ) ;
#2997 = ORIENTED_EDGE ( 'NONE', *, *, #3903, .F. ) ;
#2998 =( LENGTH_UNIT ( ) NAMED_UNIT ( * ) SI_UNIT ( .MILLI., .METRE. ) );
#2999 = MECHANICAL_DESIGN_GEOMETRIC_PRESENTATION_REPRESENTATION (  '', ( #3793 ), #2341 ) ;
#3000 = CARTESIAN_POINT ( 'NONE',  ( 2.297327737236433798, 1.797327737236432910, 1.373799999999999910 ) ) ;
#3001 = PRESENTATION_STYLE_ASSIGNMENT (( #445 ) ) ;
#3002 = EDGE_LOOP ( 'NONE', ( #848, #5760, #7132, #7190 ) ) ;
#3003 = CARTESIAN_POINT ( 'NONE',  ( 0.4200000000000015388, 2.550616955507047923, 0.9076459320246323959 ) ) ;
#3004 = DIRECTION ( 'NONE',  ( 1.000000000000000000, 0.000000000000000000, 0.000000000000000000 ) ) ;
#3005 =( LENGTH_UNIT ( ) NAMED_UNIT ( * ) SI_UNIT ( .MILLI., .METRE. ) );
#3006 = STYLED_ITEM ( 'NONE', ( #1157 ), #1508 ) ;
#3007 = SURFACE_STYLE_FILL_AREA ( #5285 ) ;
#3008 = DIRECTION ( 'NONE',  ( 0.000000000000000000, 1.000000000000000000, 0.000000000000000000 ) ) ;
#3009 = DIRECTION ( 'NONE',  ( 0.000000000000000000, 1.000000000000000000, 0.000000000000000000 ) ) ;
#3010 = ORIENTED_EDGE ( 'NONE', *, *, #6183, .F. ) ;
#3011 = VECTOR ( 'NONE', #506, 1000.000000000000000 ) ;
#3012 =( NAMED_UNIT ( * ) PLANE_ANGLE_UNIT ( ) SI_UNIT ( $, .RADIAN. ) );
#3013 = DIRECTION ( 'NONE',  ( -1.000000000000000000, 0.000000000000000000, 0.000000000000000000 ) ) ;
#3014 = COLOUR_RGB ( '',0.7529411764705882248, 0.7529411764705882248, 0.7529411764705882248 ) ;
#3015 = CARTESIAN_POINT ( 'NONE',  ( 1.690000000000001723, -2.358120395030566474, 1.308646010850337271 ) ) ;
#3016 = VECTOR ( 'NONE', #6993, 1000.000000000000000 ) ;
#3017 = ORIENTED_EDGE ( 'NONE', *, *, #6539, .T. ) ;
#3018 = TOROIDAL_SURFACE ( 'NONE', #6919, 0.5000000000000001110, 0.05000000000000000278 ) ;
#3019 = PRESENTATION_STYLE_ASSIGNMENT (( #3358 ) ) ;
#3020 =( LENGTH_UNIT ( ) NAMED_UNIT ( * ) SI_UNIT ( .MILLI., .METRE. ) );
#3021 = EDGE_CURVE ( 'NONE', #3911, #1417, #5515, .T. ) ;
#3022 = PRESENTATION_LAYER_ASSIGNMENT (  '', '', ( #3912 ) ) ;
#3023 = ORIENTED_EDGE ( 'NONE', *, *, #1739, .T. ) ;
#3024 = FILL_AREA_STYLE_COLOUR ( '', #4214 ) ;
#3025 = SURFACE_STYLE_FILL_AREA ( #5534 ) ;
#3026 = CARTESIAN_POINT ( 'NONE',  ( -2.374537999305283531, -1.949996426143391970, 0.8350254293110844772 ) ) ;
#3027 = LINE ( 'NONE', #1093, #6977 ) ;
#3028 = ORIENTED_EDGE ( 'NONE', *, *, #5888, .T. ) ;
#3029 = PRESENTATION_STYLE_ASSIGNMENT (( #6636 ) ) ;
#3030 = CARTESIAN_POINT ( 'NONE',  ( 0.8500000000000015321, -2.236792614887839648, 0.9295906676744072339 ) ) ;
#3031 = UNCERTAINTY_MEASURE_WITH_UNIT (LENGTH_MEASURE( 1.000000000000000082E-05 ), #6579, 'distance_accuracy_value', 'NONE');
#3032 = DIRECTION ( 'NONE',  ( 8.850629979473497383E-17, -1.000000000000000000, 0.000000000000000000 ) ) ;
#3033 = VERTEX_POINT ( 'NONE', #5671 ) ;
#3034 = EDGE_CURVE ( 'NONE', #6582, #338, #3377, .T. ) ;
#3035 =( GEOMETRIC_REPRESENTATION_CONTEXT ( 3 ) GLOBAL_UNCERTAINTY_ASSIGNED_CONTEXT ( ( #895 ) ) GLOBAL_UNIT_ASSIGNED_CONTEXT ( ( #1505, #369, #6167 ) ) REPRESENTATION_CONTEXT ( 'NONE', 'WORKASPACE' ) );
#3036 = DIRECTION ( 'NONE',  ( 0.000000000000000000, -0.06975647374412606572, 0.9975640502598241977 ) ) ;
#3037 = ORIENTED_EDGE ( 'NONE', *, *, #486, .F. ) ;
#3038 = FILL_AREA_STYLE ('',( #6345 ) ) ;
#3039 = FACE_OUTER_BOUND ( 'NONE', #5383, .T. ) ;
#3040 = VECTOR ( 'NONE', #4636, 1000.000000000000000 ) ;
#3041 =( NAMED_UNIT ( * ) PLANE_ANGLE_UNIT ( ) SI_UNIT ( $, .RADIAN. ) );
#3042 = ORIENTED_EDGE ( 'NONE', *, *, #6244, .F. ) ;
#3043 = DIRECTION ( 'NONE',  ( -1.000000000000000000, -0.000000000000000000, -0.000000000000000000 ) ) ;
#3044 = FILL_AREA_STYLE ('',( #111 ) ) ;
#3045 =( NAMED_UNIT ( * ) PLANE_ANGLE_UNIT ( ) SI_UNIT ( $, .RADIAN. ) );
#3046 = ORIENTED_EDGE ( 'NONE', *, *, #4955, .T. ) ;
#3047 =( GEOMETRIC_REPRESENTATION_CONTEXT ( 3 ) GLOBAL_UNCERTAINTY_ASSIGNED_CONTEXT ( ( #2136 ) ) GLOBAL_UNIT_ASSIGNED_CONTEXT ( ( #1, #248, #2157 ) ) REPRESENTATION_CONTEXT ( 'NONE', 'WORKASPACE' ) );
#3048 = SURFACE_STYLE_USAGE ( .BOTH. , #7055 ) ;
#3049 = AXIS2_PLACEMENT_3D ( 'NONE', #1321, #3043, #5315 ) ;
#3050 = DIRECTION ( 'NONE',  ( 1.000000000000000000, 0.000000000000000000, 0.000000000000000000 ) ) ;
#3051 = DIRECTION ( 'NONE',  ( 0.000000000000000000, -0.000000000000000000, -1.000000000000000000 ) ) ;
#3052 = VERTEX_POINT ( 'NONE', #3403 ) ;
#3053 = DIRECTION ( 'NONE',  ( 0.000000000000000000, 0.000000000000000000, 1.000000000000000000 ) ) ;
#3054 = SURFACE_STYLE_USAGE ( .BOTH. , #1854 ) ;
#3055 = CARTESIAN_POINT ( 'NONE',  ( -2.297327737236430689, -1.797327737236432466, 0.07619999999999998996 ) ) ;
#3056 =( NAMED_UNIT ( * ) SI_UNIT ( $, .STERADIAN. ) SOLID_ANGLE_UNIT ( ) );
#3057 = MECHANICAL_DESIGN_GEOMETRIC_PRESENTATION_REPRESENTATION (  '', ( #1113 ), #2253 ) ;
#3058 = TOROIDAL_SURFACE ( 'NONE', #6319, 0.4000000000000001332, 0.05000000000000000278 ) ;
#3059 =( LENGTH_UNIT ( ) NAMED_UNIT ( * ) SI_UNIT ( .MILLI., .METRE. ) );
#3060 = EDGE_CURVE ( 'NONE', #3444, #7458, #2182, .T. ) ;
#3061 = ORIENTED_EDGE ( 'NONE', *, *, #1943, .F. ) ;
#3062 = PRESENTATION_STYLE_ASSIGNMENT (( #521 ) ) ;
#3063 = ORIENTED_EDGE ( 'NONE', *, *, #5959, .F. ) ;
#3064 = SURFACE_STYLE_USAGE ( .BOTH. , #1883 ) ;
#3065 = VERTEX_POINT ( 'NONE', #3496 ) ;
#3066 = DIRECTION ( 'NONE',  ( 0.000000000000000000, 0.06975647374412252688, 0.9975640502598244197 ) ) ;
#3067 = SURFACE_STYLE_FILL_AREA ( #6052 ) ;
#3068 = SURFACE_STYLE_USAGE ( .BOTH. , #1364 ) ;
#3069 = ORIENTED_EDGE ( 'NONE', *, *, #2264, .T. ) ;
#3070 = SURFACE_SIDE_STYLE ('',( #1259 ) ) ;
#3071 = EDGE_CURVE ( 'NONE', #6934, #835, #662, .T. ) ;
#3072 = ORIENTED_EDGE ( 'NONE', *, *, #5046, .T. ) ;
#3073 = STYLED_ITEM ( 'NONE', ( #679 ), #2141 ) ;
#3074 = CARTESIAN_POINT ( 'NONE',  ( -1.689999999999998392, -2.708949121834177909, 1.250274496869775653 ) ) ;
#3075 = ORIENTED_EDGE ( 'NONE', *, *, #7151, .F. ) ;
#3076 = CARTESIAN_POINT ( 'NONE',  ( 1.690000000000001723, -2.708949121834177465, 1.250274496869775653 ) ) ;
#3077 = VECTOR ( 'NONE', #6398, 1000.000000000000000 ) ;
#3078 = FILL_AREA_STYLE_COLOUR ( '', #2252 ) ;
#3079 = VECTOR ( 'NONE', #6685, 1000.000000000000000 ) ;
#3080 = CARTESIAN_POINT ( 'NONE',  ( -0.8499999999999985345, -3.000000000000000000, 1.625000000000000000 ) ) ;
#3081 = DIRECTION ( 'NONE',  ( 0.000000000000000000, 0.000000000000000000, 1.000000000000000000 ) ) ;
#3082 = EDGE_CURVE ( 'NONE', #3567, #3052, #652, .T. ) ;
#3083 = PRESENTATION_LAYER_ASSIGNMENT (  '', '', ( #2186 ) ) ;
#3084 = ORIENTED_EDGE ( 'NONE', *, *, #3675, .F. ) ;
#3085 = MECHANICAL_DESIGN_GEOMETRIC_PRESENTATION_REPRESENTATION (  '', ( #6151 ), #3465 ) ;
#3086 = FILL_AREA_STYLE_COLOUR ( '', #1728 ) ;
#3087 = UNCERTAINTY_MEASURE_WITH_UNIT (LENGTH_MEASURE( 1.000000000000000082E-05 ), #5955, 'distance_accuracy_value', 'NONE');
#3088 = SURFACE_STYLE_FILL_AREA ( #3170 ) ;
#3089 = CARTESIAN_POINT ( 'NONE',  ( -2.119999999999998774, -2.575229734309892216, 1.259625067334387394 ) ) ;
#3090 = LINE ( 'NONE', #4493, #2891 ) ;
#3091 = EDGE_LOOP ( 'NONE', ( #5754, #2926, #5200, #6273, #7428, #3176, #7183, #6419, #2143, #374, #6165, #6956 ) ) ;
#3092 = DIRECTION ( 'NONE',  ( 0.000000000000000000, 0.000000000000000000, 1.000000000000000000 ) ) ;
#3093 = EDGE_CURVE ( 'NONE', #338, #1254, #3839, .T. ) ;
#3094 = AXIS2_PLACEMENT_3D ( 'NONE', #3076, #2442, #4291 ) ;
#3095 =( NAMED_UNIT ( * ) PLANE_ANGLE_UNIT ( ) SI_UNIT ( $, .RADIAN. ) );
#3096 = CARTESIAN_POINT ( 'NONE',  ( -2.449996426143392192, 1.874537999305284641, 0.6149745706889169217 ) ) ;
#3097 = CIRCLE ( 'NONE', #2034, 0.3145906676743914776 ) ;
#3098 = ORIENTED_EDGE ( 'NONE', *, *, #2899, .T. ) ;
#3099 =( NAMED_UNIT ( * ) PLANE_ANGLE_UNIT ( ) SI_UNIT ( $, .RADIAN. ) );
#3100 = AXIS2_PLACEMENT_3D ( 'NONE', #5615, #6156, #971 ) ;
#3101 = STYLED_ITEM ( 'NONE', ( #3795 ), #5402 ) ;
#3102 = ORIENTED_EDGE ( 'NONE', *, *, #6868, .T. ) ;
#3103 = EDGE_CURVE ( 'NONE', #5576, #4767, #4559, .T. ) ;
#3104 = DIRECTION ( 'NONE',  ( -0.1378445374916240918, -0.1378445374916252852, 0.9808148484639903630 ) ) ;
#3105 =( NAMED_UNIT ( * ) PLANE_ANGLE_UNIT ( ) SI_UNIT ( $, .RADIAN. ) );
#3106 = FILL_AREA_STYLE ('',( #1950 ) ) ;
#3107 = CLOSED_SHELL ( 'NONE', ( #869, #1662, #3371, #7131, #6221, #2946, #7279, #2194, #6230, #978, #3520, #1016, #5436, #6678 ) ) ;
#3108 = SURFACE_SIDE_STYLE ('',( #1358 ) ) ;
#3109 =( NAMED_UNIT ( * ) PLANE_ANGLE_UNIT ( ) SI_UNIT ( $, .RADIAN. ) );
#3110 = EDGE_CURVE ( 'NONE', #4162, #4512, #471, .T. ) ;
#3111 = SURFACE_STYLE_FILL_AREA ( #4531 ) ;
#3112 = ADVANCED_FACE ( 'NONE', ( #6420 ), #6928, .T. ) ;
#3113 = EDGE_LOOP ( 'NONE', ( #3474, #5196, #2322, #6811 ) ) ;
#3114 = SURFACE_STYLE_FILL_AREA ( #1997 ) ;
#3115 = DIRECTION ( 'NONE',  ( 0.000000000000000000, 1.000000000000000000, 0.000000000000000000 ) ) ;
#3116 = PLANE ( 'NONE',  #88 ) ;
#3117 = SURFACE_STYLE_USAGE ( .BOTH. , #201 ) ;
#3118 = ORIENTED_EDGE ( 'NONE', *, *, #5742, .F. ) ;
#3119 =( LENGTH_UNIT ( ) NAMED_UNIT ( * ) SI_UNIT ( .MILLI., .METRE. ) );
#3120 = VECTOR ( 'NONE', #1459, 999.9999999999998863 ) ;
#3121 = EDGE_CURVE ( 'NONE', #2268, #6399, #2635, .T. ) ;
#3122 = MECHANICAL_DESIGN_GEOMETRIC_PRESENTATION_REPRESENTATION (  '', ( #2319 ), #3035 ) ;
#3123 = MECHANICAL_DESIGN_GEOMETRIC_PRESENTATION_REPRESENTATION (  '', ( #4537 ), #6194 ) ;
#3124 = DIRECTION ( 'NONE',  ( 1.000000000000000000, 0.000000000000000000, 0.000000000000000000 ) ) ;
#3125 = UNCERTAINTY_MEASURE_WITH_UNIT (LENGTH_MEASURE( 1.000000000000000082E-05 ), #2169, 'distance_accuracy_value', 'NONE');
#3126 = DIRECTION ( 'NONE',  ( -0.9902680687415709171, 0.000000000000000000, -0.1391731009600619962 ) ) ;
#3127 = SURFACE_STYLE_USAGE ( .BOTH. , #3149 ) ;
#3128 = EDGE_LOOP ( 'NONE', ( #7058, #5875, #72, #1039, #1644, #1168, #2312, #2907 ) ) ;
#3129 = DIRECTION ( 'NONE',  ( -1.000000000000000000, -0.000000000000000000, -0.000000000000000000 ) ) ;
#3130 = FACE_OUTER_BOUND ( 'NONE', #1731, .T. ) ;
#3131 =( GEOMETRIC_REPRESENTATION_CONTEXT ( 3 ) GLOBAL_UNCERTAINTY_ASSIGNED_CONTEXT ( ( #6990 ) ) GLOBAL_UNIT_ASSIGNED_CONTEXT ( ( #5177, #2916, #598 ) ) REPRESENTATION_CONTEXT ( 'NONE', 'WORKASPACE' ) );
#3132 = AXIS2_PLACEMENT_3D ( 'NONE', #5923, #1328, #188 ) ;
#3133 =( GEOMETRIC_REPRESENTATION_CONTEXT ( 3 ) GLOBAL_UNCERTAINTY_ASSIGNED_CONTEXT ( ( #3256 ) ) GLOBAL_UNIT_ASSIGNED_CONTEXT ( ( #15, #2942, #4732 ) ) REPRESENTATION_CONTEXT ( 'NONE', 'WORKASPACE' ) );
#3134 = FILL_AREA_STYLE ('',( #6567 ) ) ;
#3135 = VECTOR ( 'NONE', #4937, 999.9999999999998863 ) ;
#3136 = DIRECTION ( 'NONE',  ( -0.09889026361067231041, 0.7036407875340311424, 0.7036407875340232598 ) ) ;
#3137 = FILL_AREA_STYLE_COLOUR ( '', #795 ) ;
#3138 =( NAMED_UNIT ( * ) PLANE_ANGLE_UNIT ( ) SI_UNIT ( $, .RADIAN. ) );
#3139 = SURFACE_STYLE_FILL_AREA ( #2283 ) ;
#3140 = FILL_AREA_STYLE_COLOUR ( '', #518 ) ;
#3141 = STYLED_ITEM ( 'NONE', ( #6496 ), #869 ) ;
#3142 = MECHANICAL_DESIGN_GEOMETRIC_PRESENTATION_REPRESENTATION (  '', ( #5865 ), #4594 ) ;
#3143 = ORIENTED_EDGE ( 'NONE', *, *, #4982, .T. ) ;
#3144 = SURFACE_SIDE_STYLE ('',( #4380 ) ) ;
#3145 = VERTEX_POINT ( 'NONE', #1772 ) ;
#3146 = ORIENTED_EDGE ( 'NONE', *, *, #1943, .T. ) ;
#3147 = DIRECTION ( 'NONE',  ( 0.000000000000000000, 0.000000000000000000, -1.000000000000000000 ) ) ;
#3148 = ADVANCED_FACE ( 'NONE', ( #3190 ), #1462, .T. ) ;
#3149 = SURFACE_SIDE_STYLE ('',( #2159 ) ) ;
#3150 = VERTEX_POINT ( 'NONE', #1942 ) ;
#3151 = VECTOR ( 'NONE', #1008, 1000.000000000000000 ) ;
#3152 = CARTESIAN_POINT ( 'NONE',  ( -0.4199999999999984857, -3.000000000000000000, 1.405000000000000027 ) ) ;
#3154 = EDGE_LOOP ( 'NONE', ( #3248, #7206, #6565, #3948 ) ) ;
#3153 = CARTESIAN_POINT ( 'NONE',  ( 0.8500000000000015321, 2.199999999999999734, 0.9690459166400811064 ) ) ;
#3155 = SURFACE_STYLE_FILL_AREA ( #660 ) ;
#3156 = CARTESIAN_POINT ( 'NONE',  ( -2.119999999999998774, 3.000000000000000000, 1.625000000000000000 ) ) ;
#3157 = CARTESIAN_POINT ( 'NONE',  ( -1.899999999999999911, 0.7500000000000004441, 0.05000000000000000278 ) ) ;
#3158 = ORIENTED_EDGE ( 'NONE', *, *, #2528, .F. ) ;
#3159 = FILL_AREA_STYLE ('',( #810 ) ) ;
#3160 = SURFACE_STYLE_USAGE ( .BOTH. , #1413 ) ;
#3161 = ORIENTED_EDGE ( 'NONE', *, *, #2020, .T. ) ;
#3162 = EDGE_CURVE ( 'NONE', #4038, #7339, #7410, .T. ) ;
#3163 =( GEOMETRIC_REPRESENTATION_CONTEXT ( 3 ) GLOBAL_UNCERTAINTY_ASSIGNED_CONTEXT ( ( #1625 ) ) GLOBAL_UNIT_ASSIGNED_CONTEXT ( ( #3005, #5854, #7023 ) ) REPRESENTATION_CONTEXT ( 'NONE', 'WORKASPACE' ) );
#3164 = SURFACE_STYLE_FILL_AREA ( #2332 ) ;
#3165 = SURFACE_SIDE_STYLE ('',( #5339 ) ) ;
#3166 = VERTEX_POINT ( 'NONE', #4902 ) ;
#3167 = CARTESIAN_POINT ( 'NONE',  ( -0.8499999999999985345, 1.949999999999999734, 0.8349999999999841993 ) ) ;
#3168 = COLOUR_RGB ( '',0.2509803921568627416, 0.2509803921568627416, 0.2509803921568627416 ) ;
#3169 =( LENGTH_UNIT ( ) NAMED_UNIT ( * ) SI_UNIT ( .MILLI., .METRE. ) );
#3170 = FILL_AREA_STYLE ('',( #6038 ) ) ;
#3171 = UNCERTAINTY_MEASURE_WITH_UNIT (LENGTH_MEASURE( 1.000000000000000082E-05 ), #3541, 'distance_accuracy_value', 'NONE');
#3172 = EDGE_CURVE ( 'NONE', #7252, #5303, #5867, .T. ) ;
#3173 = FACE_OUTER_BOUND ( 'NONE', #135, .T. ) ;
#3174 = MECHANICAL_DESIGN_GEOMETRIC_PRESENTATION_REPRESENTATION (  '', ( #6246 ), #6917 ) ;
#3175 = PRESENTATION_LAYER_ASSIGNMENT (  '', '', ( #6392 ) ) ;
#3176 = ORIENTED_EDGE ( 'NONE', *, *, #3301, .F. ) ;
#3177 = FILL_AREA_STYLE_COLOUR ( '', #508 ) ;
#3178 = COLOUR_RGB ( '',0.7529411764705882248, 0.7529411764705882248, 0.7529411764705882248 ) ;
#3179 =( NAMED_UNIT ( * ) SI_UNIT ( $, .STERADIAN. ) SOLID_ANGLE_UNIT ( ) );
#3180 = CARTESIAN_POINT ( 'NONE',  ( 0.8500000000000015321, -2.358120395030566474, 1.308646010850337271 ) ) ;
#3181 = VECTOR ( 'NONE', #1046, 1000.000000000000000 ) ;
#3182 = EDGE_LOOP ( 'NONE', ( #5405, #5468, #4870, #4588 ) ) ;
#3183 = FILL_AREA_STYLE ('',( #6069 ) ) ;
#3184 =( GEOMETRIC_REPRESENTATION_CONTEXT ( 3 ) GLOBAL_UNCERTAINTY_ASSIGNED_CONTEXT ( ( #809 ) ) GLOBAL_UNIT_ASSIGNED_CONTEXT ( ( #2900, #3396, #6922 ) ) REPRESENTATION_CONTEXT ( 'NONE', 'WORKASPACE' ) );
#3185 = ADVANCED_FACE ( 'NONE', ( #5151 ), #5962, .T. ) ;
#3186 =( GEOMETRIC_REPRESENTATION_CONTEXT ( 3 ) GLOBAL_UNCERTAINTY_ASSIGNED_CONTEXT ( ( #3888 ) ) GLOBAL_UNIT_ASSIGNED_CONTEXT ( ( #1192, #3138, #249 ) ) REPRESENTATION_CONTEXT ( 'NONE', 'WORKASPACE' ) );
#3187 = CARTESIAN_POINT ( 'NONE',  ( 0.8500000000000015321, -2.999999999999999556, 1.405000000000000027 ) ) ;
#3188 = AXIS2_PLACEMENT_3D ( 'NONE', #868, #2088, #4948 ) ;
#3189 = CARTESIAN_POINT ( 'NONE',  ( -2.119999999999998774, -1.949999999999999956, 0.6150000000000157563 ) ) ;
#3190 = FACE_OUTER_BOUND ( 'NONE', #1212, .T. ) ;
#3191 = CIRCLE ( 'NONE', #2421, 0.1340459166400967961 ) ;
#3192 = SURFACE_STYLE_FILL_AREA ( #5543 ) ;
#3193 = MECHANICAL_DESIGN_GEOMETRIC_PRESENTATION_REPRESENTATION (  '', ( #4880 ), #5400 ) ;
#3194 = FILL_AREA_STYLE ('',( #5947 ) ) ;
#3195 = LINE ( 'NONE', #3790, #5435 ) ;
#3196 = CARTESIAN_POINT ( 'NONE',  ( -2.416345885340952293, 1.840846632081212020, 0.3755427038825832065 ) ) ;
#3197 = CLOSED_SHELL ( 'NONE', ( #2873, #329, #479, #5965, #7370, #1031, #4077, #2566, #1617, #1730, #1604, #6792, #5584, #441 ) ) ;
#3198 = EDGE_CURVE ( 'NONE', #671, #3366, #1729, .T. ) ;
#3199 = SURFACE_STYLE_USAGE ( .BOTH. , #6061 ) ;
#3200 = CARTESIAN_POINT ( 'NONE',  ( 0.4200000000000015388, -1.949999999999999734, 0.6150000000000157563 ) ) ;
#3201 = ORIENTED_EDGE ( 'NONE', *, *, #1796, .F. ) ;
#3202 = CARTESIAN_POINT ( 'NONE',  ( 2.373800000000001909, 1.950000000000000400, 0.8349999999999841993 ) ) ;
#3203 =( NAMED_UNIT ( * ) SI_UNIT ( $, .STERADIAN. ) SOLID_ANGLE_UNIT ( ) );
#3204 = FILL_AREA_STYLE_COLOUR ( '', #1089 ) ;
#3205 = LINE ( 'NONE', #343, #5882 ) ;
#3206 = FILL_AREA_STYLE ('',( #1457 ) ) ;
#3207 = CARTESIAN_POINT ( 'NONE',  ( 1.690000000000001723, 2.199999999999999734, 0.9690459166400811064 ) ) ;
#3208 = LINE ( 'NONE', #805, #2751 ) ;
#3209 = EDGE_CURVE ( 'NONE', #4514, #3741, #466, .T. ) ;
#3210 = LINE ( 'NONE', #1770, #4315 ) ;
#3211 = AXIS2_PLACEMENT_3D ( 'NONE', #4800, #6551, #784 ) ;
#3212 = DIRECTION ( 'NONE',  ( 0.000000000000000000, 1.000000000000000000, 0.000000000000000000 ) ) ;
#3213 = ORIENTED_EDGE ( 'NONE', *, *, #4095, .T. ) ;
#3214 = DIRECTION ( 'NONE',  ( 0.000000000000000000, -0.9975640502598241977, 0.06975647374412607959 ) ) ;
#3215 = ORIENTED_EDGE ( 'NONE', *, *, #3823, .F. ) ;
#3216 = DIRECTION ( 'NONE',  ( 0.000000000000000000, 0.000000000000000000, -1.000000000000000000 ) ) ;
#3217 = SURFACE_SIDE_STYLE ('',( #7049 ) ) ;
#3218 = UNCERTAINTY_MEASURE_WITH_UNIT (LENGTH_MEASURE( 1.000000000000000082E-05 ), #6725, 'distance_accuracy_value', 'NONE');
#3219 = PRESENTATION_LAYER_ASSIGNMENT (  '', '', ( #3867 ) ) ;
#3220 = ORIENTED_EDGE ( 'NONE', *, *, #5752, .T. ) ;
#3221 = EDGE_CURVE ( 'NONE', #2960, #4471, #6856, .T. ) ;
#3222 = MECHANICAL_DESIGN_GEOMETRIC_PRESENTATION_REPRESENTATION (  '', ( #2576 ), #6581 ) ;
#3223 = ORIENTED_EDGE ( 'NONE', *, *, #2669, .F. ) ;
#3224 = DIRECTION ( 'NONE',  ( -5.691349986800547879E-15, 0.000000000000000000, 1.000000000000000000 ) ) ;
#3225 = CARTESIAN_POINT ( 'NONE',  ( 2.450000000000001510, -1.949999999999999512, 0.8349999999999841993 ) ) ;
#3226 = ADVANCED_FACE ( 'NONE', ( #3459 ), #4140, .F. ) ;
#3227 = DIRECTION ( 'NONE',  ( 0.000000000000000000, 0.000000000000000000, 1.000000000000000000 ) ) ;
#3228 = FILL_AREA_STYLE ('',( #2627 ) ) ;
#3229 = CARTESIAN_POINT ( 'NONE',  ( 1.690000000000001723, 2.999999999999999556, 1.405000000000000027 ) ) ;
#3230 = SURFACE_SIDE_STYLE ('',( #7389 ) ) ;
#3231 =( GEOMETRIC_REPRESENTATION_CONTEXT ( 3 ) GLOBAL_UNCERTAINTY_ASSIGNED_CONTEXT ( ( #2504 ) ) GLOBAL_UNIT_ASSIGNED_CONTEXT ( ( #5501, #6090, #340 ) ) REPRESENTATION_CONTEXT ( 'NONE', 'WORKASPACE' ) );
#3232 = AXIS2_PLACEMENT_3D ( 'NONE', #4410, #304, #3227 ) ;
#3233 = COLOUR_RGB ( '',0.7529411764705882248, 0.7529411764705882248, 0.7529411764705882248 ) ;
#3234 = DIRECTION ( 'NONE',  ( -0.9902680687415709171, 0.000000000000000000, -0.1391731009600616353 ) ) ;
#3235 = ORIENTED_EDGE ( 'NONE', *, *, #5711, .F. ) ;
#3236 = DIRECTION ( 'NONE',  ( 0.09889026361067694559, 0.7036407875340306983, 0.7036407875340229268 ) ) ;
#3237 = ORIENTED_EDGE ( 'NONE', *, *, #2234, .F. ) ;
#3238 = ORIENTED_EDGE ( 'NONE', *, *, #3952, .F. ) ;
#3239 = CARTESIAN_POINT ( 'NONE',  ( -0.8499999999999985345, 2.699598551369565502, 1.383993884394061347 ) ) ;
#3240 = ORIENTED_EDGE ( 'NONE', *, *, #1166, .F. ) ;
#3241 = LINE ( 'NONE', #815, #2051 ) ;
#3242 = LINE ( 'NONE', #4846, #976 ) ;
#3243 = CARTESIAN_POINT ( 'NONE',  ( -2.297327737236432021, -5.109267125380405509E-16, 0.000000000000000000 ) ) ;
#3244 = SURFACE_STYLE_USAGE ( .BOTH. , #4448 ) ;
#3245 = CARTESIAN_POINT ( 'NONE',  ( -0.4199999999999984857, -2.358120395030566918, 1.308646010850337271 ) ) ;
#3246 = LINE ( 'NONE', #689, #1971 ) ;
#3247 = PLANE ( 'NONE',  #7124 ) ;
#3248 = ORIENTED_EDGE ( 'NONE', *, *, #170, .F. ) ;
#3249 =( GEOMETRIC_REPRESENTATION_CONTEXT ( 3 ) GLOBAL_UNCERTAINTY_ASSIGNED_CONTEXT ( ( #850 ) ) GLOBAL_UNIT_ASSIGNED_CONTEXT ( ( #4364, #1463, #1515 ) ) REPRESENTATION_CONTEXT ( 'NONE', 'WORKASPACE' ) );
#3250 = SURFACE_STYLE_USAGE ( .BOTH. , #3297 ) ;
#3251 = FACE_OUTER_BOUND ( 'NONE', #3604, .T. ) ;
#3252 = DIRECTION ( 'NONE',  ( 1.000000000000000000, 0.000000000000000000, 0.000000000000000000 ) ) ;
#3253 = ORIENTED_EDGE ( 'NONE', *, *, #6580, .T. ) ;
#3254 = FILL_AREA_STYLE ('',( #4506 ) ) ;
#3255 = ADVANCED_FACE ( 'NONE', ( #3860 ), #1973, .F. ) ;
#3256 = UNCERTAINTY_MEASURE_WITH_UNIT (LENGTH_MEASURE( 1.000000000000000082E-05 ), #15, 'distance_accuracy_value', 'NONE');
#3257 = DIRECTION ( 'NONE',  ( 0.1378445374916256183, 0.1378445374916252575, 0.9808148484639900300 ) ) ;
#3258 = CIRCLE ( 'NONE', #4930, 0.1340459166400967961 ) ;
#3259 = COLOUR_RGB ( '',0.7529411764705882248, 0.7529411764705882248, 0.7529411764705882248 ) ;
#3260 = EDGE_CURVE ( 'NONE', #6147, #3341, #1220, .T. ) ;
#3261 = FILL_AREA_STYLE_COLOUR ( '', #1686 ) ;
#3262 = VERTEX_POINT ( 'NONE', #5296 ) ;
#3263 = AXIS2_PLACEMENT_3D ( 'NONE', #1206, #722, #1804 ) ;
#3264 = DIRECTION ( 'NONE',  ( 1.000000000000000000, 0.000000000000000000, 0.000000000000000000 ) ) ;
#3265 = FACE_OUTER_BOUND ( 'NONE', #4168, .T. ) ;
#3266 = FILL_AREA_STYLE_COLOUR ( '', #6841 ) ;
#3267 = CARTESIAN_POINT ( 'NONE',  ( 2.120000000000001439, 1.949999999999999512, 0.6150000000000157563 ) ) ;
#3268 = MECHANICAL_DESIGN_GEOMETRIC_PRESENTATION_REPRESENTATION (  '', ( #550 ), #6487 ) ;
#3269 = CARTESIAN_POINT ( 'NONE',  ( -2.119999999999998774, -1.949999999999999956, 0.8349999999999841993 ) ) ;
#3270 = EDGE_CURVE ( 'NONE', #3065, #2402, #4832, .T. ) ;
#3271 =( GEOMETRIC_REPRESENTATION_CONTEXT ( 3 ) GLOBAL_UNCERTAINTY_ASSIGNED_CONTEXT ( ( #5135 ) ) GLOBAL_UNIT_ASSIGNED_CONTEXT ( ( #2269, #6305, #2856 ) ) REPRESENTATION_CONTEXT ( 'NONE', 'WORKASPACE' ) );
#3272 = LINE ( 'NONE', #5850, #2343 ) ;
#3273 =( NAMED_UNIT ( * ) PLANE_ANGLE_UNIT ( ) SI_UNIT ( $, .RADIAN. ) );
#3274 = SURFACE_SIDE_STYLE ('',( #4659 ) ) ;
#3275 = MECHANICAL_DESIGN_GEOMETRIC_PRESENTATION_REPRESENTATION (  '', ( #961 ), #3184 ) ;
#3276 = COLOUR_RGB ( '',0.7529411764705882248, 0.7529411764705882248, 0.7529411764705882248 ) ;
#3277 = AXIS2_PLACEMENT_3D ( 'NONE', #873, #6681, #997 ) ;
#3278 = FACE_OUTER_BOUND ( 'NONE', #7007, .T. ) ;
#3279 = STYLED_ITEM ( 'NONE', ( #84 ), #4922 ) ;
#3280 = ORIENTED_EDGE ( 'NONE', *, *, #4405, .F. ) ;
#3281 = PLANE ( 'NONE',  #4360 ) ;
#3282 = PRESENTATION_STYLE_ASSIGNMENT (( #2710 ) ) ;
#3283 = CARTESIAN_POINT ( 'NONE',  ( -2.377329439946992640, -1.801871013108887309, 0.09792209729013869046 ) ) ;
#3284 = CARTESIAN_POINT ( 'NONE',  ( -2.119999999999998774, -2.575229734309892216, 1.259625067334387394 ) ) ;
#3285 = EDGE_LOOP ( 'NONE', ( #4285, #1155, #247, #4222 ) ) ;
#3286 = FACE_OUTER_BOUND ( 'NONE', #1153, .T. ) ;
#3287 = ORIENTED_EDGE ( 'NONE', *, *, #3447, .F. ) ;
#3288 = CARTESIAN_POINT ( 'NONE',  ( 2.372786164074541571, 1.531193605351035325, 0.06559500970684327414 ) ) ;
#3289 = ADVANCED_FACE ( 'NONE', ( #3391 ), #2212, .F. ) ;
#3290 = CARTESIAN_POINT ( 'NONE',  ( 2.120000000000001439, -2.999999999999999556, 1.625000000000000000 ) ) ;
#3291 =( NAMED_UNIT ( * ) SI_UNIT ( $, .STERADIAN. ) SOLID_ANGLE_UNIT ( ) );
#3292 = LINE ( 'NONE', #5342, #4036 ) ;
#3293 = CYLINDRICAL_SURFACE ( 'NONE', #3416, 0.07620000000000015650 ) ;
#3294 = FACE_OUTER_BOUND ( 'NONE', #3482, .T. ) ;
#3295 = LINE ( 'NONE', #4327, #6442 ) ;
#3296 = DIRECTION ( 'NONE',  ( 0.000000000000000000, 0.000000000000000000, -1.000000000000000000 ) ) ;
#3297 = SURFACE_SIDE_STYLE ('',( #2793 ) ) ;
#3298 = ORIENTED_EDGE ( 'NONE', *, *, #4707, .F. ) ;
#3299 = FACE_OUTER_BOUND ( 'NONE', #4684, .T. ) ;
#3300 =( LENGTH_UNIT ( ) NAMED_UNIT ( * ) SI_UNIT ( .MILLI., .METRE. ) );
#3301 = EDGE_CURVE ( 'NONE', #788, #3923, #4401, .T. ) ;
#3302 = MECHANICAL_DESIGN_GEOMETRIC_PRESENTATION_REPRESENTATION (  '', ( #5598 ), #1852 ) ;
#3303 = COLOUR_RGB ( '',0.2509803921568627416, 0.2509803921568627416, 0.2509803921568627416 ) ;
#3304 = DIRECTION ( 'NONE',  ( 0.000000000000000000, 0.9902680687415701399, -0.1391731009600668811 ) ) ;
#3305 = UNCERTAINTY_MEASURE_WITH_UNIT (LENGTH_MEASURE( 1.000000000000000082E-05 ), #3059, 'distance_accuracy_value', 'NONE');
#3306 = CARTESIAN_POINT ( 'NONE',  ( -1.449999999999999956, 0.7500000000000004441, 0.1000000000000000056 ) ) ;
#3307 = UNCERTAINTY_MEASURE_WITH_UNIT (LENGTH_MEASURE( 1.000000000000000082E-05 ), #6216, 'distance_accuracy_value', 'NONE');
#3308 = DIRECTION ( 'NONE',  ( -1.000000000000000000, 0.000000000000000000, 0.000000000000000000 ) ) ;
#3309 = SURFACE_SIDE_STYLE ('',( #3640 ) ) ;
#3310 = CARTESIAN_POINT ( 'NONE',  ( -2.119999999999998774, -2.200000000000000178, 0.8349999999999843103 ) ) ;
#3311 = DIRECTION ( 'NONE',  ( 0.000000000000000000, -0.000000000000000000, 1.000000000000000000 ) ) ;
#3312 = EDGE_CURVE ( 'NONE', #326, #5240, #3027, .T. ) ;
#3313 =( GEOMETRIC_REPRESENTATION_CONTEXT ( 3 ) GLOBAL_UNCERTAINTY_ASSIGNED_CONTEXT ( ( #3924 ) ) GLOBAL_UNIT_ASSIGNED_CONTEXT ( ( #3300, #414, #3829 ) ) REPRESENTATION_CONTEXT ( 'NONE', 'WORKASPACE' ) );
#3314 = PRESENTATION_LAYER_ASSIGNMENT (  '', '', ( #5227 ) ) ;
#3315 =( NAMED_UNIT ( * ) SI_UNIT ( $, .STERADIAN. ) SOLID_ANGLE_UNIT ( ) );
#3316 = PLANE ( 'NONE',  #799 ) ;
#3317 = PRESENTATION_STYLE_ASSIGNMENT (( #5288 ) ) ;
#3318 =( NAMED_UNIT ( * ) SI_UNIT ( $, .STERADIAN. ) SOLID_ANGLE_UNIT ( ) );
#3319 = SURFACE_STYLE_USAGE ( .BOTH. , #4953 ) ;
#3320 = CARTESIAN_POINT ( 'NONE',  ( 0.4200000000000015388, 2.999999999999999556, 1.405000000000000027 ) ) ;
#3321 =( LENGTH_UNIT ( ) NAMED_UNIT ( * ) SI_UNIT ( .MILLI., .METRE. ) );
#3322 = VERTEX_POINT ( 'NONE', #3865 ) ;
#3323 = VERTEX_POINT ( 'NONE', #2165 ) ;
#3324 = CARTESIAN_POINT ( 'NONE',  ( -2.119999999999998774, 3.000000000000000000, 1.405000000000000027 ) ) ;
#3325 = ORIENTED_EDGE ( 'NONE', *, *, #2200, .F. ) ;
#3326 = PRESENTATION_LAYER_ASSIGNMENT (  '', '', ( #856 ) ) ;
#3327 = CARTESIAN_POINT ( 'NONE',  ( -2.119999999999998774, 3.000000000000000000, 1.625000000000000000 ) ) ;
#3328 = AXIS2_PLACEMENT_3D ( 'NONE', #994, #7358, #5639 ) ;
#3329 = STYLED_ITEM ( 'NONE', ( #2515 ), #4632 ) ;
#3330 = CARTESIAN_POINT ( 'NONE',  ( -2.119999999999998774, -3.000000000000000000, 1.405000000000000027 ) ) ;
#3331 = ADVANCED_FACE ( 'NONE', ( #3294 ), #3368, .F. ) ;
#3332 = EDGE_LOOP ( 'NONE', ( #1733, #6375, #4242, #7057, #6836, #4063, #887, #2262, #7474, #5500, #6383, #7460 ) ) ;
#3333 = CARTESIAN_POINT ( 'NONE',  ( 2.373800000000001464, 1.950000000000000400, 0.6150000000000157563 ) ) ;
#3334 = LINE ( 'NONE', #7003, #5748 ) ;
#3335 = ORIENTED_EDGE ( 'NONE', *, *, #4849, .F. ) ;
#3336 =( NAMED_UNIT ( * ) SI_UNIT ( $, .STERADIAN. ) SOLID_ANGLE_UNIT ( ) );
#3337 = CARTESIAN_POINT ( 'NONE',  ( 2.450000000000001510, 1.873800000000000354, 0.6150000000000157563 ) ) ;
#3338 = SURFACE_STYLE_USAGE ( .BOTH. , #2820 ) ;
#3339 = EDGE_CURVE ( 'NONE', #3674, #1340, #1398, .T. ) ;
#3340 = ADVANCED_FACE ( 'NONE', ( #7156 ), #1666, .T. ) ;
#3341 = VERTEX_POINT ( 'NONE', #577 ) ;
#3342 = DIRECTION ( 'NONE',  ( 0.000000000000000000, 0.000000000000000000, 1.000000000000000000 ) ) ;
#3343 = SURFACE_STYLE_USAGE ( .BOTH. , #6771 ) ;
#3344 =( LENGTH_UNIT ( ) NAMED_UNIT ( * ) SI_UNIT ( .MILLI., .METRE. ) );
#3345 = CARTESIAN_POINT ( 'NONE',  ( -2.119999999999998774, 2.550616955507048367, 0.9076459320246326179 ) ) ;
#3346 = SURFACE_SIDE_STYLE ('',( #2703 ) ) ;
#3347 = COLOUR_RGB ( '',0.7529411764705882248, 0.7529411764705882248, 0.7529411764705882248 ) ;
#3348 = VECTOR ( 'NONE', #5669, 1000.000000000000000 ) ;
#3349 = ORIENTED_EDGE ( 'NONE', *, *, #244, .T. ) ;
#3350 = EDGE_CURVE ( 'NONE', #2834, #4420, #7064, .T. ) ;
#3351 =( NAMED_UNIT ( * ) PLANE_ANGLE_UNIT ( ) SI_UNIT ( $, .RADIAN. ) );
#3352 = CARTESIAN_POINT ( 'NONE',  ( -0.8499999999999985345, -2.358120395030566918, 1.308646010850337271 ) ) ;
#3353 = UNCERTAINTY_MEASURE_WITH_UNIT (LENGTH_MEASURE( 1.000000000000000082E-05 ), #3119, 'distance_accuracy_value', 'NONE');
#3354 = SURFACE_STYLE_FILL_AREA ( #665 ) ;
#3355 = DIRECTION ( 'NONE',  ( -1.000000000000000000, 0.000000000000000000, 0.000000000000000000 ) ) ;
#3356 = FACE_OUTER_BOUND ( 'NONE', #5230, .T. ) ;
#3357 = PRESENTATION_STYLE_ASSIGNMENT (( #5493 ) ) ;
#3358 = SURFACE_STYLE_USAGE ( .BOTH. , #3979 ) ;
#3359 = ORIENTED_EDGE ( 'NONE', *, *, #4050, .T. ) ;
#3360 = SURFACE_SIDE_STYLE ('',( #2089 ) ) ;
#3361 = EDGE_CURVE ( 'NONE', #5712, #165, #5168, .T. ) ;
#3362 = CIRCLE ( 'NONE', #1238, 0.1340459166400967961 ) ;
#3363 =( GEOMETRIC_REPRESENTATION_CONTEXT ( 3 ) GLOBAL_UNCERTAINTY_ASSIGNED_CONTEXT ( ( #5221 ) ) GLOBAL_UNIT_ASSIGNED_CONTEXT ( ( #5683, #2192, #6241 ) ) REPRESENTATION_CONTEXT ( 'NONE', 'WORKASPACE' ) );
#3364 = DIRECTION ( 'NONE',  ( 0.000000000000000000, 1.000000000000000000, 0.000000000000000000 ) ) ;
#3365 =( GEOMETRIC_REPRESENTATION_CONTEXT ( 3 ) GLOBAL_UNCERTAINTY_ASSIGNED_CONTEXT ( ( #2880 ) ) GLOBAL_UNIT_ASSIGNED_CONTEXT ( ( #6363, #5123, #1680 ) ) REPRESENTATION_CONTEXT ( 'NONE', 'WORKASPACE' ) );
#3366 = VERTEX_POINT ( 'NONE', #6893 ) ;
#3367 = CARTESIAN_POINT ( 'NONE',  ( 2.297327737236433798, -1.872786164074539794, 1.384404990293156557 ) ) ;
#3368 = PLANE ( 'NONE',  #7066 ) ;
#3369 = VECTOR ( 'NONE', #833, 1000.000000000000114 ) ;
#3370 = SURFACE_STYLE_FILL_AREA ( #6911 ) ;
#3371 = ADVANCED_FACE ( 'NONE', ( #674 ), #6316, .F. ) ;
#3372 = SURFACE_SIDE_STYLE ('',( #5539 ) ) ;
#3373 = ORIENTED_EDGE ( 'NONE', *, *, #5129, .T. ) ;
#3374 = AXIS2_PLACEMENT_3D ( 'NONE', #2849, #4613, #5640 ) ;
#3375 = FILL_AREA_STYLE ('',( #2093 ) ) ;
#3376 = PRESENTATION_LAYER_ASSIGNMENT (  '', '', ( #4418 ) ) ;
#3377 = LINE ( 'NONE', #1055, #2547 ) ;
#3378 = EDGE_CURVE ( 'NONE', #3911, #5592, #2461, .T. ) ;
#3379 =( GEOMETRIC_REPRESENTATION_CONTEXT ( 3 ) GLOBAL_UNCERTAINTY_ASSIGNED_CONTEXT ( ( #3587 ) ) GLOBAL_UNIT_ASSIGNED_CONTEXT ( ( #3813, #6097, #2594 ) ) REPRESENTATION_CONTEXT ( 'NONE', 'WORKASPACE' ) );
#3380 = CARTESIAN_POINT ( 'NONE',  ( 0.8500000000000015321, 2.699598551369565058, 1.383993884394061347 ) ) ;
#3381 = ORIENTED_EDGE ( 'NONE', *, *, #6488, .F. ) ;
#3382 = LINE ( 'NONE', #3080, #4910 ) ;
#3383 = ADVANCED_FACE ( 'NONE', ( #1307 ), #1709, .F. ) ;
#3384 = ORIENTED_EDGE ( 'NONE', *, *, #6718, .T. ) ;
#3385 = COLOUR_RGB ( '',0.7921568627450980005, 0.8196078431372548767, 0.9333333333333333481 ) ;
#3386 = DIRECTION ( 'NONE',  ( 0.000000000000000000, 0.06975647374412130564, -0.9975640502598245307 ) ) ;
#3387 = PRESENTATION_LAYER_ASSIGNMENT (  '', '', ( #2597 ) ) ;
#3388 = DIRECTION ( 'NONE',  ( -0.000000000000000000, 0.000000000000000000, 1.000000000000000000 ) ) ;
#3389 = ORIENTED_EDGE ( 'NONE', *, *, #1186, .F. ) ;
#3390 = PLANE ( 'NONE',  #713 ) ;
#3391 = FACE_OUTER_BOUND ( 'NONE', #6412, .T. ) ;
#3392 = VERTEX_POINT ( 'NONE', #5880 ) ;
#3393 = LINE ( 'NONE', #609, #5278 ) ;
#3394 = VERTEX_POINT ( 'NONE', #5857 ) ;
#3395 = VECTOR ( 'NONE', #6970, 999.9999999999998863 ) ;
#3396 =( NAMED_UNIT ( * ) PLANE_ANGLE_UNIT ( ) SI_UNIT ( $, .RADIAN. ) );
#3397 = VECTOR ( 'NONE', #947, 1000.000000000000000 ) ;
#3398 = VERTEX_POINT ( 'NONE', #3539 ) ;
#3399 = CARTESIAN_POINT ( 'NONE',  ( -1.689999999999998392, 2.236792614887840092, 0.6150000000000157563 ) ) ;
#3400 =( GEOMETRIC_REPRESENTATION_CONTEXT ( 3 ) GLOBAL_UNCERTAINTY_ASSIGNED_CONTEXT ( ( #2651 ) ) GLOBAL_UNIT_ASSIGNED_CONTEXT ( ( #6029, #1967, #1941 ) ) REPRESENTATION_CONTEXT ( 'NONE', 'WORKASPACE' ) );
#3401 = PRESENTATION_STYLE_ASSIGNMENT (( #3468 ) ) ;
#3402 = CARTESIAN_POINT ( 'NONE',  ( -2.374537999305284863, 1.949996426143391970, 0.6149745706889151453 ) ) ;
#3403 = CARTESIAN_POINT ( 'NONE',  ( -0.9999999999999995559, 0.7500000000000005551, 0.05000000000000000278 ) ) ;
#3404 =( NAMED_UNIT ( * ) SI_UNIT ( $, .STERADIAN. ) SOLID_ANGLE_UNIT ( ) );
#3405 = PRESENTATION_STYLE_ASSIGNMENT (( #5267 ) ) ;
#3406 = ORIENTED_EDGE ( 'NONE', *, *, #5959, .T. ) ;
#3407 = COLOUR_RGB ( '',0.2509803921568627416, 0.2509803921568627416, 0.2509803921568627416 ) ;
#3408 = VERTEX_POINT ( 'NONE', #5360 ) ;
#3409 = CARTESIAN_POINT ( 'NONE',  ( -1.689999999999998392, -2.699598551369565502, 1.383993884394061347 ) ) ;
#3410 =( BOUNDED_CURVE ( )  B_SPLINE_CURVE ( 3, ( #4731, #2684, #3897, #2171 ),
 .UNSPECIFIED., .F., .T. ) 
 B_SPLINE_CURVE_WITH_KNOTS ( ( 4, 4 ),
 ( 0.000000000000000000, 0.009685181668467792576 ),
 .UNSPECIFIED. ) 
 CURVE ( )  GEOMETRIC_REPRESENTATION_ITEM ( )  RATIONAL_B_SPLINE_CURVE ( ( 1.000000000000000000, 0.9999921831199466427, 0.9999921831199466427, 1.000000000000000000 ) ) 
 REPRESENTATION_ITEM ( '' )  );
#3411 = UNCERTAINTY_MEASURE_WITH_UNIT (LENGTH_MEASURE( 1.000000000000000082E-05 ), #6481, 'distance_accuracy_value', 'NONE');
#3412 = PLANE ( 'NONE',  #2085 ) ;
#3413 = CARTESIAN_POINT ( 'NONE',  ( -1.449999999999999956, 0.7500000000000004441, 0.000000000000000000 ) ) ;
#3414 = EDGE_CURVE ( 'NONE', #1540, #5056, #574, .T. ) ;
#3415 = ORIENTED_EDGE ( 'NONE', *, *, #6525, .T. ) ;
#3416 = AXIS2_PLACEMENT_3D ( 'NONE', #6591, #6634, #3234 ) ;
#3417 = CARTESIAN_POINT ( 'NONE',  ( 1.690000000000001723, -2.358120395030566474, 1.308646010850337271 ) ) ;
#3418 = VECTOR ( 'NONE', #5176, 1000.000000000000000 ) ;
#3419 = SURFACE_STYLE_USAGE ( .BOTH. , #6265 ) ;
#3420 = ORIENTED_EDGE ( 'NONE', *, *, #551, .T. ) ;
#3421 = ADVANCED_FACE ( 'NONE', ( #3039 ), #4820, .F. ) ;
#3422 = EDGE_LOOP ( 'NONE', ( #383, #3612, #7024, #2774 ) ) ;
#3423 = EDGE_CURVE ( 'NONE', #3033, #1522, #1131, .T. ) ;
#3424 = DIRECTION ( 'NONE',  ( 2.224004456380521903E-16, -1.000000000000000000, 1.329065433435233338E-34 ) ) ;
#3425 = STYLED_ITEM ( 'NONE', ( #3019 ), #3842 ) ;
#3426 = CARTESIAN_POINT ( 'NONE',  ( 0.4200000000000015388, 2.575229734309891771, 1.259625067334387394 ) ) ;
#3427 = VERTEX_POINT ( 'NONE', #5835 ) ;
#3428 = SURFACE_STYLE_FILL_AREA ( #4264 ) ;
#3429 = CARTESIAN_POINT ( 'NONE',  ( 1.690000000000001723, 2.649999999999999467, 1.600525615819771152 ) ) ;
#3430 = DIRECTION ( 'NONE',  ( 2.224004456380521903E-16, -1.000000000000000000, 0.000000000000000000 ) ) ;
#3431 = ORIENTED_EDGE ( 'NONE', *, *, #1324, .F. ) ;
#3432 =( NAMED_UNIT ( * ) PLANE_ANGLE_UNIT ( ) SI_UNIT ( $, .RADIAN. ) );
#3433 = CLOSED_SHELL ( 'NONE', ( #2522, #6122, #7405, #3289, #7444, #5800, #6753, #7357, #400, #4000, #1363, #3340, #6080, #7208 ) ) ;
#3434 = MECHANICAL_DESIGN_GEOMETRIC_PRESENTATION_REPRESENTATION (  '', ( #856 ), #3730 ) ;
#3435 = MECHANICAL_DESIGN_GEOMETRIC_PRESENTATION_REPRESENTATION (  '', ( #4593 ), #3186 ) ;
#3436 = CYLINDRICAL_SURFACE ( 'NONE', #5863, 0.3145906676743915886 ) ;
#3437 = LINE ( 'NONE', #6180, #436 ) ;
#3438 = AXIS2_PLACEMENT_3D ( 'NONE', #3542, #4136, #2568 ) ;
#3439 = ORIENTED_EDGE ( 'NONE', *, *, #2677, .F. ) ;
#3440 = DIRECTION ( 'NONE',  ( 1.000000000000000000, 0.000000000000000000, 0.000000000000000000 ) ) ;
#3441 = VECTOR ( 'NONE', #629, 999.9999999999998863 ) ;
#3442 = CYLINDRICAL_SURFACE ( 'NONE', #2982, 0.1340459166400966851 ) ;
#3443 = LINE ( 'NONE', #7284, #6128 ) ;
#3444 = VERTEX_POINT ( 'NONE', #7074 ) ;
#3445 =( NAMED_UNIT ( * ) SI_UNIT ( $, .STERADIAN. ) SOLID_ANGLE_UNIT ( ) );
#3446 =( NAMED_UNIT ( * ) PLANE_ANGLE_UNIT ( ) SI_UNIT ( $, .RADIAN. ) );
#3447 = EDGE_CURVE ( 'NONE', #5919, #431, #2661, .T. ) ;
#3448 = DIRECTION ( 'NONE',  ( 0.000000000000000000, 0.000000000000000000, -1.000000000000000000 ) ) ;
#3449 = ORIENTED_EDGE ( 'NONE', *, *, #1711, .T. ) ;
#3450 = COLOUR_RGB ( '',0.7529411764705882248, 0.7529411764705882248, 0.7529411764705882248 ) ;
#3451 = SURFACE_STYLE_USAGE ( .BOTH. , #1746 ) ;
#3452 = UNCERTAINTY_MEASURE_WITH_UNIT (LENGTH_MEASURE( 1.000000000000000082E-05 ), #5277, 'distance_accuracy_value', 'NONE');
#3453 = EDGE_CURVE ( 'NONE', #2125, #4543, #2470, .T. ) ;
#3454 = DIRECTION ( 'NONE',  ( 0.000000000000000000, 0.9975640502598245307, -0.06975647374412130564 ) ) ;
#3455 = ADVANCED_FACE ( 'NONE', ( #2109 ), #7423, .F. ) ;
#3456 = CARTESIAN_POINT ( 'NONE',  ( -2.119999999999998774, 2.200000000000000178, 0.9690459166400811064 ) ) ;
#3457 = DIRECTION ( 'NONE',  ( -1.000000000000000000, 0.000000000000000000, 0.000000000000000000 ) ) ;
#3458 = CYLINDRICAL_SURFACE ( 'NONE', #3607, 0.3145906676743914776 ) ;
#3459 = FACE_OUTER_BOUND ( 'NONE', #4569, .T. ) ;
#3460 = ORIENTED_EDGE ( 'NONE', *, *, #5076, .T. ) ;
#3461 =( LENGTH_UNIT ( ) NAMED_UNIT ( * ) SI_UNIT ( .MILLI., .METRE. ) );
#3462 = EDGE_CURVE ( 'NONE', #3394, #5827, #4921, .T. ) ;
#3463 =( GEOMETRIC_REPRESENTATION_CONTEXT ( 3 ) GLOBAL_UNCERTAINTY_ASSIGNED_CONTEXT ( ( #3031 ) ) GLOBAL_UNIT_ASSIGNED_CONTEXT ( ( #6579, #6425, #867 ) ) REPRESENTATION_CONTEXT ( 'NONE', 'WORKASPACE' ) );
#3464 =( NAMED_UNIT ( * ) SI_UNIT ( $, .STERADIAN. ) SOLID_ANGLE_UNIT ( ) );
#3465 =( GEOMETRIC_REPRESENTATION_CONTEXT ( 3 ) GLOBAL_UNCERTAINTY_ASSIGNED_CONTEXT ( ( #6242 ) ) GLOBAL_UNIT_ASSIGNED_CONTEXT ( ( #2144, #1098, #3291 ) ) REPRESENTATION_CONTEXT ( 'NONE', 'WORKASPACE' ) );
#3466 = DIRECTION ( 'NONE',  ( 1.000000000000000000, 0.000000000000000000, 0.000000000000000000 ) ) ;
#3467 = ORIENTED_EDGE ( 'NONE', *, *, #4335, .T. ) ;
#3468 = SURFACE_STYLE_USAGE ( .BOTH. , #5261 ) ;
#3469 = CARTESIAN_POINT ( 'NONE',  ( -2.372786164074539794, 1.949999999999999956, 0.06559500970684328802 ) ) ;
#3470 = DIRECTION ( 'NONE',  ( 0.000000000000000000, 0.000000000000000000, -1.000000000000000000 ) ) ;
#3471 =( LENGTH_UNIT ( ) NAMED_UNIT ( * ) SI_UNIT ( .MILLI., .METRE. ) );
#3472 = SURFACE_SIDE_STYLE ('',( #6862 ) ) ;
#3473 = DIRECTION ( 'NONE',  ( 1.000000000000000000, 0.000000000000000000, 0.000000000000000000 ) ) ;
#3474 = ORIENTED_EDGE ( 'NONE', *, *, #3350, .F. ) ;
#3475 = EDGE_CURVE ( 'NONE', #3398, #3911, #1756, .T. ) ;
#3476 = VECTOR ( 'NONE', #5624, 1000.000000000000114 ) ;
#3477 =( GEOMETRIC_REPRESENTATION_CONTEXT ( 3 ) GLOBAL_UNCERTAINTY_ASSIGNED_CONTEXT ( ( #6118 ) ) GLOBAL_UNIT_ASSIGNED_CONTEXT ( ( #2520, #3636, #4344 ) ) REPRESENTATION_CONTEXT ( 'NONE', 'WORKASPACE' ) );
#3478 = COLOUR_RGB ( '',0.7529411764705882248, 0.7529411764705882248, 0.7529411764705882248 ) ;
#3479 = SURFACE_SIDE_STYLE ('',( #3354 ) ) ;
#3480 =( NAMED_UNIT ( * ) SI_UNIT ( $, .STERADIAN. ) SOLID_ANGLE_UNIT ( ) );
#3481 = COLOUR_RGB ( '',0.7529411764705882248, 0.7529411764705882248, 0.7529411764705882248 ) ;
#3482 = EDGE_LOOP ( 'NONE', ( #5473, #4338, #1074, #1454 ) ) ;
#3483 = FILL_AREA_STYLE ('',( #513 ) ) ;
#3484 = ORIENTED_EDGE ( 'NONE', *, *, #738, .F. ) ;
#3485 = SURFACE_STYLE_USAGE ( .BOTH. , #6440 ) ;
#3486 = STYLED_ITEM ( 'NONE', ( #6295 ), #1143 ) ;
#3487 = CARTESIAN_POINT ( 'NONE',  ( 0.4200000000000015388, 2.550616955507047923, 0.9076459320246323959 ) ) ;
#3488 = EDGE_CURVE ( 'NONE', #6177, #3552, #3208, .T. ) ;
#3489 = ORIENTED_EDGE ( 'NONE', *, *, #5775, .F. ) ;
#3490 = DIRECTION ( 'NONE',  ( 0.000000000000000000, -0.9975640502598241977, 0.06975647374412606572 ) ) ;
#3491 = FACE_OUTER_BOUND ( 'NONE', #4985, .T. ) ;
#3492 =( LENGTH_UNIT ( ) NAMED_UNIT ( * ) SI_UNIT ( .MILLI., .METRE. ) );
#3493 = CARTESIAN_POINT ( 'NONE',  ( 0.8500000000000015321, -2.575229734309891771, 1.259625067334387394 ) ) ;
#3494 = DIRECTION ( 'NONE',  ( 1.000000000000000000, 8.850629979473502314E-17, -0.000000000000000000 ) ) ;
#3495 = EDGE_CURVE ( 'NONE', #2402, #6414, #3295, .T. ) ;
#3496 = CARTESIAN_POINT ( 'NONE',  ( -2.297327737236432466, 1.531193605351035103, 0.000000000000000000 ) ) ;
#3497 = DIRECTION ( 'NONE',  ( 1.000000000000000000, 0.000000000000000000, 0.000000000000000000 ) ) ;
#3498 = UNCERTAINTY_MEASURE_WITH_UNIT (LENGTH_MEASURE( 1.000000000000000082E-05 ), #2465, 'distance_accuracy_value', 'NONE');
#3499 = CARTESIAN_POINT ( 'NONE',  ( -2.119999999999998774, 2.550616955507048367, 0.9076459320246326179 ) ) ;
#3500 = ORIENTED_EDGE ( 'NONE', *, *, #2264, .F. ) ;
#3501 = PRESENTATION_STYLE_ASSIGNMENT (( #5119 ) ) ;
#3502 =( NAMED_UNIT ( * ) SI_UNIT ( $, .STERADIAN. ) SOLID_ANGLE_UNIT ( ) );
#3503 = EDGE_CURVE ( 'NONE', #5385, #6340, #5885, .T. ) ;
#3504 = ORIENTED_EDGE ( 'NONE', *, *, #5291, .F. ) ;
#3505 = AXIS2_PLACEMENT_3D ( 'NONE', #4606, #6866, #4107 ) ;
#3506 = AXIS2_PLACEMENT_3D ( 'NONE', #4385, #5481, #266 ) ;
#3507 = EDGE_LOOP ( 'NONE', ( #5142, #827, #3489, #5696 ) ) ;
#3508 = SURFACE_STYLE_FILL_AREA ( #2060 ) ;
#3509 = ORIENTED_EDGE ( 'NONE', *, *, #593, .F. ) ;
#3510 = ORIENTED_EDGE ( 'NONE', *, *, #4050, .F. ) ;
#3511 =( NAMED_UNIT ( * ) SI_UNIT ( $, .STERADIAN. ) SOLID_ANGLE_UNIT ( ) );
#3512 = ORIENTED_EDGE ( 'NONE', *, *, #6009, .F. ) ;
#3513 = MECHANICAL_DESIGN_GEOMETRIC_PRESENTATION_REPRESENTATION (  '', ( #2328 ), #4675 ) ;
#3514 =( GEOMETRIC_REPRESENTATION_CONTEXT ( 3 ) GLOBAL_UNCERTAINTY_ASSIGNED_CONTEXT ( ( #1173 ) ) GLOBAL_UNIT_ASSIGNED_CONTEXT ( ( #775, #5372, #791 ) ) REPRESENTATION_CONTEXT ( 'NONE', 'WORKASPACE' ) );
#3515 =( NAMED_UNIT ( * ) PLANE_ANGLE_UNIT ( ) SI_UNIT ( $, .RADIAN. ) );
#3516 = AXIS2_PLACEMENT_3D ( 'NONE', #3739, #2030, #325 ) ;
#3517 = ORIENTED_EDGE ( 'NONE', *, *, #2585, .F. ) ;
#3518 = DIRECTION ( 'NONE',  ( 0.000000000000000000, 0.000000000000000000, -1.000000000000000000 ) ) ;
#3519 = FILL_AREA_STYLE ('',( #5839 ) ) ;
#3520 = ADVANCED_FACE ( 'NONE', ( #2928 ), #4939, .F. ) ;
#3521 = FILL_AREA_STYLE_COLOUR ( '', #4899 ) ;
#3522 = FILL_AREA_STYLE ('',( #1828 ) ) ;
#3523 = ORIENTED_EDGE ( 'NONE', *, *, #5658, .F. ) ;
#3524 = CARTESIAN_POINT ( 'NONE',  ( -2.373799999999998800, -1.949999999999999956, 1.449999999999999956 ) ) ;
#3525 = AXIS2_PLACEMENT_3D ( 'NONE', #1491, #3833, #6095 ) ;
#3526 = DIRECTION ( 'NONE',  ( 0.000000000000000000, 0.000000000000000000, 1.000000000000000000 ) ) ;
#3527 = AXIS2_PLACEMENT_3D ( 'NONE', #2971, #68, #2397 ) ;
#3528 =( GEOMETRIC_REPRESENTATION_CONTEXT ( 3 ) GLOBAL_UNCERTAINTY_ASSIGNED_CONTEXT ( ( #3753 ) ) GLOBAL_UNIT_ASSIGNED_CONTEXT ( ( #7028, #2927, #6453 ) ) REPRESENTATION_CONTEXT ( 'NONE', 'WORKASPACE' ) );
#3529 = LINE ( 'NONE', #4184, #5408 ) ;
#3530 = CARTESIAN_POINT ( 'NONE',  ( -2.449996426143390860, -1.874537999305284197, 0.8350254293110863646 ) ) ;
#3531 = DIRECTION ( 'NONE',  ( 1.000000000000000000, 0.000000000000000000, 0.000000000000000000 ) ) ;
#3532 = ORIENTED_EDGE ( 'NONE', *, *, #3447, .T. ) ;
#3533 = FACE_OUTER_BOUND ( 'NONE', #4733, .T. ) ;
#3534 = CARTESIAN_POINT ( 'NONE',  ( 0.8500000000000015321, -2.708949121834177465, 1.250274496869775653 ) ) ;
#3535 = LINE ( 'NONE', #5897, #449 ) ;
#3536 =( LENGTH_UNIT ( ) NAMED_UNIT ( * ) SI_UNIT ( .MILLI., .METRE. ) );
#3537 = VECTOR ( 'NONE', #7158, 1000.000000000000227 ) ;
#3538 = ORIENTED_EDGE ( 'NONE', *, *, #1281, .T. ) ;
#3539 = CARTESIAN_POINT ( 'NONE',  ( 0.4200000000000015388, 2.358120395030566474, 1.308646010850337271 ) ) ;
#3540 = UNCERTAINTY_MEASURE_WITH_UNIT (LENGTH_MEASURE( 1.000000000000000082E-05 ), #3939, 'distance_accuracy_value', 'NONE');
#3541 =( LENGTH_UNIT ( ) NAMED_UNIT ( * ) SI_UNIT ( .MILLI., .METRE. ) );
#3542 = CARTESIAN_POINT ( 'NONE',  ( -2.297327737236432021, 1.797327737236432466, 1.373799999999999910 ) ) ;
#3543 = DIRECTION ( 'NONE',  ( -0.000000000000000000, -0.000000000000000000, 1.000000000000000000 ) ) ;
#3544 = CARTESIAN_POINT ( 'NONE',  ( -0.8499999999999985345, -1.949999999999999734, 0.6150000000000157563 ) ) ;
#3545 = ORIENTED_EDGE ( 'NONE', *, *, #1014, .T. ) ;
#3546 = FILL_AREA_STYLE ('',( #4173 ) ) ;
#3547 = CARTESIAN_POINT ( 'NONE',  ( -1.689999999999998392, 2.550616955507048367, 0.9076459320246323959 ) ) ;
#3548 = COLOUR_RGB ( '',0.7529411764705882248, 0.7529411764705882248, 0.7529411764705882248 ) ;
#3549 = DIRECTION ( 'NONE',  ( 0.000000000000000000, 0.000000000000000000, 1.000000000000000000 ) ) ;
#3550 = EDGE_CURVE ( 'NONE', #5730, #5781, #4737, .T. ) ;
#3551 =( GEOMETRIC_REPRESENTATION_CONTEXT ( 3 ) GLOBAL_UNCERTAINTY_ASSIGNED_CONTEXT ( ( #4965 ) ) GLOBAL_UNIT_ASSIGNED_CONTEXT ( ( #1860, #4211, #6546 ) ) REPRESENTATION_CONTEXT ( 'NONE', 'WORKASPACE' ) );
#3552 = VERTEX_POINT ( 'NONE', #5386 ) ;
#3553 = PLANE ( 'NONE',  #7364 ) ;
#3554 = VECTOR ( 'NONE', #2759, 1000.000000000000000 ) ;
#3555 = DIRECTION ( 'NONE',  ( -0.000000000000000000, 0.000000000000000000, -1.000000000000000000 ) ) ;
#3556 = PLANE ( 'NONE',  #2745 ) ;
#3557 = DIRECTION ( 'NONE',  ( 0.000000000000000000, -0.06975647374412130564, -0.9975640502598245307 ) ) ;
#3558 = FILL_AREA_STYLE_COLOUR ( '', #4378 ) ;
#3559 = PRESENTATION_STYLE_ASSIGNMENT (( #1034 ) ) ;
#3560 = VERTEX_POINT ( 'NONE', #4843 ) ;
#3561 = SURFACE_STYLE_FILL_AREA ( #792 ) ;
#3562 = EDGE_CURVE ( 'NONE', #3850, #4854, #6786, .T. ) ;
#3563 = PRESENTATION_STYLE_ASSIGNMENT (( #6185 ) ) ;
#3564 = AXIS2_PLACEMENT_3D ( 'NONE', #2163, #3837, #2675 ) ;
#3565 = AXIS2_PLACEMENT_3D ( 'NONE', #2571, #2518, #6554 ) ;
#3566 = FILL_AREA_STYLE_COLOUR ( '', #3478 ) ;
#3567 = VERTEX_POINT ( 'NONE', #3157 ) ;
#3568 = CARTESIAN_POINT ( 'NONE',  ( 0.4200000000000015388, -2.199999999999999734, 0.8349999999999841993 ) ) ;
#3569 =( NAMED_UNIT ( * ) SI_UNIT ( $, .STERADIAN. ) SOLID_ANGLE_UNIT ( ) );
#3570 =( GEOMETRIC_REPRESENTATION_CONTEXT ( 3 ) GLOBAL_UNCERTAINTY_ASSIGNED_CONTEXT ( ( #2228 ) ) GLOBAL_UNIT_ASSIGNED_CONTEXT ( ( #5264, #4773, #108 ) ) REPRESENTATION_CONTEXT ( 'NONE', 'WORKASPACE' ) );
#3571 = DIRECTION ( 'NONE',  ( -1.000000000000000000, -0.000000000000000000, 0.000000000000000000 ) ) ;
#3572 = DIRECTION ( 'NONE',  ( 1.000000000000000000, -0.000000000000000000, -0.000000000000000000 ) ) ;
#3573 = PRESENTATION_LAYER_ASSIGNMENT (  '', '', ( #5241 ) ) ;
#3574 = AXIS2_PLACEMENT_3D ( 'NONE', #1189, #2823, #656 ) ;
#3575 = EDGE_LOOP ( 'NONE', ( #7014, #972, #1270, #3023 ) ) ;
#3576 = LINE ( 'NONE', #128, #3950 ) ;
#3577 = LINE ( 'NONE', #3267, #3397 ) ;
#3578 = ORIENTED_EDGE ( 'NONE', *, *, #969, .F. ) ;
#3579 = SURFACE_SIDE_STYLE ('',( #411 ) ) ;
#3580 = DIRECTION ( 'NONE',  ( 0.000000000000000000, -0.9975640502598241977, 0.06975647374412606572 ) ) ;
#3581 = SURFACE_SIDE_STYLE ('',( #5981 ) ) ;
#3582 =( NAMED_UNIT ( * ) PLANE_ANGLE_UNIT ( ) SI_UNIT ( $, .RADIAN. ) );
#3583 = CYLINDRICAL_SURFACE ( 'NONE', #6000, 0.07620000000000015650 ) ;
#3584 = ORIENTED_EDGE ( 'NONE', *, *, #5636, .T. ) ;
#3585 = DIRECTION ( 'NONE',  ( -1.000000000000000000, -0.000000000000000000, 0.000000000000000000 ) ) ;
#3586 = CARTESIAN_POINT ( 'NONE',  ( -2.119999999999998774, -2.550616955507048367, 0.9076459320246323959 ) ) ;
#3587 = UNCERTAINTY_MEASURE_WITH_UNIT (LENGTH_MEASURE( 1.000000000000000082E-05 ), #3813, 'distance_accuracy_value', 'NONE');
#3588 = EDGE_CURVE ( 'NONE', #21, #6934, #1932, .T. ) ;
#3589 = VECTOR ( 'NONE', #305, 1000.000000000000000 ) ;
#3590 = LINE ( 'NONE', #5726, #2031 ) ;
#3591 = EDGE_LOOP ( 'NONE', ( #5548, #5797, #6556, #77 ) ) ;
#3592 = SURFACE_SIDE_STYLE ('',( #1311 ) ) ;
#3593 = UNCERTAINTY_MEASURE_WITH_UNIT (LENGTH_MEASURE( 1.000000000000000082E-05 ), #3492, 'distance_accuracy_value', 'NONE');
#3594 = DIRECTION ( 'NONE',  ( 1.000000000000000000, 0.000000000000000000, 0.000000000000000000 ) ) ;
#3595 = SURFACE_SIDE_STYLE ('',( #3164 ) ) ;
#3596 = DIRECTION ( 'NONE',  ( 0.000000000000000000, 0.000000000000000000, 1.000000000000000000 ) ) ;
#3597 = EDGE_CURVE ( 'NONE', #6507, #5311, #5992, .T. ) ;
#3598 = PRESENTATION_STYLE_ASSIGNMENT (( #5804 ) ) ;
#3599 = DIRECTION ( 'NONE',  ( 0.000000000000000000, 0.000000000000000000, -1.000000000000000000 ) ) ;
#3600 = STYLED_ITEM ( 'NONE', ( #73 ), #1617 ) ;
#3601 = ORIENTED_EDGE ( 'NONE', *, *, #4442, .F. ) ;
#3602 =( NAMED_UNIT ( * ) PLANE_ANGLE_UNIT ( ) SI_UNIT ( $, .RADIAN. ) );
#3603 = ORIENTED_EDGE ( 'NONE', *, *, #3495, .T. ) ;
#3604 = EDGE_LOOP ( 'NONE', ( #2306, #358, #2404, #6060 ) ) ;
#3605 =( NAMED_UNIT ( * ) SI_UNIT ( $, .STERADIAN. ) SOLID_ANGLE_UNIT ( ) );
#3606 = CIRCLE ( 'NONE', #5507, 0.1340459166400967961 ) ;
#3607 = AXIS2_PLACEMENT_3D ( 'NONE', #5873, #2448, #6995 ) ;
#3608 = EDGE_CURVE ( 'NONE', #6340, #5648, #1043, .T. ) ;
#3609 = CIRCLE ( 'NONE', #3438, 0.07619999999999994833 ) ;
#3610 =( GEOMETRIC_REPRESENTATION_CONTEXT ( 3 ) GLOBAL_UNCERTAINTY_ASSIGNED_CONTEXT ( ( #4607 ) ) GLOBAL_UNIT_ASSIGNED_CONTEXT ( ( #7330, #4011, #3936 ) ) REPRESENTATION_CONTEXT ( 'NONE', 'WORKASPACE' ) );
#3611 = STYLED_ITEM ( 'NONE', ( #2443 ), #3112 ) ;
#3612 = ORIENTED_EDGE ( 'NONE', *, *, #448, .F. ) ;
#3613 = SURFACE_STYLE_USAGE ( .BOTH. , #1260 ) ;
#3614 = VECTOR ( 'NONE', #5672, 1000.000000000000000 ) ;
#3615 = FILL_AREA_STYLE ('',( #5334 ) ) ;
#3616 = FILL_AREA_STYLE ('',( #2382 ) ) ;
#3617 = ORIENTED_EDGE ( 'NONE', *, *, #6915, .T. ) ;
#3618 = FILL_AREA_STYLE_COLOUR ( '', #7164 ) ;
#3619 = SURFACE_STYLE_FILL_AREA ( #136 ) ;
#3620 = TOROIDAL_SURFACE ( 'NONE', #5763, 0.4000000000000001332, 0.05000000000000000278 ) ;
#3621 =( GEOMETRIC_REPRESENTATION_CONTEXT ( 3 ) GLOBAL_UNCERTAINTY_ASSIGNED_CONTEXT ( ( #7177 ) ) GLOBAL_UNIT_ASSIGNED_CONTEXT ( ( #4997, #6178, #2117 ) ) REPRESENTATION_CONTEXT ( 'NONE', 'WORKASPACE' ) );
#3622 = MECHANICAL_DESIGN_GEOMETRIC_PRESENTATION_REPRESENTATION (  '', ( #2734 ), #3920 ) ;
#3623 = EDGE_CURVE ( 'NONE', #3552, #4807, #4406, .T. ) ;
#3624 = FILL_AREA_STYLE ('',( #7050 ) ) ;
#3625 =( GEOMETRIC_REPRESENTATION_CONTEXT ( 3 ) GLOBAL_UNCERTAINTY_ASSIGNED_CONTEXT ( ( #4786 ) ) GLOBAL_UNIT_ASSIGNED_CONTEXT ( ( #892, #3797, #920 ) ) REPRESENTATION_CONTEXT ( 'NONE', 'WORKASPACE' ) );
#3626 =( LENGTH_UNIT ( ) NAMED_UNIT ( * ) SI_UNIT ( .MILLI., .METRE. ) );
#3627 = SURFACE_SIDE_STYLE ('',( #3981 ) ) ;
#3628 =( LENGTH_UNIT ( ) NAMED_UNIT ( * ) SI_UNIT ( .MILLI., .METRE. ) );
#3629 = VERTEX_POINT ( 'NONE', #878 ) ;
#3630 =( LENGTH_UNIT ( ) NAMED_UNIT ( * ) SI_UNIT ( .MILLI., .METRE. ) );
#3631 = CARTESIAN_POINT ( 'NONE',  ( 2.297327737236434242, -1.797327737236432021, 1.373799999999999910 ) ) ;
#3632 = COLOUR_RGB ( '',0.7529411764705882248, 0.7529411764705882248, 0.7529411764705882248 ) ;
#3633 = PRESENTATION_STYLE_ASSIGNMENT (( #360 ) ) ;
#3634 = FILL_AREA_STYLE ('',( #4644 ) ) ;
#3635 = EDGE_LOOP ( 'NONE', ( #475, #7000, #6910, #3017 ) ) ;
#3636 =( NAMED_UNIT ( * ) PLANE_ANGLE_UNIT ( ) SI_UNIT ( $, .RADIAN. ) );
#3637 = MECHANICAL_DESIGN_GEOMETRIC_PRESENTATION_REPRESENTATION (  '', ( #1723 ), #6942 ) ;
#3638 =( NAMED_UNIT ( * ) PLANE_ANGLE_UNIT ( ) SI_UNIT ( $, .RADIAN. ) );
#3639 = VECTOR ( 'NONE', #4352, 1000.000000000000000 ) ;
#3640 = SURFACE_STYLE_FILL_AREA ( #3932 ) ;
#3641 = VECTOR ( 'NONE', #4856, 1000.000000000000000 ) ;
#3642 = CARTESIAN_POINT ( 'NONE',  ( 1.690000000000001723, -2.236792614887839648, 0.9295906676744072339 ) ) ;
#3643 = CARTESIAN_POINT ( 'NONE',  ( 2.449570726820020194, 1.918490299558756718, 0.8380544373874545538 ) ) ;
#3644 = LINE ( 'NONE', #3499, #6949 ) ;
#3645 = UNCERTAINTY_MEASURE_WITH_UNIT (LENGTH_MEASURE( 1.000000000000000082E-05 ), #4792, 'distance_accuracy_value', 'NONE');
#3646 = PRESENTATION_LAYER_ASSIGNMENT (  '', '', ( #2846 ) ) ;
#3647 = LINE ( 'NONE', #3003, #1009 ) ;
#3648 = ORIENTED_EDGE ( 'NONE', *, *, #7218, .F. ) ;
#3649 = DIRECTION ( 'NONE',  ( 1.000000000000000000, 0.000000000000000000, 0.000000000000000000 ) ) ;
#3650 = ORIENTED_EDGE ( 'NONE', *, *, #7449, .T. ) ;
#3651 = DIRECTION ( 'NONE',  ( -1.000000000000000000, -8.850629979473502314E-17, 0.000000000000000000 ) ) ;
#3652 =( NAMED_UNIT ( * ) SI_UNIT ( $, .STERADIAN. ) SOLID_ANGLE_UNIT ( ) );
#3653 = CARTESIAN_POINT ( 'NONE',  ( -2.449998808705150743, -1.874292006267270549, 0.6149915234967205935 ) ) ;
#3654 = CARTESIAN_POINT ( 'NONE',  ( -2.340846632081211798, 1.840846632081212020, 0.3858530267301733541 ) ) ;
#3655 = CARTESIAN_POINT ( 'NONE',  ( -0.8499999999999985345, -2.575229734309892216, 1.259625067334387394 ) ) ;
#3656 = ORIENTED_EDGE ( 'NONE', *, *, #3869, .F. ) ;
#3657 = VECTOR ( 'NONE', #620, 1000.000000000000000 ) ;
#3658 = ORIENTED_EDGE ( 'NONE', *, *, #2585, .T. ) ;
#3659 = LINE ( 'NONE', #4375, #2094 ) ;
#3660 = DIRECTION ( 'NONE',  ( 0.000000000000000000, 0.000000000000000000, -1.000000000000000000 ) ) ;
#3661 = VECTOR ( 'NONE', #4098, 1000.000000000000000 ) ;
#3662 = EDGE_CURVE ( 'NONE', #3674, #3366, #6253, .T. ) ;
#3663 =( GEOMETRIC_REPRESENTATION_CONTEXT ( 3 ) GLOBAL_UNCERTAINTY_ASSIGNED_CONTEXT ( ( #2449 ) ) GLOBAL_UNIT_ASSIGNED_CONTEXT ( ( #1569, #2791, #5555 ) ) REPRESENTATION_CONTEXT ( 'NONE', 'WORKASPACE' ) );
#3664 =( NAMED_UNIT ( * ) SI_UNIT ( $, .STERADIAN. ) SOLID_ANGLE_UNIT ( ) );
#3665 = SURFACE_STYLE_USAGE ( .BOTH. , #4228 ) ;
#3666 = ORIENTED_EDGE ( 'NONE', *, *, #2805, .T. ) ;
#3667 =( NAMED_UNIT ( * ) SI_UNIT ( $, .STERADIAN. ) SOLID_ANGLE_UNIT ( ) );
#3668 = SURFACE_STYLE_USAGE ( .BOTH. , #2447 ) ;
#3669 = ORIENTED_EDGE ( 'NONE', *, *, #2027, .F. ) ;
#3670 = VECTOR ( 'NONE', #233, 1000.000000000000000 ) ;
#3671 = DIRECTION ( 'NONE',  ( 0.000000000000000000, 0.000000000000000000, -1.000000000000000000 ) ) ;
#3672 = CARTESIAN_POINT ( 'NONE',  ( 2.120000000000001439, -2.333719387524285427, 0.9596953461754694770 ) ) ;
#3673 = DIRECTION ( 'NONE',  ( 1.000000000000000000, 0.000000000000000000, 0.000000000000000000 ) ) ;
#3674 = VERTEX_POINT ( 'NONE', #7346 ) ;
#3675 = EDGE_CURVE ( 'NONE', #4977, #1006, #6173, .T. ) ;
#3676 = PRESENTATION_LAYER_ASSIGNMENT (  '', '', ( #408 ) ) ;
#3677 = SURFACE_STYLE_FILL_AREA ( #1077 ) ;
#3678 = CARTESIAN_POINT ( 'NONE',  ( -1.689999999999998392, 2.550616955507048367, 0.9076459320246326179 ) ) ;
#3679 = PRESENTATION_STYLE_ASSIGNMENT (( #4748 ) ) ;
#3680 = LINE ( 'NONE', #3469, #4230 ) ;
#3681 =( LENGTH_UNIT ( ) NAMED_UNIT ( * ) SI_UNIT ( .MILLI., .METRE. ) );
#3682 = PLANE ( 'NONE',  #4728 ) ;
#3683 = COLOUR_RGB ( '',0.2509803921568627416, 0.2509803921568627416, 0.2509803921568627416 ) ;
#3684 = DIRECTION ( 'NONE',  ( 0.000000000000000000, 0.9975640502598241977, 0.06975647374412607959 ) ) ;
#3685 = DIRECTION ( 'NONE',  ( 0.000000000000000000, -1.000000000000000000, 0.000000000000000000 ) ) ;
#3686 = VERTEX_POINT ( 'NONE', #4981 ) ;
#3687 = STYLED_ITEM ( 'NONE', ( #579 ), #6198 ) ;
#3688 = CARTESIAN_POINT ( 'NONE',  ( -2.297327737236431577, -1.797327737236432466, 1.449999999999999956 ) ) ;
#3689 = PRESENTATION_LAYER_ASSIGNMENT (  '', '', ( #1573 ) ) ;
#3690 = AXIS2_PLACEMENT_3D ( 'NONE', #3306, #5031, #7323 ) ;
#3691 = COLOUR_RGB ( '',0.7921568627450980005, 0.8196078431372548767, 0.9333333333333333481 ) ;
#3692 = SURFACE_STYLE_USAGE ( .BOTH. , #6479 ) ;
#3693 = ADVANCED_FACE ( 'NONE', ( #4574 ), #6612, .T. ) ;
#3694 = FILL_AREA_STYLE_COLOUR ( '', #2625 ) ;
#3695 = UNCERTAINTY_MEASURE_WITH_UNIT (LENGTH_MEASURE( 1.000000000000000082E-05 ), #6677, 'distance_accuracy_value', 'NONE');
#3696 = DIRECTION ( 'NONE',  ( 1.000000000000000000, 0.000000000000000000, 0.000000000000000000 ) ) ;
#3697 = CARTESIAN_POINT ( 'NONE',  ( 2.254132893130579962, 1.754132893130579296, 1.681147285913904943 ) ) ;
#3698 = ORIENTED_EDGE ( 'NONE', *, *, #701, .F. ) ;
#3699 = STYLED_ITEM ( 'NONE', ( #432 ), #1401 ) ;
#3700 = DIRECTION ( 'NONE',  ( 0.000000000000000000, 0.000000000000000000, -1.000000000000000000 ) ) ;
#3701 = ORIENTED_EDGE ( 'NONE', *, *, #3339, .T. ) ;
#3702 = COLOUR_RGB ( '',0.2509803921568627416, 0.2509803921568627416, 0.2509803921568627416 ) ;
#3703 = CARTESIAN_POINT ( 'NONE',  ( -2.373799999999998800, -1.949999999999999956, 0.6150000000000157563 ) ) ;
#3704 = ORIENTED_EDGE ( 'NONE', *, *, #1403, .F. ) ;
#3705 = FILL_AREA_STYLE_COLOUR ( '', #6706 ) ;
#3706 = VERTEX_POINT ( 'NONE', #6714 ) ;
#3707 = DIRECTION ( 'NONE',  ( 1.000000000000000000, 0.000000000000000000, 0.000000000000000000 ) ) ;
#3708 = DIRECTION ( 'NONE',  ( 5.691349986800548668E-15, 0.000000000000000000, -1.000000000000000000 ) ) ;
#3709 = CARTESIAN_POINT ( 'NONE',  ( -2.449999999999998845, -1.873799999999999910, 0.6150000000000157563 ) ) ;
#3710 = FILL_AREA_STYLE_COLOUR ( '', #53 ) ;
#3711 = EDGE_CURVE ( 'NONE', #1372, #6111, #6522, .T. ) ;
#3712 = ORIENTED_EDGE ( 'NONE', *, *, #1231, .F. ) ;
#3713 = STYLED_ITEM ( 'NONE', ( #2210 ), #1861 ) ;
#3714 = EDGE_LOOP ( 'NONE', ( #4536, #5963, #147, #703 ) ) ;
#3715 = COLOUR_RGB ( '',0.7529411764705882248, 0.7529411764705882248, 0.7529411764705882248 ) ;
#3716 = CARTESIAN_POINT ( 'NONE',  ( 0.4200000000000015388, 2.671944735649774749, 1.286701275200562655 ) ) ;
#3717 = ORIENTED_EDGE ( 'NONE', *, *, #738, .T. ) ;
#3718 = DIRECTION ( 'NONE',  ( 0.000000000000000000, 0.06975647374412252688, 0.9975640502598244197 ) ) ;
#3719 = EDGE_CURVE ( 'NONE', #2690, #7061, #2653, .T. ) ;
#3720 = STYLED_ITEM ( 'NONE', ( #4469 ), #3884 ) ;
#3721 = MECHANICAL_DESIGN_GEOMETRIC_PRESENTATION_REPRESENTATION (  '', ( #891 ), #4105 ) ;
#3722 = CARTESIAN_POINT ( 'NONE',  ( -2.500000000000000000, 1.562756678803864929, 0.000000000000000000 ) ) ;
#3723 = SURFACE_SIDE_STYLE ('',( #6461 ) ) ;
#3724 = FILL_AREA_STYLE ('',( #5987 ) ) ;
#3725 = COLOUR_RGB ( '',0.2509803921568627416, 0.2509803921568627416, 0.2509803921568627416 ) ;
#3726 = CARTESIAN_POINT ( 'NONE',  ( 0.4200000000000015388, -2.550616955507047923, 0.9076459320246323959 ) ) ;
#3727 = SURFACE_STYLE_FILL_AREA ( #2065 ) ;
#3728 = DIRECTION ( 'NONE',  ( 1.000000000000000000, 0.000000000000000000, 0.000000000000000000 ) ) ;
#3729 = CARTESIAN_POINT ( 'NONE',  ( 1.690000000000001723, 2.699598551369565058, 1.383993884394061347 ) ) ;
#3730 =( GEOMETRIC_REPRESENTATION_CONTEXT ( 3 ) GLOBAL_UNCERTAINTY_ASSIGNED_CONTEXT ( ( #4528 ) ) GLOBAL_UNIT_ASSIGNED_CONTEXT ( ( #1863, #2385, #5314 ) ) REPRESENTATION_CONTEXT ( 'NONE', 'WORKASPACE' ) );
#3731 = ADVANCED_FACE ( 'NONE', ( #7334 ), #6877, .T. ) ;
#3732 = AXIS2_PLACEMENT_3D ( 'NONE', #1636, #3, #7433 ) ;
#3733 =( LENGTH_UNIT ( ) NAMED_UNIT ( * ) SI_UNIT ( .MILLI., .METRE. ) );
#3734 = AXIS2_PLACEMENT_3D ( 'NONE', #1603, #2114, #3896 ) ;
#3735 = CARTESIAN_POINT ( 'NONE',  ( -0.8499999999999985345, 2.200000000000000178, 0.9690459166400811064 ) ) ;
#3736 = LINE ( 'NONE', #6984, #5956 ) ;
#3737 = VECTOR ( 'NONE', #5426, 1000.000000000000000 ) ;
#3738 = CARTESIAN_POINT ( 'NONE',  ( -2.297327737236431133, -1.797327737236432466, 0.07619999999999998996 ) ) ;
#3739 = CARTESIAN_POINT ( 'NONE',  ( 0.4200000000000015388, 1.949999999999999734, 0.6150000000000157563 ) ) ;
#3740 = LINE ( 'NONE', #838, #548 ) ;
#3741 = VERTEX_POINT ( 'NONE', #6119 ) ;
#3742 = CARTESIAN_POINT ( 'NONE',  ( -0.8499999999999985345, 1.949999999999999734, 0.6150000000000157563 ) ) ;
#3743 = FACE_OUTER_BOUND ( 'NONE', #7171, .T. ) ;
#3744 = SURFACE_STYLE_FILL_AREA ( #3106 ) ;
#3745 = CIRCLE ( 'NONE', #2828, 0.07619999999999994833 ) ;
#3746 = CARTESIAN_POINT ( 'NONE',  ( 2.450000000000001510, 1.874046004575876667, 0.8349999999999827560 ) ) ;
#3747 = AXIS2_PLACEMENT_3D ( 'NONE', #5118, #2825, #612 ) ;
#3748 = CARTESIAN_POINT ( 'NONE',  ( 2.374537999305285751, -1.949996426143391526, 0.6149745706889138130 ) ) ;
#3749 = EDGE_CURVE ( 'NONE', #148, #835, #5461, .T. ) ;
#3750 = SURFACE_SIDE_STYLE ('',( #6521 ) ) ;
#3751 = LINE ( 'NONE', #7150, #7404 ) ;
#3752 = FILL_AREA_STYLE_COLOUR ( '', #4267 ) ;
#3753 = UNCERTAINTY_MEASURE_WITH_UNIT (LENGTH_MEASURE( 1.000000000000000082E-05 ), #7028, 'distance_accuracy_value', 'NONE');
#3754 = MANIFOLD_SOLID_BREP ( 'Fillet2', #1279 ) ;
#3755 = CARTESIAN_POINT ( 'NONE',  ( 0.4200000000000015388, 2.199999999999999734, 0.9690459166400811064 ) ) ;
#3756 =( NAMED_UNIT ( * ) PLANE_ANGLE_UNIT ( ) SI_UNIT ( $, .RADIAN. ) );
#3757 = ORIENTED_EDGE ( 'NONE', *, *, #2514, .T. ) ;
#3758 = LINE ( 'NONE', #1606, #1291 ) ;
#3759 =( NAMED_UNIT ( * ) PLANE_ANGLE_UNIT ( ) SI_UNIT ( $, .RADIAN. ) );
#3760 = DIRECTION ( 'NONE',  ( -0.000000000000000000, 1.000000000000000000, -0.000000000000000000 ) ) ;
#3761 = DIRECTION ( 'NONE',  ( 0.000000000000000000, 0.000000000000000000, -1.000000000000000000 ) ) ;
#3762 = EDGE_CURVE ( 'NONE', #6092, #5160, #1558, .T. ) ;
#3763 = EDGE_LOOP ( 'NONE', ( #14, #4326, #7182, #1399 ) ) ;
#3764 = DIRECTION ( 'NONE',  ( 1.000000000000000000, 0.000000000000000000, 0.000000000000000000 ) ) ;
#3765 = COLOUR_RGB ( '',0.7529411764705882248, 0.7529411764705882248, 0.7529411764705882248 ) ;
#3766 = SURFACE_STYLE_FILL_AREA ( #5723 ) ;
#3767 = DIRECTION ( 'NONE',  ( 0.000000000000000000, 0.9975640502598241977, 0.06975647374412606572 ) ) ;
#3768 = DIRECTION ( 'NONE',  ( 0.000000000000000000, 0.000000000000000000, 1.000000000000000000 ) ) ;
#3769 = FILL_AREA_STYLE ('',( #4141 ) ) ;
#3770 = ORIENTED_EDGE ( 'NONE', *, *, #5088, .F. ) ;
#3771 = FILL_AREA_STYLE_COLOUR ( '', #2790 ) ;
#3772 = AXIS2_PLACEMENT_3D ( 'NONE', #796, #261, #2609 ) ;
#3773 = ORIENTED_EDGE ( 'NONE', *, *, #1739, .F. ) ;
#3774 = EDGE_CURVE ( 'NONE', #4025, #6644, #6430, .T. ) ;
#3775 = PRESENTATION_LAYER_ASSIGNMENT (  '', '', ( #2576 ) ) ;
#3776 = ADVANCED_FACE ( 'NONE', ( #1035 ), #2921, .F. ) ;
#3777 = CARTESIAN_POINT ( 'NONE',  ( -0.8499999999999985345, 2.550616955507048367, 0.9076459320246323959 ) ) ;
#3778 =( NAMED_UNIT ( * ) PLANE_ANGLE_UNIT ( ) SI_UNIT ( $, .RADIAN. ) );
#3779 =( NAMED_UNIT ( * ) PLANE_ANGLE_UNIT ( ) SI_UNIT ( $, .RADIAN. ) );
#3780 = VERTEX_POINT ( 'NONE', #2810 ) ;
#3781 = DIRECTION ( 'NONE',  ( 0.000000000000000000, 0.000000000000000000, -1.000000000000000000 ) ) ;
#3782 = FILL_AREA_STYLE ('',( #3177 ) ) ;
#3783 = STYLED_ITEM ( 'NONE', ( #7430 ), #5800 ) ;
#3784 = MECHANICAL_DESIGN_GEOMETRIC_PRESENTATION_REPRESENTATION (  '', ( #5045 ), #1290 ) ;
#3785 = EDGE_CURVE ( 'NONE', #2588, #6727, #2101, .T. ) ;
#3786 =( GEOMETRIC_REPRESENTATION_CONTEXT ( 3 ) GLOBAL_UNCERTAINTY_ASSIGNED_CONTEXT ( ( #6473 ) ) GLOBAL_UNIT_ASSIGNED_CONTEXT ( ( #6853, #7443, #6332 ) ) REPRESENTATION_CONTEXT ( 'NONE', 'WORKASPACE' ) );
#3787 = CARTESIAN_POINT ( 'NONE',  ( -1.689999999999998392, 2.200000000000000178, 0.8349999999999843103 ) ) ;
#3788 = CARTESIAN_POINT ( 'NONE',  ( -0.8499999999999985345, -2.200000000000000178, 0.8349999999999843103 ) ) ;
#3789 = DIRECTION ( 'NONE',  ( 1.000000000000000000, 0.000000000000000000, 0.000000000000000000 ) ) ;
#3790 = CARTESIAN_POINT ( 'NONE',  ( 0.4200000000000015388, -1.949999999999999734, 0.8349999999999841993 ) ) ;
#3791 = DIRECTION ( 'NONE',  ( 1.000000000000000000, 0.000000000000000000, 0.000000000000000000 ) ) ;
#3792 = ORIENTED_EDGE ( 'NONE', *, *, #7186, .F. ) ;
#3793 = STYLED_ITEM ( 'NONE', ( #2344 ), #632 ) ;
#3794 = UNCERTAINTY_MEASURE_WITH_UNIT (LENGTH_MEASURE( 1.000000000000000082E-05 ), #1958, 'distance_accuracy_value', 'NONE');
#3795 = PRESENTATION_STYLE_ASSIGNMENT (( #4978 ) ) ;
#3796 = VERTEX_POINT ( 'NONE', #6885 ) ;
#3797 =( NAMED_UNIT ( * ) PLANE_ANGLE_UNIT ( ) SI_UNIT ( $, .RADIAN. ) );
#3798 = SURFACE_STYLE_USAGE ( .BOTH. , #6651 ) ;
#3799 = CARTESIAN_POINT ( 'NONE',  ( 2.340846632081213574, 1.916305058919320015, 0.3752480364370170962 ) ) ;
#3800 = DIRECTION ( 'NONE',  ( -1.000000000000000000, 0.000000000000000000, 0.000000000000000000 ) ) ;
#3801 = DIRECTION ( 'NONE',  ( 1.000000000000000000, 0.000000000000000000, 0.000000000000000000 ) ) ;
#3802 = ORIENTED_EDGE ( 'NONE', *, *, #1026, .F. ) ;
#3803 = ORIENTED_EDGE ( 'NONE', *, *, #78, .T. ) ;
#3804 = COLOUR_RGB ( '',0.7529411764705882248, 0.7529411764705882248, 0.7529411764705882248 ) ;
#3805 = SURFACE_STYLE_USAGE ( .BOTH. , #874 ) ;
#3807 = ORIENTED_EDGE ( 'NONE', *, *, #6728, .T. ) ;
#3806 = DIRECTION ( 'NONE',  ( -1.000000000000000000, -0.000000000000000000, -0.000000000000000000 ) ) ;
#3808 = FILL_AREA_STYLE ('',( #3204 ) ) ;
#3809 = CARTESIAN_POINT ( 'NONE',  ( -2.374537999305283531, -1.949996426143391970, 0.6149745706889152563 ) ) ;
#3810 =( NAMED_UNIT ( * ) PLANE_ANGLE_UNIT ( ) SI_UNIT ( $, .RADIAN. ) );
#3811 = PLANE ( 'NONE',  #6987 ) ;
#3812 =( LENGTH_UNIT ( ) NAMED_UNIT ( * ) SI_UNIT ( .MILLI., .METRE. ) );
#3813 =( LENGTH_UNIT ( ) NAMED_UNIT ( * ) SI_UNIT ( .MILLI., .METRE. ) );
#3814 = ORIENTED_EDGE ( 'NONE', *, *, #123, .T. ) ;
#3815 = EDGE_CURVE ( 'NONE', #210, #5302, #4476, .T. ) ;
#3816 = PRESENTATION_LAYER_ASSIGNMENT (  '', '', ( #2577 ) ) ;
#3817 =( LENGTH_UNIT ( ) NAMED_UNIT ( * ) SI_UNIT ( .MILLI., .METRE. ) );
#3818 = ORIENTED_EDGE ( 'NONE', *, *, #3749, .F. ) ;
#3819 = CARTESIAN_POINT ( 'NONE',  ( -1.689999999999998392, 1.949999999999999956, 0.6150000000000157563 ) ) ;
#3820 = CARTESIAN_POINT ( 'NONE',  ( -0.4199999999999984857, -1.949999999999999734, 0.8349999999999841993 ) ) ;
#3821 = FILL_AREA_STYLE_COLOUR ( '', #4475 ) ;
#3822 = CARTESIAN_POINT ( 'NONE',  ( 0.8500000000000015321, -2.550616955507047923, 0.9076459320246326179 ) ) ;
#3823 = EDGE_CURVE ( 'NONE', #2059, #217, #5790, .T. ) ;
#3824 =( GEOMETRIC_REPRESENTATION_CONTEXT ( 3 ) GLOBAL_UNCERTAINTY_ASSIGNED_CONTEXT ( ( #6023 ) ) GLOBAL_UNIT_ASSIGNED_CONTEXT ( ( #4647, #1727, #3502 ) ) REPRESENTATION_CONTEXT ( 'NONE', 'WORKASPACE' ) );
#3825 = ORIENTED_EDGE ( 'NONE', *, *, #1124, .T. ) ;
#3826 = PRESENTATION_STYLE_ASSIGNMENT (( #6587 ) ) ;
#3827 = FILL_AREA_STYLE_COLOUR ( '', #1653 ) ;
#3828 = ORIENTED_EDGE ( 'NONE', *, *, #6604, .F. ) ;
#3829 =( NAMED_UNIT ( * ) SI_UNIT ( $, .STERADIAN. ) SOLID_ANGLE_UNIT ( ) );
#3830 = MECHANICAL_DESIGN_GEOMETRIC_PRESENTATION_REPRESENTATION (  '', ( #6022 ), #4502 ) ;
#3831 = UNCERTAINTY_MEASURE_WITH_UNIT (LENGTH_MEASURE( 1.000000000000000082E-05 ), #4920, 'distance_accuracy_value', 'NONE');
#3832 = FACE_OUTER_BOUND ( 'NONE', #930, .T. ) ;
#3833 = DIRECTION ( 'NONE',  ( 0.000000000000000000, -0.06975647374412606572, 0.9975640502598241977 ) ) ;
#3834 = PRESENTATION_LAYER_ASSIGNMENT (  '', '', ( #5865 ) ) ;
#3835 = PRESENTATION_STYLE_ASSIGNMENT (( #1446 ) ) ;
#3836 = CARTESIAN_POINT ( 'NONE',  ( 2.418490299558757162, -1.949570726820018196, 0.8380544373874559971 ) ) ;
#3837 = DIRECTION ( 'NONE',  ( 1.000000000000000000, -0.000000000000000000, -0.000000000000000000 ) ) ;
#3838 = ORIENTED_EDGE ( 'NONE', *, *, #3662, .T. ) ;
#3839 = LINE ( 'NONE', #2850, #4903 ) ;
#3840 = UNCERTAINTY_MEASURE_WITH_UNIT (LENGTH_MEASURE( 1.000000000000000082E-05 ), #7149, 'distance_accuracy_value', 'NONE');
#3841 = DIRECTION ( 'NONE',  ( 1.000000000000000000, 2.224004456380523875E-16, 0.000000000000000000 ) ) ;
#3842 = ADVANCED_FACE ( 'NONE', ( #576 ), #6869, .T. ) ;
#3843 = CARTESIAN_POINT ( 'NONE',  ( 0.8500000000000015321, 2.699598551369565058, 1.383993884394061347 ) ) ;
#3844 = EDGE_CURVE ( 'NONE', #4245, #5523, #2644, .T. ) ;
#3845 = DIRECTION ( 'NONE',  ( 0.000000000000000000, 0.000000000000000000, 1.000000000000000000 ) ) ;
#3846 = ORIENTED_EDGE ( 'NONE', *, *, #6336, .T. ) ;
#3847 = FACE_OUTER_BOUND ( 'NONE', #5048, .T. ) ;
#3848 = DIRECTION ( 'NONE',  ( 0.000000000000000000, 0.000000000000000000, -1.000000000000000000 ) ) ;
#3849 = CARTESIAN_POINT ( 'NONE',  ( -2.119999999999998774, -3.000000000000000000, 1.625000000000000000 ) ) ;
#3850 = VERTEX_POINT ( 'NONE', #6830 ) ;
#3851 = COLOUR_RGB ( '',0.2509803921568627416, 0.2509803921568627416, 0.2509803921568627416 ) ;
#3852 = ORIENTED_EDGE ( 'NONE', *, *, #1370, .F. ) ;
#3853 = CARTESIAN_POINT ( 'NONE',  ( 2.120000000000001439, -2.550616955507047923, 0.9076459320246326179 ) ) ;
#3854 = SURFACE_STYLE_FILL_AREA ( #542 ) ;
#3855 = EDGE_CURVE ( 'NONE', #5523, #4245, #2273, .T. ) ;
#3856 = AXIS2_PLACEMENT_3D ( 'NONE', #731, #1931, #7046 ) ;
#3857 = LINE ( 'NONE', #5883, #2286 ) ;
#3858 = DIRECTION ( 'NONE',  ( 0.000000000000000000, 0.9975640502598241977, -0.06975647374412535795 ) ) ;
#3859 = VERTEX_POINT ( 'NONE', #4049 ) ;
#3860 = FACE_OUTER_BOUND ( 'NONE', #7039, .T. ) ;
#3861 = SURFACE_STYLE_FILL_AREA ( #968 ) ;
#3862 = SURFACE_STYLE_FILL_AREA ( #106 ) ;
#3863 = SURFACE_SIDE_STYLE ('',( #4427 ) ) ;
#3864 = FILL_AREA_STYLE_COLOUR ( '', #6421 ) ;
#3865 = CARTESIAN_POINT ( 'NONE',  ( 1.690000000000001723, 2.550616955507047923, 0.9076459320246323959 ) ) ;
#3866 = SURFACE_STYLE_FILL_AREA ( #4848 ) ;
#3867 = STYLED_ITEM ( 'NONE', ( #6144 ), #6828 ) ;
#3868 = EDGE_LOOP ( 'NONE', ( #2558, #5391, #2161, #4225 ) ) ;
#3869 = EDGE_CURVE ( 'NONE', #627, #1940, #1482, .T. ) ;
#3870 = MECHANICAL_DESIGN_GEOMETRIC_PRESENTATION_REPRESENTATION (  '', ( #2186 ), #3610 ) ;
#3871 = ORIENTED_EDGE ( 'NONE', *, *, #5495, .F. ) ;
#3872 = AXIS2_PLACEMENT_3D ( 'NONE', #2197, #6797, #5094 ) ;
#3873 = SURFACE_STYLE_USAGE ( .BOTH. , #7356 ) ;
#3874 = CARTESIAN_POINT ( 'NONE',  ( -2.119999999999998774, 3.000000000000000000, 1.625000000000000000 ) ) ;
#3875 = CARTESIAN_POINT ( 'NONE',  ( -1.449999999999999956, 0.7500000000000004441, 0.05000000000000000278 ) ) ;
#3876 = CARTESIAN_POINT ( 'NONE',  ( 2.450000000000001510, -1.949999999999999512, 0.6150000000000157563 ) ) ;
#3877 = DIRECTION ( 'NONE',  ( 0.000000000000000000, -0.06975647374412130564, -0.9975640502598245307 ) ) ;
#3878 = STYLED_ITEM ( 'NONE', ( #4224 ), #5729 ) ;
#3879 = FILL_AREA_STYLE_COLOUR ( '', #4081 ) ;
#3880 = EDGE_CURVE ( 'NONE', #3995, #2313, #2548, .T. ) ;
#3881 = PRESENTATION_LAYER_ASSIGNMENT (  '', '', ( #6403 ) ) ;
#3882 = CARTESIAN_POINT ( 'NONE',  ( -2.500000000000000000, 1.840846632081212020, 0.3858530267301732986 ) ) ;
#3883 = VECTOR ( 'NONE', #391, 1000.000000000000114 ) ;
#3884 = ADVANCED_FACE ( 'NONE', ( #4730 ), #5877, .T. ) ;
#3885 = SURFACE_STYLE_USAGE ( .BOTH. , #4940 ) ;
#3886 = ORIENTED_EDGE ( 'NONE', *, *, #4717, .F. ) ;
#3887 = UNCERTAINTY_MEASURE_WITH_UNIT (LENGTH_MEASURE( 1.000000000000000082E-05 ), #5491, 'distance_accuracy_value', 'NONE');
#3888 = UNCERTAINTY_MEASURE_WITH_UNIT (LENGTH_MEASURE( 1.000000000000000082E-05 ), #1192, 'distance_accuracy_value', 'NONE');
#3889 = VECTOR ( 'NONE', #2715, 1000.000000000000000 ) ;
#3890 = ORIENTED_EDGE ( 'NONE', *, *, #5517, .F. ) ;
#3891 = DIRECTION ( 'NONE',  ( 1.000000000000000000, 0.000000000000000000, 0.000000000000000000 ) ) ;
#3892 = ORIENTED_EDGE ( 'NONE', *, *, #2720, .T. ) ;
#3893 = MECHANICAL_DESIGN_GEOMETRIC_PRESENTATION_REPRESENTATION (  '', ( #5921 ), #6697 ) ;
#3894 =( LENGTH_UNIT ( ) NAMED_UNIT ( * ) SI_UNIT ( .MILLI., .METRE. ) );
#3895 = ORIENTED_EDGE ( 'NONE', *, *, #4278, .F. ) ;
#3896 = DIRECTION ( 'NONE',  ( 0.000000000000000000, -0.9975640502598241977, -0.06975647374412535795 ) ) ;
#3897 = CARTESIAN_POINT ( 'NONE',  ( -2.449998808705150743, -1.874292006267269883, 0.8350084765032793621 ) ) ;
#3898 = ORIENTED_EDGE ( 'NONE', *, *, #1506, .F. ) ;
#3899 = DIRECTION ( 'NONE',  ( 1.000000000000000000, 0.000000000000000000, 0.000000000000000000 ) ) ;
#3900 = CARTESIAN_POINT ( 'NONE',  ( 1.690000000000001723, 1.949999999999999512, 0.8349999999999841993 ) ) ;
#3901 = LINE ( 'NONE', #708, #7286 ) ;
#3902 = PLANE ( 'NONE',  #1040 ) ;
#3903 = EDGE_CURVE ( 'NONE', #4420, #3150, #4817, .T. ) ;
#3904 = VERTEX_POINT ( 'NONE', #4127 ) ;
#3905 = CYLINDRICAL_SURFACE ( 'NONE', #5808, 0.1340459166400967961 ) ;
#3906 = VECTOR ( 'NONE', #4522, 1000.000000000000000 ) ;
#3907 = FACE_OUTER_BOUND ( 'NONE', #3285, .T. ) ;
#3908 = CARTESIAN_POINT ( 'NONE',  ( -2.340846632081211798, 1.840846632081212242, 0.3858530267301735761 ) ) ;
#3909 = PRESENTATION_STYLE_ASSIGNMENT (( #6131 ) ) ;
#3910 = EDGE_CURVE ( 'NONE', #4057, #1874, #5161, .T. ) ;
#3911 = VERTEX_POINT ( 'NONE', #4667 ) ;
#3912 = STYLED_ITEM ( 'NONE', ( #5082 ), #2221 ) ;
#3913 = DIRECTION ( 'NONE',  ( 0.000000000000000000, -0.9975640502598241977, -0.06975647374412535795 ) ) ;
#3914 = DIRECTION ( 'NONE',  ( -1.000000000000000000, -0.000000000000000000, -0.000000000000000000 ) ) ;
#3915 = FILL_AREA_STYLE ('',( #2757 ) ) ;
#3916 = ADVANCED_FACE ( 'NONE', ( #2911 ), #4395, .T. ) ;
#3917 = FILL_AREA_STYLE ('',( #4996 ) ) ;
#3918 = CARTESIAN_POINT ( 'NONE',  ( 0.4200000000000015388, 2.575229734309891771, 1.259625067334387394 ) ) ;
#3919 = DIRECTION ( 'NONE',  ( 0.000000000000000000, -0.9975640502598241977, -0.06975647374412535795 ) ) ;
#3920 =( GEOMETRIC_REPRESENTATION_CONTEXT ( 3 ) GLOBAL_UNCERTAINTY_ASSIGNED_CONTEXT ( ( #1172 ) ) GLOBAL_UNIT_ASSIGNED_CONTEXT ( ( #7369, #1028, #6710 ) ) REPRESENTATION_CONTEXT ( 'NONE', 'WORKASPACE' ) );
#3921 =( GEOMETRIC_REPRESENTATION_CONTEXT ( 3 ) GLOBAL_UNCERTAINTY_ASSIGNED_CONTEXT ( ( #2789 ) ) GLOBAL_UNIT_ASSIGNED_CONTEXT ( ( #375, #5604, #6175 ) ) REPRESENTATION_CONTEXT ( 'NONE', 'WORKASPACE' ) );
#3922 = FILL_AREA_STYLE ('',( #3879 ) ) ;
#3923 = VERTEX_POINT ( 'NONE', #2298 ) ;
#3924 = UNCERTAINTY_MEASURE_WITH_UNIT (LENGTH_MEASURE( 1.000000000000000082E-05 ), #3300, 'distance_accuracy_value', 'NONE');
#3925 = ADVANCED_FACE ( 'NONE', ( #6159 ), #4150, .T. ) ;
#3926 = SURFACE_SIDE_STYLE ('',( #5167 ) ) ;
#3927 =( LENGTH_UNIT ( ) NAMED_UNIT ( * ) SI_UNIT ( .MILLI., .METRE. ) );
#3928 = AXIS2_PLACEMENT_3D ( 'NONE', #4459, #4359, #1510 ) ;
#3929 =( GEOMETRIC_REPRESENTATION_CONTEXT ( 3 ) GLOBAL_UNCERTAINTY_ASSIGNED_CONTEXT ( ( #1913 ) ) GLOBAL_UNIT_ASSIGNED_CONTEXT ( ( #3812, #389, #910 ) ) REPRESENTATION_CONTEXT ( 'NONE', 'WORKASPACE' ) );
#3930 = ORIENTED_EDGE ( 'NONE', *, *, #6132, .F. ) ;
#3931 = SURFACE_STYLE_FILL_AREA ( #996 ) ;
#3932 = FILL_AREA_STYLE ('',( #6237 ) ) ;
#3933 = PRESENTATION_STYLE_ASSIGNMENT (( #1067 ) ) ;
#3934 = CARTESIAN_POINT ( 'NONE',  ( -2.119999999999998774, -1.949999999999999956, 0.6150000000000157563 ) ) ;
#3935 = ORIENTED_EDGE ( 'NONE', *, *, #5845, .F. ) ;
#3936 =( NAMED_UNIT ( * ) SI_UNIT ( $, .STERADIAN. ) SOLID_ANGLE_UNIT ( ) );
#3937 = EDGE_LOOP ( 'NONE', ( #2637, #4324, #6542, #1620, #4657, #2304 ) ) ;
#3938 = PRESENTATION_STYLE_ASSIGNMENT (( #6231 ) ) ;
#3939 =( LENGTH_UNIT ( ) NAMED_UNIT ( * ) SI_UNIT ( .MILLI., .METRE. ) );
#3940 = CARTESIAN_POINT ( 'NONE',  ( 2.297327737236433798, 1.797327737236432910, 1.373799999999999910 ) ) ;
#3941 = COLOUR_RGB ( '',0.2509803921568627416, 0.2509803921568627416, 0.2509803921568627416 ) ;
#3942 = SURFACE_STYLE_USAGE ( .BOTH. , #3346 ) ;
#3943 = ORIENTED_EDGE ( 'NONE', *, *, #3785, .T. ) ;
#3944 = LINE ( 'NONE', #826, #851 ) ;
#3945 = VECTOR ( 'NONE', #6663, 1000.000000000000000 ) ;
#3946 = SURFACE_STYLE_USAGE ( .BOTH. , #5071 ) ;
#3947 =( NAMED_UNIT ( * ) SI_UNIT ( $, .STERADIAN. ) SOLID_ANGLE_UNIT ( ) );
#3948 = ORIENTED_EDGE ( 'NONE', *, *, #3103, .T. ) ;
#3949 = DIRECTION ( 'NONE',  ( 0.000000000000000000, 0.7071067811865406894, -0.7071067811865544561 ) ) ;
#3950 = VECTOR ( 'NONE', #2508, 1000.000000000000000 ) ;
#3951 = FACE_OUTER_BOUND ( 'NONE', #1091, .T. ) ;
#3952 = EDGE_CURVE ( 'NONE', #512, #2402, #287, .T. ) ;
#3953 = STYLED_ITEM ( 'NONE', ( #5089 ), #2154 ) ;
#3954 = DIRECTION ( 'NONE',  ( 1.000000000000000000, 0.000000000000000000, 0.000000000000000000 ) ) ;
#3955 =( NAMED_UNIT ( * ) PLANE_ANGLE_UNIT ( ) SI_UNIT ( $, .RADIAN. ) );
#3956 = LINE ( 'NONE', #4323, #4051 ) ;
#3957 = ORIENTED_EDGE ( 'NONE', *, *, #3503, .F. ) ;
#3958 = SURFACE_STYLE_USAGE ( .BOTH. , #2162 ) ;
#3959 = SURFACE_STYLE_USAGE ( .BOTH. , #2285 ) ;
#3960 = ADVANCED_FACE ( 'NONE', ( #653 ), #6552, .F. ) ;
#3961 = AXIS2_PLACEMENT_3D ( 'NONE', #4093, #117, #1775 ) ;
#3962 = EDGE_CURVE ( 'NONE', #3262, #3923, #1468, .T. ) ;
#3963 = MECHANICAL_DESIGN_GEOMETRIC_PRESENTATION_REPRESENTATION (  '', ( #4254 ), #5753 ) ;
#3964 = ORIENTED_EDGE ( 'NONE', *, *, #871, .T. ) ;
#3965 = ORIENTED_EDGE ( 'NONE', *, *, #2631, .F. ) ;
#3966 = CARTESIAN_POINT ( 'NONE',  ( -0.8499999999999985345, -2.649999999999999911, 1.600525615819771152 ) ) ;
#3967 =( NAMED_UNIT ( * ) SI_UNIT ( $, .STERADIAN. ) SOLID_ANGLE_UNIT ( ) );
#3968 = ORIENTED_EDGE ( 'NONE', *, *, #1094, .F. ) ;
#3969 = VECTOR ( 'NONE', #2738, 1000.000000000000000 ) ;
#3970 = ORIENTED_EDGE ( 'NONE', *, *, #1506, .T. ) ;
#3971 = PRESENTATION_LAYER_ASSIGNMENT (  '', '', ( #4725 ) ) ;
#3972 = CARTESIAN_POINT ( 'NONE',  ( 0.4200000000000015388, 2.699598551369565058, 1.383993884394061347 ) ) ;
#3973 = MECHANICAL_DESIGN_GEOMETRIC_PRESENTATION_REPRESENTATION (  '', ( #462 ), #1001 ) ;
#3974 = PRESENTATION_LAYER_ASSIGNMENT (  '', '', ( #4962 ) ) ;
#3975 = ORIENTED_EDGE ( 'NONE', *, *, #543, .F. ) ;
#3976 = UNCERTAINTY_MEASURE_WITH_UNIT (LENGTH_MEASURE( 1.000000000000000082E-05 ), #3733, 'distance_accuracy_value', 'NONE');
#3977 = DIRECTION ( 'NONE',  ( 0.000000000000000000, 0.000000000000000000, -1.000000000000000000 ) ) ;
#3978 = COLOUR_RGB ( '',0.7529411764705882248, 0.7529411764705882248, 0.7529411764705882248 ) ;
#3979 = SURFACE_SIDE_STYLE ('',( #3766 ) ) ;
#3980 = ORIENTED_EDGE ( 'NONE', *, *, #1991, .F. ) ;
#3981 = SURFACE_STYLE_FILL_AREA ( #3044 ) ;
#3982 = VERTEX_POINT ( 'NONE', #3310 ) ;
#3983 =( LENGTH_UNIT ( ) NAMED_UNIT ( * ) SI_UNIT ( .MILLI., .METRE. ) );
#3984 = AXIS2_PLACEMENT_3D ( 'NONE', #158, #3572, #5913 ) ;
#3985 = VERTEX_POINT ( 'NONE', #7328 ) ;
#3986 =( NAMED_UNIT ( * ) PLANE_ANGLE_UNIT ( ) SI_UNIT ( $, .RADIAN. ) );
#3987 = EDGE_CURVE ( 'NONE', #165, #4908, #4721, .T. ) ;
#3988 = SURFACE_STYLE_FILL_AREA ( #5647 ) ;
#3989 = COLOUR_RGB ( '',0.7529411764705882248, 0.7529411764705882248, 0.7529411764705882248 ) ;
#3990 = DIRECTION ( 'NONE',  ( -5.691349986800547879E-15, -1.000000000000000000, 0.000000000000000000 ) ) ;
#3991 = VECTOR ( 'NONE', #5187, 1000.000000000000000 ) ;
#3992 = SURFACE_STYLE_USAGE ( .BOTH. , #1605 ) ;
#3993 =( NAMED_UNIT ( * ) PLANE_ANGLE_UNIT ( ) SI_UNIT ( $, .RADIAN. ) );
#3994 = COLOUR_RGB ( '',0.7529411764705882248, 0.7529411764705882248, 0.7529411764705882248 ) ;
#3995 = VERTEX_POINT ( 'NONE', #1970 ) ;
#3996 = FILL_AREA_STYLE ('',( #7313 ) ) ;
#3997 = EDGE_CURVE ( 'NONE', #4203, #1784, #2446, .T. ) ;
#3998 = PRESENTATION_LAYER_ASSIGNMENT (  '', '', ( #3600 ) ) ;
#3999 = CARTESIAN_POINT ( 'NONE',  ( 0.4200000000000015388, 2.649999999999999467, 1.600525615819771152 ) ) ;
#4000 = ADVANCED_FACE ( 'NONE', ( #7413 ), #2132, .T. ) ;
#4001 = CYLINDRICAL_SURFACE ( 'NONE', #6739, 0.07620000000000015650 ) ;
#4002 = DIRECTION ( 'NONE',  ( 1.000000000000000000, 0.000000000000000000, 0.000000000000000000 ) ) ;
#4003 = ORIENTED_EDGE ( 'NONE', *, *, #1544, .F. ) ;
#4004 = MECHANICAL_DESIGN_GEOMETRIC_PRESENTATION_REPRESENTATION (  '', ( #3867 ), #2134 ) ;
#4005 = EDGE_CURVE ( 'NONE', #4959, #4203, #1734, .T. ) ;
#4006 = PRESENTATION_STYLE_ASSIGNMENT (( #4320 ) ) ;
#4007 = PRESENTATION_LAYER_ASSIGNMENT (  '', '', ( #5035 ) ) ;
#4008 = AXIS2_PLACEMENT_3D ( 'NONE', #5689, #3899, #2173 ) ;
#4009 = FILL_AREA_STYLE_COLOUR ( '', #3407 ) ;
#4010 = VERTEX_POINT ( 'NONE', #2061 ) ;
#4011 =( NAMED_UNIT ( * ) PLANE_ANGLE_UNIT ( ) SI_UNIT ( $, .RADIAN. ) );
#4012 = SURFACE_STYLE_FILL_AREA ( #5328 ) ;
#4013 = FILL_AREA_STYLE ('',( #7431 ) ) ;
#4014 = ORIENTED_EDGE ( 'NONE', *, *, #5129, .F. ) ;
#4015 = DIRECTION ( 'NONE',  ( 1.000000000000000000, 0.000000000000000000, 0.000000000000000000 ) ) ;
#4016 = DIRECTION ( 'NONE',  ( 0.000000000000000000, 0.000000000000000000, 1.000000000000000000 ) ) ;
#4017 = EDGE_LOOP ( 'NONE', ( #3852, #7307, #5437, #396 ) ) ;
#4018 = VECTOR ( 'NONE', #4015, 1000.000000000000000 ) ;
#4019 = EDGE_CURVE ( 'NONE', #3780, #6399, #4979, .T. ) ;
#4020 = UNCERTAINTY_MEASURE_WITH_UNIT (LENGTH_MEASURE( 1.000000000000000082E-05 ), #6946, 'distance_accuracy_value', 'NONE');
#4021 = LINE ( 'NONE', #2753, #6863 ) ;
#4022 = PRESENTATION_LAYER_ASSIGNMENT (  '', '', ( #1774 ) ) ;
#4023 = CYLINDRICAL_SURFACE ( 'NONE', #1200, 0.1340459166400966851 ) ;
#4024 = DIRECTION ( 'NONE',  ( 1.000000000000000000, 0.000000000000000000, 0.000000000000000000 ) ) ;
#4025 = VERTEX_POINT ( 'NONE', #394 ) ;
#4026 = DIRECTION ( 'NONE',  ( 0.000000000000000000, 0.06975647374412130564, -0.9975640502598245307 ) ) ;
#4027 = CYLINDRICAL_SURFACE ( 'NONE', #5560, 0.1340459166400967961 ) ;
#4028 = VECTOR ( 'NONE', #5569, 1000.000000000000000 ) ;
#4029 = DIRECTION ( 'NONE',  ( 0.000000000000000000, -0.06975647374412252688, 0.9975640502598244197 ) ) ;
#4030 = FACE_OUTER_BOUND ( 'NONE', #647, .T. ) ;
#4031 = FILL_AREA_STYLE_COLOUR ( '', #5246 ) ;
#4032 = ORIENTED_EDGE ( 'NONE', *, *, #1761, .F. ) ;
#4033 = CARTESIAN_POINT ( 'NONE',  ( -0.8499999999999985345, -2.333719387524285871, 0.9596953461754694770 ) ) ;
#4034 =( NAMED_UNIT ( * ) SI_UNIT ( $, .STERADIAN. ) SOLID_ANGLE_UNIT ( ) );
#4035 = FILL_AREA_STYLE_COLOUR ( '', #5533 ) ;
#4036 = VECTOR ( 'NONE', #154, 1000.000000000000000 ) ;
#4037 = ADVANCED_FACE ( 'NONE', ( #1023 ), #5341, .F. ) ;
#4038 = VERTEX_POINT ( 'NONE', #6744 ) ;
#4039 = LINE ( 'NONE', #5289, #3395 ) ;
#4040 = FILL_AREA_STYLE_COLOUR ( '', #1047 ) ;
#4041 = ORIENTED_EDGE ( 'NONE', *, *, #2565, .T. ) ;
#4042 = STYLED_ITEM ( 'NONE', ( #245 ), #1538 ) ;
#4043 = DIRECTION ( 'NONE',  ( 8.850629979473497383E-17, -1.000000000000000000, 0.000000000000000000 ) ) ;
#4044 = ORIENTED_EDGE ( 'NONE', *, *, #3462, .T. ) ;
#4045 = FACE_OUTER_BOUND ( 'NONE', #2043, .T. ) ;
#4046 = ORIENTED_EDGE ( 'NONE', *, *, #6476, .F. ) ;
#4047 = CARTESIAN_POINT ( 'NONE',  ( 0.8500000000000015321, 2.708949121834177465, 1.250274496869775653 ) ) ;
#4048 = SURFACE_SIDE_STYLE ('',( #3988 ) ) ;
#4049 = CARTESIAN_POINT ( 'NONE',  ( -2.374537999305283531, -1.949996426143391970, 0.6149745706889152563 ) ) ;
#4050 = EDGE_CURVE ( 'NONE', #6599, #148, #4021, .T. ) ;
#4051 = VECTOR ( 'NONE', #2073, 1000.000000000000000 ) ;
#4052 = PRESENTATION_LAYER_ASSIGNMENT (  '', '', ( #2863 ) ) ;
#4053 = PRESENTATION_STYLE_ASSIGNMENT (( #3946 ) ) ;
#4054 = DIRECTION ( 'NONE',  ( -0.000000000000000000, 0.000000000000000000, -1.000000000000000000 ) ) ;
#4055 = LINE ( 'NONE', #7325, #7454 ) ;
#4056 = MECHANICAL_DESIGN_GEOMETRIC_PRESENTATION_REPRESENTATION (  '', ( #2092 ), #5182 ) ;
#4057 = VERTEX_POINT ( 'NONE', #3337 ) ;
#4058 = EDGE_CURVE ( 'NONE', #3394, #1792, #751, .T. ) ;
#4059 = DIRECTION ( 'NONE',  ( 1.000000000000000000, 0.000000000000000000, 0.000000000000000000 ) ) ;
#4060 = PRESENTATION_LAYER_ASSIGNMENT (  '', '', ( #509 ) ) ;
#4061 = DIRECTION ( 'NONE',  ( -1.000000000000000000, 5.747282141524667157E-15, 0.000000000000000000 ) ) ;
#4062 = ORIENTED_EDGE ( 'NONE', *, *, #6336, .F. ) ;
#4063 = ORIENTED_EDGE ( 'NONE', *, *, #6855, .F. ) ;
#4064 = DIRECTION ( 'NONE',  ( 0.000000000000000000, -0.06975647374412254076, 0.9975640502598245307 ) ) ;
#4065 = DIRECTION ( 'NONE',  ( 0.000000000000000000, 0.000000000000000000, -1.000000000000000000 ) ) ;
#4066 = ORIENTED_EDGE ( 'NONE', *, *, #1176, .T. ) ;
#4067 =( BOUNDED_CURVE ( )  B_SPLINE_CURVE ( 3, ( #2866, #3643, #4155, #101 ),
 .UNSPECIFIED., .F., .T. ) 
 B_SPLINE_CURVE_WITH_KNOTS ( ( 4, 4 ),
 ( 2.365879671860817268, 3.917305635318777401 ),
 .UNSPECIFIED. ) 
 CURVE ( )  GEOMETRIC_REPRESENTATION_ITEM ( )  RATIONAL_B_SPLINE_CURVE ( ( 1.000000000000000000, 0.8092813118237094372, 0.8092813118237094372, 1.000000000000000000 ) ) 
 REPRESENTATION_ITEM ( '' )  );
#4068 = MANIFOLD_SOLID_BREP ( 'Mirror1[2]', #4109 ) ;
#4069 = VECTOR ( 'NONE', #6495, 1000.000000000000000 ) ;
#4070 = CARTESIAN_POINT ( 'NONE',  ( -2.297327737236431577, -1.797327737236432466, 0.07619999999999998996 ) ) ;
#4071 = FILL_AREA_STYLE_COLOUR ( '', #6007 ) ;
#4072 = ORIENTED_EDGE ( 'NONE', *, *, #7186, .T. ) ;
#4073 = PRESENTATION_LAYER_ASSIGNMENT (  '', '', ( #6774 ) ) ;
#4074 = SURFACE_SIDE_STYLE ('',( #6846 ) ) ;
#4075 = AXIS2_PLACEMENT_3D ( 'NONE', #4462, #6196, #2752 ) ;
#4076 = MECHANICAL_DESIGN_GEOMETRIC_PRESENTATION_REPRESENTATION (  '', ( #4830 ), #4460 ) ;
#4077 = ADVANCED_FACE ( 'NONE', ( #4376 ), #5038, .F. ) ;
#4078 = CARTESIAN_POINT ( 'NONE',  ( 0.4200000000000015388, -2.708949121834177465, 1.250274496869775653 ) ) ;
#4079 = FACE_OUTER_BOUND ( 'NONE', #906, .T. ) ;
#4080 = SURFACE_STYLE_USAGE ( .BOTH. , #623 ) ;
#4081 = COLOUR_RGB ( '',0.7529411764705882248, 0.7529411764705882248, 0.7529411764705882248 ) ;
#4082 = CARTESIAN_POINT ( 'NONE',  ( 0.4200000000000015388, -2.199999999999999734, 0.9690459166400811064 ) ) ;
#4083 = VERTEX_POINT ( 'NONE', #5485 ) ;
#4084 = PRESENTATION_LAYER_ASSIGNMENT (  '', '', ( #3699 ) ) ;
#4085 = CARTESIAN_POINT ( 'NONE',  ( -2.449996426143392636, 1.874537999305284863, 0.8350254293110828119 ) ) ;
#4086 = CIRCLE ( 'NONE', #5764, 0.07619999999999979567 ) ;
#4087 = FACE_OUTER_BOUND ( 'NONE', #2591, .T. ) ;
#4088 = CARTESIAN_POINT ( 'NONE',  ( -2.374537999305284419, 1.949996426143391970, 0.8350254293110848103 ) ) ;
#4089 = FACE_OUTER_BOUND ( 'NONE', #3507, .T. ) ;
#4090 = ORIENTED_EDGE ( 'NONE', *, *, #1641, .F. ) ;
#4091 = FILL_AREA_STYLE ('',( #6898 ) ) ;
#4092 = CARTESIAN_POINT ( 'NONE',  ( -1.689999999999998392, 3.000000000000000000, 1.405000000000000027 ) ) ;
#4093 = CARTESIAN_POINT ( 'NONE',  ( -0.4199999999999984857, 2.200000000000000178, 0.9690459166400811064 ) ) ;
#4094 = SURFACE_STYLE_USAGE ( .BOTH. , #3579 ) ;
#4095 = EDGE_CURVE ( 'NONE', #6652, #3262, #5065, .T. ) ;
#4096 = ORIENTED_EDGE ( 'NONE', *, *, #2694, .T. ) ;
#4097 = STYLED_ITEM ( 'NONE', ( #5905 ), #1963 ) ;
#4098 = DIRECTION ( 'NONE',  ( -0.000000000000000000, -0.000000000000000000, 1.000000000000000000 ) ) ;
#4099 = VECTOR ( 'NONE', #3684, 1000.000000000000114 ) ;
#4100 = ADVANCED_FACE ( 'NONE', ( #1998 ), #6027, .F. ) ;
#4101 = PRESENTATION_STYLE_ASSIGNMENT (( #3665 ) ) ;
#4102 = ORIENTED_EDGE ( 'NONE', *, *, #381, .T. ) ;
#4103 = EDGE_CURVE ( 'NONE', #6934, #4057, #6765, .T. ) ;
#4104 = AXIS2_PLACEMENT_3D ( 'NONE', #3882, #4960, #7244 ) ;
#4105 =( GEOMETRIC_REPRESENTATION_CONTEXT ( 3 ) GLOBAL_UNCERTAINTY_ASSIGNED_CONTEXT ( ( #1996 ) ) GLOBAL_UNIT_ASSIGNED_CONTEXT ( ( #5043, #6748, #5117 ) ) REPRESENTATION_CONTEXT ( 'NONE', 'WORKASPACE' ) );
#4106 = ORIENTED_EDGE ( 'NONE', *, *, #61, .F. ) ;
#4107 = DIRECTION ( 'NONE',  ( 0.000000000000000000, 0.000000000000000000, -1.000000000000000000 ) ) ;
#4108 = PRESENTATION_STYLE_ASSIGNMENT (( #7106 ) ) ;
#4109 = CLOSED_SHELL ( 'NONE', ( #829, #4037, #2758, #2028, #6715, #5014, #5613, #6867, #2639, #2728, #4100, #5667, #565, #5471 ) ) ;
#4110 = UNCERTAINTY_MEASURE_WITH_UNIT (LENGTH_MEASURE( 1.000000000000000082E-05 ), #4348, 'distance_accuracy_value', 'NONE');
#4111 = FILL_AREA_STYLE ('',( #1118 ) ) ;
#4112 =( NAMED_UNIT ( * ) PLANE_ANGLE_UNIT ( ) SI_UNIT ( $, .RADIAN. ) );
#4113 =( GEOMETRIC_REPRESENTATION_CONTEXT ( 3 ) GLOBAL_UNCERTAINTY_ASSIGNED_CONTEXT ( ( #3171 ) ) GLOBAL_UNIT_ASSIGNED_CONTEXT ( ( #3541, #3515, #5940 ) ) REPRESENTATION_CONTEXT ( 'NONE', 'WORKASPACE' ) );
#4114 = CARTESIAN_POINT ( 'NONE',  ( 1.590748275412404479E-16, -1.797327737236432244, 0.07619999999999998996 ) ) ;
#4115 = LINE ( 'NONE', #2227, #6426 ) ;
#4116 = CARTESIAN_POINT ( 'NONE',  ( 2.450000000000001510, -1.873799999999999244, 0.8349999999999841993 ) ) ;
#4117 = ORIENTED_EDGE ( 'NONE', *, *, #7022, .T. ) ;
#4118 = PRESENTATION_LAYER_ASSIGNMENT (  '', '', ( #1490 ) ) ;
#4119 = CYLINDRICAL_SURFACE ( 'NONE', #6100, 0.1340459166400967961 ) ;
#4120 = AXIS2_PLACEMENT_3D ( 'NONE', #4515, #4061, #3990 ) ;
#4121 = ORIENTED_EDGE ( 'NONE', *, *, #4741, .F. ) ;
#4122 = PLANE ( 'NONE',  #265 ) ;
#4123 = ORIENTED_EDGE ( 'NONE', *, *, #5088, .T. ) ;
#4124 = DIRECTION ( 'NONE',  ( 1.000000000000000000, 0.000000000000000000, 0.000000000000000000 ) ) ;
#4125 = CARTESIAN_POINT ( 'NONE',  ( -1.449999999999999956, 0.7500000000000004441, 0.1000000000000000056 ) ) ;
#4126 = PRESENTATION_STYLE_ASSIGNMENT (( #2871 ) ) ;
#4127 = CARTESIAN_POINT ( 'NONE',  ( 1.690000000000001723, 1.949999999999999512, 0.6150000000000157563 ) ) ;
#4128 = DIRECTION ( 'NONE',  ( 0.000000000000000000, 0.000000000000000000, -1.000000000000000000 ) ) ;
#4129 = CARTESIAN_POINT ( 'NONE',  ( -0.4199999999999984857, -2.236792614887840092, 0.6150000000000157563 ) ) ;
#4130 = ORIENTED_EDGE ( 'NONE', *, *, #3495, .F. ) ;
#4131 = DIRECTION ( 'NONE',  ( 1.000000000000000000, 0.000000000000000000, 0.000000000000000000 ) ) ;
#4132 =( NAMED_UNIT ( * ) PLANE_ANGLE_UNIT ( ) SI_UNIT ( $, .RADIAN. ) );
#4133 = FILL_AREA_STYLE ('',( #604 ) ) ;
#4134 = LINE ( 'NONE', #5236, #2841 ) ;
#4135 = PLANE ( 'NONE',  #1612 ) ;
#4136 = DIRECTION ( 'NONE',  ( 0.1378445374916248689, -0.1378445374916252852, 0.9808148484639902520 ) ) ;
#4137 = PRESENTATION_STYLE_ASSIGNMENT (( #4341 ) ) ;
#4138 = SURFACE_STYLE_USAGE ( .BOTH. , #5140 ) ;
#4139 = EDGE_CURVE ( 'NONE', #1429, #2226, #2178, .T. ) ;
#4140 = PLANE ( 'NONE',  #2974 ) ;
#4141 = FILL_AREA_STYLE_COLOUR ( '', #4521 ) ;
#4142 = COLOUR_RGB ( '',0.7529411764705882248, 0.7529411764705882248, 0.7529411764705882248 ) ;
#4143 = CARTESIAN_POINT ( 'NONE',  ( 0.8500000000000015321, 2.999999999999999556, 1.405000000000000027 ) ) ;
#4144 = DIRECTION ( 'NONE',  ( 0.000000000000000000, 0.06975647374412254076, 0.9975640502598245307 ) ) ;
#4145 = FACE_OUTER_BOUND ( 'NONE', #4017, .T. ) ;
#4146 = FILL_AREA_STYLE ('',( #6988 ) ) ;
#4147 = DIRECTION ( 'NONE',  ( 0.000000000000000000, -0.9902680687415708061, -0.1391731009600619962 ) ) ;
#4148 = FILL_AREA_STYLE ('',( #4182 ) ) ;
#4149 = AXIS2_PLACEMENT_3D ( 'NONE', #846, #3129, #3700 ) ;
#4150 = PLANE ( 'NONE',  #7409 ) ;
#4151 = EDGE_CURVE ( 'NONE', #4471, #7458, #6957, .T. ) ;
#4152 = ORIENTED_EDGE ( 'NONE', *, *, #2123, .F. ) ;
#4153 = PRESENTATION_LAYER_ASSIGNMENT (  '', '', ( #1944 ) ) ;
#4154 = ORIENTED_EDGE ( 'NONE', *, *, #3121, .T. ) ;
#4155 = CARTESIAN_POINT ( 'NONE',  ( 2.418490299558757162, 1.949570726820019528, 0.8380544373874545538 ) ) ;
#4156 = UNCERTAINTY_MEASURE_WITH_UNIT (LENGTH_MEASURE( 1.000000000000000082E-05 ), #6335, 'distance_accuracy_value', 'NONE');
#4157 = ORIENTED_EDGE ( 'NONE', *, *, #6232, .T. ) ;
#4158 = VECTOR ( 'NONE', #3214, 1000.000000000000114 ) ;
#4159 =( NAMED_UNIT ( * ) SI_UNIT ( $, .STERADIAN. ) SOLID_ANGLE_UNIT ( ) );
#4160 = ORIENTED_EDGE ( 'NONE', *, *, #3608, .F. ) ;
#4161 = DIRECTION ( 'NONE',  ( 0.09889026361067757009, -0.7036407875340303653, -0.7036407875340231488 ) ) ;
#4162 = VERTEX_POINT ( 'NONE', #6596 ) ;
#4163 = CARTESIAN_POINT ( 'NONE',  ( 0.4200000000000015388, -2.199999999999999734, 0.8349999999999841993 ) ) ;
#4164 = PRESENTATION_LAYER_ASSIGNMENT (  '', '', ( #3783 ) ) ;
#4165 = PRESENTATION_LAYER_ASSIGNMENT (  '', '', ( #2826 ) ) ;
#4166 = CARTESIAN_POINT ( 'NONE',  ( -2.363567386658028902, 1.585075142077449817, 0.02231846327358472104 ) ) ;
#4167 = MECHANICAL_DESIGN_GEOMETRIC_PRESENTATION_REPRESENTATION (  '', ( #6871 ), #6822 ) ;
#4168 = EDGE_LOOP ( 'NONE', ( #94, #6326, #113 ) ) ;
#4169 = UNCERTAINTY_MEASURE_WITH_UNIT (LENGTH_MEASURE( 1.000000000000000082E-05 ), #1494, 'distance_accuracy_value', 'NONE');
#4170 = CARTESIAN_POINT ( 'NONE',  ( -0.8499999999999985345, -3.000000000000000000, 1.405000000000000027 ) ) ;
#4171 = VECTOR ( 'NONE', #768, 1000.000000000000000 ) ;
#4172 = EDGE_LOOP ( 'NONE', ( #337, #5710, #6026, #4519 ) ) ;
#4173 = FILL_AREA_STYLE_COLOUR ( '', #1635 ) ;
#4174 = CARTESIAN_POINT ( 'NONE',  ( -2.372786164074539794, 1.863567386658029124, 1.384404990293156557 ) ) ;
#4175 = DIRECTION ( 'NONE',  ( -1.000000000000000000, -1.149456428304933431E-14, -0.000000000000000000 ) ) ;
#4176 = CARTESIAN_POINT ( 'NONE',  ( -1.689999999999998392, 2.575229734309892216, 1.259625067334387394 ) ) ;
#4177 = CIRCLE ( 'NONE', #4120, 0.07620000000000000384 ) ;
#4178 = MECHANICAL_DESIGN_GEOMETRIC_PRESENTATION_REPRESENTATION (  '', ( #2597 ), #5680 ) ;
#4179 = VECTOR ( 'NONE', #237, 1000.000000000000000 ) ;
#4180 = DIRECTION ( 'NONE',  ( 0.000000000000000000, 0.000000000000000000, 1.000000000000000000 ) ) ;
#4181 = SURFACE_STYLE_FILL_AREA ( #4999 ) ;
#4182 = FILL_AREA_STYLE_COLOUR ( '', #103 ) ;
#4183 = ORIENTED_EDGE ( 'NONE', *, *, #4761, .F. ) ;
#4184 = CARTESIAN_POINT ( 'NONE',  ( 0.8500000000000015321, 1.949999999999999734, 0.6150000000000157563 ) ) ;
#4185 = SURFACE_STYLE_FILL_AREA ( #5525 ) ;
#4186 =( GEOMETRIC_REPRESENTATION_CONTEXT ( 3 ) GLOBAL_UNCERTAINTY_ASSIGNED_CONTEXT ( ( #2183 ) ) GLOBAL_UNIT_ASSIGNED_CONTEXT ( ( #4989, #2110, #6145 ) ) REPRESENTATION_CONTEXT ( 'NONE', 'WORKASPACE' ) );
#4187 = CARTESIAN_POINT ( 'NONE',  ( 0.8500000000000015321, 2.236792614887839648, 0.9295906676744072339 ) ) ;
#4188 = ORIENTED_EDGE ( 'NONE', *, *, #7053, .T. ) ;
#4189 = SURFACE_SIDE_STYLE ('',( #3862 ) ) ;
#4190 = FACE_OUTER_BOUND ( 'NONE', #5036, .T. ) ;
#4191 = DIRECTION ( 'NONE',  ( 0.000000000000000000, 1.000000000000000000, 0.000000000000000000 ) ) ;
#4192 = PLANE ( 'NONE',  #7032 ) ;
#4193 = CARTESIAN_POINT ( 'NONE',  ( -2.119999999999998774, -3.000000000000000000, 1.625000000000000000 ) ) ;
#4194 = ORIENTED_EDGE ( 'NONE', *, *, #6654, .F. ) ;
#4195 =( NAMED_UNIT ( * ) SI_UNIT ( $, .STERADIAN. ) SOLID_ANGLE_UNIT ( ) );
#4196 = EDGE_CURVE ( 'NONE', #6858, #664, #5242, .T. ) ;
#4197 = SURFACE_STYLE_FILL_AREA ( #4889 ) ;
#4198 =( GEOMETRIC_REPRESENTATION_CONTEXT ( 3 ) GLOBAL_UNCERTAINTY_ASSIGNED_CONTEXT ( ( #954 ) ) GLOBAL_UNIT_ASSIGNED_CONTEXT ( ( #5991, #2536, #5338 ) ) REPRESENTATION_CONTEXT ( 'NONE', 'WORKASPACE' ) );
#4199 = EDGE_LOOP ( 'NONE', ( #4973, #3215, #81, #6259 ) ) ;
#4200 = VECTOR ( 'NONE', #6818, 1000.000000000000000 ) ;
#4201 = CARTESIAN_POINT ( 'NONE',  ( -0.8499999999999985345, 1.949999999999999734, 0.8349999999999841993 ) ) ;
#4202 = DIRECTION ( 'NONE',  ( -1.000000000000000000, -2.224004456380523875E-16, 0.000000000000000000 ) ) ;
#4203 = VERTEX_POINT ( 'NONE', #297 ) ;
#4204 = AXIS2_PLACEMENT_3D ( 'NONE', #2367, #4664, #2883 ) ;
#4205 = AXIS2_PLACEMENT_3D ( 'NONE', #691, #2965, #2993 ) ;
#4206 = ORIENTED_EDGE ( 'NONE', *, *, #1711, .F. ) ;
#4207 = UNCERTAINTY_MEASURE_WITH_UNIT (LENGTH_MEASURE( 1.000000000000000082E-05 ), #5369, 'distance_accuracy_value', 'NONE');
#4208 = EDGE_CURVE ( 'NONE', #6073, #5781, #5508, .T. ) ;
#4209 = UNCERTAINTY_MEASURE_WITH_UNIT (LENGTH_MEASURE( 1.000000000000000082E-05 ), #2084, 'distance_accuracy_value', 'NONE');
#4210 = PRESENTATION_LAYER_ASSIGNMENT (  '', '', ( #3425 ) ) ;
#4211 =( NAMED_UNIT ( * ) PLANE_ANGLE_UNIT ( ) SI_UNIT ( $, .RADIAN. ) );
#4212 =( LENGTH_UNIT ( ) NAMED_UNIT ( * ) SI_UNIT ( .MILLI., .METRE. ) );
#4213 = ORIENTED_EDGE ( 'NONE', *, *, #4955, .F. ) ;
#4214 = COLOUR_RGB ( '',0.7529411764705882248, 0.7529411764705882248, 0.7529411764705882248 ) ;
#4215 = CARTESIAN_POINT ( 'NONE',  ( -0.8499999999999985345, -2.699598551369565502, 1.383993884394061347 ) ) ;
#4216 = SURFACE_STYLE_USAGE ( .BOTH. , #3627 ) ;
#4217 =( NAMED_UNIT ( * ) PLANE_ANGLE_UNIT ( ) SI_UNIT ( $, .RADIAN. ) );
#4218 = AXIS2_PLACEMENT_3D ( 'NONE', #199, #7052, #4777 ) ;
#4219 =( NAMED_UNIT ( * ) PLANE_ANGLE_UNIT ( ) SI_UNIT ( $, .RADIAN. ) );
#4220 = FACE_OUTER_BOUND ( 'NONE', #2959, .T. ) ;
#4221 = MECHANICAL_DESIGN_GEOMETRIC_PRESENTATION_REPRESENTATION (  '', ( #3279 ), #3528 ) ;
#4222 = ORIENTED_EDGE ( 'NONE', *, *, #6351, .T. ) ;
#4223 = CARTESIAN_POINT ( 'NONE',  ( 2.120000000000001439, 2.699598551369565058, 1.383993884394061347 ) ) ;
#4224 = PRESENTATION_STYLE_ASSIGNMENT (( #3319 ) ) ;
#4225 = ORIENTED_EDGE ( 'NONE', *, *, #4761, .T. ) ;
#4226 = CARTESIAN_POINT ( 'NONE',  ( -1.689999999999998392, -3.000000000000000000, 1.625000000000000000 ) ) ;
#4227 = CARTESIAN_POINT ( 'NONE',  ( 0.000000000000000000, 1.531193605351035103, 0.07619999999999998996 ) ) ;
#4228 = SURFACE_SIDE_STYLE ('',( #5590 ) ) ;
#4229 = DIRECTION ( 'NONE',  ( 0.1378445374916255628, 0.1378445374916252297, -0.9808148484639900300 ) ) ;
#4230 = VECTOR ( 'NONE', #3424, 1000.000000000000000 ) ;
#4231 = CLOSED_SHELL ( 'NONE', ( #2683, #4479, #4424, #3331, #5546, #7477, #1065, #3455, #1538, #1740, #5698, #6828, #6746, #5024 ) ) ;
#4232 = CARTESIAN_POINT ( 'NONE',  ( -2.119999999999998774, -1.949999999999999956, 0.6150000000000157563 ) ) ;
#4233 = EDGE_CURVE ( 'NONE', #2402, #4646, #2727, .T. ) ;
#4234 = FACE_OUTER_BOUND ( 'NONE', #3422, .T. ) ;
#4235 = SURFACE_STYLE_USAGE ( .BOTH. , #5337 ) ;
#4236 = CARTESIAN_POINT ( 'NONE',  ( 2.297327737236433798, 1.797327737236432910, 1.373799999999999910 ) ) ;
#4237 = DIRECTION ( 'NONE',  ( 1.000000000000000000, 0.000000000000000000, 0.000000000000000000 ) ) ;
#4238 = FACE_OUTER_BOUND ( 'NONE', #3332, .T. ) ;
#4239 = CARTESIAN_POINT ( 'NONE',  ( 2.120000000000001439, -2.708949121834177465, 1.250274496869775653 ) ) ;
#4240 = CARTESIAN_POINT ( 'NONE',  ( 1.690000000000001723, 2.999999999999999556, 1.625000000000000000 ) ) ;
#4241 = EDGE_CURVE ( 'NONE', #5868, #2107, #331, .T. ) ;
#4242 = ORIENTED_EDGE ( 'NONE', *, *, #1370, .T. ) ;
#4243 = DIRECTION ( 'NONE',  ( -1.000000000000000000, 5.747282141524667157E-15, -0.000000000000000000 ) ) ;
#4244 =( NAMED_UNIT ( * ) SI_UNIT ( $, .STERADIAN. ) SOLID_ANGLE_UNIT ( ) );
#4245 = VERTEX_POINT ( 'NONE', #2619 ) ;
#4246 = ORIENTED_EDGE ( 'NONE', *, *, #4405, .T. ) ;
#4247 = FILL_AREA_STYLE ('',( #3078 ) ) ;
#4248 = UNCERTAINTY_MEASURE_WITH_UNIT (LENGTH_MEASURE( 1.000000000000000082E-05 ), #1834, 'distance_accuracy_value', 'NONE');
#4249 =( NAMED_UNIT ( * ) SI_UNIT ( $, .STERADIAN. ) SOLID_ANGLE_UNIT ( ) );
#4250 = SURFACE_SIDE_STYLE ('',( #4454 ) ) ;
#4251 = MECHANICAL_DESIGN_GEOMETRIC_PRESENTATION_REPRESENTATION (  '', ( #2184 ), #2527 ) ;
#4252 = EDGE_CURVE ( 'NONE', #5260, #2107, #3751, .T. ) ;
#4253 = FACE_OUTER_BOUND ( 'NONE', #7253, .T. ) ;
#4254 = STYLED_ITEM ( 'NONE', ( #3938 ), #3776 ) ;
#4255 = SURFACE_STYLE_USAGE ( .BOTH. , #1902 ) ;
#4256 = SURFACE_STYLE_USAGE ( .BOTH. , #7044 ) ;
#4257 = PLANE ( 'NONE',  #3856 ) ;
#4258 = FACE_OUTER_BOUND ( 'NONE', #7375, .T. ) ;
#4259 = CARTESIAN_POINT ( 'NONE',  ( -0.8499999999999985345, 2.333719387524285871, 0.9596953461754694770 ) ) ;
#4260 = PRESENTATION_LAYER_ASSIGNMENT (  '', '', ( #3878 ) ) ;
#4261 = FILL_AREA_STYLE_COLOUR ( '', #3941 ) ;
#4262 = AXIS2_PLACEMENT_3D ( 'NONE', #6626, #5449, #944 ) ;
#4263 = SURFACE_STYLE_USAGE ( .BOTH. , #2511 ) ;
#4264 = FILL_AREA_STYLE ('',( #2412 ) ) ;
#4265 = FILL_AREA_STYLE ('',( #4751 ) ) ;
#4266 = EDGE_LOOP ( 'NONE', ( #7072, #6333, #6884, #4331, #2552, #40, #207, #3213, #3509, #461, #7362, #156 ) ) ;
#4267 = COLOUR_RGB ( '',0.7529411764705882248, 0.7529411764705882248, 0.7529411764705882248 ) ;
#4268 = ORIENTED_EDGE ( 'NONE', *, *, #1599, .F. ) ;
#4269 = FILL_AREA_STYLE ('',( #166 ) ) ;
#4270 = AXIS2_PLACEMENT_3D ( 'NONE', #2783, #556, #1694 ) ;
#4271 = CARTESIAN_POINT ( 'NONE',  ( 1.690000000000001723, 2.550616955507047923, 0.9076459320246323959 ) ) ;
#4272 = EDGE_CURVE ( 'NONE', #4010, #4977, #4642, .T. ) ;
#4273 = SURFACE_SIDE_STYLE ('',( #4012 ) ) ;
#4274 = LINE ( 'NONE', #2944, #5586 ) ;
#4275 = CARTESIAN_POINT ( 'NONE',  ( -0.8499999999999985345, -2.699598551369565502, 1.383993884394061347 ) ) ;
#4276 = CARTESIAN_POINT ( 'NONE',  ( 0.4200000000000015388, 2.199999999999999734, 0.8349999999999843103 ) ) ;
#4277 = LINE ( 'NONE', #272, #4099 ) ;
#4278 = EDGE_CURVE ( 'NONE', #3982, #6120, #2630, .T. ) ;
#4279 = FILL_AREA_STYLE ('',( #6048 ) ) ;
#4280 = DIRECTION ( 'NONE',  ( 1.000000000000000000, 0.000000000000000000, 0.000000000000000000 ) ) ;
#4281 = DIRECTION ( 'NONE',  ( 0.000000000000000000, 1.000000000000000000, 0.000000000000000000 ) ) ;
#4282 = PLANE ( 'NONE',  #682 ) ;
#4283 = EDGE_LOOP ( 'NONE', ( #1019, #3240, #2010, #491 ) ) ;
#4284 = FILL_AREA_STYLE ('',( #4366 ) ) ;
#4285 = ORIENTED_EDGE ( 'NONE', *, *, #5949, .F. ) ;
#4286 =( LENGTH_UNIT ( ) NAMED_UNIT ( * ) SI_UNIT ( .MILLI., .METRE. ) );
#4287 = VECTOR ( 'NONE', #7211, 1000.000000000000000 ) ;
#4288 = EDGE_CURVE ( 'NONE', #1513, #7108, #16, .T. ) ;
#4289 =( GEOMETRIC_REPRESENTATION_CONTEXT ( 3 ) GLOBAL_UNCERTAINTY_ASSIGNED_CONTEXT ( ( #6790 ) ) GLOBAL_UNIT_ASSIGNED_CONTEXT ( ( #5460, #4386, #4869 ) ) REPRESENTATION_CONTEXT ( 'NONE', 'WORKASPACE' ) );
#4290 = PRESENTATION_LAYER_ASSIGNMENT (  '', '', ( #939 ) ) ;
#4291 = DIRECTION ( 'NONE',  ( 0.000000000000000000, 0.000000000000000000, -1.000000000000000000 ) ) ;
#4292 = ADVANCED_FACE ( 'NONE', ( #7134 ), #2787, .F. ) ;
#4293 =( NAMED_UNIT ( * ) SI_UNIT ( $, .STERADIAN. ) SOLID_ANGLE_UNIT ( ) );
#4294 = VERTEX_POINT ( 'NONE', #7392 ) ;
#4295 = SURFACE_STYLE_USAGE ( .BOTH. , #5954 ) ;
#4296 = CARTESIAN_POINT ( 'NONE',  ( -2.297327737236432466, 1.797327737236432466, 1.449999999999999956 ) ) ;
#4297 = ORIENTED_EDGE ( 'NONE', *, *, #3339, .F. ) ;
#4298 = CARTESIAN_POINT ( 'NONE',  ( 0.8500000000000015321, 1.949999999999999734, 0.6150000000000157563 ) ) ;
#4299 = SURFACE_SIDE_STYLE ('',( #2612 ) ) ;
#4300 = MECHANICAL_DESIGN_GEOMETRIC_PRESENTATION_REPRESENTATION (  '', ( #4771 ), #4639 ) ;
#4301 = STYLED_ITEM ( 'NONE', ( #3357 ), #221 ) ;
#4302 = PRESENTATION_LAYER_ASSIGNMENT (  '', '', ( #2875 ) ) ;
#4303 = VECTOR ( 'NONE', #6722, 1000.000000000000000 ) ;
#4304 = PLANE ( 'NONE',  #5324 ) ;
#4305 = LINE ( 'NONE', #552, #2112 ) ;
#4306 =( NAMED_UNIT ( * ) SI_UNIT ( $, .STERADIAN. ) SOLID_ANGLE_UNIT ( ) );
#4307 = CARTESIAN_POINT ( 'NONE',  ( 0.4200000000000015388, 2.236792614887839648, 0.6150000000000157563 ) ) ;
#4308 = CARTESIAN_POINT ( 'NONE',  ( -2.119999999999998774, -2.200000000000000178, 0.8349999999999843103 ) ) ;
#4309 = ORIENTED_EDGE ( 'NONE', *, *, #624, .T. ) ;
#4310 = PRESENTATION_LAYER_ASSIGNMENT (  '', '', ( #5054 ) ) ;
#4311 = STYLED_ITEM ( 'NONE', ( #4705 ), #908 ) ;
#4312 = PRESENTATION_STYLE_ASSIGNMENT (( #7281 ) ) ;
#4313 =( NAMED_UNIT ( * ) SI_UNIT ( $, .STERADIAN. ) SOLID_ANGLE_UNIT ( ) );
#4314 = DIRECTION ( 'NONE',  ( 1.000000000000000000, 0.000000000000000000, 0.000000000000000000 ) ) ;
#4315 = VECTOR ( 'NONE', #2305, 1000.000000000000227 ) ;
#4316 = LINE ( 'NONE', #4690, #2762 ) ;
#4317 = DIRECTION ( 'NONE',  ( 0.000000000000000000, -1.000000000000000000, 0.000000000000000000 ) ) ;
#4318 = CARTESIAN_POINT ( 'NONE',  ( -2.119999999999998774, -3.000000000000000000, 1.625000000000000000 ) ) ;
#4319 =( LENGTH_UNIT ( ) NAMED_UNIT ( * ) SI_UNIT ( .MILLI., .METRE. ) );
#4320 = SURFACE_STYLE_USAGE ( .BOTH. , #5985 ) ;
#4321 = DIRECTION ( 'NONE',  ( 1.000000000000000000, 0.000000000000000000, 0.000000000000000000 ) ) ;
#4322 = SURFACE_STYLE_FILL_AREA ( #3996 ) ;
#4323 = CARTESIAN_POINT ( 'NONE',  ( -0.4199999999999984857, -3.000000000000000000, 1.405000000000000027 ) ) ;
#4324 = ORIENTED_EDGE ( 'NONE', *, *, #7096, .T. ) ;
#4325 = SURFACE_STYLE_USAGE ( .BOTH. , #2004 ) ;
#4326 = ORIENTED_EDGE ( 'NONE', *, *, #4931, .F. ) ;
#4327 = CARTESIAN_POINT ( 'NONE',  ( 2.297327737236434242, 0.000000000000000000, 0.000000000000000000 ) ) ;
#4328 = PRESENTATION_STYLE_ASSIGNMENT (( #965 ) ) ;
#4329 = ADVANCED_FACE ( 'NONE', ( #3832 ), #4592, .F. ) ;
#4330 = CARTESIAN_POINT ( 'NONE',  ( -0.8499999999999985345, -2.550616955507048367, 0.9076459320246326179 ) ) ;
#4331 = ORIENTED_EDGE ( 'NONE', *, *, #3414, .T. ) ;
#4332 = FILL_AREA_STYLE ('',( #270 ) ) ;
#4333 = LINE ( 'NONE', #5199, #2776 ) ;
#4334 = FILL_AREA_STYLE_COLOUR ( '', #4716 ) ;
#4335 = EDGE_CURVE ( 'NONE', #4471, #1466, #1185, .T. ) ;
#4336 = ORIENTED_EDGE ( 'NONE', *, *, #6441, .T. ) ;
#4337 = MECHANICAL_DESIGN_GEOMETRIC_PRESENTATION_REPRESENTATION (  '', ( #3953 ), #1509 ) ;
#4338 = ORIENTED_EDGE ( 'NONE', *, *, #800, .F. ) ;
#4339 = LINE ( 'NONE', #4589, #7101 ) ;
#4340 =( BOUNDED_CURVE ( )  B_SPLINE_CURVE ( 3, ( #2338, #636, #1198, #2365 ),
 .UNSPECIFIED., .F., .T. ) 
 B_SPLINE_CURVE_WITH_KNOTS ( ( 4, 4 ),
 ( 5.507472325450613937, 7.058898288908562968 ),
 .UNSPECIFIED. ) 
 CURVE ( )  GEOMETRIC_REPRESENTATION_ITEM ( )  RATIONAL_B_SPLINE_CURVE ( ( 1.000000000000000000, 0.8092813118237121017, 0.8092813118237121017, 1.000000000000000000 ) ) 
 REPRESENTATION_ITEM ( '' )  );
#4341 = SURFACE_STYLE_USAGE ( .BOTH. , #276 ) ;
#4342 = UNCERTAINTY_MEASURE_WITH_UNIT (LENGTH_MEASURE( 1.000000000000000082E-05 ), #5310, 'distance_accuracy_value', 'NONE');
#4343 = CIRCLE ( 'NONE', #7269, 0.1340459166400967961 ) ;
#4344 =( NAMED_UNIT ( * ) SI_UNIT ( $, .STERADIAN. ) SOLID_ANGLE_UNIT ( ) );
#4345 = ORIENTED_EDGE ( 'NONE', *, *, #2799, .F. ) ;
#4346 =( NAMED_UNIT ( * ) SI_UNIT ( $, .STERADIAN. ) SOLID_ANGLE_UNIT ( ) );
#4347 = DIRECTION ( 'NONE',  ( 0.000000000000000000, -1.000000000000000000, 0.000000000000000000 ) ) ;
#4348 =( LENGTH_UNIT ( ) NAMED_UNIT ( * ) SI_UNIT ( .MILLI., .METRE. ) );
#4349 = EDGE_CURVE ( 'NONE', #1839, #1378, #1621, .T. ) ;
#4350 = AXIS2_PLACEMENT_3D ( 'NONE', #6260, #5053, #621 ) ;
#4351 = ORIENTED_EDGE ( 'NONE', *, *, #6381, .F. ) ;
#4352 = DIRECTION ( 'NONE',  ( 0.000000000000000000, 0.000000000000000000, 1.000000000000000000 ) ) ;
#4353 = PRESENTATION_STYLE_ASSIGNMENT (( #2097 ) ) ;
#4354 = COLOUR_RGB ( '',0.2509803921568627416, 0.2509803921568627416, 0.2509803921568627416 ) ;
#4355 = ORIENTED_EDGE ( 'NONE', *, *, #6232, .F. ) ;
#4356 = DIRECTION ( 'NONE',  ( 0.000000000000000000, -0.9975640502598241977, 0.06975647374412607959 ) ) ;
#4357 = AXIS2_PLACEMENT_3D ( 'NONE', #630, #86, #1939 ) ;
#4358 = PRESENTATION_LAYER_ASSIGNMENT (  '', '', ( #7317 ) ) ;
#4359 = DIRECTION ( 'NONE',  ( -0.000000000000000000, 1.000000000000000000, -0.000000000000000000 ) ) ;
#4360 = AXIS2_PLACEMENT_3D ( 'NONE', #4942, #6049, #5510 ) ;
#4361 = VECTOR ( 'NONE', #7036, 1000.000000000000114 ) ;
#4362 = CARTESIAN_POINT ( 'NONE',  ( -2.374537999305284863, 1.949996426143391970, 0.6149745706889151453 ) ) ;
#4363 = CIRCLE ( 'NONE', #6548, 0.07620000000000000384 ) ;
#4364 =( LENGTH_UNIT ( ) NAMED_UNIT ( * ) SI_UNIT ( .MILLI., .METRE. ) );
#4365 = EDGE_LOOP ( 'NONE', ( #5950, #7069, #1866, #7179 ) ) ;
#4366 = FILL_AREA_STYLE_COLOUR ( '', #5431 ) ;
#4367 = EDGE_LOOP ( 'NONE', ( #3658, #3965, #5087, #882 ) ) ;
#4368 = SURFACE_SIDE_STYLE ('',( #5219 ) ) ;
#4369 = FILL_AREA_STYLE_COLOUR ( '', #7119 ) ;
#4370 = ADVANCED_FACE ( 'NONE', ( #6224 ), #3553, .T. ) ;
#4371 = CARTESIAN_POINT ( 'NONE',  ( -1.689999999999998392, -1.949999999999999956, 0.6150000000000157563 ) ) ;
#4372 = DIRECTION ( 'NONE',  ( 0.000000000000000000, -0.06975647374412130564, -0.9975640502598245307 ) ) ;
#4373 = ORIENTED_EDGE ( 'NONE', *, *, #5022, .T. ) ;
#4374 = EDGE_CURVE ( 'NONE', #1839, #5906, #3644, .T. ) ;
#4375 = CARTESIAN_POINT ( 'NONE',  ( 2.372786164074541571, -1.863567386658028679, 1.384404990293156557 ) ) ;
#4376 = FACE_OUTER_BOUND ( 'NONE', #5668, .T. ) ;
#4377 = CARTESIAN_POINT ( 'NONE',  ( -0.8499999999999985345, 2.358120395030566918, 1.308646010850337271 ) ) ;
#4378 = COLOUR_RGB ( '',0.7529411764705882248, 0.7529411764705882248, 0.7529411764705882248 ) ;
#4379 =( NAMED_UNIT ( * ) PLANE_ANGLE_UNIT ( ) SI_UNIT ( $, .RADIAN. ) );
#4380 = SURFACE_STYLE_FILL_AREA ( #3546 ) ;
#4381 = ORIENTED_EDGE ( 'NONE', *, *, #728, .F. ) ;
#4382 = COLOUR_RGB ( '',0.7529411764705882248, 0.7529411764705882248, 0.7529411764705882248 ) ;
#4383 = CARTESIAN_POINT ( 'NONE',  ( 2.120000000000001439, -2.671944735649774749, 1.286701275200562655 ) ) ;
#4384 = ADVANCED_FACE ( 'NONE', ( #3743 ), #7217, .T. ) ;
#4385 = CARTESIAN_POINT ( 'NONE',  ( -0.8499999999999985345, 2.708949121834177909, 1.250274496869775653 ) ) ;
#4386 =( NAMED_UNIT ( * ) PLANE_ANGLE_UNIT ( ) SI_UNIT ( $, .RADIAN. ) );
#4387 = EDGE_CURVE ( 'NONE', #6960, #5160, #1455, .T. ) ;
#4388 = LINE ( 'NONE', #3417, #5254 ) ;
#4389 = AXIS2_PLACEMENT_3D ( 'NONE', #2350, #4054, #6918 ) ;
#4390 = UNCERTAINTY_MEASURE_WITH_UNIT (LENGTH_MEASURE( 1.000000000000000082E-05 ), #3169, 'distance_accuracy_value', 'NONE');
#4391 = SURFACE_STYLE_FILL_AREA ( #6480 ) ;
#4392 = FILL_AREA_STYLE ('',( #831 ) ) ;
#4393 = VERTEX_POINT ( 'NONE', #1853 ) ;
#4394 = COLOUR_RGB ( '',0.7529411764705882248, 0.7529411764705882248, 0.7529411764705882248 ) ;
#4395 = CYLINDRICAL_SURFACE ( 'NONE', #5090, 0.07620000000000000384 ) ;
#4396 = CARTESIAN_POINT ( 'NONE',  ( 2.329591319968688179, 1.754132893130579518, 1.691752276207061811 ) ) ;
#4397 = FACE_OUTER_BOUND ( 'NONE', #3937, .T. ) ;
#4398 = DIRECTION ( 'NONE',  ( 0.000000000000000000, 0.000000000000000000, 1.000000000000000000 ) ) ;
#4399 = ORIENTED_EDGE ( 'NONE', *, *, #3910, .T. ) ;
#4400 = DIRECTION ( 'NONE',  ( 0.1378445374916256461, -0.1378445374916252297, 0.9808148484639900300 ) ) ;
#4401 = CIRCLE ( 'NONE', #5424, 0.3145906676743915886 ) ;
#4402 = AXIS2_PLACEMENT_3D ( 'NONE', #3642, #1928, #3671 ) ;
#4403 = ORIENTED_EDGE ( 'NONE', *, *, #5223, .T. ) ;
#4404 = UNCERTAINTY_MEASURE_WITH_UNIT (LENGTH_MEASURE( 1.000000000000000082E-05 ), #6169, 'distance_accuracy_value', 'NONE');
#4405 = EDGE_CURVE ( 'NONE', #5827, #5323, #819, .T. ) ;
#4406 = LINE ( 'NONE', #6547, #137 ) ;
#4407 = AXIS2_PLACEMENT_3D ( 'NONE', #896, #307, #6155 ) ;
#4408 = FILL_AREA_STYLE ('',( #7231 ) ) ;
#4409 = CARTESIAN_POINT ( 'NONE',  ( 1.690000000000001723, 2.358120395030566474, 1.308646010850337271 ) ) ;
#4410 = CARTESIAN_POINT ( 'NONE',  ( 0.4200000000000015388, -2.236792614887839648, 0.9295906676744072339 ) ) ;
#4411 = CARTESIAN_POINT ( 'NONE',  ( 2.374537999305286196, 1.949996426143392636, 0.6149745706889153674 ) ) ;
#4412 = CARTESIAN_POINT ( 'NONE',  ( 0.4200000000000015388, 2.699598551369565058, 1.383993884394061347 ) ) ;
#4413 = VERTEX_POINT ( 'NONE', #640 ) ;
#4414 = CYLINDRICAL_SURFACE ( 'NONE', #693, 0.07619999999999996221 ) ;
#4415 = FACE_OUTER_BOUND ( 'NONE', #1675, .T. ) ;
#4416 = AXIS2_PLACEMENT_3D ( 'NONE', #2215, #2802, #6897 ) ;
#4417 = DIRECTION ( 'NONE',  ( 0.000000000000000000, 0.000000000000000000, 1.000000000000000000 ) ) ;
#4418 = STYLED_ITEM ( 'NONE', ( #4452 ), #7208 ) ;
#4419 = PRESENTATION_LAYER_ASSIGNMENT (  '', '', ( #1058 ) ) ;
#4420 = VERTEX_POINT ( 'NONE', #1280 ) ;
#4421 = VECTOR ( 'NONE', #6813, 1000.000000000000114 ) ;
#4422 = ORIENTED_EDGE ( 'NONE', *, *, #3844, .F. ) ;
#4423 = DIRECTION ( 'NONE',  ( 0.000000000000000000, 1.000000000000000000, 0.000000000000000000 ) ) ;
#4424 = ADVANCED_FACE ( 'NONE', ( #187 ), #4122, .F. ) ;
#4425 = COLOUR_RGB ( '',0.7529411764705882248, 0.7529411764705882248, 0.7529411764705882248 ) ;
#4426 = FILL_AREA_STYLE_COLOUR ( '', #830 ) ;
#4427 = SURFACE_STYLE_FILL_AREA ( #7272 ) ;
#4428 = DIRECTION ( 'NONE',  ( 0.000000000000000000, 1.000000000000000000, 0.000000000000000000 ) ) ;
#4429 =( LENGTH_UNIT ( ) NAMED_UNIT ( * ) SI_UNIT ( .MILLI., .METRE. ) );
#4430 =( NAMED_UNIT ( * ) PLANE_ANGLE_UNIT ( ) SI_UNIT ( $, .RADIAN. ) );
#4431 = ORIENTED_EDGE ( 'NONE', *, *, #3082, .T. ) ;
#4432 = PRESENTATION_STYLE_ASSIGNMENT (( #2673 ) ) ;
#4433 = MECHANICAL_DESIGN_GEOMETRIC_PRESENTATION_REPRESENTATION (  '', ( #3600 ), #7385 ) ;
#4434 = ORIENTED_EDGE ( 'NONE', *, *, #2020, .F. ) ;
#4435 = PRESENTATION_STYLE_ASSIGNMENT (( #4216 ) ) ;
#4436 = ORIENTED_EDGE ( 'NONE', *, *, #4019, .T. ) ;
#4437 = ORIENTED_EDGE ( 'NONE', *, *, #1381, .T. ) ;
#4438 = DIRECTION ( 'NONE',  ( 0.000000000000000000, 0.000000000000000000, -1.000000000000000000 ) ) ;
#4439 = CARTESIAN_POINT ( 'NONE',  ( 2.297327737236434242, -1.797327737236432021, 0.000000000000000000 ) ) ;
#4440 = UNCERTAINTY_MEASURE_WITH_UNIT (LENGTH_MEASURE( 1.000000000000000082E-05 ), #218, 'distance_accuracy_value', 'NONE');
#4441 = EDGE_LOOP ( 'NONE', ( #6085, #4598, #4457, #6019 ) ) ;
#4442 = EDGE_CURVE ( 'NONE', #338, #6177, #6309, .T. ) ;
#4443 = PRESENTATION_LAYER_ASSIGNMENT (  '', '', ( #646 ) ) ;
#4444 = VECTOR ( 'NONE', #6752, 1000.000000000000000 ) ;
#4445 =( NAMED_UNIT ( * ) SI_UNIT ( $, .STERADIAN. ) SOLID_ANGLE_UNIT ( ) );
#4446 = ADVANCED_FACE ( 'NONE', ( #6943 ), #2370, .F. ) ;
#4447 = FILL_AREA_STYLE ('',( #3266 ) ) ;
#4448 = SURFACE_SIDE_STYLE ('',( #1574 ) ) ;
#4449 = CARTESIAN_POINT ( 'NONE',  ( -0.8499999999999985345, 2.200000000000000178, 0.8349999999999841993 ) ) ;
#4450 = EDGE_CURVE ( 'NONE', #3398, #1961, #6493, .T. ) ;
#4451 = MECHANICAL_DESIGN_GEOMETRIC_PRESENTATION_REPRESENTATION (  '', ( #4916 ), #1059 ) ;
#4452 = PRESENTATION_STYLE_ASSIGNMENT (( #7085 ) ) ;
#4453 = CARTESIAN_POINT ( 'NONE',  ( -0.4199999999999984857, -2.200000000000000178, 0.8349999999999843103 ) ) ;
#4454 = SURFACE_STYLE_FILL_AREA ( #1405 ) ;
#4455 = DIRECTION ( 'NONE',  ( 0.000000000000000000, 0.9975640502598241977, 0.06975647374412607959 ) ) ;
#4456 =( GEOMETRIC_REPRESENTATION_CONTEXT ( 3 ) GLOBAL_UNCERTAINTY_ASSIGNED_CONTEXT ( ( #5593 ) ) GLOBAL_UNIT_ASSIGNED_CONTEXT ( ( #1818, #3041, #5837 ) ) REPRESENTATION_CONTEXT ( 'NONE', 'WORKASPACE' ) );
#4457 = ORIENTED_EDGE ( 'NONE', *, *, #2984, .T. ) ;
#4458 = MECHANICAL_DESIGN_GEOMETRIC_PRESENTATION_REPRESENTATION (  '', ( #1573 ), #5443 ) ;
#4459 = CARTESIAN_POINT ( 'NONE',  ( -2.297327737236431577, -1.797327737236432466, 1.373799999999999910 ) ) ;
#4460 =( GEOMETRIC_REPRESENTATION_CONTEXT ( 3 ) GLOBAL_UNCERTAINTY_ASSIGNED_CONTEXT ( ( #575 ) ) GLOBAL_UNIT_ASSIGNED_CONTEXT ( ( #2347, #5704, #6912 ) ) REPRESENTATION_CONTEXT ( 'NONE', 'WORKASPACE' ) );
#4461 = VERTEX_POINT ( 'NONE', #4784 ) ;
#4462 = CARTESIAN_POINT ( 'NONE',  ( 0.4200000000000015388, 2.708949121834177465, 1.250274496869775653 ) ) ;
#4463 = CARTESIAN_POINT ( 'NONE',  ( -1.850000000000000089, 0.7500000000000004441, 0.05000000000000000278 ) ) ;
#4464 = PRESENTATION_STYLE_ASSIGNMENT (( #4600 ) ) ;
#4465 =( LENGTH_UNIT ( ) NAMED_UNIT ( * ) SI_UNIT ( .MILLI., .METRE. ) );
#4466 = DIRECTION ( 'NONE',  ( 0.000000000000000000, 0.9975640502598241977, 0.06975647374412607959 ) ) ;
#4467 =( NAMED_UNIT ( * ) PLANE_ANGLE_UNIT ( ) SI_UNIT ( $, .RADIAN. ) );
#4468 = VERTEX_POINT ( 'NONE', #5325 ) ;
#4469 = PRESENTATION_STYLE_ASSIGNMENT (( #3485 ) ) ;
#4470 = DIRECTION ( 'NONE',  ( -1.000000000000000000, -0.000000000000000000, 0.000000000000000000 ) ) ;
#4471 = VERTEX_POINT ( 'NONE', #7105 ) ;
#4472 = UNCERTAINTY_MEASURE_WITH_UNIT (LENGTH_MEASURE( 1.000000000000000082E-05 ), #5565, 'distance_accuracy_value', 'NONE');
#4473 = LINE ( 'NONE', #7017, #1389 ) ;
#4474 = ORIENTED_EDGE ( 'NONE', *, *, #4752, .F. ) ;
#4475 = COLOUR_RGB ( '',0.2509803921568627416, 0.2509803921568627416, 0.2509803921568627416 ) ;
#4476 = LINE ( 'NONE', #6283, #843 ) ;
#4477 = CARTESIAN_POINT ( 'NONE',  ( 2.418490299558757162, -1.949570726820018196, 0.6119455626125447356 ) ) ;
#4478 = EDGE_CURVE ( 'NONE', #165, #5385, #5413, .T. ) ;
#4479 = ADVANCED_FACE ( 'NONE', ( #4190 ), #2521, .F. ) ;
#4480 = AXIS2_PLACEMENT_3D ( 'NONE', #172, #1336, #1905 ) ;
#4481 = COLOUR_RGB ( '',0.7529411764705882248, 0.7529411764705882248, 0.7529411764705882248 ) ;
#4482 = SURFACE_STYLE_USAGE ( .BOTH. , #3360 ) ;
#4483 = ORIENTED_EDGE ( 'NONE', *, *, #1411, .F. ) ;
#4484 = VECTOR ( 'NONE', #1488, 1000.000000000000000 ) ;
#4485 = CARTESIAN_POINT ( 'NONE',  ( -0.8499999999999985345, 2.358120395030566918, 1.308646010850337271 ) ) ;
#4486 = STYLED_ITEM ( 'NONE', ( #1948 ), #5506 ) ;
#4487 = ADVANCED_FACE ( 'NONE', ( #5583 ), #4881, .T. ) ;
#4488 = ORIENTED_EDGE ( 'NONE', *, *, #2736, .T. ) ;
#4489 = EDGE_CURVE ( 'NONE', #148, #6368, #7447, .T. ) ;
#4490 =( GEOMETRIC_REPRESENTATION_CONTEXT ( 3 ) GLOBAL_UNCERTAINTY_ASSIGNED_CONTEXT ( ( #764 ) ) GLOBAL_UNIT_ASSIGNED_CONTEXT ( ( #1781, #3582, #2945 ) ) REPRESENTATION_CONTEXT ( 'NONE', 'WORKASPACE' ) );
#4491 = ORIENTED_EDGE ( 'NONE', *, *, #4804, .T. ) ;
#4492 = MECHANICAL_DESIGN_GEOMETRIC_PRESENTATION_REPRESENTATION (  '', ( #5227 ), #4629 ) ;
#4493 = CARTESIAN_POINT ( 'NONE',  ( -2.119999999999998774, -2.358120395030566918, 1.308646010850337271 ) ) ;
#4494 = CARTESIAN_POINT ( 'NONE',  ( 1.690000000000001723, -1.949999999999999512, 0.6150000000000157563 ) ) ;
#4495 = SURFACE_SIDE_STYLE ('',( #2735 ) ) ;
#4496 = COLOUR_RGB ( '',0.7529411764705882248, 0.7529411764705882248, 0.7529411764705882248 ) ;
#4497 = DIRECTION ( 'NONE',  ( 0.000000000000000000, -1.000000000000000000, 0.000000000000000000 ) ) ;
#4498 = VECTOR ( 'NONE', #2437, 1000.000000000000000 ) ;
#4499 = FILL_AREA_STYLE_COLOUR ( '', #3233 ) ;
#4500 = AXIS2_PLACEMENT_3D ( 'NONE', #7078, #1911, #2486 ) ;
#4501 =( LENGTH_UNIT ( ) NAMED_UNIT ( * ) SI_UNIT ( .MILLI., .METRE. ) );
#4502 =( GEOMETRIC_REPRESENTATION_CONTEXT ( 3 ) GLOBAL_UNCERTAINTY_ASSIGNED_CONTEXT ( ( #5421 ) ) GLOBAL_UNIT_ASSIGNED_CONTEXT ( ( #4465, #1582, #3318 ) ) REPRESENTATION_CONTEXT ( 'NONE', 'WORKASPACE' ) );
#4503 = LINE ( 'NONE', #5767, #1580 ) ;
#4504 =( GEOMETRIC_REPRESENTATION_CONTEXT ( 3 ) GLOBAL_UNCERTAINTY_ASSIGNED_CONTEXT ( ( #3125 ) ) GLOBAL_UNIT_ASSIGNED_CONTEXT ( ( #2169, #7306, #4541 ) ) REPRESENTATION_CONTEXT ( 'NONE', 'WORKASPACE' ) );
#4505 = CARTESIAN_POINT ( 'NONE',  ( -2.449996426143390860, -1.874537999305285307, 0.6149745706889138130 ) ) ;
#4506 = FILL_AREA_STYLE_COLOUR ( '', #5448 ) ;
#4507 = CARTESIAN_POINT ( 'NONE',  ( -0.8499999999999985345, -3.000000000000000000, 1.405000000000000027 ) ) ;
#4508 = ORIENTED_EDGE ( 'NONE', *, *, #4489, .F. ) ;
#4509 = SURFACE_SIDE_STYLE ('',( #1688 ) ) ;
#4510 = LINE ( 'NONE', #2976, #6908 ) ;
#4511 = ORIENTED_EDGE ( 'NONE', *, *, #834, .T. ) ;
#4512 = VERTEX_POINT ( 'NONE', #5399 ) ;
#4513 = FILL_AREA_STYLE ('',( #6146 ) ) ;
#4514 = VERTEX_POINT ( 'NONE', #4757 ) ;
#4515 = CARTESIAN_POINT ( 'NONE',  ( -2.297327737236432466, 1.797327737236432466, 1.373799999999999910 ) ) ;
#4516 = ORIENTED_EDGE ( 'NONE', *, *, #6709, .F. ) ;
#4517 = ADVANCED_FACE ( 'NONE', ( #539 ), #6484, .T. ) ;
#4518 = CARTESIAN_POINT ( 'NONE',  ( 2.120000000000001439, -1.949999999999999512, 0.6150000000000157563 ) ) ;
#4519 = ORIENTED_EDGE ( 'NONE', *, *, #7261, .T. ) ;
#4520 = CARTESIAN_POINT ( 'NONE',  ( 1.690000000000001723, -2.236792614887839648, 0.6150000000000157563 ) ) ;
#4521 = COLOUR_RGB ( '',0.2509803921568627416, 0.2509803921568627416, 0.2509803921568627416 ) ;
#4522 = DIRECTION ( 'NONE',  ( 1.000000000000000000, 0.000000000000000000, 0.000000000000000000 ) ) ;
#4523 = CARTESIAN_POINT ( 'NONE',  ( -2.374537999305284419, 1.949996426143391970, 0.8350254293110848103 ) ) ;
#4524 = EDGE_CURVE ( 'NONE', #6891, #1498, #5492, .T. ) ;
#4525 = EDGE_LOOP ( 'NONE', ( #3704, #4596, #7102, #5154 ) ) ;
#4526 =( NAMED_UNIT ( * ) SI_UNIT ( $, .STERADIAN. ) SOLID_ANGLE_UNIT ( ) );
#4527 = ADVANCED_FACE ( 'NONE', ( #3533 ), #280, .F. ) ;
#4528 = UNCERTAINTY_MEASURE_WITH_UNIT (LENGTH_MEASURE( 1.000000000000000082E-05 ), #1863, 'distance_accuracy_value', 'NONE');
#4529 = SURFACE_STYLE_FILL_AREA ( #5092 ) ;
#4530 = PRESENTATION_STYLE_ASSIGNMENT (( #85 ) ) ;
#4531 = FILL_AREA_STYLE ('',( #2768 ) ) ;
#4532 = CIRCLE ( 'NONE', #651, 0.07620000000000000384 ) ;
#4533 = VECTOR ( 'NONE', #1056, 1000.000000000000000 ) ;
#4534 = EDGE_CURVE ( 'NONE', #1545, #4294, #180, .T. ) ;
#4535 =( GEOMETRIC_REPRESENTATION_CONTEXT ( 3 ) GLOBAL_UNCERTAINTY_ASSIGNED_CONTEXT ( ( #6342 ) ) GLOBAL_UNIT_ASSIGNED_CONTEXT ( ( #1215, #6346, #29 ) ) REPRESENTATION_CONTEXT ( 'NONE', 'WORKASPACE' ) );
#4536 = ORIENTED_EDGE ( 'NONE', *, *, #6915, .F. ) ;
#4537 = STYLED_ITEM ( 'NONE', ( #1397 ), #2258 ) ;
#4538 = CARTESIAN_POINT ( 'NONE',  ( 0.4200000000000015388, 1.949999999999999734, 0.6150000000000157563 ) ) ;
#4539 = CARTESIAN_POINT ( 'NONE',  ( 0.4200000000000015388, 2.999999999999999556, 1.405000000000000027 ) ) ;
#4540 = VECTOR ( 'NONE', #5100, 1000.000000000000000 ) ;
#4541 =( NAMED_UNIT ( * ) SI_UNIT ( $, .STERADIAN. ) SOLID_ANGLE_UNIT ( ) );
#4542 = FILL_AREA_STYLE_COLOUR ( '', #4577 ) ;
#4543 = VERTEX_POINT ( 'NONE', #6057 ) ;
#4544 = DIRECTION ( 'NONE',  ( -2.224004456380521903E-16, 1.000000000000000000, 0.000000000000000000 ) ) ;
#4545 =( NAMED_UNIT ( * ) PLANE_ANGLE_UNIT ( ) SI_UNIT ( $, .RADIAN. ) );
#4546 =( GEOMETRIC_REPRESENTATION_CONTEXT ( 3 ) GLOBAL_UNCERTAINTY_ASSIGNED_CONTEXT ( ( #5183 ) ) GLOBAL_UNIT_ASSIGNED_CONTEXT ( ( #1323, #3602, #140 ) ) REPRESENTATION_CONTEXT ( 'NONE', 'WORKASPACE' ) );
#4547 = EDGE_CURVE ( 'NONE', #6517, #3629, #2243, .T. ) ;
#4548 = PRESENTATION_LAYER_ASSIGNMENT (  '', '', ( #7262 ) ) ;
#4549 = SURFACE_STYLE_FILL_AREA ( #4864 ) ;
#4550 = DIRECTION ( 'NONE',  ( 0.000000000000000000, 1.000000000000000000, 0.000000000000000000 ) ) ;
#4551 = ORIENTED_EDGE ( 'NONE', *, *, #4707, .T. ) ;
#4552 =( LENGTH_UNIT ( ) NAMED_UNIT ( * ) SI_UNIT ( .MILLI., .METRE. ) );
#4553 = DIRECTION ( 'NONE',  ( 0.000000000000000000, 0.000000000000000000, -1.000000000000000000 ) ) ;
#4554 = DIRECTION ( 'NONE',  ( 0.000000000000000000, 0.000000000000000000, -1.000000000000000000 ) ) ;
#4555 = ORIENTED_EDGE ( 'NONE', *, *, #2177, .F. ) ;
#4556 =( NAMED_UNIT ( * ) SI_UNIT ( $, .STERADIAN. ) SOLID_ANGLE_UNIT ( ) );
#4557 = EDGE_LOOP ( 'NONE', ( #6483, #3712, #2371, #4436 ) ) ;
#4558 = FILL_AREA_STYLE_COLOUR ( '', #5475 ) ;
#4559 = LINE ( 'NONE', #6356, #4018 ) ;
#4560 = FACE_OUTER_BOUND ( 'NONE', #1797, .T. ) ;
#4561 = CARTESIAN_POINT ( 'NONE',  ( -2.244632334872437518, -1.744632334872438628, 1.748747270489624306 ) ) ;
#4562 = ADVANCED_FACE ( 'NONE', ( #1447 ), #1980, .T. ) ;
#4563 = ORIENTED_EDGE ( 'NONE', *, *, #4196, .T. ) ;
#4564 = CARTESIAN_POINT ( 'NONE',  ( 2.297327737236434242, -1.797327737236432021, 1.449999999999999956 ) ) ;
#4565 = MECHANICAL_DESIGN_GEOMETRIC_PRESENTATION_REPRESENTATION (  '', ( #7056 ), #7442 ) ;
#4566 = DIRECTION ( 'NONE',  ( 1.000000000000000000, 0.000000000000000000, 0.000000000000000000 ) ) ;
#4567 = CARTESIAN_POINT ( 'NONE',  ( -2.449999999999999734, 1.949999999999999956, 0.8349999999999843103 ) ) ;
#4568 =( NAMED_UNIT ( * ) PLANE_ANGLE_UNIT ( ) SI_UNIT ( $, .RADIAN. ) );
#4569 = EDGE_LOOP ( 'NONE', ( #3792, #2467, #6888, #2345, #4488, #7345 ) ) ;
#4570 = UNCERTAINTY_MEASURE_WITH_UNIT (LENGTH_MEASURE( 1.000000000000000082E-05 ), #2424, 'distance_accuracy_value', 'NONE');
#4571 =( BOUNDED_CURVE ( )  B_SPLINE_CURVE ( 3, ( #2129, #3836, #1551, #2699 ),
 .UNSPECIFIED., .F., .F. ) 
 B_SPLINE_CURVE_WITH_KNOTS ( ( 4, 4 ),
 ( 2.365879671860808831, 3.917305635318766299 ),
 .UNSPECIFIED. ) 
 CURVE ( )  GEOMETRIC_REPRESENTATION_ITEM ( )  RATIONAL_B_SPLINE_CURVE ( ( 1.000000000000000000, 0.8092813118237099923, 0.8092813118237099923, 1.000000000000000000 ) ) 
 REPRESENTATION_ITEM ( '' )  );
#4572 = SURFACE_STYLE_FILL_AREA ( #7243 ) ;
#4573 = ORIENTED_EDGE ( 'NONE', *, *, #3082, .F. ) ;
#4574 = FACE_OUTER_BOUND ( 'NONE', #6734, .T. ) ;
#4575 = LINE ( 'NONE', #2333, #6262 ) ;
#4576 = DIRECTION ( 'NONE',  ( 0.000000000000000000, 1.000000000000000000, 0.000000000000000000 ) ) ;
#4577 = COLOUR_RGB ( '',0.7529411764705882248, 0.7529411764705882248, 0.7529411764705882248 ) ;
#4578 = FILL_AREA_STYLE_COLOUR ( '', #1919 ) ;
#4579 = EDGE_CURVE ( 'NONE', #420, #5056, #2164, .T. ) ;
#4580 = MECHANICAL_DESIGN_GEOMETRIC_PRESENTATION_REPRESENTATION (  '', ( #2577 ), #2975 ) ;
#4581 = PLANE ( 'NONE',  #2815 ) ;
#4582 = AXIS2_PLACEMENT_3D ( 'NONE', #1829, #6431, #12 ) ;
#4583 = COLOUR_RGB ( '',0.7529411764705882248, 0.7529411764705882248, 0.7529411764705882248 ) ;
#4584 = EDGE_CURVE ( 'NONE', #1874, #1429, #2309, .T. ) ;
#4585 = STYLED_ITEM ( 'NONE', ( #6514 ), #3916 ) ;
#4586 = DIRECTION ( 'NONE',  ( 0.1378445374916248689, 0.1378445374916252852, 0.9808148484639902520 ) ) ;
#4587 =( NAMED_UNIT ( * ) SI_UNIT ( $, .STERADIAN. ) SOLID_ANGLE_UNIT ( ) );
#4588 = ORIENTED_EDGE ( 'NONE', *, *, #644, .T. ) ;
#4589 = CARTESIAN_POINT ( 'NONE',  ( -0.8499999999999985345, 3.000000000000000000, 1.625000000000000000 ) ) ;
#4590 = ORIENTED_EDGE ( 'NONE', *, *, #4915, .T. ) ;
#4591 =( GEOMETRIC_REPRESENTATION_CONTEXT ( 3 ) GLOBAL_UNCERTAINTY_ASSIGNED_CONTEXT ( ( #5694 ) ) GLOBAL_UNIT_ASSIGNED_CONTEXT ( ( #3628, #3045, #737 ) ) REPRESENTATION_CONTEXT ( 'NONE', 'WORKASPACE' ) );
#4592 = PLANE ( 'NONE',  #6452 ) ;
#4593 = STYLED_ITEM ( 'NONE', ( #4435 ), #441 ) ;
#4594 =( GEOMETRIC_REPRESENTATION_CONTEXT ( 3 ) GLOBAL_UNCERTAINTY_ASSIGNED_CONTEXT ( ( #5287 ) ) GLOBAL_UNIT_ASSIGNED_CONTEXT ( ( #5941, #5438, #6595 ) ) REPRESENTATION_CONTEXT ( 'NONE', 'WORKASPACE' ) );
#4595 = ADVANCED_FACE ( 'NONE', ( #814 ), #428, .F. ) ;
#4596 = ORIENTED_EDGE ( 'NONE', *, *, #5376, .F. ) ;
#4597 = CARTESIAN_POINT ( 'NONE',  ( -1.449999999999999956, 0.7500000000000004441, 0.000000000000000000 ) ) ;
#4598 = ORIENTED_EDGE ( 'NONE', *, *, #2185, .F. ) ;
#4599 = VERTEX_POINT ( 'NONE', #6701 ) ;
#4600 = SURFACE_STYLE_USAGE ( .BOTH. , #49 ) ;
#4601 = EDGE_LOOP ( 'NONE', ( #6017, #6968, #571, #5272 ) ) ;
#4602 = DIRECTION ( 'NONE',  ( 2.873641070762342256E-15, -1.000000000000000000, 0.000000000000000000 ) ) ;
#4603 = MECHANICAL_DESIGN_GEOMETRIC_PRESENTATION_REPRESENTATION (  '', ( #327 ), #2115 ) ;
#4604 = ORIENTED_EDGE ( 'NONE', *, *, #5572, .F. ) ;
#4605 = DIRECTION ( 'NONE',  ( -0.1378445374916255628, -0.1378445374916252297, -0.9808148484639900300 ) ) ;
#4606 = CARTESIAN_POINT ( 'NONE',  ( -2.119999999999998774, -2.236792614887840092, 0.9295906676744072339 ) ) ;
#4607 = UNCERTAINTY_MEASURE_WITH_UNIT (LENGTH_MEASURE( 1.000000000000000082E-05 ), #7330, 'distance_accuracy_value', 'NONE');
#4608 = EDGE_CURVE ( 'NONE', #7275, #3567, #628, .T. ) ;
#4609 = COLOUR_RGB ( '',0.7921568627450980005, 0.8196078431372548767, 0.9333333333333333481 ) ;
#4610 = ORIENTED_EDGE ( 'NONE', *, *, #6902, .T. ) ;
#4611 = CARTESIAN_POINT ( 'NONE',  ( 2.120000000000001439, -2.199999999999999734, 0.8349999999999843103 ) ) ;
#4612 = FACE_OUTER_BOUND ( 'NONE', #3128, .T. ) ;
#4613 = DIRECTION ( 'NONE',  ( -1.000000000000000000, -0.000000000000000000, -0.000000000000000000 ) ) ;
#4614 = DIRECTION ( 'NONE',  ( 1.000000000000000000, 0.000000000000000000, 0.000000000000000000 ) ) ;
#4615 = LINE ( 'NONE', #7287, #7472 ) ;
#4616 = FACE_OUTER_BOUND ( 'NONE', #5262, .T. ) ;
#4617 = UNCERTAINTY_MEASURE_WITH_UNIT (LENGTH_MEASURE( 1.000000000000000082E-05 ), #3471, 'distance_accuracy_value', 'NONE');
#4618 = VERTEX_POINT ( 'NONE', #3167 ) ;
#4619 = EDGE_CURVE ( 'NONE', #1513, #5311, #6577, .T. ) ;
#4620 =( NAMED_UNIT ( * ) PLANE_ANGLE_UNIT ( ) SI_UNIT ( $, .RADIAN. ) );
#4621 = PRESENTATION_LAYER_ASSIGNMENT (  '', '', ( #4097 ) ) ;
#4622 = DIRECTION ( 'NONE',  ( 0.000000000000000000, 0.9975640502598241977, 0.06975647374412607959 ) ) ;
#4623 = PRESENTATION_STYLE_ASSIGNMENT (( #758 ) ) ;
#4624 = VECTOR ( 'NONE', #5304, 1000.000000000000000 ) ;
#4625 = VECTOR ( 'NONE', #4838, 1000.000000000000114 ) ;
#4626 = FACE_OUTER_BOUND ( 'NONE', #5353, .T. ) ;
#4627 = MECHANICAL_DESIGN_GEOMETRIC_PRESENTATION_REPRESENTATION (  '', ( #5336 ), #5225 ) ;
#4628 = FILL_AREA_STYLE_COLOUR ( '', #1151 ) ;
#4629 =( GEOMETRIC_REPRESENTATION_CONTEXT ( 3 ) GLOBAL_UNCERTAINTY_ASSIGNED_CONTEXT ( ( #427 ) ) GLOBAL_UNIT_ASSIGNED_CONTEXT ( ( #4319, #2579, #7062 ) ) REPRESENTATION_CONTEXT ( 'NONE', 'WORKASPACE' ) );
#4630 = ORIENTED_EDGE ( 'NONE', *, *, #3719, .T. ) ;
#4631 = FILL_AREA_STYLE ('',( #4035 ) ) ;
#4632 = ADVANCED_FACE ( 'NONE', ( #7386 ), #5846, .T. ) ;
#4633 = CARTESIAN_POINT ( 'NONE',  ( 2.120000000000001439, 2.708949121834177465, 1.250274496869775653 ) ) ;
#4634 = CARTESIAN_POINT ( 'NONE',  ( 0.8500000000000015321, -2.550616955507047923, 0.9076459320246323959 ) ) ;
#4635 = VECTOR ( 'NONE', #2014, 1000.000000000000000 ) ;
#4636 = DIRECTION ( 'NONE',  ( -0.1378445374916256461, 0.1378445374916252297, 0.9808148484639900300 ) ) ;
#4637 = MECHANICAL_DESIGN_GEOMETRIC_PRESENTATION_REPRESENTATION (  '', ( #3878 ), #130 ) ;
#4638 = CARTESIAN_POINT ( 'NONE',  ( 2.449998808705153852, -1.874292006267269883, 0.6149915234967239241 ) ) ;
#4639 =( GEOMETRIC_REPRESENTATION_CONTEXT ( 3 ) GLOBAL_UNCERTAINTY_ASSIGNED_CONTEXT ( ( #4653 ) ) GLOBAL_UNIT_ASSIGNED_CONTEXT ( ( #2663, #3273, #410 ) ) REPRESENTATION_CONTEXT ( 'NONE', 'WORKASPACE' ) );
#4640 = ORIENTED_EDGE ( 'NONE', *, *, #7065, .F. ) ;
#4641 = PRESENTATION_LAYER_ASSIGNMENT (  '', '', ( #5864 ) ) ;
#4642 = CIRCLE ( 'NONE', #1433, 0.1340459166400966851 ) ;
#4643 = MECHANICAL_DESIGN_GEOMETRIC_PRESENTATION_REPRESENTATION (  '', ( #6403 ), #3625 ) ;
#4644 = FILL_AREA_STYLE_COLOUR ( '', #6270 ) ;
#4645 = EDGE_LOOP ( 'NONE', ( #1994, #4188, #7153, #5017 ) ) ;
#4646 = VERTEX_POINT ( 'NONE', #3288 ) ;
#4647 =( LENGTH_UNIT ( ) NAMED_UNIT ( * ) SI_UNIT ( .MILLI., .METRE. ) );
#4648 = LINE ( 'NONE', #5557, #6070 ) ;
#4649 = ORIENTED_EDGE ( 'NONE', *, *, #5596, .T. ) ;
#4650 = CYLINDRICAL_SURFACE ( 'NONE', #1764, 0.07620000000000015650 ) ;
#4651 = DIRECTION ( 'NONE',  ( 1.000000000000000000, 2.845674993400281828E-15, 0.000000000000000000 ) ) ;
#4652 = CARTESIAN_POINT ( 'NONE',  ( 0.8500000000000015321, 2.358120395030566474, 1.308646010850337271 ) ) ;
#4653 = UNCERTAINTY_MEASURE_WITH_UNIT (LENGTH_MEASURE( 1.000000000000000082E-05 ), #2663, 'distance_accuracy_value', 'NONE');
#4654 = UNCERTAINTY_MEASURE_WITH_UNIT (LENGTH_MEASURE( 1.000000000000000082E-05 ), #6454, 'distance_accuracy_value', 'NONE');
#4655 = LINE ( 'NONE', #7223, #6531 ) ;
#4656 = DIRECTION ( 'NONE',  ( -1.000000000000000000, -0.000000000000000000, -0.000000000000000000 ) ) ;
#4657 = ORIENTED_EDGE ( 'NONE', *, *, #6807, .T. ) ;
#4658 = SURFACE_STYLE_USAGE ( .BOTH. , #5758 ) ;
#4659 = SURFACE_STYLE_FILL_AREA ( #3254 ) ;
#4660 = ADVANCED_FACE ( 'NONE', ( #3907 ), #2706, .F. ) ;
#4661 = EDGE_CURVE ( 'NONE', #913, #3341, #4177, .T. ) ;
#4662 = ORIENTED_EDGE ( 'NONE', *, *, #2574, .T. ) ;
#4663 = CARTESIAN_POINT ( 'NONE',  ( -2.374537999305283531, -1.949996426143391970, 0.8350254293110844772 ) ) ;
#4664 = DIRECTION ( 'NONE',  ( 0.000000000000000000, -0.06975647374412537183, -0.9975640502598243087 ) ) ;
#4665 = CARTESIAN_POINT ( 'NONE',  ( 1.690000000000001723, 2.671944735649774749, 1.286701275200562655 ) ) ;
#4666 = DIRECTION ( 'NONE',  ( -0.1378445374916248689, -0.1378445374916252852, 0.9808148484639902520 ) ) ;
#4667 = CARTESIAN_POINT ( 'NONE',  ( 0.8500000000000015321, 2.358120395030566474, 1.308646010850337271 ) ) ;
#4668 = VECTOR ( 'NONE', #852, 1000.000000000000000 ) ;
#4669 = AXIS2_PLACEMENT_3D ( 'NONE', #2430, #4237, #2026 ) ;
#4670 = AXIS2_PLACEMENT_3D ( 'NONE', #2297, #1649, #2809 ) ;
#4671 =( NAMED_UNIT ( * ) PLANE_ANGLE_UNIT ( ) SI_UNIT ( $, .RADIAN. ) );
#4672 = SURFACE_SIDE_STYLE ('',( #3139 ) ) ;
#4673 = LINE ( 'NONE', #6969, #6367 ) ;
#4674 = DIRECTION ( 'NONE',  ( -0.1378445374916255906, -0.1378445374916252297, -0.9808148484639900300 ) ) ;
#4675 =( GEOMETRIC_REPRESENTATION_CONTEXT ( 3 ) GLOBAL_UNCERTAINTY_ASSIGNED_CONTEXT ( ( #2044 ) ) GLOBAL_UNIT_ASSIGNED_CONTEXT ( ( #3344, #6747, #2142 ) ) REPRESENTATION_CONTEXT ( 'NONE', 'WORKASPACE' ) );
#4676 = ORIENTED_EDGE ( 'NONE', *, *, #2554, .F. ) ;
#4677 = MECHANICAL_DESIGN_GEOMETRIC_PRESENTATION_REPRESENTATION (  '', ( #4301 ), #6687 ) ;
#4678 = CARTESIAN_POINT ( 'NONE',  ( 2.373800000000001909, -1.949999999999999512, 0.8349999999999841993 ) ) ;
#4679 = PRESENTATION_LAYER_ASSIGNMENT (  '', '', ( #6871 ) ) ;
#4680 = FILL_AREA_STYLE_COLOUR ( '', #5034 ) ;
#4681 = ORIENTED_EDGE ( 'NONE', *, *, #4619, .F. ) ;
#4682 = DIRECTION ( 'NONE',  ( -1.000000000000000000, -8.850629979473504779E-17, 0.000000000000000000 ) ) ;
#4683 =( LENGTH_UNIT ( ) NAMED_UNIT ( * ) SI_UNIT ( .MILLI., .METRE. ) );
#4684 = EDGE_LOOP ( 'NONE', ( #3359, #6845, #2362, #2485, #2876, #5469 ) ) ;
#4685 = MECHANICAL_DESIGN_GEOMETRIC_PRESENTATION_REPRESENTATION (  '', ( #5054 ), #7121 ) ;
#4686 = ORIENTED_EDGE ( 'NONE', *, *, #3869, .T. ) ;
#4687 = FILL_AREA_STYLE_COLOUR ( '', #2078 ) ;
#4688 = PRESENTATION_LAYER_ASSIGNMENT (  '', '', ( #3141 ) ) ;
#4689 = AXIS2_PLACEMENT_3D ( 'NONE', #5363, #5415, #1914 ) ;
#4690 = CARTESIAN_POINT ( 'NONE',  ( -0.4199999999999984857, 1.949999999999999734, 0.6150000000000157563 ) ) ;
#4691 = FILL_AREA_STYLE ('',( #3024 ) ) ;
#4692 = PRESENTATION_STYLE_ASSIGNMENT (( #4658 ) ) ;
#4693 = UNCERTAINTY_MEASURE_WITH_UNIT (LENGTH_MEASURE( 1.000000000000000082E-05 ), #2603, 'distance_accuracy_value', 'NONE');
#4694 = SPHERICAL_SURFACE ( 'NONE', #4270, 0.07619999999999998996 ) ;
#4695 = DIRECTION ( 'NONE',  ( 0.000000000000000000, 0.000000000000000000, -1.000000000000000000 ) ) ;
#4696 = ORIENTED_EDGE ( 'NONE', *, *, #3597, .T. ) ;
#4697 = DIRECTION ( 'NONE',  ( 0.000000000000000000, 0.000000000000000000, -1.000000000000000000 ) ) ;
#4698 = FILL_AREA_STYLE_COLOUR ( '', #5398 ) ;
#4699 = ORIENTED_EDGE ( 'NONE', *, *, #1014, .F. ) ;
#4700 = CARTESIAN_POINT ( 'NONE',  ( -0.8499999999999985345, 1.949999999999999734, 0.6150000000000157563 ) ) ;
#4701 = SURFACE_STYLE_FILL_AREA ( #5520 ) ;
#4702 = DIRECTION ( 'NONE',  ( 0.1378445374916256183, -0.1378445374916252297, 0.9808148484639900300 ) ) ;
#4703 = SURFACE_STYLE_FILL_AREA ( #6457 ) ;
#4704 = CARTESIAN_POINT ( 'NONE',  ( -1.689999999999998392, -2.550616955507048367, 0.9076459320246323959 ) ) ;
#4705 = PRESENTATION_STYLE_ASSIGNMENT (( #3668 ) ) ;
#4706 = SURFACE_SIDE_STYLE ('',( #597 ) ) ;
#4707 = EDGE_CURVE ( 'NONE', #1385, #3065, #4086, .T. ) ;
#4708 = ORIENTED_EDGE ( 'NONE', *, *, #78, .F. ) ;
#4709 = SURFACE_STYLE_USAGE ( .BOTH. , #6961 ) ;
#4710 = VECTOR ( 'NONE', #1414, 1000.000000000000000 ) ;
#4711 = DIRECTION ( 'NONE',  ( 1.000000000000000000, 0.000000000000000000, 0.000000000000000000 ) ) ;
#4712 = FILL_AREA_STYLE_COLOUR ( '', #6245 ) ;
#4713 = LINE ( 'NONE', #5070, #2435 ) ;
#4714 = VECTOR ( 'NONE', #4898, 1000.000000000000000 ) ;
#4715 = FILL_AREA_STYLE_COLOUR ( '', #2811 ) ;
#4716 = COLOUR_RGB ( '',0.7529411764705882248, 0.7529411764705882248, 0.7529411764705882248 ) ;
#4717 = EDGE_CURVE ( 'NONE', #2581, #913, #1084, .T. ) ;
#4718 = STYLED_ITEM ( 'NONE', ( #6605 ), #4037 ) ;
#4719 =( NAMED_UNIT ( * ) PLANE_ANGLE_UNIT ( ) SI_UNIT ( $, .RADIAN. ) );
#4720 = PRESENTATION_STYLE_ASSIGNMENT (( #5589 ) ) ;
#4721 = CIRCLE ( 'NONE', #2530, 0.07620000000000000384 ) ;
#4722 = FILL_AREA_STYLE ('',( #4680 ) ) ;
#4723 = FILL_AREA_STYLE_COLOUR ( '', #175 ) ;
#4724 = CARTESIAN_POINT ( 'NONE',  ( -0.4199999999999984857, 2.649999999999999911, 1.600525615819771152 ) ) ;
#4725 = STYLED_ITEM ( 'NONE', ( #1935 ), #6080 ) ;
#4726 = CARTESIAN_POINT ( 'NONE',  ( -0.8499999999999985345, 3.000000000000000000, 1.405000000000000027 ) ) ;
#4727 = MECHANICAL_DESIGN_GEOMETRIC_PRESENTATION_REPRESENTATION (  '', ( #7317 ), #816 ) ;
#4728 = AXIS2_PLACEMENT_3D ( 'NONE', #4239, #862, #226 ) ;
#4729 = ORIENTED_EDGE ( 'NONE', *, *, #889, .T. ) ;
#4730 = FACE_OUTER_BOUND ( 'NONE', #2302, .T. ) ;
#4731 = CARTESIAN_POINT ( 'NONE',  ( -2.449999999999998845, -1.873799999999999688, 0.8349999999999843103 ) ) ;
#4732 =( NAMED_UNIT ( * ) SI_UNIT ( $, .STERADIAN. ) SOLID_ANGLE_UNIT ( ) );
#4733 = EDGE_LOOP ( 'NONE', ( #786, #7390, #6519, #3825 ) ) ;
#4734 = CARTESIAN_POINT ( 'NONE',  ( -0.8499999999999985345, -2.550616955507048367, 0.9076459320246323959 ) ) ;
#4735 = LINE ( 'NONE', #877, #2829 ) ;
#4736 = CARTESIAN_POINT ( 'NONE',  ( 2.120000000000001439, 2.575229734309891771, 1.259625067334387394 ) ) ;
#4737 = LINE ( 'NONE', #5964, #2564 ) ;
#4738 = PRESENTATION_LAYER_ASSIGNMENT (  '', '', ( #327 ) ) ;
#4739 = CARTESIAN_POINT ( 'NONE',  ( -2.119999999999998774, -2.333719387524285871, 0.9596953461754694770 ) ) ;
#4740 = VECTOR ( 'NONE', #1224, 1000.000000000000000 ) ;
#4741 = EDGE_CURVE ( 'NONE', #2003, #1372, #2885, .T. ) ;
#4742 = DIRECTION ( 'NONE',  ( 0.000000000000000000, 1.000000000000000000, 0.000000000000000000 ) ) ;
#4743 = ORIENTED_EDGE ( 'NONE', *, *, #2950, .F. ) ;
#4744 =( BOUNDED_CURVE ( )  B_SPLINE_CURVE ( 3, ( #934, #883, #2617, #4964 ),
 .UNSPECIFIED., .F., .T. ) 
 B_SPLINE_CURVE_WITH_KNOTS ( ( 4, 4 ),
 ( 3.131907471921322461, 3.141592653589793116 ),
 .UNSPECIFIED. ) 
 CURVE ( )  GEOMETRIC_REPRESENTATION_ITEM ( )  RATIONAL_B_SPLINE_CURVE ( ( 1.000000000000000000, 0.9999921831199466427, 0.9999921831199466427, 1.000000000000000000 ) ) 
 REPRESENTATION_ITEM ( '' )  );
#4745 = FACE_OUTER_BOUND ( 'NONE', #1406, .T. ) ;
#4746 =( LENGTH_UNIT ( ) NAMED_UNIT ( * ) SI_UNIT ( .MILLI., .METRE. ) );
#4747 = VECTOR ( 'NONE', #5205, 999.9999999999998863 ) ;
#4748 = SURFACE_STYLE_USAGE ( .BOTH. , #4189 ) ;
#4749 = ORIENTED_EDGE ( 'NONE', *, *, #4241, .T. ) ;
#4750 =( LENGTH_UNIT ( ) NAMED_UNIT ( * ) SI_UNIT ( .MILLI., .METRE. ) );
#4751 = FILL_AREA_STYLE_COLOUR ( '', #1660 ) ;
#4752 = EDGE_CURVE ( 'NONE', #7285, #5600, #2608, .T. ) ;
#4753 =( GEOMETRIC_REPRESENTATION_CONTEXT ( 3 ) GLOBAL_UNCERTAINTY_ASSIGNED_CONTEXT ( ( #5643 ) ) GLOBAL_UNIT_ASSIGNED_CONTEXT ( ( #5830, #5179, #51 ) ) REPRESENTATION_CONTEXT ( 'NONE', 'WORKASPACE' ) );
#4754 = FACE_OUTER_BOUND ( 'NONE', #6513, .T. ) ;
#4755 = DIRECTION ( 'NONE',  ( 0.000000000000000000, -0.9975640502598244197, 0.06975647374412252688 ) ) ;
#4756 = ORIENTED_EDGE ( 'NONE', *, *, #4387, .F. ) ;
#4757 = CARTESIAN_POINT ( 'NONE',  ( -0.8499999999999985345, -1.949999999999999734, 0.6150000000000157563 ) ) ;
#4758 = DIRECTION ( 'NONE',  ( 1.000000000000000000, 0.000000000000000000, 0.000000000000000000 ) ) ;
#4759 =( LENGTH_UNIT ( ) NAMED_UNIT ( * ) SI_UNIT ( .MILLI., .METRE. ) );
#4760 = PRESENTATION_LAYER_ASSIGNMENT (  '', '', ( #2184 ) ) ;
#4761 = EDGE_CURVE ( 'NONE', #2960, #3444, #993, .T. ) ;
#4762 = PRESENTATION_LAYER_ASSIGNMENT (  '', '', ( #5283 ) ) ;
#4763 = AXIS2_PLACEMENT_3D ( 'NONE', #2238, #5164, #6324 ) ;
#4764 = ORIENTED_EDGE ( 'NONE', *, *, #6424, .F. ) ;
#4765 = FACE_OUTER_BOUND ( 'NONE', #3002, .T. ) ;
#4766 = PLANE ( 'NONE',  #2807 ) ;
#4767 = VERTEX_POINT ( 'NONE', #3399 ) ;
#4768 =( NAMED_UNIT ( * ) SI_UNIT ( $, .STERADIAN. ) SOLID_ANGLE_UNIT ( ) );
#4769 = ORIENTED_EDGE ( 'NONE', *, *, #763, .F. ) ;
#4770 = AXIS2_PLACEMENT_3D ( 'NONE', #402, #7256, #361 ) ;
#4771 = STYLED_ITEM ( 'NONE', ( #4353 ), #7405 ) ;
#4772 = AXIS2_PLACEMENT_3D ( 'NONE', #6534, #3124, #1377 ) ;
#4773 =( NAMED_UNIT ( * ) PLANE_ANGLE_UNIT ( ) SI_UNIT ( $, .RADIAN. ) );
#4774 = PRESENTATION_LAYER_ASSIGNMENT (  '', '', ( #5243 ) ) ;
#4775 = DIRECTION ( 'NONE',  ( 1.000000000000000000, 0.000000000000000000, 0.000000000000000000 ) ) ;
#4776 =( LENGTH_UNIT ( ) NAMED_UNIT ( * ) SI_UNIT ( .MILLI., .METRE. ) );
#4777 = DIRECTION ( 'NONE',  ( 0.000000000000000000, 0.000000000000000000, -1.000000000000000000 ) ) ;
#4778 = ORIENTED_EDGE ( 'NONE', *, *, #6046, .F. ) ;
#4779 = DIRECTION ( 'NONE',  ( 1.000000000000000000, -0.000000000000000000, -0.000000000000000000 ) ) ;
#4780 = CIRCLE ( 'NONE', #6162, 0.1340459166400966851 ) ;
#4781 = PRESENTATION_STYLE_ASSIGNMENT (( #3451 ) ) ;
#4782 = EDGE_LOOP ( 'NONE', ( #6462, #6191, #4926, #762 ) ) ;
#4783 = SURFACE_SIDE_STYLE ('',( #1679 ) ) ;
#4784 = CARTESIAN_POINT ( 'NONE',  ( -2.297327737236430689, -1.872786164074540238, 0.06559500970684327414 ) ) ;
#4785 = MECHANICAL_DESIGN_GEOMETRIC_PRESENTATION_REPRESENTATION (  '', ( #5009 ), #5152 ) ;
#4786 = UNCERTAINTY_MEASURE_WITH_UNIT (LENGTH_MEASURE( 1.000000000000000082E-05 ), #892, 'distance_accuracy_value', 'NONE');
#4787 =( NAMED_UNIT ( * ) SI_UNIT ( $, .STERADIAN. ) SOLID_ANGLE_UNIT ( ) );
#4788 = CARTESIAN_POINT ( 'NONE',  ( 1.690000000000001723, 1.949999999999999512, 0.6150000000000157563 ) ) ;
#4789 = ORIENTED_EDGE ( 'NONE', *, *, #4241, .F. ) ;
#4790 = CYLINDRICAL_SURFACE ( 'NONE', #1615, 0.3145906676743915886 ) ;
#4791 = STYLED_ITEM ( 'NONE', ( #4328 ), #1572 ) ;
#4792 =( LENGTH_UNIT ( ) NAMED_UNIT ( * ) SI_UNIT ( .MILLI., .METRE. ) );
#4793 = ORIENTED_EDGE ( 'NONE', *, *, #988, .F. ) ;
#4794 = SURFACE_SIDE_STYLE ('',( #1316 ) ) ;
#4795 = VECTOR ( 'NONE', #3526, 1000.000000000000000 ) ;
#4796 = CARTESIAN_POINT ( 'NONE',  ( -2.340846632081211354, 1.894728168807626512, 0.3319714900037581962 ) ) ;
#4797 = SURFACE_STYLE_USAGE ( .BOTH. , #3070 ) ;
#4798 = CARTESIAN_POINT ( 'NONE',  ( -2.449999999999998401, -1.874046004575876445, 0.6150000000000138689 ) ) ;
#4799 = SURFACE_SIDE_STYLE ('',( #317 ) ) ;
#4800 = CARTESIAN_POINT ( 'NONE',  ( 2.120000000000001439, 2.199999999999999734, 0.9690459166400811064 ) ) ;
#4801 = ORIENTED_EDGE ( 'NONE', *, *, #1357, .T. ) ;
#4802 = PRESENTATION_STYLE_ASSIGNMENT (( #4709 ) ) ;
#4803 = FILL_AREA_STYLE ('',( #718 ) ) ;
#4804 = EDGE_CURVE ( 'NONE', #3904, #7123, #1354, .T. ) ;
#4805 = VECTOR ( 'NONE', #696, 1000.000000000000000 ) ;
#4806 = AXIS2_PLACEMENT_3D ( 'NONE', #3000, #4666, #4147 ) ;
#4807 = VERTEX_POINT ( 'NONE', #5733 ) ;
#4808 = CARTESIAN_POINT ( 'NONE',  ( 2.374292006267272104, -1.949998808705150966, 0.6149915234967208155 ) ) ;
#4809 = FILL_AREA_STYLE ('',( #1922 ) ) ;
#4810 = CARTESIAN_POINT ( 'NONE',  ( 0.4200000000000015388, 2.550616955507047923, 0.9076459320246326179 ) ) ;
#4811 = CARTESIAN_POINT ( 'NONE',  ( 2.120000000000001439, 1.949999999999999512, 0.6150000000000157563 ) ) ;
#4812 = MECHANICAL_DESIGN_GEOMETRIC_PRESENTATION_REPRESENTATION (  '', ( #75 ), #2872 ) ;
#4813 = VECTOR ( 'NONE', #7041, 1000.000000000000227 ) ;
#4814 =( NAMED_UNIT ( * ) SI_UNIT ( $, .STERADIAN. ) SOLID_ANGLE_UNIT ( ) );
#4815 = ORIENTED_EDGE ( 'NONE', *, *, #953, .F. ) ;
#4816 = EDGE_CURVE ( 'NONE', #5523, #3567, #622, .T. ) ;
#4817 = CIRCLE ( 'NONE', #1600, 0.1340459166400966851 ) ;
#4818 = MECHANICAL_DESIGN_GEOMETRIC_PRESENTATION_REPRESENTATION (  '', ( #408 ), #3133 ) ;
#4819 = DIRECTION ( 'NONE',  ( 0.000000000000000000, 0.000000000000000000, -1.000000000000000000 ) ) ;
#4820 = PLANE ( 'NONE',  #5799 ) ;
#4821 = ORIENTED_EDGE ( 'NONE', *, *, #763, .T. ) ;
#4822 = DIRECTION ( 'NONE',  ( 1.000000000000000000, 8.850629979473502314E-17, 0.000000000000000000 ) ) ;
#4823 = ORIENTED_EDGE ( 'NONE', *, *, #1599, .T. ) ;
#4824 = FILL_AREA_STYLE ('',( #3137 ) ) ;
#4825 = CARTESIAN_POINT ( 'NONE',  ( -0.4199999999999984857, -2.671944735649775193, 1.286701275200562655 ) ) ;
#4826 = CARTESIAN_POINT ( 'NONE',  ( 1.690000000000001723, 2.199999999999999734, 0.9690459166400811064 ) ) ;
#4827 = PRESENTATION_LAYER_ASSIGNMENT (  '', '', ( #1969 ) ) ;
#4828 = PRESENTATION_STYLE_ASSIGNMENT (( #2460 ) ) ;
#4829 =( NAMED_UNIT ( * ) PLANE_ANGLE_UNIT ( ) SI_UNIT ( $, .RADIAN. ) );
#4830 = STYLED_ITEM ( 'NONE', ( #6645 ), #5172 ) ;
#4831 = VERTEX_POINT ( 'NONE', #4634 ) ;
#4832 = LINE ( 'NONE', #5269, #4303 ) ;
#4833 = VECTOR ( 'NONE', #3761, 1000.000000000000000 ) ;
#4834 = SURFACE_STYLE_FILL_AREA ( #5162 ) ;
#4835 = ORIENTED_EDGE ( 'NONE', *, *, #2950, .T. ) ;
#4836 = LINE ( 'NONE', #5109, #1937 ) ;
#4837 = ORIENTED_EDGE ( 'NONE', *, *, #440, .T. ) ;
#4838 = DIRECTION ( 'NONE',  ( 0.000000000000000000, -0.9975640502598241977, 0.06975647374412607959 ) ) ;
#4839 = DIRECTION ( 'NONE',  ( 1.000000000000000000, 0.000000000000000000, 0.000000000000000000 ) ) ;
#4840 = CARTESIAN_POINT ( 'NONE',  ( 2.120000000000001439, 2.333719387524285427, 0.9596953461754694770 ) ) ;
#4841 =( NAMED_UNIT ( * ) SI_UNIT ( $, .STERADIAN. ) SOLID_ANGLE_UNIT ( ) );
#4842 = SURFACE_STYLE_FILL_AREA ( #1434 ) ;
#4843 = CARTESIAN_POINT ( 'NONE',  ( -1.689999999999998392, 2.333719387524285871, 0.9596953461754694770 ) ) ;
#4844 = ADVANCED_FACE ( 'NONE', ( #2509 ), #607, .F. ) ;
#4845 = DIRECTION ( 'NONE',  ( 0.000000000000000000, 0.000000000000000000, 1.000000000000000000 ) ) ;
#4846 = CARTESIAN_POINT ( 'NONE',  ( -2.119999999999998774, -1.949999999999999956, 0.6150000000000157563 ) ) ;
#4847 = CARTESIAN_POINT ( 'NONE',  ( -2.119999999999998774, 2.699598551369565502, 1.383993884394061347 ) ) ;
#4848 = FILL_AREA_STYLE ('',( #1322 ) ) ;
#4849 = EDGE_CURVE ( 'NONE', #3995, #627, #7379, .T. ) ;
#4850 = PRESENTATION_LAYER_ASSIGNMENT (  '', '', ( #3713 ) ) ;
#4851 = ORIENTED_EDGE ( 'NONE', *, *, #787, .T. ) ;
#4852 = LINE ( 'NONE', #434, #3889 ) ;
#4853 = EDGE_LOOP ( 'NONE', ( #4729, #7192, #4014, #4041 ) ) ;
#4854 = VERTEX_POINT ( 'NONE', #4611 ) ;
#4855 =( LENGTH_UNIT ( ) NAMED_UNIT ( * ) SI_UNIT ( .MILLI., .METRE. ) );
#4856 = DIRECTION ( 'NONE',  ( 1.000000000000000000, 0.000000000000000000, 0.000000000000000000 ) ) ;
#4857 = CARTESIAN_POINT ( 'NONE',  ( 2.449996426143393968, -1.874537999305284419, 0.6149745706889168106 ) ) ;
#4858 = AXIS2_PLACEMENT_3D ( 'NONE', #3722, #215, #6013 ) ;
#4859 = VERTEX_POINT ( 'NONE', #3493 ) ;
#4860 = EDGE_CURVE ( 'NONE', #6727, #6891, #253, .T. ) ;
#4861 =( GEOMETRIC_REPRESENTATION_CONTEXT ( 3 ) GLOBAL_UNCERTAINTY_ASSIGNED_CONTEXT ( ( #1448 ) ) GLOBAL_UNIT_ASSIGNED_CONTEXT ( ( #3817, #4829, #1374 ) ) REPRESENTATION_CONTEXT ( 'NONE', 'WORKASPACE' ) );
#4862 = AXIS2_PLACEMENT_3D ( 'NONE', #2335, #6376, #2932 ) ;
#4863 = EDGE_LOOP ( 'NONE', ( #3970, #7225, #4121, #3325 ) ) ;
#4864 = FILL_AREA_STYLE ('',( #235 ) ) ;
#4865 = ORIENTED_EDGE ( 'NONE', *, *, #1116, .F. ) ;
#4866 = PRESENTATION_STYLE_ASSIGNMENT (( #3048 ) ) ;
#4867 = DIRECTION ( 'NONE',  ( 1.000000000000000000, 0.000000000000000000, 0.000000000000000000 ) ) ;
#4868 = FACE_OUTER_BOUND ( 'NONE', #6157, .T. ) ;
#4869 =( NAMED_UNIT ( * ) SI_UNIT ( $, .STERADIAN. ) SOLID_ANGLE_UNIT ( ) );
#4870 = ORIENTED_EDGE ( 'NONE', *, *, #6800, .F. ) ;
#4871 = MECHANICAL_DESIGN_GEOMETRIC_PRESENTATION_REPRESENTATION (  '', ( #3687 ), #3570 ) ;
#4872 = AXIS2_PLACEMENT_3D ( 'NONE', #5349, #745, #774 ) ;
#4873 = DIRECTION ( 'NONE',  ( 0.000000000000000000, 0.000000000000000000, -1.000000000000000000 ) ) ;
#4874 = DIRECTION ( 'NONE',  ( 1.000000000000000000, 0.000000000000000000, 0.000000000000000000 ) ) ;
#4875 = ORIENTED_EDGE ( 'NONE', *, *, #2694, .F. ) ;
#4876 = DIRECTION ( 'NONE',  ( -0.1378445374916255906, 0.1378445374916252297, -0.9808148484639900300 ) ) ;
#4877 = UNCERTAINTY_MEASURE_WITH_UNIT (LENGTH_MEASURE( 1.000000000000000082E-05 ), #5999, 'distance_accuracy_value', 'NONE');
#4878 = PRESENTATION_STYLE_ASSIGNMENT (( #4138 ) ) ;
#4879 = EDGE_LOOP ( 'NONE', ( #4947, #2406, #4676, #1097 ) ) ;
#4880 = STYLED_ITEM ( 'NONE', ( #2056 ), #1171 ) ;
#4881 = CYLINDRICAL_SURFACE ( 'NONE', #1912, 0.07619999999999998996 ) ;
#4882 = ADVANCED_FACE ( 'NONE', ( #4258 ), #6925, .T. ) ;
#4883 =( LENGTH_UNIT ( ) NAMED_UNIT ( * ) SI_UNIT ( .MILLI., .METRE. ) );
#4884 = EDGE_CURVE ( 'NONE', #2864, #420, #6386, .T. ) ;
#4885 =( NAMED_UNIT ( * ) PLANE_ANGLE_UNIT ( ) SI_UNIT ( $, .RADIAN. ) );
#4886 = DIRECTION ( 'NONE',  ( 0.9902680687415709171, 0.000000000000000000, 0.1391731009600616353 ) ) ;
#4887 = VECTOR ( 'NONE', #5374, 1000.000000000000000 ) ;
#4888 = SURFACE_STYLE_FILL_AREA ( #7255 ) ;
#4889 = FILL_AREA_STYLE ('',( #4715 ) ) ;
#4890 = CARTESIAN_POINT ( 'NONE',  ( 0.4200000000000015388, -2.550616955507047923, 0.9076459320246326179 ) ) ;
#4891 = CARTESIAN_POINT ( 'NONE',  ( 2.372786164074541571, 1.797327737236432910, 1.384404990293156557 ) ) ;
#4892 = VECTOR ( 'NONE', #6787, 1000.000000000000000 ) ;
#4893 = DIRECTION ( 'NONE',  ( 0.000000000000000000, -0.06975647374412254076, 0.9975640502598245307 ) ) ;
#4894 = EDGE_CURVE ( 'NONE', #7108, #6966, #6032, .T. ) ;
#4895 = VECTOR ( 'NONE', #3768, 1000.000000000000000 ) ;
#4896 = DIRECTION ( 'NONE',  ( 1.000000000000000000, 0.000000000000000000, 0.000000000000000000 ) ) ;
#4897 = CARTESIAN_POINT ( 'NONE',  ( 2.120000000000001439, 1.949999999999999512, 0.8349999999999841993 ) ) ;
#4898 = DIRECTION ( 'NONE',  ( 0.000000000000000000, 0.000000000000000000, 1.000000000000000000 ) ) ;
#4899 = COLOUR_RGB ( '',0.2509803921568627416, 0.2509803921568627416, 0.2509803921568627416 ) ;
#4900 = DIRECTION ( 'NONE',  ( 0.000000000000000000, 0.000000000000000000, -1.000000000000000000 ) ) ;
#4901 = ORIENTED_EDGE ( 'NONE', *, *, #2082, .F. ) ;
#4902 = CARTESIAN_POINT ( 'NONE',  ( -2.119999999999998774, 3.000000000000000000, 1.405000000000000027 ) ) ;
#4903 = VECTOR ( 'NONE', #4614, 1000.000000000000000 ) ;
#4904 = MECHANICAL_DESIGN_GEOMETRIC_PRESENTATION_REPRESENTATION (  '', ( #5657 ), #5898 ) ;
#4905 = EDGE_CURVE ( 'NONE', #732, #3850, #4343, .T. ) ;
#4906 = PRESENTATION_LAYER_ASSIGNMENT (  '', '', ( #1807 ) ) ;
#4907 = CARTESIAN_POINT ( 'NONE',  ( 2.340846632081213574, 1.840846632081212464, 0.3858530267301738537 ) ) ;
#4908 = VERTEX_POINT ( 'NONE', #2434 ) ;
#4909 = CARTESIAN_POINT ( 'NONE',  ( -2.119999999999998774, -2.550616955507048367, 0.9076459320246323959 ) ) ;
#4910 = VECTOR ( 'NONE', #3696, 1000.000000000000000 ) ;
#4911 = CARTESIAN_POINT ( 'NONE',  ( -0.4199999999999984857, -2.200000000000000178, 0.9690459166400811064 ) ) ;
#4912 = ORIENTED_EDGE ( 'NONE', *, *, #7350, .F. ) ;
#4913 =( GEOMETRIC_REPRESENTATION_CONTEXT ( 3 ) GLOBAL_UNCERTAINTY_ASSIGNED_CONTEXT ( ( #6482 ) ) GLOBAL_UNIT_ASSIGNED_CONTEXT ( ( #5736, #6274, #7434 ) ) REPRESENTATION_CONTEXT ( 'NONE', 'WORKASPACE' ) );
#4914 = PRESENTATION_LAYER_ASSIGNMENT (  '', '', ( #2734 ) ) ;
#4915 = EDGE_CURVE ( 'NONE', #6652, #788, #3901, .T. ) ;
#4916 = STYLED_ITEM ( 'NONE', ( #648 ), #4077 ) ;
#4917 = CARTESIAN_POINT ( 'NONE',  ( 2.450000000000001510, 1.873800000000000354, 0.8349999999999841993 ) ) ;
#4918 = COLOUR_RGB ( '',0.7529411764705882248, 0.7529411764705882248, 0.7529411764705882248 ) ;
#4919 = ORIENTED_EDGE ( 'NONE', *, *, #7111, .F. ) ;
#4920 =( LENGTH_UNIT ( ) NAMED_UNIT ( * ) SI_UNIT ( .MILLI., .METRE. ) );
#4921 = LINE ( 'NONE', #321, #2016 ) ;
#4922 = ADVANCED_FACE ( 'NONE', ( #4868 ), #83, .F. ) ;
#4923 = PRESENTATION_STYLE_ASSIGNMENT (( #2512 ) ) ;
#4924 = UNCERTAINTY_MEASURE_WITH_UNIT (LENGTH_MEASURE( 1.000000000000000082E-05 ), #6724, 'distance_accuracy_value', 'NONE');
#4925 = CARTESIAN_POINT ( 'NONE',  ( 1.690000000000001723, 2.236792614887839648, 0.6150000000000157563 ) ) ;
#4926 = ORIENTED_EDGE ( 'NONE', *, *, #3488, .F. ) ;
#4927 = SURFACE_STYLE_FILL_AREA ( #3038 ) ;
#4928 = CARTESIAN_POINT ( 'NONE',  ( -2.374292006267270772, 1.949998808705151854, 0.6149915234967224809 ) ) ;
#4929 = PLANE ( 'NONE',  #1075 ) ;
#4930 = AXIS2_PLACEMENT_3D ( 'NONE', #4911, #5453, #951 ) ;
#4931 = EDGE_CURVE ( 'NONE', #6622, #6909, #3334, .T. ) ;
#4932 = VECTOR ( 'NONE', #1744, 1000.000000000000000 ) ;
#4933 = ORIENTED_EDGE ( 'NONE', *, *, #5711, .T. ) ;
#4934 = STYLED_ITEM ( 'NONE', ( #6558 ), #1471 ) ;
#4935 = CARTESIAN_POINT ( 'NONE',  ( -2.119999999999998774, 2.358120395030566918, 1.308646010850337271 ) ) ;
#4936 = SURFACE_STYLE_FILL_AREA ( #2071 ) ;
#4937 = DIRECTION ( 'NONE',  ( 0.000000000000000000, -0.06975647374412254076, 0.9975640502598245307 ) ) ;
#4938 = CARTESIAN_POINT ( 'NONE',  ( -2.363567386658028013, -1.872786164074540238, 1.384404990293156557 ) ) ;
#4939 = PLANE ( 'NONE',  #2678 ) ;
#4940 = SURFACE_SIDE_STYLE ('',( #6614 ) ) ;
#4941 = ORIENTED_EDGE ( 'NONE', *, *, #5809, .T. ) ;
#4942 = CARTESIAN_POINT ( 'NONE',  ( 1.690000000000001723, 2.999999999999999556, 1.625000000000000000 ) ) ;
#4943 = SURFACE_SIDE_STYLE ('',( #5967 ) ) ;
#4944 = ORIENTED_EDGE ( 'NONE', *, *, #476, .F. ) ;
#4945 = CARTESIAN_POINT ( 'NONE',  ( 2.120000000000001439, 2.236792614887839648, 0.6150000000000157563 ) ) ;
#4946 = AXIS2_PLACEMENT_3D ( 'NONE', #4236, #905, #6661 ) ;
#4947 = ORIENTED_EDGE ( 'NONE', *, *, #5268, .T. ) ;
#4948 = DIRECTION ( 'NONE',  ( -1.000000000000000000, -0.000000000000000000, 0.000000000000000000 ) ) ;
#4949 = DIRECTION ( 'NONE',  ( 0.000000000000000000, 0.9975640502598245307, -0.06975647374412130564 ) ) ;
#4950 = ORIENTED_EDGE ( 'NONE', *, *, #2401, .F. ) ;
#4951 = ADVANCED_FACE ( 'NONE', ( #4612 ), #344, .T. ) ;
#4952 = DIRECTION ( 'NONE',  ( 0.000000000000000000, 0.000000000000000000, -1.000000000000000000 ) ) ;
#4953 = SURFACE_SIDE_STYLE ('',( #3861 ) ) ;
#4954 = LINE ( 'NONE', #5641, #3906 ) ;
#4955 = EDGE_CURVE ( 'NONE', #3341, #3323, #3609, .T. ) ;
#4956 = AXIS2_PLACEMENT_3D ( 'NONE', #785, #1465, #5489 ) ;
#4957 = EDGE_LOOP ( 'NONE', ( #7200, #6794, #3898, #3118, #4194, #4508, #1674, #7080 ) ) ;
#4958 = DIRECTION ( 'NONE',  ( 0.000000000000000000, 1.000000000000000000, 0.000000000000000000 ) ) ;
#4959 = VERTEX_POINT ( 'NONE', #6397 ) ;
#4960 = DIRECTION ( 'NONE',  ( -1.000000000000000000, -1.029790633090602386E-16, -1.029790633090591786E-16 ) ) ;
#4961 = STYLED_ITEM ( 'NONE', ( #95 ), #379 ) ;
#4962 = STYLED_ITEM ( 'NONE', ( #2311 ), #5055 ) ;
#4963 = UNCERTAINTY_MEASURE_WITH_UNIT (LENGTH_MEASURE( 1.000000000000000082E-05 ), #4683, 'distance_accuracy_value', 'NONE');
#4964 = CARTESIAN_POINT ( 'NONE',  ( 2.450000000000001510, 1.873800000000000354, 0.6150000000000157563 ) ) ;
#4965 = UNCERTAINTY_MEASURE_WITH_UNIT (LENGTH_MEASURE( 1.000000000000000082E-05 ), #1860, 'distance_accuracy_value', 'NONE');
#4966 = CARTESIAN_POINT ( 'NONE',  ( 2.297327737236433798, 1.531193605351035325, 0.07620000000000001772 ) ) ;
#4967 = VECTOR ( 'NONE', #1472, 1000.000000000000000 ) ;
#4968 = ORIENTED_EDGE ( 'NONE', *, *, #2840, .F. ) ;
#4969 = LINE ( 'NONE', #5675, #5766 ) ;
#4970 = VECTOR ( 'NONE', #2551, 1000.000000000000000 ) ;
#4971 = DIRECTION ( 'NONE',  ( -1.000000000000000000, -7.998670777283733117E-16, -5.691349986800547090E-15 ) ) ;
#4972 = DIRECTION ( 'NONE',  ( 1.000000000000000000, 0.000000000000000000, 0.000000000000000000 ) ) ;
#4973 = ORIENTED_EDGE ( 'NONE', *, *, #6664, .F. ) ;
#4974 = EDGE_CURVE ( 'NONE', #3033, #7123, #7018, .T. ) ;
#4975 = DIRECTION ( 'NONE',  ( -0.000000000000000000, -1.000000000000000000, -0.000000000000000000 ) ) ;
#4976 =( NAMED_UNIT ( * ) SI_UNIT ( $, .STERADIAN. ) SOLID_ANGLE_UNIT ( ) );
#4977 = VERTEX_POINT ( 'NONE', #6978 ) ;
#4978 = SURFACE_STYLE_USAGE ( .BOTH. , #6089 ) ;
#4979 = LINE ( 'NONE', #5514, #5693 ) ;
#4980 = CARTESIAN_POINT ( 'NONE',  ( 2.297327737236434242, 1.531193605351035103, 0.000000000000000000 ) ) ;
#4981 = CARTESIAN_POINT ( 'NONE',  ( 2.120000000000001439, 2.999999999999999556, 1.625000000000000000 ) ) ;
#4982 = EDGE_CURVE ( 'NONE', #6858, #82, #3242, .T. ) ;
#4983 = COLOUR_RGB ( '',0.7529411764705882248, 0.7529411764705882248, 0.7529411764705882248 ) ;
#4984 = MECHANICAL_DESIGN_GEOMETRIC_PRESENTATION_REPRESENTATION (  '', ( #5215 ), #6758 ) ;
#4985 = EDGE_LOOP ( 'NONE', ( #797, #2191, #3648 ) ) ;
#4986 = VECTOR ( 'NONE', #4711, 1000.000000000000000 ) ;
#4987 = CARTESIAN_POINT ( 'NONE',  ( 1.690000000000001723, -2.550616955507047923, 0.9076459320246323959 ) ) ;
#4988 = COLOUR_RGB ( '',0.7529411764705882248, 0.7529411764705882248, 0.7529411764705882248 ) ;
#4989 =( LENGTH_UNIT ( ) NAMED_UNIT ( * ) SI_UNIT ( .MILLI., .METRE. ) );
#4990 = ORIENTED_EDGE ( 'NONE', *, *, #2095, .T. ) ;
#4991 = CIRCLE ( 'NONE', #1326, 0.07619999999999997609 ) ;
#4992 = EDGE_CURVE ( 'NONE', #3904, #6793, #6916, .T. ) ;
#4993 = COLOUR_RGB ( '',0.7529411764705882248, 0.7529411764705882248, 0.7529411764705882248 ) ;
#4994 = AXIS2_PLACEMENT_3D ( 'NONE', #3934, #5562, #1496 ) ;
#4995 = PRESENTATION_LAYER_ASSIGNMENT (  '', '', ( #1809 ) ) ;
#4996 = FILL_AREA_STYLE_COLOUR ( '', #2713 ) ;
#4997 =( LENGTH_UNIT ( ) NAMED_UNIT ( * ) SI_UNIT ( .MILLI., .METRE. ) );
#4998 = SURFACE_STYLE_USAGE ( .BOTH. , #970 ) ;
#4999 = FILL_AREA_STYLE ('',( #1564 ) ) ;
#5000 = EDGE_LOOP ( 'NONE', ( #3650, #1882, #3158, #2831 ) ) ;
#5001 = FACE_OUTER_BOUND ( 'NONE', #4525, .T. ) ;
#5002 = CARTESIAN_POINT ( 'NONE',  ( 0.8500000000000015321, -1.949999999999999734, 0.6150000000000157563 ) ) ;
#5003 = UNCERTAINTY_MEASURE_WITH_UNIT (LENGTH_MEASURE( 1.000000000000000082E-05 ), #5371, 'distance_accuracy_value', 'NONE');
#5004 = CARTESIAN_POINT ( 'NONE',  ( -2.418490299558754497, -1.949570726820018418, 0.6119455626125464009 ) ) ;
#5005 = ORIENTED_EDGE ( 'NONE', *, *, #5033, .T. ) ;
#5006 = DIRECTION ( 'NONE',  ( 1.000000000000000000, 0.000000000000000000, 0.000000000000000000 ) ) ;
#5007 = DIRECTION ( 'NONE',  ( 0.000000000000000000, 0.000000000000000000, -1.000000000000000000 ) ) ;
#5008 = FACE_OUTER_BOUND ( 'NONE', #5645, .T. ) ;
#5009 = STYLED_ITEM ( 'NONE', ( #2613 ), #1073 ) ;
#5010 = DIRECTION ( 'NONE',  ( 0.000000000000000000, 1.000000000000000000, 0.000000000000000000 ) ) ;
#5011 = DIRECTION ( 'NONE',  ( 1.000000000000000000, 0.000000000000000000, 0.000000000000000000 ) ) ;
#5012 = CARTESIAN_POINT ( 'NONE',  ( -0.8499999999999985345, -2.575229734309892216, 1.259625067334387394 ) ) ;
#5013 = COLOUR_RGB ( '',0.7529411764705882248, 0.7529411764705882248, 0.7529411764705882248 ) ;
#5014 = ADVANCED_FACE ( 'NONE', ( #7276 ), #5393, .T. ) ;
#5015 = CARTESIAN_POINT ( 'NONE',  ( 0.8500000000000015321, -2.199999999999999734, 0.8349999999999843103 ) ) ;
#5016 = FILL_AREA_STYLE ('',( #433 ) ) ;
#5017 = ORIENTED_EDGE ( 'NONE', *, *, #1656, .T. ) ;
#5018 = LINE ( 'NONE', #2662, #3969 ) ;
#5019 = ORIENTED_EDGE ( 'NONE', *, *, #123, .F. ) ;
#5021 = ORIENTED_EDGE ( 'NONE', *, *, #3110, .F. ) ;
#5020 = CARTESIAN_POINT ( 'NONE',  ( 2.450000000000001510, 1.950000000000000400, 0.6150000000000157563 ) ) ;
#5022 = EDGE_CURVE ( 'NONE', #1466, #7098, #6289, .T. ) ;
#5023 = FACE_OUTER_BOUND ( 'NONE', #2458, .T. ) ;
#5024 = ADVANCED_FACE ( 'NONE', ( #5309 ), #3682, .T. ) ;
#5025 = ORIENTED_EDGE ( 'NONE', *, *, #486, .T. ) ;
#5026 = DIRECTION ( 'NONE',  ( -1.224646799147353207E-16, 1.000000000000000000, 0.000000000000000000 ) ) ;
#5027 = COLOUR_RGB ( '',0.7529411764705882248, 0.7529411764705882248, 0.7529411764705882248 ) ;
#5028 = ORIENTED_EDGE ( 'NONE', *, *, #2767, .F. ) ;
#5029 = VERTEX_POINT ( 'NONE', #4897 ) ;
#5030 = CARTESIAN_POINT ( 'NONE',  ( 2.374046004575877777, 1.950000000000000400, 0.6150000000000157563 ) ) ;
#5031 = DIRECTION ( 'NONE',  ( 0.000000000000000000, 0.000000000000000000, -1.000000000000000000 ) ) ;
#5032 = PRESENTATION_LAYER_ASSIGNMENT (  '', '', ( #1652 ) ) ;
#5033 = EDGE_CURVE ( 'NONE', #2250, #4162, #5929, .T. ) ;
#5034 = COLOUR_RGB ( '',0.2509803921568627416, 0.2509803921568627416, 0.2509803921568627416 ) ;
#5035 = STYLED_ITEM ( 'NONE', ( #5990 ), #3331 ) ;
#5036 = EDGE_LOOP ( 'NONE', ( #3757, #384, #3601, #409 ) ) ;
#5037 = CARTESIAN_POINT ( 'NONE',  ( 2.120000000000001439, 2.358120395030566474, 1.308646010850337271 ) ) ;
#5038 = PLANE ( 'NONE',  #37 ) ;
#5039 = LINE ( 'NONE', #2583, #7288 ) ;
#5040 = ORIENTED_EDGE ( 'NONE', *, *, #1239, .F. ) ;
#5041 = DIRECTION ( 'NONE',  ( -0.000000000000000000, -1.000000000000000000, -0.000000000000000000 ) ) ;
#5042 = SURFACE_STYLE_FILL_AREA ( #7277 ) ;
#5043 =( LENGTH_UNIT ( ) NAMED_UNIT ( * ) SI_UNIT ( .MILLI., .METRE. ) );
#5044 = SURFACE_SIDE_STYLE ('',( #723 ) ) ;
#5045 = STYLED_ITEM ( 'NONE', ( #2425 ), #7173 ) ;
#5046 = EDGE_CURVE ( 'NONE', #5576, #1839, #5659, .T. ) ;
#5047 = AXIS2_PLACEMENT_3D ( 'NONE', #4665, #5792, #595 ) ;
#5048 = EDGE_LOOP ( 'NONE', ( #4944, #2913, #5607, #2222 ) ) ;
#5049 = VECTOR ( 'NONE', #6103, 1000.000000000000000 ) ;
#5050 = UNCERTAINTY_MEASURE_WITH_UNIT (LENGTH_MEASURE( 1.000000000000000082E-05 ), #5838, 'distance_accuracy_value', 'NONE');
#5051 = DIRECTION ( 'NONE',  ( 0.000000000000000000, -0.06975647374412254076, 0.9975640502598245307 ) ) ;
#5052 = LINE ( 'NONE', #258, #3537 ) ;
#5053 = DIRECTION ( 'NONE',  ( 0.1378445374916255906, 0.1378445374916252297, 0.9808148484639900300 ) ) ;
#5054 = STYLED_ITEM ( 'NONE', ( #3933 ), #6571 ) ;
#5055 = ADVANCED_FACE ( 'NONE', ( #4253 ), #2688, .F. ) ;
#5056 = VERTEX_POINT ( 'NONE', #6717 ) ;
#5057 = AXIS2_PLACEMENT_3D ( 'NONE', #724, #209, #7161 ) ;
#5058 = CARTESIAN_POINT ( 'NONE',  ( -2.119999999999998774, 2.358120395030566918, 1.308646010850337271 ) ) ;
#5059 = MECHANICAL_DESIGN_GEOMETRIC_PRESENTATION_REPRESENTATION (  '', ( #564 ), #5974 ) ;
#5060 = VECTOR ( 'NONE', #7087, 1000.000000000000000 ) ;
#5061 = CARTESIAN_POINT ( 'NONE',  ( -1.689999999999998392, 3.000000000000000000, 1.405000000000000027 ) ) ;
#5062 = FILL_AREA_STYLE_COLOUR ( '', #6994 ) ;
#5063 = EDGE_LOOP ( 'NONE', ( #2352, #516, #6429, #3701, #3349, #2940, #4649, #99, #3384, #5927, #2955, #2854 ) ) ;
#5064 = FILL_AREA_STYLE_COLOUR ( '', #2750 ) ;
#5065 = CIRCLE ( 'NONE', #1715, 0.3145906676743915886 ) ;
#5066 = ADVANCED_FACE ( 'NONE', ( #7011 ), #3281, .F. ) ;
#5067 = CARTESIAN_POINT ( 'NONE',  ( 0.4200000000000015388, -2.999999999999999556, 1.405000000000000027 ) ) ;
#5068 = DIRECTION ( 'NONE',  ( 0.000000000000000000, 0.000000000000000000, -1.000000000000000000 ) ) ;
#5069 = FACE_OUTER_BOUND ( 'NONE', #4557, .T. ) ;
#5070 = CARTESIAN_POINT ( 'NONE',  ( 1.690000000000001723, -2.199999999999999734, 0.8349999999999841993 ) ) ;
#5071 = SURFACE_SIDE_STYLE ('',( #2764 ) ) ;
#5072 = VECTOR ( 'NONE', #3212, 1000.000000000000000 ) ;
#5073 = COLOUR_RGB ( '',0.2509803921568627416, 0.2509803921568627416, 0.2509803921568627416 ) ;
#5074 = CARTESIAN_POINT ( 'NONE',  ( -0.4199999999999984857, -2.699598551369565502, 1.383993884394061347 ) ) ;
#5075 = DIRECTION ( 'NONE',  ( 0.000000000000000000, 0.000000000000000000, -1.000000000000000000 ) ) ;
#5076 = EDGE_CURVE ( 'NONE', #2199, #4057, #4744, .T. ) ;
#5077 = MECHANICAL_DESIGN_GEOMETRIC_PRESENTATION_REPRESENTATION (  '', ( #979 ), #7398 ) ;
#5078 = PRESENTATION_STYLE_ASSIGNMENT (( #3885 ) ) ;
#5079 =( NAMED_UNIT ( * ) PLANE_ANGLE_UNIT ( ) SI_UNIT ( $, .RADIAN. ) );
#5080 = ORIENTED_EDGE ( 'NONE', *, *, #7197, .F. ) ;
#5081 =( NAMED_UNIT ( * ) SI_UNIT ( $, .STERADIAN. ) SOLID_ANGLE_UNIT ( ) );
#5082 = PRESENTATION_STYLE_ASSIGNMENT (( #5384 ) ) ;
#5083 = ORIENTED_EDGE ( 'NONE', *, *, #7350, .T. ) ;
#5084 =( LENGTH_UNIT ( ) NAMED_UNIT ( * ) SI_UNIT ( .MILLI., .METRE. ) );
#5085 = DIRECTION ( 'NONE',  ( -1.000000000000000000, -0.000000000000000000, -0.000000000000000000 ) ) ;
#5086 = AXIS2_PLACEMENT_3D ( 'NONE', #2804, #5695, #1025 ) ;
#5087 = ORIENTED_EDGE ( 'NONE', *, *, #7441, .F. ) ;
#5088 = EDGE_CURVE ( 'NONE', #6030, #159, #5650, .T. ) ;
#5089 = PRESENTATION_STYLE_ASSIGNMENT (( #3064 ) ) ;
#5090 = AXIS2_PLACEMENT_3D ( 'NONE', #5825, #2317, #6409 ) ;
#5091 = ORIENTED_EDGE ( 'NONE', *, *, #1136, .T. ) ;
#5092 = FILL_AREA_STYLE ('',( #6606 ) ) ;
#5093 = FILL_AREA_STYLE ('',( #4542 ) ) ;
#5094 = DIRECTION ( 'NONE',  ( 0.000000000000000000, 0.000000000000000000, -1.000000000000000000 ) ) ;
#5095 = FILL_AREA_STYLE_COLOUR ( '', #2986 ) ;
#5096 = UNCERTAINTY_MEASURE_WITH_UNIT (LENGTH_MEASURE( 1.000000000000000082E-05 ), #1845, 'distance_accuracy_value', 'NONE');
#5097 = FACE_OUTER_BOUND ( 'NONE', #28, .T. ) ;
#5098 = MECHANICAL_DESIGN_GEOMETRIC_PRESENTATION_REPRESENTATION (  '', ( #4725 ), #3047 ) ;
#5099 =( NAMED_UNIT ( * ) SI_UNIT ( $, .STERADIAN. ) SOLID_ANGLE_UNIT ( ) );
#5100 = DIRECTION ( 'NONE',  ( 1.000000000000000000, 0.000000000000000000, 0.000000000000000000 ) ) ;
#5101 = PRESENTATION_LAYER_ASSIGNMENT (  '', '', ( #462 ) ) ;
#5102 = SPHERICAL_SURFACE ( 'NONE', #1951, 0.07619999999999998996 ) ;
#5103 = ADVANCED_FACE ( 'NONE', ( #2859 ), #3390, .F. ) ;
#5104 = FILL_AREA_STYLE_COLOUR ( '', #1393 ) ;
#5105 = CYLINDRICAL_SURFACE ( 'NONE', #7092, 0.1340459166400966851 ) ;
#5106 = ORIENTED_EDGE ( 'NONE', *, *, #3462, .F. ) ;
#5107 = FILL_AREA_STYLE_COLOUR ( '', #3276 ) ;
#5108 = ORIENTED_EDGE ( 'NONE', *, *, #780, .F. ) ;
#5109 = CARTESIAN_POINT ( 'NONE',  ( 0.4200000000000015388, 2.333719387524285427, 0.9596953461754694770 ) ) ;
#5110 = DIRECTION ( 'NONE',  ( 1.000000000000000000, 0.000000000000000000, 0.000000000000000000 ) ) ;
#5111 = EDGE_CURVE ( 'NONE', #3686, #1940, #6282, .T. ) ;
#5112 = ORIENTED_EDGE ( 'NONE', *, *, #5495, .T. ) ;
#5113 = CARTESIAN_POINT ( 'NONE',  ( 1.690000000000001723, -2.699598551369565058, 1.383993884394061347 ) ) ;
#5114 = VERTEX_POINT ( 'NONE', #2126 ) ;
#5115 = DIRECTION ( 'NONE',  ( 0.000000000000000000, 0.000000000000000000, -1.000000000000000000 ) ) ;
#5116 = ORIENTED_EDGE ( 'NONE', *, *, #3270, .T. ) ;
#5117 =( NAMED_UNIT ( * ) SI_UNIT ( $, .STERADIAN. ) SOLID_ANGLE_UNIT ( ) );
#5118 = CARTESIAN_POINT ( 'NONE',  ( 1.690000000000001723, 2.708949121834177465, 1.250274496869775653 ) ) ;
#5119 = SURFACE_STYLE_USAGE ( .BOTH. , #5718 ) ;
#5120 = EDGE_CURVE ( 'NONE', #5190, #7275, #1428, .T. ) ;
#5121 = VERTEX_POINT ( 'NONE', #5630 ) ;
#5122 = DIRECTION ( 'NONE',  ( 1.000000000000000000, 0.000000000000000000, 0.000000000000000000 ) ) ;
#5123 =( NAMED_UNIT ( * ) PLANE_ANGLE_UNIT ( ) SI_UNIT ( $, .RADIAN. ) );
#5124 = CIRCLE ( 'NONE', #5670, 0.1340459166400967961 ) ;
#5125 = LINE ( 'NONE', #55, #3077 ) ;
#5126 = CARTESIAN_POINT ( 'NONE',  ( -0.8499999999999985345, -2.333719387524285871, 0.9596953461754694770 ) ) ;
#5127 = SURFACE_STYLE_FILL_AREA ( #3808 ) ;
#5128 = PRESENTATION_LAYER_ASSIGNMENT (  '', '', ( #415 ) ) ;
#5129 = EDGE_CURVE ( 'NONE', #2287, #1078, #2593, .T. ) ;
#5130 = MECHANICAL_DESIGN_GEOMETRIC_PRESENTATION_REPRESENTATION (  '', ( #5283 ), #500 ) ;
#5131 = PRODUCT_DEFINITION_SHAPE ( 'NONE', 'NONE',  #1613 ) ;
#5132 = ORIENTED_EDGE ( 'NONE', *, *, #7449, .F. ) ;
#5133 = AXIS2_PLACEMENT_3D ( 'NONE', #2473, #2555, #6508 ) ;
#5134 = SURFACE_SIDE_STYLE ('',( #2386 ) ) ;
#5135 = UNCERTAINTY_MEASURE_WITH_UNIT (LENGTH_MEASURE( 1.000000000000000082E-05 ), #2269, 'distance_accuracy_value', 'NONE');
#5136 = COLOUR_RGB ( '',0.7529411764705882248, 0.7529411764705882248, 0.7529411764705882248 ) ;
#5137 = LINE ( 'NONE', #926, #443 ) ;
#5138 = CARTESIAN_POINT ( 'NONE',  ( -2.418490299558754941, -1.949570726820018196, 0.8380544373874573294 ) ) ;
#5139 = LINE ( 'NONE', #1402, #4967 ) ;
#5140 = SURFACE_SIDE_STYLE ('',( #98 ) ) ;
#5141 = DIRECTION ( 'NONE',  ( -1.000000000000000000, -7.998670777283733117E-16, 5.691349986800547090E-15 ) ) ;
#5142 = ORIENTED_EDGE ( 'NONE', *, *, #6855, .T. ) ;
#5143 = PRESENTATION_LAYER_ASSIGNMENT (  '', '', ( #6065 ) ) ;
#5144 = SURFACE_STYLE_USAGE ( .BOTH. , #3472 ) ;
#5145 = PLANE ( 'NONE',  #7326 ) ;
#5146 = MECHANICAL_DESIGN_GEOMETRIC_PRESENTATION_REPRESENTATION (  '', ( #1058 ), #6303 ) ;
#5147 = MECHANICAL_DESIGN_GEOMETRIC_PRESENTATION_REPRESENTATION (  '', ( #3329 ), #93 ) ;
#5148 = UNCERTAINTY_MEASURE_WITH_UNIT (LENGTH_MEASURE( 1.000000000000000082E-05 ), #6235, 'distance_accuracy_value', 'NONE');
#5149 = FILL_AREA_STYLE ('',( #1126 ) ) ;
#5150 = CARTESIAN_POINT ( 'NONE',  ( -2.329591319968685514, -1.754132893130579074, 1.691752276207061811 ) ) ;
#5151 = FACE_OUTER_BOUND ( 'NONE', #2475, .T. ) ;
#5152 =( GEOMETRIC_REPRESENTATION_CONTEXT ( 3 ) GLOBAL_UNCERTAINTY_ASSIGNED_CONTEXT ( ( #2749 ) ) GLOBAL_UNIT_ASSIGNED_CONTEXT ( ( #3321, #4545, #1607 ) ) REPRESENTATION_CONTEXT ( 'NONE', 'WORKASPACE' ) );
#5153 = DIRECTION ( 'NONE',  ( 0.000000000000000000, 1.000000000000000000, 0.000000000000000000 ) ) ;
#5154 = ORIENTED_EDGE ( 'NONE', *, *, #3423, .T. ) ;
#5155 = CARTESIAN_POINT ( 'NONE',  ( 0.4200000000000015388, -2.575229734309891771, 1.259625067334387394 ) ) ;
#5156 = LINE ( 'NONE', #570, #2265 ) ;
#5157 = DIRECTION ( 'NONE',  ( -1.000000000000000000, -0.000000000000000000, 0.000000000000000000 ) ) ;
#5158 = ORIENTED_EDGE ( 'NONE', *, *, #1954, .F. ) ;
#5159 = DIRECTION ( 'NONE',  ( -0.000000000000000000, 0.06975647374412606572, 0.9975640502598241977 ) ) ;
#5160 = VERTEX_POINT ( 'NONE', #7348 ) ;
#5161 = LINE ( 'NONE', #1154, #3661 ) ;
#5162 = FILL_AREA_STYLE ('',( #4040 ) ) ;
#5163 = CARTESIAN_POINT ( 'NONE',  ( -0.4199999999999984857, -2.649999999999999911, 1.600525615819771152 ) ) ;
#5164 = DIRECTION ( 'NONE',  ( -1.000000000000000000, -0.000000000000000000, -0.000000000000000000 ) ) ;
#5165 = FILL_AREA_STYLE_COLOUR ( '', #3989 ) ;
#5166 = VERTEX_POINT ( 'NONE', #470 ) ;
#5167 = SURFACE_STYLE_FILL_AREA ( #7319 ) ;
#5168 = LINE ( 'NONE', #2353, #2289 ) ;
#5169 = CARTESIAN_POINT ( 'NONE',  ( -2.119999999999998774, 2.236792614887840092, 0.6150000000000157563 ) ) ;
#5170 =( LENGTH_UNIT ( ) NAMED_UNIT ( * ) SI_UNIT ( .MILLI., .METRE. ) );
#5171 = LINE ( 'NONE', #4166, #2106 ) ;
#5172 = ADVANCED_FACE ( 'NONE', ( #4765 ), #336, .F. ) ;
#5173 = ORIENTED_EDGE ( 'NONE', *, *, #4931, .T. ) ;
#5174 = PRESENTATION_STYLE_ASSIGNMENT (( #803 ) ) ;
#5175 = DIRECTION ( 'NONE',  ( 1.000000000000000000, 0.000000000000000000, 0.000000000000000000 ) ) ;
#5176 = DIRECTION ( 'NONE',  ( 0.000000000000000000, 1.000000000000000000, 0.000000000000000000 ) ) ;
#5177 =( LENGTH_UNIT ( ) NAMED_UNIT ( * ) SI_UNIT ( .MILLI., .METRE. ) );
#5178 = VECTOR ( 'NONE', #6217, 1000.000000000000000 ) ;
#5179 =( NAMED_UNIT ( * ) PLANE_ANGLE_UNIT ( ) SI_UNIT ( $, .RADIAN. ) );
#5180 = ORIENTED_EDGE ( 'NONE', *, *, #2095, .F. ) ;
#5181 =( NAMED_UNIT ( * ) SI_UNIT ( $, .STERADIAN. ) SOLID_ANGLE_UNIT ( ) );
#5182 =( GEOMETRIC_REPRESENTATION_CONTEXT ( 3 ) GLOBAL_UNCERTAINTY_ASSIGNED_CONTEXT ( ( #6621 ) ) GLOBAL_UNIT_ASSIGNED_CONTEXT ( ( #1300, #1278, #4244 ) ) REPRESENTATION_CONTEXT ( 'NONE', 'WORKASPACE' ) );
#5183 = UNCERTAINTY_MEASURE_WITH_UNIT (LENGTH_MEASURE( 1.000000000000000082E-05 ), #1323, 'distance_accuracy_value', 'NONE');
#5184 = EDGE_CURVE ( 'NONE', #1498, #6111, #4333, .T. ) ;
#5185 = UNCERTAINTY_MEASURE_WITH_UNIT (LENGTH_MEASURE( 1.000000000000000082E-05 ), #4759, 'distance_accuracy_value', 'NONE');
#5186 = DIRECTION ( 'NONE',  ( 0.000000000000000000, 0.000000000000000000, 1.000000000000000000 ) ) ;
#5187 = DIRECTION ( 'NONE',  ( 0.000000000000000000, 0.000000000000000000, 1.000000000000000000 ) ) ;
#5188 = VECTOR ( 'NONE', #2563, 1000.000000000000114 ) ;
#5190 = VERTEX_POINT ( 'NONE', #6861 ) ;
#5189 = DIRECTION ( 'NONE',  ( 0.000000000000000000, 0.000000000000000000, -1.000000000000000000 ) ) ;
#5191 = STYLED_ITEM ( 'NONE', ( #1497 ), #6047 ) ;
#5192 = FILL_AREA_STYLE_COLOUR ( '', #1179 ) ;
#5193 = MECHANICAL_DESIGN_GEOMETRIC_PRESENTATION_REPRESENTATION (  '', ( #1969 ), #6501 ) ;
#5194 = AXIS2_PLACEMENT_3D ( 'NONE', #1237, #5257, #1811 ) ;
#5195 = ORIENTED_EDGE ( 'NONE', *, *, #1550, .T. ) ;
#5196 = ORIENTED_EDGE ( 'NONE', *, *, #193, .F. ) ;
#5197 = ORIENTED_EDGE ( 'NONE', *, *, #937, .F. ) ;
#5198 = DIRECTION ( 'NONE',  ( 0.000000000000000000, 0.000000000000000000, 1.000000000000000000 ) ) ;
#5199 = CARTESIAN_POINT ( 'NONE',  ( 2.363567386658030678, -1.797327737236432021, 1.449999999999999956 ) ) ;
#5200 = ORIENTED_EDGE ( 'NONE', *, *, #6664, .T. ) ;
#5201 = CARTESIAN_POINT ( 'NONE',  ( -2.451433794360486029, 1.875975367522378479, 0.6252019769807438676 ) ) ;
#5202 = VERTEX_POINT ( 'NONE', #4033 ) ;
#5203 = SURFACE_SIDE_STYLE ('',( #960 ) ) ;
#5204 = ORIENTED_EDGE ( 'NONE', *, *, #6766, .F. ) ;
#5205 = DIRECTION ( 'NONE',  ( 0.000000000000000000, 0.06975647374412254076, 0.9975640502598245307 ) ) ;
#5206 = FILL_AREA_STYLE ('',( #6353 ) ) ;
#5207 = DIRECTION ( 'NONE',  ( -1.000000000000000000, 5.691349986800563656E-15, 0.000000000000000000 ) ) ;
#5208 = COLOUR_RGB ( '',0.7529411764705882248, 0.7529411764705882248, 0.7529411764705882248 ) ;
#5209 = DIRECTION ( 'NONE',  ( -1.000000000000000000, 0.000000000000000000, -0.000000000000000000 ) ) ;
#5210 = CARTESIAN_POINT ( 'NONE',  ( -0.4199999999999984857, 2.200000000000000178, 0.8349999999999843103 ) ) ;
#5211 = DIRECTION ( 'NONE',  ( -2.224004456380521903E-16, 1.000000000000000000, 0.000000000000000000 ) ) ;
#5212 = CARTESIAN_POINT ( 'NONE',  ( -2.374292006267270772, 1.949998808705151854, 0.8350084765032776968 ) ) ;
#5213 = FILL_AREA_STYLE ('',( #4071 ) ) ;
#5214 = EDGE_CURVE ( 'NONE', #2462, #5600, #1252, .T. ) ;
#5215 = STYLED_ITEM ( 'NONE', ( #7439 ), #2028 ) ;
#5216 = DIRECTION ( 'NONE',  ( 1.000000000000000000, 0.000000000000000000, 0.000000000000000000 ) ) ;
#5217 = FILL_AREA_STYLE ('',( #4578 ) ) ;
#5218 = VERTEX_POINT ( 'NONE', #2324 ) ;
#5219 = SURFACE_STYLE_FILL_AREA ( #4408 ) ;
#5220 = CARTESIAN_POINT ( 'NONE',  ( 0.8500000000000015321, 2.199999999999999734, 0.8349999999999843103 ) ) ;
#5221 = UNCERTAINTY_MEASURE_WITH_UNIT (LENGTH_MEASURE( 1.000000000000000082E-05 ), #5683, 'distance_accuracy_value', 'NONE');
#5222 = CARTESIAN_POINT ( 'NONE',  ( 0.4200000000000015388, -2.358120395030566474, 1.308646010850337271 ) ) ;
#5223 = EDGE_CURVE ( 'NONE', #1283, #5903, #2956, .T. ) ;
#5224 = LINE ( 'NONE', #234, #3737 ) ;
#5225 =( GEOMETRIC_REPRESENTATION_CONTEXT ( 3 ) GLOBAL_UNCERTAINTY_ASSIGNED_CONTEXT ( ( #1678 ) ) GLOBAL_UNIT_ASSIGNED_CONTEXT ( ( #5582, #1579, #6127 ) ) REPRESENTATION_CONTEXT ( 'NONE', 'WORKASPACE' ) );
#5226 = SURFACE_STYLE_USAGE ( .BOTH. , #4672 ) ;
#5227 = STYLED_ITEM ( 'NONE', ( #5439 ), #2758 ) ;
#5228 = LINE ( 'NONE', #4271, #3641 ) ;
#5229 = PLANE ( 'NONE',  #6141 ) ;
#5230 = EDGE_LOOP ( 'NONE', ( #3964, #4516, #115, #4096 ) ) ;
#5231 = SURFACE_STYLE_FILL_AREA ( #1255 ) ;
#5232 = DIRECTION ( 'NONE',  ( 0.000000000000000000, 0.9975640502598241977, -0.06975647374412535795 ) ) ;
#5233 =( NAMED_UNIT ( * ) SI_UNIT ( $, .STERADIAN. ) SOLID_ANGLE_UNIT ( ) );
#5234 = LINE ( 'NONE', #4538, #278 ) ;
#5235 =( NAMED_UNIT ( * ) SI_UNIT ( $, .STERADIAN. ) SOLID_ANGLE_UNIT ( ) );
#5236 = CARTESIAN_POINT ( 'NONE',  ( 2.363567386658030678, 1.872786164074540682, 1.384404990293156557 ) ) ;
#5237 = STYLED_ITEM ( 'NONE', ( #2754 ), #6122 ) ;
#5238 =( NAMED_UNIT ( * ) SI_UNIT ( $, .STERADIAN. ) SOLID_ANGLE_UNIT ( ) );
#5239 = DIRECTION ( 'NONE',  ( 0.000000000000000000, 0.9975640502598241977, 0.06975647374412607959 ) ) ;
#5240 = VERTEX_POINT ( 'NONE', #4129 ) ;
#5241 = STYLED_ITEM ( 'NONE', ( #6192 ), #479 ) ;
#5242 = LINE ( 'NONE', #3189, #4895 ) ;
#5243 = STYLED_ITEM ( 'NONE', ( #5762 ), #4479 ) ;
#5244 =( NAMED_UNIT ( * ) SI_UNIT ( $, .STERADIAN. ) SOLID_ANGLE_UNIT ( ) );
#5245 = PLANE ( 'NONE',  #839 ) ;
#5246 = COLOUR_RGB ( '',0.7529411764705882248, 0.7529411764705882248, 0.7529411764705882248 ) ;
#5247 = ORIENTED_EDGE ( 'NONE', *, *, #6278, .T. ) ;
#5248 = CYLINDRICAL_SURFACE ( 'NONE', #4008, 0.3145906676743915886 ) ;
#5249 = CARTESIAN_POINT ( 'NONE',  ( 0.8500000000000015321, -2.999999999999999556, 1.625000000000000000 ) ) ;
#5250 = SURFACE_STYLE_FILL_AREA ( #2648 ) ;
#5251 = DIRECTION ( 'NONE',  ( -1.000000000000000000, 0.000000000000000000, 0.000000000000000000 ) ) ;
#5252 = SURFACE_STYLE_USAGE ( .BOTH. , #5849 ) ;
#5253 = STYLED_ITEM ( 'NONE', ( #4781 ), #1208 ) ;
#5254 = VECTOR ( 'NONE', #442, 1000.000000000000000 ) ;
#5255 = DIRECTION ( 'NONE',  ( 0.000000000000000000, 0.06975647374412130564, -0.9975640502598245307 ) ) ;
#5256 = ORIENTED_EDGE ( 'NONE', *, *, #6190, .T. ) ;
#5257 = DIRECTION ( 'NONE',  ( -1.000000000000000000, -0.000000000000000000, -0.000000000000000000 ) ) ;
#5258 = EDGE_CURVE ( 'NONE', #5121, #4908, #1956, .T. ) ;
#5259 = LINE ( 'NONE', #6711, #6967 ) ;
#5260 = VERTEX_POINT ( 'NONE', #2949 ) ;
#5261 = SURFACE_SIDE_STYLE ('',( #142 ) ) ;
#5262 = EDGE_LOOP ( 'NONE', ( #3298, #7322, #2172 ) ) ;
#5263 = FACE_OUTER_BOUND ( 'NONE', #169, .T. ) ;
#5264 =( LENGTH_UNIT ( ) NAMED_UNIT ( * ) SI_UNIT ( .MILLI., .METRE. ) );
#5265 = ORIENTED_EDGE ( 'NONE', *, *, #6604, .T. ) ;
#5266 = DIRECTION ( 'NONE',  ( 0.000000000000000000, 0.000000000000000000, -1.000000000000000000 ) ) ;
#5267 = SURFACE_STYLE_USAGE ( .BOTH. , #1248 ) ;
#5268 = EDGE_CURVE ( 'NONE', #1429, #2649, #4067, .T. ) ;
#5269 = CARTESIAN_POINT ( 'NONE',  ( 2.363567386658031122, 1.531193605351035103, 0.000000000000000000 ) ) ;
#5270 = FILL_AREA_STYLE ('',( #1867 ) ) ;
#5271 = VECTOR ( 'NONE', #529, 1000.000000000000114 ) ;
#5272 = ORIENTED_EDGE ( 'NONE', *, *, #780, .T. ) ;
#5273 = VECTOR ( 'NONE', #7073, 1000.000000000000000 ) ;
#5274 = DIRECTION ( 'NONE',  ( 2.224004456380521903E-16, -1.000000000000000000, -0.000000000000000000 ) ) ;
#5275 =( NAMED_UNIT ( * ) PLANE_ANGLE_UNIT ( ) SI_UNIT ( $, .RADIAN. ) );
#5276 = FILL_AREA_STYLE ('',( #668 ) ) ;
#5277 =( LENGTH_UNIT ( ) NAMED_UNIT ( * ) SI_UNIT ( .MILLI., .METRE. ) );
#5278 = VECTOR ( 'NONE', #6951, 1000.000000000000000 ) ;
#5279 = CARTESIAN_POINT ( 'NONE',  ( 2.449996426143393968, 1.874537999305284863, 0.6149745706889166996 ) ) ;
#5280 = MECHANICAL_DESIGN_GEOMETRIC_PRESENTATION_REPRESENTATION (  '', ( #5516 ), #2573 ) ;
#5281 = CARTESIAN_POINT ( 'NONE',  ( -0.4199999999999984857, 2.708949121834177909, 1.250274496869775653 ) ) ;
#5282 = EDGE_CURVE ( 'NONE', #3560, #1778, #2492, .T. ) ;
#5283 = STYLED_ITEM ( 'NONE', ( #3401 ), #3383 ) ;
#5284 =( GEOMETRIC_REPRESENTATION_CONTEXT ( 3 ) GLOBAL_UNCERTAINTY_ASSIGNED_CONTEXT ( ( #116 ) ) GLOBAL_UNIT_ASSIGNED_CONTEXT ( ( #6610, #2021, #924 ) ) REPRESENTATION_CONTEXT ( 'NONE', 'WORKASPACE' ) );
#5285 = FILL_AREA_STYLE ('',( #3558 ) ) ;
#5286 = COLOUR_RGB ( '',0.7529411764705882248, 0.7529411764705882248, 0.7529411764705882248 ) ;
#5287 = UNCERTAINTY_MEASURE_WITH_UNIT (LENGTH_MEASURE( 1.000000000000000082E-05 ), #5941, 'distance_accuracy_value', 'NONE');
#5288 = SURFACE_STYLE_USAGE ( .BOTH. , #1263 ) ;
#5289 = CARTESIAN_POINT ( 'NONE',  ( -2.119999999999998774, -2.550616955507048367, 0.9076459320246326179 ) ) ;
#5290 = PRESENTATION_STYLE_ASSIGNMENT (( #5226 ) ) ;
#5291 = EDGE_CURVE ( 'NONE', #4646, #5121, #4510, .T. ) ;
#5292 = DIRECTION ( 'NONE',  ( 0.000000000000000000, -1.000000000000000000, 0.000000000000000000 ) ) ;
#5293 =( GEOMETRIC_REPRESENTATION_CONTEXT ( 3 ) GLOBAL_UNCERTAINTY_ASSIGNED_CONTEXT ( ( #1773 ) ) GLOBAL_UNIT_ASSIGNED_CONTEXT ( ( #3894, #4132, #5181 ) ) REPRESENTATION_CONTEXT ( 'NONE', 'WORKASPACE' ) );
#5294 = DIRECTION ( 'NONE',  ( -1.000000000000000000, 0.000000000000000000, 0.000000000000000000 ) ) ;
#5295 = ORIENTED_EDGE ( 'NONE', *, *, #5646, .F. ) ;
#5296 = CARTESIAN_POINT ( 'NONE',  ( -2.119999999999998774, 2.649999999999999911, 1.600525615819771152 ) ) ;
#5297 = PRESENTATION_STYLE_ASSIGNMENT (( #3419 ) ) ;
#5298 = CARTESIAN_POINT ( 'NONE',  ( 2.449996426143393968, -1.874537999305284197, 0.8350254293110831449 ) ) ;
#5299 = ORIENTED_EDGE ( 'NONE', *, *, #1858, .T. ) ;
#5300 = DIRECTION ( 'NONE',  ( -1.000000000000000000, -8.850629979473504779E-17, 0.000000000000000000 ) ) ;
#5301 =( NAMED_UNIT ( * ) SI_UNIT ( $, .STERADIAN. ) SOLID_ANGLE_UNIT ( ) );
#5302 = VERTEX_POINT ( 'NONE', #3672 ) ;
#5303 = VERTEX_POINT ( 'NONE', #2377 ) ;
#5304 = DIRECTION ( 'NONE',  ( 0.000000000000000000, -1.000000000000000000, 0.000000000000000000 ) ) ;
#5305 = DIRECTION ( 'NONE',  ( 0.000000000000000000, 0.9902680687415708061, -0.1391731009600619962 ) ) ;
#5306 = EDGE_CURVE ( 'NONE', #5592, #6736, #1862, .T. ) ;
#5307 = CARTESIAN_POINT ( 'NONE',  ( 2.120000000000001439, -2.199999999999999734, 0.8349999999999841993 ) ) ;
#5308 =( NAMED_UNIT ( * ) SI_UNIT ( $, .STERADIAN. ) SOLID_ANGLE_UNIT ( ) );
#5309 = FACE_OUTER_BOUND ( 'NONE', #2379, .T. ) ;
#5310 =( LENGTH_UNIT ( ) NAMED_UNIT ( * ) SI_UNIT ( .MILLI., .METRE. ) );
#5311 = VERTEX_POINT ( 'NONE', #7021 ) ;
#5312 = PRESENTATION_LAYER_ASSIGNMENT (  '', '', ( #2069 ) ) ;
#5313 =( NAMED_UNIT ( * ) PLANE_ANGLE_UNIT ( ) SI_UNIT ( $, .RADIAN. ) );
#5314 =( NAMED_UNIT ( * ) SI_UNIT ( $, .STERADIAN. ) SOLID_ANGLE_UNIT ( ) );
#5315 = DIRECTION ( 'NONE',  ( 0.000000000000000000, 0.000000000000000000, -1.000000000000000000 ) ) ;
#5316 = CARTESIAN_POINT ( 'NONE',  ( -2.449999999999998845, -1.873799999999999688, 1.449999999999999956 ) ) ;
#5317 = VERTEX_POINT ( 'NONE', #2478 ) ;
#5318 = COLOUR_RGB ( '',0.2509803921568627416, 0.2509803921568627416, 0.2509803921568627416 ) ;
#5319 = FACE_OUTER_BOUND ( 'NONE', #105, .T. ) ;
#5320 = FACE_OUTER_BOUND ( 'NONE', #4879, .T. ) ;
#5321 =( NAMED_UNIT ( * ) PLANE_ANGLE_UNIT ( ) SI_UNIT ( $, .RADIAN. ) );
#5322 = EDGE_CURVE ( 'NONE', #2779, #7061, #6555, .T. ) ;
#5323 = VERTEX_POINT ( 'NONE', #7139 ) ;
#5324 = AXIS2_PLACEMENT_3D ( 'NONE', #7195, #319, #1984 ) ;
#5325 = CARTESIAN_POINT ( 'NONE',  ( 0.8500000000000015321, -1.949999999999999734, 0.8349999999999841993 ) ) ;
#5326 = CARTESIAN_POINT ( 'NONE',  ( 2.450000000000001510, -1.873799999999999244, 0.8349999999999841993 ) ) ;
#5327 = MANIFOLD_SOLID_BREP ( 'Mirror1[3]', #70 ) ;
#5328 = FILL_AREA_STYLE ('',( #465 ) ) ;
#5329 =( NAMED_UNIT ( * ) SI_UNIT ( $, .STERADIAN. ) SOLID_ANGLE_UNIT ( ) );
#5330 = COLOUR_RGB ( '',0.2509803921568627416, 0.2509803921568627416, 0.2509803921568627416 ) ;
#5331 = ORIENTED_EDGE ( 'NONE', *, *, #1271, .F. ) ;
#5332 =( LENGTH_UNIT ( ) NAMED_UNIT ( * ) SI_UNIT ( .MILLI., .METRE. ) );
#5333 = PRESENTATION_LAYER_ASSIGNMENT (  '', '', ( #6347 ) ) ;
#5334 = FILL_AREA_STYLE_COLOUR ( '', #5580 ) ;
#5335 = EDGE_CURVE ( 'NONE', #2649, #6920, #7265, .T. ) ;
#5336 = STYLED_ITEM ( 'NONE', ( #6509 ), #4000 ) ;
#5337 = SURFACE_SIDE_STYLE ('',( #416 ) ) ;
#5338 =( NAMED_UNIT ( * ) SI_UNIT ( $, .STERADIAN. ) SOLID_ANGLE_UNIT ( ) );
#5339 = SURFACE_STYLE_FILL_AREA ( #230 ) ;
#5340 = ORIENTED_EDGE ( 'NONE', *, *, #34, .F. ) ;
#5341 = CYLINDRICAL_SURFACE ( 'NONE', #2737, 0.1340459166400966851 ) ;
#5342 = CARTESIAN_POINT ( 'NONE',  ( 1.690000000000001723, 2.358120395030566474, 1.308646010850337271 ) ) ;
#5343 = DIRECTION ( 'NONE',  ( 0.000000000000000000, 0.000000000000000000, -1.000000000000000000 ) ) ;
#5344 = DIRECTION ( 'NONE',  ( 0.000000000000000000, -0.06975647374412606572, 0.9975640502598241977 ) ) ;
#5345 = PRESENTATION_LAYER_ASSIGNMENT (  '', '', ( #6684 ) ) ;
#5346 = COLOUR_RGB ( '',0.7529411764705882248, 0.7529411764705882248, 0.7529411764705882248 ) ;
#5347 =( GEOMETRIC_REPRESENTATION_CONTEXT ( 3 ) GLOBAL_UNCERTAINTY_ASSIGNED_CONTEXT ( ( #4169 ) ) GLOBAL_UNIT_ASSIGNED_CONTEXT ( ( #1494, #2080, #5462 ) ) REPRESENTATION_CONTEXT ( 'NONE', 'WORKASPACE' ) );
#5348 = DIRECTION ( 'NONE',  ( 1.000000000000000000, 0.000000000000000000, 0.000000000000000000 ) ) ;
#5349 = CARTESIAN_POINT ( 'NONE',  ( 2.450000000000001510, -1.949999999999999512, 1.449999999999999956 ) ) ;
#5350 = ORIENTED_EDGE ( 'NONE', *, *, #4860, .F. ) ;
#5351 = SURFACE_STYLE_USAGE ( .BOTH. , #4250 ) ;
#5352 = VECTOR ( 'NONE', #3092, 1000.000000000000000 ) ;
#5353 = EDGE_LOOP ( 'NONE', ( #1376, #7235, #7312, #5988 ) ) ;
#5354 = VECTOR ( 'NONE', #1036, 1000.000000000000000 ) ;
#5355 =( NAMED_UNIT ( * ) PLANE_ANGLE_UNIT ( ) SI_UNIT ( $, .RADIAN. ) );
#5356 = ORIENTED_EDGE ( 'NONE', *, *, #1026, .T. ) ;
#5357 = FACE_OUTER_BOUND ( 'NONE', #2689, .T. ) ;
#5358 = FILL_AREA_STYLE_COLOUR ( '', #6550 ) ;
#5359 = FILL_AREA_STYLE ('',( #3618 ) ) ;
#5360 = CARTESIAN_POINT ( 'NONE',  ( -0.4199999999999984857, 2.358120395030566918, 1.308646010850337271 ) ) ;
#5361 = FACE_OUTER_BOUND ( 'NONE', #5063, .T. ) ;
#5362 = VERTEX_POINT ( 'NONE', #236 ) ;
#5363 = CARTESIAN_POINT ( 'NONE',  ( -2.119999999999998774, 2.236792614887840092, 0.9295906676744072339 ) ) ;
#5364 = SURFACE_STYLE_USAGE ( .BOTH. , #7178 ) ;
#5365 = ORIENTED_EDGE ( 'NONE', *, *, #3361, .F. ) ;
#5366 = EDGE_CURVE ( 'NONE', #5114, #3706, #5018, .T. ) ;
#5367 = DIRECTION ( 'NONE',  ( 0.9902680687415709171, 0.000000000000000000, -0.1391731009600616353 ) ) ;
#5368 = UNCERTAINTY_MEASURE_WITH_UNIT (LENGTH_MEASURE( 1.000000000000000082E-05 ), #4286, 'distance_accuracy_value', 'NONE');
#5369 =( LENGTH_UNIT ( ) NAMED_UNIT ( * ) SI_UNIT ( .MILLI., .METRE. ) );
#5370 = CARTESIAN_POINT ( 'NONE',  ( -2.119999999999998774, 2.708949121834177909, 1.250274496869775653 ) ) ;
#5371 =( LENGTH_UNIT ( ) NAMED_UNIT ( * ) SI_UNIT ( .MILLI., .METRE. ) );
#5372 =( NAMED_UNIT ( * ) PLANE_ANGLE_UNIT ( ) SI_UNIT ( $, .RADIAN. ) );
#5373 = FILL_AREA_STYLE_COLOUR ( '', #3765 ) ;
#5374 = DIRECTION ( 'NONE',  ( 0.000000000000000000, 0.000000000000000000, 1.000000000000000000 ) ) ;
#5375 = UNCERTAINTY_MEASURE_WITH_UNIT (LENGTH_MEASURE( 1.000000000000000082E-05 ), #6355, 'distance_accuracy_value', 'NONE');
#5376 = EDGE_CURVE ( 'NONE', #591, #1844, #4852, .T. ) ;
#5377 = PRESENTATION_LAYER_ASSIGNMENT (  '', '', ( #6246 ) ) ;
#5378 = STYLED_ITEM ( 'NONE', ( #4108 ), #2728 ) ;
#5379 = SURFACE_STYLE_FILL_AREA ( #7473 ) ;
#5380 = SURFACE_STYLE_USAGE ( .BOTH. , #1310 ) ;
#5381 = EDGE_LOOP ( 'NONE', ( #5195, #5025, #631, #2837, #6609, #4990, #2395 ) ) ;
#5382 = CARTESIAN_POINT ( 'NONE',  ( 0.8500000000000015321, -2.333719387524285427, 0.9596953461754694770 ) ) ;
#5383 = EDGE_LOOP ( 'NONE', ( #5623, #4708, #2772, #3406 ) ) ;
#5384 = SURFACE_STYLE_USAGE ( .BOTH. , #761 ) ;
#5385 = VERTEX_POINT ( 'NONE', #6160 ) ;
#5386 = CARTESIAN_POINT ( 'NONE',  ( 1.690000000000001723, -2.999999999999999556, 1.405000000000000027 ) ) ;
#5387 = AXIS2_PLACEMENT_3D ( 'NONE', #6330, #2806, #4024 ) ;
#5388 = MECHANICAL_DESIGN_GEOMETRIC_PRESENTATION_REPRESENTATION (  '', ( #1869 ), #6258 ) ;
#5389 = DIRECTION ( 'NONE',  ( 8.764496256919473623E-17, -0.9902680687415708061, -0.1391731009600619684 ) ) ;
#5390 = STYLED_ITEM ( 'NONE', ( #260 ), #4660 ) ;
#5391 = ORIENTED_EDGE ( 'NONE', *, *, #6821, .F. ) ;
#5392 =( NAMED_UNIT ( * ) PLANE_ANGLE_UNIT ( ) SI_UNIT ( $, .RADIAN. ) );
#5393 = CYLINDRICAL_SURFACE ( 'NONE', #5579, 0.3145906676743915886 ) ;
#5394 = DIRECTION ( 'NONE',  ( 0.000000000000000000, 0.000000000000000000, -1.000000000000000000 ) ) ;
#5395 = CARTESIAN_POINT ( 'NONE',  ( 1.690000000000001723, -2.236792614887839648, 0.6150000000000157563 ) ) ;
#5396 = ORIENTED_EDGE ( 'NONE', *, *, #2444, .T. ) ;
#5397 = VECTOR ( 'NONE', #5239, 1000.000000000000114 ) ;
#5398 = COLOUR_RGB ( '',0.7529411764705882248, 0.7529411764705882248, 0.7529411764705882248 ) ;
#5399 = CARTESIAN_POINT ( 'NONE',  ( -1.689999999999998392, -2.649999999999999911, 1.600525615819771152 ) ) ;
#5400 =( GEOMETRIC_REPRESENTATION_CONTEXT ( 3 ) GLOBAL_UNCERTAINTY_ASSIGNED_CONTEXT ( ( #2045 ) ) GLOBAL_UNIT_ASSIGNED_CONTEXT ( ( #6875, #3432, #7436 ) ) REPRESENTATION_CONTEXT ( 'NONE', 'WORKASPACE' ) );
#5401 = ORIENTED_EDGE ( 'NONE', *, *, #6288, .F. ) ;
#5402 = ADVANCED_FACE ( 'NONE', ( #6729 ), #3902, .T. ) ;
#5403 = SURFACE_SIDE_STYLE ('',( #3114 ) ) ;
#5404 = DIRECTION ( 'NONE',  ( 0.000000000000000000, 1.000000000000000000, 0.000000000000000000 ) ) ;
#5405 = ORIENTED_EDGE ( 'NONE', *, *, #4387, .T. ) ;
#5406 = COLOUR_RGB ( '',0.2509803921568627416, 0.2509803921568627416, 0.2509803921568627416 ) ;
#5407 = DIRECTION ( 'NONE',  ( 0.000000000000000000, -0.06975647374412130564, -0.9975640502598245307 ) ) ;
#5408 = VECTOR ( 'NONE', #4742, 1000.000000000000000 ) ;
#5409 = SURFACE_STYLE_USAGE ( .BOTH. , #7221 ) ;
#5410 = ORIENTED_EDGE ( 'NONE', *, *, #4534, .T. ) ;
#5411 =( NAMED_UNIT ( * ) SI_UNIT ( $, .STERADIAN. ) SOLID_ANGLE_UNIT ( ) );
#5412 = EDGE_CURVE ( 'NONE', #5906, #2059, #1587, .T. ) ;
#5413 = LINE ( 'NONE', #7130, #7297 ) ;
#5414 = CARTESIAN_POINT ( 'NONE',  ( 2.297327737236433798, -1.797327737236432021, 0.07619999999999998996 ) ) ;
#5415 = DIRECTION ( 'NONE',  ( 1.000000000000000000, -0.000000000000000000, -0.000000000000000000 ) ) ;
#5416 = FACE_OUTER_BOUND ( 'NONE', #4367, .T. ) ;
#5417 = CARTESIAN_POINT ( 'NONE',  ( -2.449999999999999734, 1.873799999999999688, 0.6150000000000157563 ) ) ;
#5418 = CARTESIAN_POINT ( 'NONE',  ( 2.449996426143394412, 1.874537999305285085, 0.8350254293110831449 ) ) ;
#5419 = ORIENTED_EDGE ( 'NONE', *, *, #4252, .T. ) ;
#5420 = SURFACE_STYLE_USAGE ( .BOTH. , #3217 ) ;
#5421 = UNCERTAINTY_MEASURE_WITH_UNIT (LENGTH_MEASURE( 1.000000000000000082E-05 ), #4465, 'distance_accuracy_value', 'NONE');
#5422 =( GEOMETRIC_REPRESENTATION_CONTEXT ( 3 ) GLOBAL_UNCERTAINTY_ASSIGNED_CONTEXT ( ( #5928 ) ) GLOBAL_UNIT_ASSIGNED_CONTEXT ( ( #900, #6182, #6731 ) ) REPRESENTATION_CONTEXT ( 'NONE', 'WORKASPACE' ) );
#5423 = EDGE_CURVE ( 'NONE', #1006, #3796, #606, .T. ) ;
#5424 = AXIS2_PLACEMENT_3D ( 'NONE', #6789, #5085, #2798 ) ;
#5425 =( NAMED_UNIT ( * ) SI_UNIT ( $, .STERADIAN. ) SOLID_ANGLE_UNIT ( ) );
#5426 = DIRECTION ( 'NONE',  ( 1.000000000000000000, 0.000000000000000000, 0.000000000000000000 ) ) ;
#5427 = FACE_OUTER_BOUND ( 'NONE', #4853, .T. ) ;
#5428 = MECHANICAL_DESIGN_GEOMETRIC_PRESENTATION_REPRESENTATION (  '', ( #2826 ), #3231 ) ;
#5429 = ORIENTED_EDGE ( 'NONE', *, *, #356, .F. ) ;
#5430 = STYLED_ITEM ( 'NONE', ( #4101 ), #25 ) ;
#5431 = COLOUR_RGB ( '',0.7529411764705882248, 0.7529411764705882248, 0.7529411764705882248 ) ;
#5432 = CARTESIAN_POINT ( 'NONE',  ( -2.119999999999998774, 2.699598551369565502, 1.383993884394061347 ) ) ;
#5433 = DIRECTION ( 'NONE',  ( 0.000000000000000000, -0.9975640502598241977, 0.06975647374412607959 ) ) ;
#5434 = CARTESIAN_POINT ( 'NONE',  ( 0.4200000000000015388, 2.358120395030566474, 1.308646010850337271 ) ) ;
#5435 = VECTOR ( 'NONE', #1460, 1000.000000000000000 ) ;
#5436 = ADVANCED_FACE ( 'NONE', ( #6015 ), #6659, .F. ) ;
#5437 = ORIENTED_EDGE ( 'NONE', *, *, #498, .T. ) ;
#5438 =( NAMED_UNIT ( * ) PLANE_ANGLE_UNIT ( ) SI_UNIT ( $, .RADIAN. ) );
#5439 = PRESENTATION_STYLE_ASSIGNMENT (( #259 ) ) ;
#5440 = FILL_AREA_STYLE_COLOUR ( '', #422 ) ;
#5441 = AXIS2_PLACEMENT_3D ( 'NONE', #1548, #3236, #294 ) ;
#5442 = DIRECTION ( 'NONE',  ( 1.000000000000000000, 0.000000000000000000, 0.000000000000000000 ) ) ;
#5443 =( GEOMETRIC_REPRESENTATION_CONTEXT ( 3 ) GLOBAL_UNCERTAINTY_ASSIGNED_CONTEXT ( ( #3307 ) ) GLOBAL_UNIT_ASSIGNED_CONTEXT ( ( #6216, #5602, #3336 ) ) REPRESENTATION_CONTEXT ( 'NONE', 'WORKASPACE' ) );
#5444 = CIRCLE ( 'NONE', #2242, 0.07619999999999998996 ) ;
#5445 = AXIS2_PLACEMENT_3D ( 'NONE', #2487, #4280, #4873 ) ;
#5446 = EDGE_LOOP ( 'NONE', ( #4437, #6439, #4933, #3449, #6468, #2567, #5834, #7004, #1427, #5688, #7397, #6079 ) ) ;
#5447 = SURFACE_STYLE_FILL_AREA ( #1765 ) ;
#5448 = COLOUR_RGB ( '',0.2509803921568627416, 0.2509803921568627416, 0.2509803921568627416 ) ;
#5449 = DIRECTION ( 'NONE',  ( 1.000000000000000000, -0.000000000000000000, -0.000000000000000000 ) ) ;
#5450 = CARTESIAN_POINT ( 'NONE',  ( -0.4199999999999984857, 3.000000000000000000, 1.405000000000000027 ) ) ;
#5451 = FILL_AREA_STYLE ('',( #7159 ) ) ;
#5452 = LINE ( 'NONE', #2303, #1758 ) ;
#5453 = DIRECTION ( 'NONE',  ( 1.000000000000000000, 0.000000000000000000, 0.000000000000000000 ) ) ;
#5454 = ORIENTED_EDGE ( 'NONE', *, *, #2984, .F. ) ;
#5455 = PRESENTATION_STYLE_ASSIGNMENT (( #3244 ) ) ;
#5456 = AXIS2_PLACEMENT_3D ( 'NONE', #2290, #6325, #2879 ) ;
#5457 =( NAMED_UNIT ( * ) SI_UNIT ( $, .STERADIAN. ) SOLID_ANGLE_UNIT ( ) );
#5458 = VECTOR ( 'NONE', #2543, 999.9999999999998863 ) ;
#5459 =( NAMED_UNIT ( * ) SI_UNIT ( $, .STERADIAN. ) SOLID_ANGLE_UNIT ( ) );
#5460 =( LENGTH_UNIT ( ) NAMED_UNIT ( * ) SI_UNIT ( .MILLI., .METRE. ) );
#5461 =( BOUNDED_CURVE ( )  B_SPLINE_CURVE ( 3, ( #5535, #4477, #2077, #1547 ),
 .UNSPECIFIED., .F., .T. ) 
 B_SPLINE_CURVE_WITH_KNOTS ( ( 4, 4 ),
 ( 2.365879671860808831, 3.917305635318760526 ),
 .UNSPECIFIED. ) 
 CURVE ( )  GEOMETRIC_REPRESENTATION_ITEM ( )  RATIONAL_B_SPLINE_CURVE ( ( 1.000000000000000000, 0.8092813118237114356, 0.8092813118237114356, 1.000000000000000000 ) ) 
 REPRESENTATION_ITEM ( '' )  );
#5462 =( NAMED_UNIT ( * ) SI_UNIT ( $, .STERADIAN. ) SOLID_ANGLE_UNIT ( ) );
#5463 = FILL_AREA_STYLE ('',( #4334 ) ) ;
#5464 = ORIENTED_EDGE ( 'NONE', *, *, #4804, .F. ) ;
#5465 = DIRECTION ( 'NONE',  ( 0.000000000000000000, 0.06975647374412130564, -0.9975640502598245307 ) ) ;
#5466 = VERTEX_POINT ( 'NONE', #929 ) ;
#5467 = MECHANICAL_DESIGN_GEOMETRIC_PRESENTATION_REPRESENTATION (  '', ( #3713 ), #2670 ) ;
#5468 = ORIENTED_EDGE ( 'NONE', *, *, #3762, .F. ) ;
#5469 = ORIENTED_EDGE ( 'NONE', *, *, #7396, .T. ) ;
#5470 = COLOUR_RGB ( '',0.2509803921568627416, 0.2509803921568627416, 0.2509803921568627416 ) ;
#5471 = ADVANCED_FACE ( 'NONE', ( #7088 ), #6277, .T. ) ;
#5472 = SURFACE_SIDE_STYLE ('',( #2919 ) ) ;
#5473 = ORIENTED_EDGE ( 'NONE', *, *, #7151, .T. ) ;
#5474 = EDGE_CURVE ( 'NONE', #3166, #1243, #6723, .T. ) ;
#5475 = COLOUR_RGB ( '',0.2509803921568627416, 0.2509803921568627416, 0.2509803921568627416 ) ;
#5476 = PRESENTATION_LAYER_ASSIGNMENT (  '', '', ( #4718 ) ) ;
#5477 = ORIENTED_EDGE ( 'NONE', *, *, #7096, .F. ) ;
#5479 = ORIENTED_EDGE ( 'NONE', *, *, #1481, .F. ) ;
#5478 = DIRECTION ( 'NONE',  ( 1.000000000000000000, 0.000000000000000000, 0.000000000000000000 ) ) ;
#5480 = SURFACE_SIDE_STYLE ('',( #4842 ) ) ;
#5481 = DIRECTION ( 'NONE',  ( -1.000000000000000000, -0.000000000000000000, -0.000000000000000000 ) ) ;
#5482 = AXIS2_PLACEMENT_3D ( 'NONE', #6497, #4281, #736 ) ;
#5483 = LINE ( 'NONE', #2336, #2604 ) ;
#5484 = STYLED_ITEM ( 'NONE', ( #7469 ), #4951 ) ;
#5485 = CARTESIAN_POINT ( 'NONE',  ( 0.4200000000000015388, -1.949999999999999734, 0.6150000000000157563 ) ) ;
#5486 = EDGE_LOOP ( 'NONE', ( #4815, #5204, #4756, #3717, #1663, #1789, #4968, #4154, #1050, #4046, #3770, #5132 ) ) ;
#5487 = VECTOR ( 'NONE', #1119, 1000.000000000000000 ) ;
#5488 = SURFACE_STYLE_FILL_AREA ( #1269 ) ;
#5489 = DIRECTION ( 'NONE',  ( 0.000000000000000000, 1.138269997360109734E-14, -1.000000000000000000 ) ) ;
#5490 = LINE ( 'NONE', #7341, #4444 ) ;
#5491 =( LENGTH_UNIT ( ) NAMED_UNIT ( * ) SI_UNIT ( .MILLI., .METRE. ) );
#5492 = CIRCLE ( 'NONE', #7079, 0.07620000000000000384 ) ;
#5493 = SURFACE_STYLE_USAGE ( .BOTH. , #6035 ) ;
#5494 = PLANE ( 'NONE',  #1475 ) ;
#5495 = EDGE_CURVE ( 'NONE', #6147, #6125, #2938, .T. ) ;
#5496 = FILL_AREA_STYLE_COLOUR ( '', #935 ) ;
#5497 = DIRECTION ( 'NONE',  ( 1.000000000000000000, 0.000000000000000000, 0.000000000000000000 ) ) ;
#5498 = COLOUR_RGB ( '',0.7529411764705882248, 0.7529411764705882248, 0.7529411764705882248 ) ;
#5499 = DIRECTION ( 'NONE',  ( 1.000000000000000000, 0.000000000000000000, 0.000000000000000000 ) ) ;
#5500 = ORIENTED_EDGE ( 'NONE', *, *, #1890, .F. ) ;
#5501 =( LENGTH_UNIT ( ) NAMED_UNIT ( * ) SI_UNIT ( .MILLI., .METRE. ) );
#5502 = DIRECTION ( 'NONE',  ( 0.000000000000000000, 1.000000000000000000, 0.000000000000000000 ) ) ;
#5503 = CARTESIAN_POINT ( 'NONE',  ( 0.4200000000000015388, 2.550616955507047923, 0.9076459320246326179 ) ) ;
#5504 = CARTESIAN_POINT ( 'NONE',  ( -1.689999999999998392, -2.236792614887840092, 0.9295906676744072339 ) ) ;
#5505 = EDGE_CURVE ( 'NONE', #23, #2893, #1504, .T. ) ;
#5506 = ADVANCED_FACE ( 'NONE', ( #4238 ), #5245, .T. ) ;
#5507 = AXIS2_PLACEMENT_3D ( 'NONE', #4826, #1371, #4900 ) ;
#5508 = LINE ( 'NONE', #911, #1197 ) ;
#5509 = CARTESIAN_POINT ( 'NONE',  ( 2.373800000000001909, -1.949999999999999512, 0.6150000000000157563 ) ) ;
#5510 = DIRECTION ( 'NONE',  ( 0.000000000000000000, -0.9975640502598241977, -0.06975647374412535795 ) ) ;
#5511 =( BOUNDED_CURVE ( )  B_SPLINE_CURVE ( 3, ( #4085, #6998, #1214, #104 ),
 .UNSPECIFIED., .F., .T. ) 
 B_SPLINE_CURVE_WITH_KNOTS ( ( 4, 4 ),
 ( 6.273500125511109360, 6.283185307179586232 ),
 .UNSPECIFIED. ) 
 CURVE ( )  GEOMETRIC_REPRESENTATION_ITEM ( )  RATIONAL_B_SPLINE_CURVE ( ( 1.000000000000000000, 0.9999921831199466427, 0.9999921831199466427, 1.000000000000000000 ) ) 
 REPRESENTATION_ITEM ( '' )  );
#5512 = DIRECTION ( 'NONE',  ( 0.000000000000000000, 2.845674993400274334E-15, 1.000000000000000000 ) ) ;
#5513 = DIRECTION ( 'NONE',  ( -1.000000000000000000, 1.138269997360120778E-14, 1.138269997360107840E-14 ) ) ;
#5514 = CARTESIAN_POINT ( 'NONE',  ( 0.4200000000000015388, -2.649999999999999467, 1.600525615819771152 ) ) ;
#5515 = CIRCLE ( 'NONE', #4763, 0.3145906676743915886 ) ;
#5516 = STYLED_ITEM ( 'NONE', ( #9 ), #6906 ) ;
#5517 = EDGE_CURVE ( 'NONE', #6172, #5317, #1061, .T. ) ;
#5518 = PRESENTATION_LAYER_ASSIGNMENT (  '', '', ( #5660 ) ) ;
#5519 = AXIS2_PLACEMENT_3D ( 'NONE', #3055, #3104, #5925 ) ;
#5520 = FILL_AREA_STYLE ('',( #303 ) ) ;
#5521 = SURFACE_SIDE_STYLE ('',( #2889 ) ) ;
#5522 = FILL_AREA_STYLE_COLOUR ( '', #3259 ) ;
#5523 = VERTEX_POINT ( 'NONE', #1199 ) ;
#5524 = FILL_AREA_STYLE_COLOUR ( '', #4988 ) ;
#5525 = FILL_AREA_STYLE ('',( #3752 ) ) ;
#5526 = VECTOR ( 'NONE', #7236, 1000.000000000000000 ) ;
#5527 = MECHANICAL_DESIGN_GEOMETRIC_PRESENTATION_REPRESENTATION (  '', ( #6065 ), #5907 ) ;
#5528 = SURFACE_STYLE_USAGE ( .BOTH. , #4299 ) ;
#5529 = AXIS2_PLACEMENT_3D ( 'NONE', #6512, #6464, #3032 ) ;
#5530 = ORIENTED_EDGE ( 'NONE', *, *, #3110, .T. ) ;
#5531 = VECTOR ( 'NONE', #5594, 1000.000000000000000 ) ;
#5532 = AXIS2_PLACEMENT_3D ( 'NONE', #6152, #2729, #7384 ) ;
#5533 = COLOUR_RGB ( '',0.7529411764705882248, 0.7529411764705882248, 0.7529411764705882248 ) ;
#5534 = FILL_AREA_STYLE ('',( #6093 ) ) ;
#5535 = CARTESIAN_POINT ( 'NONE',  ( 2.374537999305285751, -1.949996426143391526, 0.6149745706889138130 ) ) ;
#5536 = DIRECTION ( 'NONE',  ( 1.000000000000000000, 0.000000000000000000, 0.000000000000000000 ) ) ;
#5537 = VERTEX_POINT ( 'NONE', #1230 ) ;
#5538 = DIRECTION ( 'NONE',  ( 0.000000000000000000, 1.000000000000000000, 0.000000000000000000 ) ) ;
#5539 = SURFACE_STYLE_FILL_AREA ( #5093 ) ;
#5540 = VECTOR ( 'NONE', #3009, 1000.000000000000000 ) ;
#5541 = DIRECTION ( 'NONE',  ( 0.000000000000000000, -0.9975640502598241977, 0.06975647374412606572 ) ) ;
#5542 = PRESENTATION_LAYER_ASSIGNMENT (  '', '', ( #3486 ) ) ;
#5543 = FILL_AREA_STYLE ('',( #1012 ) ) ;
#5544 = EDGE_LOOP ( 'NONE', ( #2696, #4801, #4912, #618, #64, #3666 ) ) ;
#5545 = SURFACE_STYLE_USAGE ( .BOTH. , #4368 ) ;
#5546 = ADVANCED_FACE ( 'NONE', ( #7264 ), #2996, .F. ) ;
#5547 = FACE_OUTER_BOUND ( 'NONE', #4266, .T. ) ;
#5548 = ORIENTED_EDGE ( 'NONE', *, *, #7282, .T. ) ;
#5549 = AXIS2_PLACEMENT_3D ( 'NONE', #2674, #352, #5541 ) ;
#5550 = ORIENTED_EDGE ( 'NONE', *, *, #2874, .F. ) ;
#5551 = EDGE_CURVE ( 'NONE', #2979, #2135, #59, .T. ) ;
#5552 = CARTESIAN_POINT ( 'NONE',  ( -2.119999999999998774, -2.699598551369565502, 1.383993884394061347 ) ) ;
#5553 = UNCERTAINTY_MEASURE_WITH_UNIT (LENGTH_MEASURE( 1.000000000000000082E-05 ), #1899, 'distance_accuracy_value', 'NONE');
#5554 = VECTOR ( 'NONE', #2241, 1000.000000000000000 ) ;
#5555 =( NAMED_UNIT ( * ) SI_UNIT ( $, .STERADIAN. ) SOLID_ANGLE_UNIT ( ) );
#5556 = DIRECTION ( 'NONE',  ( 0.000000000000000000, 0.000000000000000000, -1.000000000000000000 ) ) ;
#5557 = CARTESIAN_POINT ( 'NONE',  ( 2.294869532383417177, 1.567584105694873609, 0.004827426891008628970 ) ) ;
#5558 = ORIENTED_EDGE ( 'NONE', *, *, #5775, .T. ) ;
#5559 = EDGE_CURVE ( 'NONE', #4294, #649, #4503, .T. ) ;
#5560 = AXIS2_PLACEMENT_3D ( 'NONE', #3456, #4758, #2372 ) ;
#5561 = EDGE_LOOP ( 'NONE', ( #5644, #1032, #861, #700 ) ) ;
#5562 = DIRECTION ( 'NONE',  ( 0.000000000000000000, 1.000000000000000000, 0.000000000000000000 ) ) ;
#5563 = CYLINDRICAL_SURFACE ( 'NONE', #6088, 0.07620000000000015650 ) ;
#5564 = ORIENTED_EDGE ( 'NONE', *, *, #4151, .T. ) ;
#5565 =( LENGTH_UNIT ( ) NAMED_UNIT ( * ) SI_UNIT ( .MILLI., .METRE. ) );
#5566 = VERTEX_POINT ( 'NONE', #2393 ) ;
#5567 =( NAMED_UNIT ( * ) PLANE_ANGLE_UNIT ( ) SI_UNIT ( $, .RADIAN. ) );
#5568 =( NAMED_UNIT ( * ) PLANE_ANGLE_UNIT ( ) SI_UNIT ( $, .RADIAN. ) );
#5569 = DIRECTION ( 'NONE',  ( 1.000000000000000000, 8.850629979473502314E-17, 0.000000000000000000 ) ) ;
#5570 = FACE_OUTER_BOUND ( 'NONE', #1790, .T. ) ;
#5571 = PLANE ( 'NONE',  #3100 ) ;
#5572 = EDGE_CURVE ( 'NONE', #1692, #2779, #6276, .T. ) ;
#5573 = VECTOR ( 'NONE', #109, 1000.000000000000000 ) ;
#5574 = FACE_OUTER_BOUND ( 'NONE', #5734, .T. ) ;
#5575 = DIRECTION ( 'NONE',  ( 0.000000000000000000, -1.000000000000000000, 0.000000000000000000 ) ) ;
#5576 = VERTEX_POINT ( 'NONE', #5169 ) ;
#5577 = ADVANCED_FACE ( 'NONE', ( #1412 ), #1169, .F. ) ;
#5578 = CARTESIAN_POINT ( 'NONE',  ( -0.4199999999999984857, -2.333719387524285871, 0.9596953461754694770 ) ) ;
#5579 = AXIS2_PLACEMENT_3D ( 'NONE', #7099, #197, #1439 ) ;
#5580 = COLOUR_RGB ( '',0.2509803921568627416, 0.2509803921568627416, 0.2509803921568627416 ) ;
#5581 = SURFACE_STYLE_USAGE ( .BOTH. , #2646 ) ;
#5582 =( LENGTH_UNIT ( ) NAMED_UNIT ( * ) SI_UNIT ( .MILLI., .METRE. ) );
#5583 = FACE_OUTER_BOUND ( 'NONE', #1695, .T. ) ;
#5584 = ADVANCED_FACE ( 'NONE', ( #5547 ), #5917, .F. ) ;
#5585 = LINE ( 'NONE', #6958, #2337 ) ;
#5586 = VECTOR ( 'NONE', #5122, 1000.000000000000000 ) ;
#5587 = CARTESIAN_POINT ( 'NONE',  ( 2.374046004575877777, -1.949999999999999289, 0.8349999999999859757 ) ) ;
#5588 = EDGE_LOOP ( 'NONE', ( #3238, #4351, #675 ) ) ;
#5589 = SURFACE_STYLE_USAGE ( .BOTH. , #1669 ) ;
#5590 = SURFACE_STYLE_FILL_AREA ( #6559 ) ;
#5591 = DIRECTION ( 'NONE',  ( 0.9902680687415708061, 0.000000000000000000, -0.1391731009600623292 ) ) ;
#5592 = VERTEX_POINT ( 'NONE', #2469 ) ;
#5593 = UNCERTAINTY_MEASURE_WITH_UNIT (LENGTH_MEASURE( 1.000000000000000082E-05 ), #1818, 'distance_accuracy_value', 'NONE');
#5594 = DIRECTION ( 'NONE',  ( 0.000000000000000000, -1.000000000000000000, 0.000000000000000000 ) ) ;
#5595 = FILL_AREA_STYLE ('',( #6735 ) ) ;
#5596 = EDGE_CURVE ( 'NONE', #2250, #7371, #2480, .T. ) ;
#5597 = PRESENTATION_STYLE_ASSIGNMENT (( #2865 ) ) ;
#5598 = STYLED_ITEM ( 'NONE', ( #2847 ), #1740 ) ;
#5599 = VERTEX_POINT ( 'NONE', #4226 ) ;
#5600 = VERTEX_POINT ( 'NONE', #3820 ) ;
#5601 = CARTESIAN_POINT ( 'NONE',  ( -2.449999999999999734, 1.949999999999999956, 1.449999999999999956 ) ) ;
#5602 =( NAMED_UNIT ( * ) PLANE_ANGLE_UNIT ( ) SI_UNIT ( $, .RADIAN. ) );
#5603 = CIRCLE ( 'NONE', #3928, 0.07620000000000000384 ) ;
#5604 =( NAMED_UNIT ( * ) PLANE_ANGLE_UNIT ( ) SI_UNIT ( $, .RADIAN. ) );
#5605 = ORIENTED_EDGE ( 'NONE', *, *, #1042, .T. ) ;
#5606 = MECHANICAL_DESIGN_GEOMETRIC_PRESENTATION_REPRESENTATION (  '', ( #4486 ), #7298 ) ;
#5607 = ORIENTED_EDGE ( 'NONE', *, *, #5505, .T. ) ;
#5608 = FACE_OUTER_BOUND ( 'NONE', #1101, .T. ) ;
#5609 = SURFACE_STYLE_FILL_AREA ( #5595 ) ;
#5610 = AXIS2_PLACEMENT_3D ( 'NONE', #5679, #4002, #4554 ) ;
#5611 = AXIS2_PLACEMENT_3D ( 'NONE', #2878, #1194, #5211 ) ;
#5612 = CARTESIAN_POINT ( 'NONE',  ( -1.850000000000000089, 0.7500000000000004441, 0.1000000000000000056 ) ) ;
#5613 = ADVANCED_FACE ( 'NONE', ( #4754 ), #5494, .F. ) ;
#5614 = CARTESIAN_POINT ( 'NONE',  ( -2.119999999999998774, 1.949999999999999956, 0.6150000000000157563 ) ) ;
#5615 = CARTESIAN_POINT ( 'NONE',  ( 1.690000000000001723, -2.358120395030566474, 1.308646010850337271 ) ) ;
#5616 = EDGE_LOOP ( 'NONE', ( #6094, #6154, #6308, #5091, #5028, #4778, #5080, #5558, #3389, #2903, #6763, #3500 ) ) ;
#5617 = COLOUR_RGB ( '',0.7529411764705882248, 0.7529411764705882248, 0.7529411764705882248 ) ;
#5618 = AXIS2_PLACEMENT_3D ( 'NONE', #5811, #1886, #7147 ) ;
#5619 = STYLED_ITEM ( 'NONE', ( #71 ), #490 ) ;
#5620 = LINE ( 'NONE', #6894, #6981 ) ;
#5621 = AXIS2_PLACEMENT_3D ( 'NONE', #6769, #1015, #3342 ) ;
#5622 = ADVANCED_FACE ( 'NONE', ( #3491 ), #5102, .T. ) ;
#5623 = ORIENTED_EDGE ( 'NONE', *, *, #5559, .F. ) ;
#5624 = DIRECTION ( 'NONE',  ( 0.000000000000000000, -0.9975640502598241977, 0.06975647374412607959 ) ) ;
#5625 = SURFACE_STYLE_FILL_AREA ( #5359 ) ;
#5626 = LINE ( 'NONE', #3843, #6448 ) ;
#5627 = ORIENTED_EDGE ( 'NONE', *, *, #5306, .F. ) ;
#5628 = DIRECTION ( 'NONE',  ( -1.000000000000000000, -0.000000000000000000, -0.000000000000000000 ) ) ;
#5629 = CARTESIAN_POINT ( 'NONE',  ( -0.8499999999999985345, -1.949999999999999734, 0.6150000000000157563 ) ) ;
#5630 = CARTESIAN_POINT ( 'NONE',  ( 2.416345885340954069, 1.840846632081212464, 0.3755427038825835395 ) ) ;
#5631 = LINE ( 'NONE', #3544, #4740 ) ;
#5632 = LINE ( 'NONE', #90, #2575 ) ;
#5633 = PRESENTATION_LAYER_ASSIGNMENT (  '', '', ( #5253 ) ) ;
#5634 = DIRECTION ( 'NONE',  ( 1.000000000000000000, 0.000000000000000000, 0.000000000000000000 ) ) ;
#5635 = SURFACE_STYLE_USAGE ( .BOTH. , #6814 ) ;
#5636 = EDGE_CURVE ( 'NONE', #3052, #3567, #6802, .T. ) ;
#5637 = VECTOR ( 'NONE', #6986, 1000.000000000000000 ) ;
#5638 = CARTESIAN_POINT ( 'NONE',  ( 1.690000000000001723, 1.949999999999999512, 0.6150000000000157563 ) ) ;
#5639 = DIRECTION ( 'NONE',  ( -1.000000000000000000, 0.000000000000000000, -0.000000000000000000 ) ) ;
#5640 = DIRECTION ( 'NONE',  ( 0.000000000000000000, 0.000000000000000000, -1.000000000000000000 ) ) ;
#5641 = CARTESIAN_POINT ( 'NONE',  ( -2.119999999999998774, -3.000000000000000000, 1.625000000000000000 ) ) ;
#5642 = UNCERTAINTY_MEASURE_WITH_UNIT (LENGTH_MEASURE( 1.000000000000000082E-05 ), #1132, 'distance_accuracy_value', 'NONE');
#5643 = UNCERTAINTY_MEASURE_WITH_UNIT (LENGTH_MEASURE( 1.000000000000000082E-05 ), #5830, 'distance_accuracy_value', 'NONE');
#5644 = ORIENTED_EDGE ( 'NONE', *, *, #3774, .T. ) ;
#5645 = EDGE_LOOP ( 'NONE', ( #3280, #5106, #6982, #1519 ) ) ;
#5646 = EDGE_CURVE ( 'NONE', #6039, #3686, #2671, .T. ) ;
#5647 = FILL_AREA_STYLE ('',( #2886 ) ) ;
#5648 = VERTEX_POINT ( 'NONE', #3196 ) ;
#5649 = FILL_AREA_STYLE_COLOUR ( '', #6343 ) ;
#5650 = LINE ( 'NONE', #350, #4158 ) ;
#5651 = ORIENTED_EDGE ( 'NONE', *, *, #3597, .F. ) ;
#5652 = VERTEX_POINT ( 'NONE', #4176 ) ;
#5653 = CIRCLE ( 'NONE', #5984, 0.07619999999999998996 ) ;
#5654 = CARTESIAN_POINT ( 'NONE',  ( -0.8499999999999985345, 2.708949121834177909, 1.250274496869775653 ) ) ;
#5655 = DIRECTION ( 'NONE',  ( 1.000000000000000000, 2.224004456380521903E-16, -0.000000000000000000 ) ) ;
#5656 = AXIS2_PLACEMENT_3D ( 'NONE', #2636, #957, #3296 ) ;
#5657 = STYLED_ITEM ( 'NONE', ( #4464 ), #6715 ) ;
#5658 = EDGE_CURVE ( 'NONE', #455, #2588, #3410, .T. ) ;
#5659 = CIRCLE ( 'NONE', #4689, 0.3145906676743914776 ) ;
#5660 = STYLED_ITEM ( 'NONE', ( #1925 ), #3421 ) ;
#5661 = FILL_AREA_STYLE ('',( #6696 ) ) ;
#5662 = AXIS2_PLACEMENT_3D ( 'NONE', #3229, #4347, #6629 ) ;
#5663 = VERTEX_POINT ( 'NONE', #1473 ) ;
#5664 = DIRECTION ( 'NONE',  ( 1.000000000000000000, 0.000000000000000000, 0.000000000000000000 ) ) ;
#5665 = PLANE ( 'NONE',  #6526 ) ;
#5666 = CARTESIAN_POINT ( 'NONE',  ( 1.690000000000001723, -2.999999999999999556, 1.405000000000000027 ) ) ;
#5667 = ADVANCED_FACE ( 'NONE', ( #4234 ), #2943, .T. ) ;
#5668 = EDGE_LOOP ( 'NONE', ( #3010, #1638, #6646, #4851 ) ) ;
#5669 = DIRECTION ( 'NONE',  ( 1.000000000000000000, 0.000000000000000000, 0.000000000000000000 ) ) ;
#5670 = AXIS2_PLACEMENT_3D ( 'NONE', #6844, #6873, #1053 ) ;
#5671 = CARTESIAN_POINT ( 'NONE',  ( 1.690000000000001723, 2.199999999999999734, 0.8349999999999843103 ) ) ;
#5672 = DIRECTION ( 'NONE',  ( 1.000000000000000000, 0.000000000000000000, 0.000000000000000000 ) ) ;
#5673 =( GEOMETRIC_REPRESENTATION_CONTEXT ( 3 ) GLOBAL_UNCERTAINTY_ASSIGNED_CONTEXT ( ( #3887 ) ) GLOBAL_UNIT_ASSIGNED_CONTEXT ( ( #5491, #5893, #2038 ) ) REPRESENTATION_CONTEXT ( 'NONE', 'WORKASPACE' ) );
#5674 = LINE ( 'NONE', #7168, #4179 ) ;
#5675 = CARTESIAN_POINT ( 'NONE',  ( 1.690000000000001723, -2.358120395030566474, 1.308646010850337271 ) ) ;
#5676 = PRESENTATION_STYLE_ASSIGNMENT (( #6405 ) ) ;
#5677 = LINE ( 'NONE', #4788, #1175 ) ;
#5678 = CIRCLE ( 'NONE', #3732, 0.1340459166400966851 ) ;
#5679 = CARTESIAN_POINT ( 'NONE',  ( 1.690000000000001723, 2.708949121834177465, 1.250274496869775653 ) ) ;
#5680 =( GEOMETRIC_REPRESENTATION_CONTEXT ( 3 ) GLOBAL_UNCERTAINTY_ASSIGNED_CONTEXT ( ( #715 ) ) GLOBAL_UNIT_ASSIGNED_CONTEXT ( ( #308, #6704, #6084 ) ) REPRESENTATION_CONTEXT ( 'NONE', 'WORKASPACE' ) );
#5681 = CARTESIAN_POINT ( 'NONE',  ( 2.373800000000001909, -1.949999999999999512, 1.449999999999999956 ) ) ;
#5682 = ORIENTED_EDGE ( 'NONE', *, *, #7013, .T. ) ;
#5683 =( LENGTH_UNIT ( ) NAMED_UNIT ( * ) SI_UNIT ( .MILLI., .METRE. ) );
#5684 = UNCERTAINTY_MEASURE_WITH_UNIT (LENGTH_MEASURE( 1.000000000000000082E-05 ), #1082, 'distance_accuracy_value', 'NONE');
#5685 = FILL_AREA_STYLE_COLOUR ( '', #2147 ) ;
#5686 = PRESENTATION_LAYER_ASSIGNMENT (  '', '', ( #4934 ) ) ;
#5687 = FACE_OUTER_BOUND ( 'NONE', #1485, .T. ) ;
#5688 = ORIENTED_EDGE ( 'NONE', *, *, #889, .F. ) ;
#5689 = CARTESIAN_POINT ( 'NONE',  ( 0.4200000000000015388, -2.671944735649774749, 1.286701275200562655 ) ) ;
#5690 = FILL_AREA_STYLE ('',( #39 ) ) ;
#5691 = ORIENTED_EDGE ( 'NONE', *, *, #102, .T. ) ;
#5692 = CIRCLE ( 'NONE', #3872, 0.1340459166400966851 ) ;
#5693 = VECTOR ( 'NONE', #3264, 1000.000000000000000 ) ;
#5694 = UNCERTAINTY_MEASURE_WITH_UNIT (LENGTH_MEASURE( 1.000000000000000082E-05 ), #3628, 'distance_accuracy_value', 'NONE');
#5695 = DIRECTION ( 'NONE',  ( 1.000000000000000000, 0.000000000000000000, 0.000000000000000000 ) ) ;
#5696 = ORIENTED_EDGE ( 'NONE', *, *, #578, .T. ) ;
#5697 = FACE_OUTER_BOUND ( 'NONE', #2519, .T. ) ;
#5698 = ADVANCED_FACE ( 'NONE', ( #3130 ), #2731, .F. ) ;
#5699 = ORIENTED_EDGE ( 'NONE', *, *, #2000, .T. ) ;
#5700 = DIRECTION ( 'NONE',  ( -1.000000000000000000, 0.000000000000000000, 0.000000000000000000 ) ) ;
#5701 = EDGE_CURVE ( 'NONE', #6793, #1545, #3577, .T. ) ;
#5702 = PRESENTATION_LAYER_ASSIGNMENT (  '', '', ( #2187 ) ) ;
#5703 = VERTEX_POINT ( 'NONE', #3874 ) ;
#5704 =( NAMED_UNIT ( * ) PLANE_ANGLE_UNIT ( ) SI_UNIT ( $, .RADIAN. ) );
#5705 = COLOUR_RGB ( '',0.7529411764705882248, 0.7529411764705882248, 0.7529411764705882248 ) ;
#5706 = ORIENTED_EDGE ( 'NONE', *, *, #1672, .T. ) ;
#5707 = FILL_AREA_STYLE_COLOUR ( '', #967 ) ;
#5708 = CARTESIAN_POINT ( 'NONE',  ( -2.344058824529250185, 1.917584105694873697, 0.3548274268910050488 ) ) ;
#5709 =( LENGTH_UNIT ( ) NAMED_UNIT ( * ) SI_UNIT ( .MILLI., .METRE. ) );
#5710 = ORIENTED_EDGE ( 'NONE', *, *, #3312, .F. ) ;
#5711 = EDGE_CURVE ( 'NONE', #7458, #7098, #5626, .T. ) ;
#5712 = VERTEX_POINT ( 'NONE', #4411 ) ;
#5713 = VECTOR ( 'NONE', #2327, 1000.000000000000000 ) ;
#5714 = CARTESIAN_POINT ( 'NONE',  ( -1.449999999999999956, 0.7500000000000004441, 0.05000000000000000278 ) ) ;
#5715 = SURFACE_STYLE_USAGE ( .BOTH. , #5814 ) ;
#5716 = EDGE_LOOP ( 'NONE', ( #5979, #3895, #5479, #6053 ) ) ;
#5717 = SURFACE_STYLE_FILL_AREA ( #1072 ) ;
#5718 = SURFACE_SIDE_STYLE ('',( #4322 ) ) ;
#5719 = PRESENTATION_LAYER_ASSIGNMENT (  '', '', ( #5237 ) ) ;
#5720 = PRODUCT_CONTEXT ( 'NONE', #2244, 'mechanical' ) ;
#5721 = SURFACE_STYLE_USAGE ( .BOTH. , #1697 ) ;
#5722 =( GEOMETRIC_REPRESENTATION_CONTEXT ( 3 ) GLOBAL_UNCERTAINTY_ASSIGNED_CONTEXT ( ( #2835 ) ) GLOBAL_UNIT_ASSIGNED_CONTEXT ( ( #4750, #6373, #2387 ) ) REPRESENTATION_CONTEXT ( 'NONE', 'WORKASPACE' ) );
#5723 = FILL_AREA_STYLE ('',( #5104 ) ) ;
#5724 = ORIENTED_EDGE ( 'NONE', *, *, #4335, .F. ) ;
#5725 = VECTOR ( 'NONE', #6515, 1000.000000000000000 ) ;
#5726 = CARTESIAN_POINT ( 'NONE',  ( 2.297327737236434242, 1.863567386658029568, 1.449999999999999956 ) ) ;
#5727 = SURFACE_STYLE_FILL_AREA ( #5661 ) ;
#5728 = EDGE_CURVE ( 'NONE', #2255, #2462, #2024, .T. ) ;
#5729 = ADVANCED_FACE ( 'NONE', ( #4745 ), #2108, .T. ) ;
#5730 = VERTEX_POINT ( 'NONE', #3290 ) ;
#5731 = UNCERTAINTY_MEASURE_WITH_UNIT (LENGTH_MEASURE( 1.000000000000000082E-05 ), #362, 'distance_accuracy_value', 'NONE');
#5732 = SURFACE_SIDE_STYLE ('',( #6445 ) ) ;
#5733 = CARTESIAN_POINT ( 'NONE',  ( 2.120000000000001439, -2.999999999999999556, 1.405000000000000027 ) ) ;
#5734 = EDGE_LOOP ( 'NONE', ( #2049, #5021, #6391, #6738 ) ) ;
#5735 = DIRECTION ( 'NONE',  ( 0.000000000000000000, 0.000000000000000000, -1.000000000000000000 ) ) ;
#5736 =( LENGTH_UNIT ( ) NAMED_UNIT ( * ) SI_UNIT ( .MILLI., .METRE. ) );
#5737 = ORIENTED_EDGE ( 'NONE', *, *, #1702, .F. ) ;
#5738 = CARTESIAN_POINT ( 'NONE',  ( 2.450000000000001510, -1.874046004575875779, 0.6150000000000170886 ) ) ;
#5739 = COLOUR_RGB ( '',0.2509803921568627416, 0.2509803921568627416, 0.2509803921568627416 ) ;
#5740 = ORIENTED_EDGE ( 'NONE', *, *, #5474, .F. ) ;
#5741 = DIRECTION ( 'NONE',  ( 1.138269997360109576E-14, -1.000000000000000000, 0.000000000000000000 ) ) ;
#5742 = EDGE_CURVE ( 'NONE', #6199, #3985, #1365, .T. ) ;
#5743 = EDGE_LOOP ( 'NONE', ( #2756, #2013, #3957, #1586 ) ) ;
#5744 = MECHANICAL_DESIGN_GEOMETRIC_PRESENTATION_REPRESENTATION (  '', ( #2267 ), #1464 ) ;
#5745 = DIRECTION ( 'NONE',  ( 1.000000000000000000, 0.000000000000000000, 0.000000000000000000 ) ) ;
#5746 = VERTEX_POINT ( 'NONE', #5015 ) ;
#5747 = SURFACE_STYLE_USAGE ( .BOTH. , #1755 ) ;
#5748 = VECTOR ( 'NONE', #6371, 1000.000000000000000 ) ;
#5749 = PLANE ( 'NONE',  #1134 ) ;
#5750 = CARTESIAN_POINT ( 'NONE',  ( -0.8499999999999985345, 2.200000000000000178, 0.8349999999999843103 ) ) ;
#5751 = AXIS2_PLACEMENT_3D ( 'NONE', #6965, #2948, #5255 ) ;
#5752 = EDGE_CURVE ( 'NONE', #6920, #5260, #5894, .T. ) ;
#5753 =( GEOMETRIC_REPRESENTATION_CONTEXT ( 3 ) GLOBAL_UNCERTAINTY_ASSIGNED_CONTEXT ( ( #7354 ) ) GLOBAL_UNIT_ASSIGNED_CONTEXT ( ( #2180, #2860, #7374 ) ) REPRESENTATION_CONTEXT ( 'NONE', 'WORKASPACE' ) );
#5754 = ORIENTED_EDGE ( 'NONE', *, *, #2166, .T. ) ;
#5755 = PRESENTATION_LAYER_ASSIGNMENT (  '', '', ( #2817 ) ) ;
#5756 = DIRECTION ( 'NONE',  ( 0.000000000000000000, 0.000000000000000000, 1.000000000000000000 ) ) ;
#5757 = CARTESIAN_POINT ( 'NONE',  ( 2.377329439946995304, -1.801871013108885977, 0.09792209729013869046 ) ) ;
#5758 = SURFACE_SIDE_STYLE ('',( #6477 ) ) ;
#5759 = FILL_AREA_STYLE ('',( #504 ) ) ;
#5760 = ORIENTED_EDGE ( 'NONE', *, *, #5728, .F. ) ;
#5761 = ADVANCED_FACE ( 'NONE', ( #6985, #3951 ), #553, .T. ) ;
#5762 = PRESENTATION_STYLE_ASSIGNMENT (( #3692 ) ) ;
#5763 = AXIS2_PLACEMENT_3D ( 'NONE', #5714, #5784, #3013 ) ;
#5764 = AXIS2_PLACEMENT_3D ( 'NONE', #2288, #6318, #5207 ) ;
#5765 = VECTOR ( 'NONE', #5300, 1000.000000000000000 ) ;
#5766 = VECTOR ( 'NONE', #2219, 1000.000000000000000 ) ;
#5767 = CARTESIAN_POINT ( 'NONE',  ( 2.120000000000001439, 2.550616955507047923, 0.9076459320246326179 ) ) ;
#5768 = CARTESIAN_POINT ( 'NONE',  ( 1.690000000000001723, -2.708949121834177465, 1.250274496869775653 ) ) ;
#5769 = DIRECTION ( 'NONE',  ( -0.000000000000000000, 0.9975640502598244197, 0.06975647374412252688 ) ) ;
#5770 = ORIENTED_EDGE ( 'NONE', *, *, #3453, .F. ) ;
#5771 =( GEOMETRIC_REPRESENTATION_CONTEXT ( 3 ) GLOBAL_UNCERTAINTY_ASSIGNED_CONTEXT ( ( #3218 ) ) GLOBAL_UNIT_ASSIGNED_CONTEXT ( ( #6725, #4467, #3967 ) ) REPRESENTATION_CONTEXT ( 'NONE', 'WORKASPACE' ) );
#5772 = DIRECTION ( 'NONE',  ( 1.000000000000000000, 0.000000000000000000, 0.000000000000000000 ) ) ;
#5773 = ORIENTED_EDGE ( 'NONE', *, *, #5120, .T. ) ;
#5774 = UNCERTAINTY_MEASURE_WITH_UNIT (LENGTH_MEASURE( 1.000000000000000082E-05 ), #3927, 'distance_accuracy_value', 'NONE');
#5775 = EDGE_CURVE ( 'NONE', #966, #6240, #6087, .T. ) ;
#5776 = FILL_AREA_STYLE_COLOUR ( '', #5013 ) ;
#5777 = DIRECTION ( 'NONE',  ( -1.000000000000000000, 0.000000000000000000, 0.000000000000000000 ) ) ;
#5778 = ORIENTED_EDGE ( 'NONE', *, *, #6674, .F. ) ;
#5779 =( NAMED_UNIT ( * ) SI_UNIT ( $, .STERADIAN. ) SOLID_ANGLE_UNIT ( ) );
#5780 = COLOUR_RGB ( '',0.7921568627450980005, 0.8196078431372548767, 0.9333333333333333481 ) ;
#5781 = VERTEX_POINT ( 'NONE', #480 ) ;
#5782 = CYLINDRICAL_SURFACE ( 'NONE', #4407, 0.3145906676743915886 ) ;
#5783 = SURFACE_STYLE_FILL_AREA ( #69 ) ;
#5784 = DIRECTION ( 'NONE',  ( 0.000000000000000000, 0.000000000000000000, -1.000000000000000000 ) ) ;
#5785 = EDGE_CURVE ( 'NONE', #23, #2857, #2660, .T. ) ;
#5786 = FACE_OUTER_BOUND ( 'NONE', #5486, .T. ) ;
#5787 =( NAMED_UNIT ( * ) SI_UNIT ( $, .STERADIAN. ) SOLID_ANGLE_UNIT ( ) );
#5788 = CIRCLE ( 'NONE', #5519, 0.07619999999999994833 ) ;
#5789 = SURFACE_STYLE_USAGE ( .BOTH. , #3479 ) ;
#5790 = LINE ( 'NONE', #1701, #2366 ) ;
#5791 = DIRECTION ( 'NONE',  ( 0.000000000000000000, 0.000000000000000000, -1.000000000000000000 ) ) ;
#5792 = DIRECTION ( 'NONE',  ( 1.000000000000000000, 0.000000000000000000, 0.000000000000000000 ) ) ;
#5793 =( LENGTH_UNIT ( ) NAMED_UNIT ( * ) SI_UNIT ( .MILLI., .METRE. ) );
#5794 = VECTOR ( 'NONE', #3728, 1000.000000000000000 ) ;
#5795 = CARTESIAN_POINT ( 'NONE',  ( 2.449570726820020639, 1.918490299558756940, 0.6119455626125460679 ) ) ;
#5796 = VECTOR ( 'NONE', #6764, 1000.000000000000000 ) ;
#5797 = ORIENTED_EDGE ( 'NONE', *, *, #3562, .F. ) ;
#5798 = EDGE_CURVE ( 'NONE', #2581, #1995, #7071, .T. ) ;
#5799 = AXIS2_PLACEMENT_3D ( 'NONE', #7047, #1317, #3066 ) ;
#5800 = ADVANCED_FACE ( 'NONE', ( #4415 ), #2033, .T. ) ;
#5801 = AXIS2_PLACEMENT_3D ( 'NONE', #7372, #5026, #3355 ) ;
#5802 =( NAMED_UNIT ( * ) SI_UNIT ( $, .STERADIAN. ) SOLID_ANGLE_UNIT ( ) );
#5803 = ORIENTED_EDGE ( 'NONE', *, *, #1231, .T. ) ;
#5804 = SURFACE_STYLE_USAGE ( .BOTH. , #2923 ) ;
#5805 = VECTOR ( 'NONE', #1539, 1000.000000000000000 ) ;
#5806 =( NAMED_UNIT ( * ) PLANE_ANGLE_UNIT ( ) SI_UNIT ( $, .RADIAN. ) );
#5807 = SURFACE_SIDE_STYLE ('',( #5447 ) ) ;
#5808 = AXIS2_PLACEMENT_3D ( 'NONE', #7141, #4839, #6041 ) ;
#5809 = EDGE_CURVE ( 'NONE', #6064, #159, #2964, .T. ) ;
#5810 = CIRCLE ( 'NONE', #4218, 0.1340459166400967961 ) ;
#5811 = CARTESIAN_POINT ( 'NONE',  ( 2.373800000000001909, -1.873799999999999244, 1.449999999999999956 ) ) ;
#5812 = AXIS2_PLACEMENT_3D ( 'NONE', #5768, #2314, #6360 ) ;
#5813 = EDGE_LOOP ( 'NONE', ( #4821, #3802, #5944, #163 ) ) ;
#5814 = SURFACE_SIDE_STYLE ('',( #743 ) ) ;
#5815 = DIRECTION ( 'NONE',  ( 0.000000000000000000, 0.000000000000000000, 1.000000000000000000 ) ) ;
#5816 = PRESENTATION_STYLE_ASSIGNMENT (( #6959 ) ) ;
#5817 = SURFACE_SIDE_STYLE ('',( #1003 ) ) ;
#5818 = CARTESIAN_POINT ( 'NONE',  ( -1.689999999999998392, -2.358120395030566918, 1.308646010850337271 ) ) ;
#5819 = PRESENTATION_LAYER_ASSIGNMENT (  '', '', ( #6597 ) ) ;
#5820 = CIRCLE ( 'NONE', #1643, 0.1340459166400966851 ) ;
#5821 = CARTESIAN_POINT ( 'NONE',  ( 1.690000000000001723, -2.699598551369565058, 1.383993884394061347 ) ) ;
#5822 =( GEOMETRIC_REPRESENTATION_CONTEXT ( 3 ) GLOBAL_UNCERTAINTY_ASSIGNED_CONTEXT ( ( #3411 ) ) GLOBAL_UNIT_ASSIGNED_CONTEXT ( ( #6481, #3105, #1949 ) ) REPRESENTATION_CONTEXT ( 'NONE', 'WORKASPACE' ) );
#5823 = CARTESIAN_POINT ( 'NONE',  ( 2.120000000000001439, 2.649999999999999467, 1.600525615819771152 ) ) ;
#5824 = ORIENTED_EDGE ( 'NONE', *, *, #3785, .F. ) ;
#5825 = CARTESIAN_POINT ( 'NONE',  ( 2.297327737236434242, 0.000000000000000000, 1.373799999999999910 ) ) ;
#5826 = ORIENTED_EDGE ( 'NONE', *, *, #193, .T. ) ;
#5827 = VERTEX_POINT ( 'NONE', #4518 ) ;
#5828 = FILL_AREA_STYLE ('',( #74 ) ) ;
#5829 = UNCERTAINTY_MEASURE_WITH_UNIT (LENGTH_MEASURE( 1.000000000000000082E-05 ), #2990, 'distance_accuracy_value', 'NONE');
#5830 =( LENGTH_UNIT ( ) NAMED_UNIT ( * ) SI_UNIT ( .MILLI., .METRE. ) );
#5831 = PRESENTATION_LAYER_ASSIGNMENT (  '', '', ( #3006 ) ) ;
#5832 = VERTEX_POINT ( 'NONE', #5163 ) ;
#5833 = VECTOR ( 'NONE', #709, 1000.000000000000000 ) ;
#5834 = ORIENTED_EDGE ( 'NONE', *, *, #3378, .T. ) ;
#5835 = CARTESIAN_POINT ( 'NONE',  ( -0.8499999999999985345, -3.000000000000000000, 1.625000000000000000 ) ) ;
#5836 = SURFACE_STYLE_FILL_AREA ( #5270 ) ;
#5837 =( NAMED_UNIT ( * ) SI_UNIT ( $, .STERADIAN. ) SOLID_ANGLE_UNIT ( ) );
#5838 =( LENGTH_UNIT ( ) NAMED_UNIT ( * ) SI_UNIT ( .MILLI., .METRE. ) );
#5839 = FILL_AREA_STYLE_COLOUR ( '', #901 ) ;
#5840 = ORIENTED_EDGE ( 'NONE', *, *, #2307, .F. ) ;
#5841 =( NAMED_UNIT ( * ) SI_UNIT ( $, .STERADIAN. ) SOLID_ANGLE_UNIT ( ) );
#5842 = PRESENTATION_STYLE_ASSIGNMENT (( #2855 ) ) ;
#5843 = ORIENTED_EDGE ( 'NONE', *, *, #551, .F. ) ;
#5844 = CARTESIAN_POINT ( 'NONE',  ( -0.8499999999999985345, -2.671944735649775193, 1.286701275200562655 ) ) ;
#5845 = EDGE_CURVE ( 'NONE', #2135, #6120, #5124, .T. ) ;
#5846 = SPHERICAL_SURFACE ( 'NONE', #5532, 0.07619999999999998996 ) ;
#5847 = AXIS2_PLACEMENT_3D ( 'NONE', #1114, #5157, #1708 ) ;
#5848 = CARTESIAN_POINT ( 'NONE',  ( 2.120000000000001439, 2.708949121834177465, 1.250274496869775653 ) ) ;
#5849 = SURFACE_SIDE_STYLE ('',( #5783 ) ) ;
#5850 = CARTESIAN_POINT ( 'NONE',  ( 2.244632334872440182, 1.820090761710546845, 1.759352260782781174 ) ) ;
#5851 = MECHANICAL_DESIGN_GEOMETRIC_PRESENTATION_REPRESENTATION (  '', ( #6806 ), #76 ) ;
#5852 = EDGE_CURVE ( 'NONE', #2495, #6952, #2852, .T. ) ;
#5853 = AXIS2_PLACEMENT_3D ( 'NONE', #5504, #386, #977 ) ;
#5854 =( NAMED_UNIT ( * ) PLANE_ANGLE_UNIT ( ) SI_UNIT ( $, .RADIAN. ) );
#5855 =( LENGTH_UNIT ( ) NAMED_UNIT ( * ) SI_UNIT ( .MILLI., .METRE. ) );
#5856 = EDGE_LOOP ( 'NONE', ( #4511, #6298, #5464, #6620 ) ) ;
#5857 = CARTESIAN_POINT ( 'NONE',  ( 1.690000000000001723, -1.949999999999999512, 0.6150000000000157563 ) ) ;
#5858 = CARTESIAN_POINT ( 'NONE',  ( -2.282869896592604864, 1.782869896592605752, -0.02667288156814372549 ) ) ;
#5859 = DIRECTION ( 'NONE',  ( 0.000000000000000000, -0.000000000000000000, 1.000000000000000000 ) ) ;
#5860 = LINE ( 'NONE', #3284, #6411 ) ;
#5861 = CARTESIAN_POINT ( 'NONE',  ( 1.690000000000001723, 2.550616955507047923, 0.9076459320246326179 ) ) ;
#5862 = SURFACE_SIDE_STYLE ('',( #5836 ) ) ;
#5863 = AXIS2_PLACEMENT_3D ( 'NONE', #540, #560, #1152 ) ;
#5864 = STYLED_ITEM ( 'NONE', ( #4530 ), #412 ) ;
#5865 = STYLED_ITEM ( 'NONE', ( #1696 ), #5014 ) ;
#5866 = SURFACE_STYLE_USAGE ( .BOTH. , #7059 ) ;
#5867 = LINE ( 'NONE', #4726, #4635 ) ;
#5868 = VERTEX_POINT ( 'NONE', #3402 ) ;
#5869 = UNCERTAINTY_MEASURE_WITH_UNIT (LENGTH_MEASURE( 1.000000000000000082E-05 ), #2503, 'distance_accuracy_value', 'NONE');
#5870 = LINE ( 'NONE', #4567, #6603 ) ;
#5871 = UNCERTAINTY_MEASURE_WITH_UNIT (LENGTH_MEASURE( 1.000000000000000082E-05 ), #5855, 'distance_accuracy_value', 'NONE');
#5872 = DIRECTION ( 'NONE',  ( -1.000000000000000000, -0.000000000000000000, 0.000000000000000000 ) ) ;
#5873 = CARTESIAN_POINT ( 'NONE',  ( -2.119999999999998774, 2.236792614887840092, 0.9295906676744072339 ) ) ;
#5874 = EDGE_CURVE ( 'NONE', #1372, #610, #4575, .T. ) ;
#5875 = ORIENTED_EDGE ( 'NONE', *, *, #5335, .F. ) ;
#5876 = VECTOR ( 'NONE', #6680, 1000.000000000000227 ) ;
#5877 = CYLINDRICAL_SURFACE ( 'NONE', #4350, 0.07620000000000015650 ) ;
#5878 = CARTESIAN_POINT ( 'NONE',  ( -1.689999999999998392, -2.708949121834177909, 1.250274496869775653 ) ) ;
#5879 = FILL_AREA_STYLE ('',( #3705 ) ) ;
#5880 = CARTESIAN_POINT ( 'NONE',  ( -2.372786164074538906, -1.797327737236432466, 0.06559500970684327414 ) ) ;
#5881 = ORIENTED_EDGE ( 'NONE', *, *, #6539, .F. ) ;
#5882 = VECTOR ( 'NONE', #3760, 1000.000000000000000 ) ;
#5883 = CARTESIAN_POINT ( 'NONE',  ( 1.590748275412404479E-16, -1.797327737236432244, 0.000000000000000000 ) ) ;
#5884 = EDGE_LOOP ( 'NONE', ( #6281, #4699, #5197, #4491, #7465, #4483, #7333, #6588, #3512, #1525, #3084, #865 ) ) ;
#5885 = CIRCLE ( 'NONE', #890, 0.07620000000000000384 ) ;
#5886 = PLANE ( 'NONE',  #323 ) ;
#5887 = CARTESIAN_POINT ( 'NONE',  ( 0.4200000000000015388, -2.999999999999999556, 1.405000000000000027 ) ) ;
#5888 = EDGE_CURVE ( 'NONE', #5385, #5868, #7349, .T. ) ;
#5889 =( NAMED_UNIT ( * ) SI_UNIT ( $, .STERADIAN. ) SOLID_ANGLE_UNIT ( ) );
#5890 = MECHANICAL_DESIGN_GEOMETRIC_PRESENTATION_REPRESENTATION (  '', ( #4934 ), #3400 ) ;
#5891 = CYLINDRICAL_SURFACE ( 'NONE', #559, 0.07620000000000015650 ) ;
#5892 = ORIENTED_EDGE ( 'NONE', *, *, #7300, .F. ) ;
#5893 =( NAMED_UNIT ( * ) PLANE_ANGLE_UNIT ( ) SI_UNIT ( $, .RADIAN. ) );
#5894 = LINE ( 'NONE', #376, #313 ) ;
#5895 = FILL_AREA_STYLE_COLOUR ( '', #5346 ) ;
#5896 = FACE_OUTER_BOUND ( 'NONE', #228, .T. ) ;
#5897 = CARTESIAN_POINT ( 'NONE',  ( -0.4199999999999984857, -3.000000000000000000, 1.625000000000000000 ) ) ;
#5898 =( GEOMETRIC_REPRESENTATION_CONTEXT ( 3 ) GLOBAL_UNCERTAINTY_ASSIGNED_CONTEXT ( ( #5642 ) ) GLOBAL_UNIT_ASSIGNED_CONTEXT ( ( #1132, #1704, #1180 ) ) REPRESENTATION_CONTEXT ( 'NONE', 'WORKASPACE' ) );
#5899 = EDGE_CURVE ( 'NONE', #6340, #4908, #7437, .T. ) ;
#5900 = MECHANICAL_DESIGN_GEOMETRIC_PRESENTATION_REPRESENTATION (  '', ( #1241 ), #6290 ) ;
#5901 = MECHANICAL_DESIGN_GEOMETRIC_PRESENTATION_REPRESENTATION (  '', ( #2817 ), #7167 ) ;
#5902 = PRESENTATION_STYLE_ASSIGNMENT (( #1850 ) ) ;
#5903 = VERTEX_POINT ( 'NONE', #5210 ) ;
#5904 = DIRECTION ( 'NONE',  ( 1.000000000000000000, -0.000000000000000000, -0.000000000000000000 ) ) ;
#5905 = PRESENTATION_STYLE_ASSIGNMENT (( #549 ) ) ;
#5906 = VERTEX_POINT ( 'NONE', #112 ) ;
#5907 =( GEOMETRIC_REPRESENTATION_CONTEXT ( 3 ) GLOBAL_UNCERTAINTY_ASSIGNED_CONTEXT ( ( #5829 ) ) GLOBAL_UNIT_ASSIGNED_CONTEXT ( ( #2990, #1823, #7006 ) ) REPRESENTATION_CONTEXT ( 'NONE', 'WORKASPACE' ) );
#5908 = EDGE_CURVE ( 'NONE', #4514, #326, #5631, .T. ) ;
#5909 = AXIS2_PLACEMENT_3D ( 'NONE', #1145, #6895, #3470 ) ;
#5910 = CARTESIAN_POINT ( 'NONE',  ( -2.119999999999998774, 3.000000000000000000, 1.405000000000000027 ) ) ;
#5911 = VERTEX_POINT ( 'NONE', #2902 ) ;
#5912 = SURFACE_STYLE_FILL_AREA ( #2869 ) ;
#5913 = DIRECTION ( 'NONE',  ( 0.000000000000000000, 0.000000000000000000, 1.000000000000000000 ) ) ;
#5914 = UNCERTAINTY_MEASURE_WITH_UNIT (LENGTH_MEASURE( 1.000000000000000082E-05 ), #4212, 'distance_accuracy_value', 'NONE');
#5915 = VERTEX_POINT ( 'NONE', #4724 ) ;
#5916 = VECTOR ( 'NONE', #1549, 1000.000000000000227 ) ;
#5917 = PLANE ( 'NONE',  #948 ) ;
#5918 = EDGE_LOOP ( 'NONE', ( #794, #179, #1353, #6446 ) ) ;
#5919 = VERTEX_POINT ( 'NONE', #6926 ) ;
#5920 = DIRECTION ( 'NONE',  ( -1.000000000000000000, -0.000000000000000000, -0.000000000000000000 ) ) ;
#5921 = STYLED_ITEM ( 'NONE', ( #807 ), #1165 ) ;
#5922 = FACE_OUTER_BOUND ( 'NONE', #6028, .T. ) ;
#5923 = CARTESIAN_POINT ( 'NONE',  ( -1.689999999999998392, 2.236792614887840092, 0.9295906676744072339 ) ) ;
#5924 = EDGE_CURVE ( 'NONE', #3341, #1995, #4134, .T. ) ;
#5925 = DIRECTION ( 'NONE',  ( 0.000000000000000000, 0.9902680687415708061, 0.1391731009600619962 ) ) ;
#5926 = DIRECTION ( 'NONE',  ( 0.000000000000000000, 0.9975640502598241977, -0.06975647374412535795 ) ) ;
#5927 = ORIENTED_EDGE ( 'NONE', *, *, #4196, .F. ) ;
#5928 = UNCERTAINTY_MEASURE_WITH_UNIT (LENGTH_MEASURE( 1.000000000000000082E-05 ), #900, 'distance_accuracy_value', 'NONE');
#5929 = CIRCLE ( 'NONE', #5445, 0.3145906676743915886 ) ;
#5930 = ORIENTED_EDGE ( 'NONE', *, *, #2166, .F. ) ;
#5931 =( NAMED_UNIT ( * ) PLANE_ANGLE_UNIT ( ) SI_UNIT ( $, .RADIAN. ) );
#5932 = VECTOR ( 'NONE', #3473, 1000.000000000000000 ) ;
#5933 = CARTESIAN_POINT ( 'NONE',  ( -2.119999999999998774, -2.699598551369565502, 1.383993884394061347 ) ) ;
#5934 = STYLED_ITEM ( 'NONE', ( #6012 ), #1698 ) ;
#5935 = DIRECTION ( 'NONE',  ( 0.000000000000000000, 0.06975647374412254076, 0.9975640502598245307 ) ) ;
#5936 =( NAMED_UNIT ( * ) SI_UNIT ( $, .STERADIAN. ) SOLID_ANGLE_UNIT ( ) );
#5937 = EDGE_CURVE ( 'NONE', #1792, #5323, #3393, .T. ) ;
#5938 = CIRCLE ( 'NONE', #6930, 0.3145906676743914776 ) ;
#5939 = COLOUR_RGB ( '',0.7529411764705882248, 0.7529411764705882248, 0.7529411764705882248 ) ;
#5940 =( NAMED_UNIT ( * ) SI_UNIT ( $, .STERADIAN. ) SOLID_ANGLE_UNIT ( ) );
#5941 =( LENGTH_UNIT ( ) NAMED_UNIT ( * ) SI_UNIT ( .MILLI., .METRE. ) );
#5942 = CARTESIAN_POINT ( 'NONE',  ( -1.689999999999998392, -2.575229734309892216, 1.259625067334387394 ) ) ;
#5943 = CARTESIAN_POINT ( 'NONE',  ( -2.449999999999999734, 1.874046004575876223, 0.6150000000000173106 ) ) ;
#5944 = ORIENTED_EDGE ( 'NONE', *, *, #6718, .F. ) ;
#5945 = PRESENTATION_STYLE_ASSIGNMENT (( #1469 ) ) ;
#5946 = CYLINDRICAL_SURFACE ( 'NONE', #5529, 0.07620000000000000384 ) ;
#5947 = FILL_AREA_STYLE_COLOUR ( '', #7035 ) ;
#5948 = LINE ( 'NONE', #3429, #3348 ) ;
#5949 = EDGE_CURVE ( 'NONE', #3706, #5915, #3210, .T. ) ;
#5950 = ORIENTED_EDGE ( 'NONE', *, *, #1461, .T. ) ;
#5951 = MECHANICAL_DESIGN_GEOMETRIC_PRESENTATION_REPRESENTATION (  '', ( #646 ), #20 ) ;
#5952 = FILL_AREA_STYLE_COLOUR ( '', #3168 ) ;
#5953 =( LENGTH_UNIT ( ) NAMED_UNIT ( * ) SI_UNIT ( .MILLI., .METRE. ) );
#5954 = SURFACE_SIDE_STYLE ('',( #1646 ) ) ;
#5955 =( LENGTH_UNIT ( ) NAMED_UNIT ( * ) SI_UNIT ( .MILLI., .METRE. ) );
#5956 = VECTOR ( 'NONE', #3549, 1000.000000000000000 ) ;
#5957 = COLOUR_RGB ( '',0.7529411764705882248, 0.7529411764705882248, 0.7529411764705882248 ) ;
#5958 = MECHANICAL_DESIGN_GEOMETRIC_PRESENTATION_REPRESENTATION (  '', ( #4418 ), #4546 ) ;
#5959 = EDGE_CURVE ( 'NONE', #4010, #649, #2572, .T. ) ;
#5960 = STYLED_ITEM ( 'NONE', ( #1285 ), #4100 ) ;
#5961 = DIRECTION ( 'NONE',  ( 1.000000000000000000, 0.000000000000000000, 0.000000000000000000 ) ) ;
#5962 = CYLINDRICAL_SURFACE ( 'NONE', #1044, 0.07620000000000015650 ) ;
#5963 = ORIENTED_EDGE ( 'NONE', *, *, #3855, .F. ) ;
#5964 = CARTESIAN_POINT ( 'NONE',  ( 2.120000000000001439, -2.999999999999999556, 1.625000000000000000 ) ) ;
#5965 = ADVANCED_FACE ( 'NONE', ( #6625 ), #1795, .F. ) ;
#5966 = EDGE_LOOP ( 'NONE', ( #3028, #4749, #6849, #274, #2279, #7091 ) ) ;
#5967 = SURFACE_STYLE_FILL_AREA ( #5463 ) ;
#5968 = CARTESIAN_POINT ( 'NONE',  ( 0.4200000000000015388, 2.999999999999999556, 1.405000000000000027 ) ) ;
#5969 = CARTESIAN_POINT ( 'NONE',  ( -1.689999999999998392, 2.708949121834177909, 1.250274496869775653 ) ) ;
#5970 = PRESENTATION_LAYER_ASSIGNMENT (  '', '', ( #6212 ) ) ;
#5971 = SURFACE_STYLE_FILL_AREA ( #5828 ) ;
#5972 = ORIENTED_EDGE ( 'NONE', *, *, #5852, .T. ) ;
#5973 = CIRCLE ( 'NONE', #3263, 0.3145906676743914776 ) ;
#5974 =( GEOMETRIC_REPRESENTATION_CONTEXT ( 3 ) GLOBAL_UNCERTAINTY_ASSIGNED_CONTEXT ( ( #3840 ) ) GLOBAL_UNIT_ASSIGNED_CONTEXT ( ( #7149, #5392, #3652 ) ) REPRESENTATION_CONTEXT ( 'NONE', 'WORKASPACE' ) );
#5975 = UNCERTAINTY_MEASURE_WITH_UNIT (LENGTH_MEASURE( 1.000000000000000082E-05 ), #6364, 'distance_accuracy_value', 'NONE');
#5976 = LINE ( 'NONE', #1523, #4287 ) ;
#5977 =( BOUNDED_CURVE ( )  B_SPLINE_CURVE ( 3, ( #3026, #643, #1855, #6825 ),
 .UNSPECIFIED., .F., .T. ) 
 B_SPLINE_CURVE_WITH_KNOTS ( ( 4, 4 ),
 ( 6.273500125511114689, 6.283185307179586232 ),
 .UNSPECIFIED. ) 
 CURVE ( )  GEOMETRIC_REPRESENTATION_ITEM ( )  RATIONAL_B_SPLINE_CURVE ( ( 1.000000000000000000, 0.9999921831199466427, 0.9999921831199466427, 1.000000000000000000 ) ) 
 REPRESENTATION_ITEM ( '' )  );
#5978 = PRESENTATION_STYLE_ASSIGNMENT (( #1684 ) ) ;
#5979 = ORIENTED_EDGE ( 'NONE', *, *, #5845, .T. ) ;
#5980 = CARTESIAN_POINT ( 'NONE',  ( -2.244632334872437518, -1.820090761710546401, 1.759352260782780730 ) ) ;
#5981 = SURFACE_STYLE_FILL_AREA ( #4691 ) ;
#5982 = ORIENTED_EDGE ( 'NONE', *, *, #701, .T. ) ;
#5983 = FACE_OUTER_BOUND ( 'NONE', #3714, .T. ) ;
#5984 = AXIS2_PLACEMENT_3D ( 'NONE', #58, #7009, #3599 ) ;
#5985 = SURFACE_SIDE_STYLE ('',( #3744 ) ) ;
#5986 = FACE_OUTER_BOUND ( 'NONE', #2726, .T. ) ;
#5987 = FILL_AREA_STYLE_COLOUR ( '', #2152 ) ;
#5988 = ORIENTED_EDGE ( 'NONE', *, *, #1806, .T. ) ;
#5989 = LINE ( 'NONE', #5503, #3120 ) ;
#5990 = PRESENTATION_STYLE_ASSIGNMENT (( #5635 ) ) ;
#5991 =( LENGTH_UNIT ( ) NAMED_UNIT ( * ) SI_UNIT ( .MILLI., .METRE. ) );
#5992 = LINE ( 'NONE', #1933, #220 ) ;
#5993 = FILL_AREA_STYLE ('',( #4261 ) ) ;
#5994 = ORIENTED_EDGE ( 'NONE', *, *, #871, .F. ) ;
#5995 = SURFACE_SIDE_STYLE ('',( #241 ) ) ;
#5996 =( NAMED_UNIT ( * ) SI_UNIT ( $, .STERADIAN. ) SOLID_ANGLE_UNIT ( ) );
#5997 = ORIENTED_EDGE ( 'NONE', *, *, #5214, .T. ) ;
#5998 = EDGE_CURVE ( 'NONE', #7061, #467, #7251, .T. ) ;
#5999 =( LENGTH_UNIT ( ) NAMED_UNIT ( * ) SI_UNIT ( .MILLI., .METRE. ) );
#6000 = AXIS2_PLACEMENT_3D ( 'NONE', #4561, #4605, #1092 ) ;
#6001 = CARTESIAN_POINT ( 'NONE',  ( -1.689999999999998392, -2.699598551369565502, 1.383993884394061347 ) ) ;
#6002 = LINE ( 'NONE', #6524, #4498 ) ;
#6003 = ORIENTED_EDGE ( 'NONE', *, *, #2330, .F. ) ;
#6004 = SURFACE_SIDE_STYLE ('',( #1362 ) ) ;
#6005 = ADVANCED_FACE ( 'NONE', ( #6255 ), #1673, .T. ) ;
#6006 = DIRECTION ( 'NONE',  ( 0.000000000000000000, -0.06975647374412252688, 0.9975640502598244197 ) ) ;
#6007 = COLOUR_RGB ( '',0.7529411764705882248, 0.7529411764705882248, 0.7529411764705882248 ) ;
#6008 = CARTESIAN_POINT ( 'NONE',  ( -0.8499999999999985345, -3.000000000000000000, 1.625000000000000000 ) ) ;
#6009 = EDGE_CURVE ( 'NONE', #6039, #2313, #2209, .T. ) ;
#6010 = AXIS2_PLACEMENT_3D ( 'NONE', #1532, #4423, #6756 ) ;
#6011 =( GEOMETRIC_REPRESENTATION_CONTEXT ( 3 ) GLOBAL_UNCERTAINTY_ASSIGNED_CONTEXT ( ( #4390 ) ) GLOBAL_UNIT_ASSIGNED_CONTEXT ( ( #3169, #6108, #2041 ) ) REPRESENTATION_CONTEXT ( 'NONE', 'WORKASPACE' ) );
#6012 = PRESENTATION_STYLE_ASSIGNMENT (( #4235 ) ) ;
#6013 = DIRECTION ( 'NONE',  ( 0.000000000000000000, -0.7071067811865512365, -0.7071067811865439090 ) ) ;
#6014 = ORIENTED_EDGE ( 'NONE', *, *, #6046, .T. ) ;
#6015 = FACE_OUTER_BOUND ( 'NONE', #1503, .T. ) ;
#6016 = CARTESIAN_POINT ( 'NONE',  ( 1.690000000000001723, -1.949999999999999512, 0.8349999999999841993 ) ) ;
#6017 = ORIENTED_EDGE ( 'NONE', *, *, #3815, .T. ) ;
#6018 = FACE_OUTER_BOUND ( 'NONE', #2452, .T. ) ;
#6019 = ORIENTED_EDGE ( 'NONE', *, *, #1788, .T. ) ;
#6020 = CARTESIAN_POINT ( 'NONE',  ( -2.340846632081211354, 1.840846632081212020, 0.3858530267301732986 ) ) ;
#6021 = STYLED_ITEM ( 'NONE', ( #2647 ), #6306 ) ;
#6022 = STYLED_ITEM ( 'NONE', ( #3909 ), #292 ) ;
#6023 = UNCERTAINTY_MEASURE_WITH_UNIT (LENGTH_MEASURE( 1.000000000000000082E-05 ), #4647, 'distance_accuracy_value', 'NONE');
#6024 = PLANE ( 'NONE',  #2638 ) ;
#6025 = STYLED_ITEM ( 'NONE', ( #545 ), #4487 ) ;
#6026 = ORIENTED_EDGE ( 'NONE', *, *, #5908, .F. ) ;
#6027 = PLANE ( 'NONE',  #3516 ) ;
#6028 = EDGE_LOOP ( 'NONE', ( #5112, #438, #4213, #6189 ) ) ;
#6029 =( LENGTH_UNIT ( ) NAMED_UNIT ( * ) SI_UNIT ( .MILLI., .METRE. ) );
#6030 = VERTEX_POINT ( 'NONE', #1888 ) ;
#6031 = DIRECTION ( 'NONE',  ( -0.000000000000000000, 0.000000000000000000, -1.000000000000000000 ) ) ;
#6032 = LINE ( 'NONE', #4215, #5573 ) ;
#6033 = CARTESIAN_POINT ( 'NONE',  ( -2.119999999999998774, 2.200000000000000178, 0.8349999999999841993 ) ) ;
#6034 = ORIENTED_EDGE ( 'NONE', *, *, #4860, .T. ) ;
#6035 = SURFACE_SIDE_STYLE ('',( #4888 ) ) ;
#6036 = EDGE_CURVE ( 'NONE', #3408, #4543, #6002, .T. ) ;
#6037 =( NAMED_UNIT ( * ) PLANE_ANGLE_UNIT ( ) SI_UNIT ( $, .RADIAN. ) );
#6038 = FILL_AREA_STYLE_COLOUR ( '', #3632 ) ;
#6039 = VERTEX_POINT ( 'NONE', #4240 ) ;
#6040 = PRESENTATION_STYLE_ASSIGNMENT (( #2140 ) ) ;
#6041 = DIRECTION ( 'NONE',  ( 0.000000000000000000, 0.000000000000000000, -1.000000000000000000 ) ) ;
#6042 = VECTOR ( 'NONE', #399, 1000.000000000000000 ) ;
#6043 = CARTESIAN_POINT ( 'NONE',  ( -2.374292006267269439, -1.949998808705151854, 0.6149915234967224809 ) ) ;
#6044 = ORIENTED_EDGE ( 'NONE', *, *, #6190, .F. ) ;
#6045 = DIRECTION ( 'NONE',  ( 1.000000000000000000, 0.000000000000000000, 0.000000000000000000 ) ) ;
#6046 = EDGE_CURVE ( 'NONE', #2125, #1283, #5810, .T. ) ;
#6047 = ADVANCED_FACE ( 'NONE', ( #5896 ), #6536, .T. ) ;
#6048 = FILL_AREA_STYLE_COLOUR ( '', #6432 ) ;
#6049 = DIRECTION ( 'NONE',  ( 0.000000000000000000, 0.06975647374412537183, -0.9975640502598243087 ) ) ;
#6050 = LINE ( 'NONE', #488, #1987 ) ;
#6051 = DIRECTION ( 'NONE',  ( 1.000000000000000000, 0.000000000000000000, 0.000000000000000000 ) ) ;
#6052 = FILL_AREA_STYLE ('',( #1444 ) ) ;
#6053 = ORIENTED_EDGE ( 'NONE', *, *, #6757, .T. ) ;
#6054 = EDGE_CURVE ( 'NONE', #2495, #841, #6252, .T. ) ;
#6055 = MECHANICAL_DESIGN_GEOMETRIC_PRESENTATION_REPRESENTATION (  '', ( #1140 ), #5284 ) ;
#6056 = ORIENTED_EDGE ( 'NONE', *, *, #407, .T. ) ;
#6057 = CARTESIAN_POINT ( 'NONE',  ( -0.4199999999999984857, 2.333719387524285871, 0.9596953461754694770 ) ) ;
#6058 = DIRECTION ( 'NONE',  ( 0.000000000000000000, 0.000000000000000000, -1.000000000000000000 ) ) ;
#6059 =( NAMED_UNIT ( * ) SI_UNIT ( $, .STERADIAN. ) SOLID_ANGLE_UNIT ( ) );
#6060 = ORIENTED_EDGE ( 'NONE', *, *, #3962, .T. ) ;
#6061 = SURFACE_SIDE_STYLE ('',( #567 ) ) ;
#6062 = SURFACE_STYLE_USAGE ( .BOTH. , #6109 ) ;
#6063 = CARTESIAN_POINT ( 'NONE',  ( -0.8499999999999985345, 3.000000000000000000, 1.405000000000000027 ) ) ;
#6064 = VERTEX_POINT ( 'NONE', #5887 ) ;
#6065 = STYLED_ITEM ( 'NONE', ( #3405 ), #5965 ) ;
#6066 = ORIENTED_EDGE ( 'NONE', *, *, #1566, .T. ) ;
#6067 = LINE ( 'NONE', #4520, #3554 ) ;
#6068 = CARTESIAN_POINT ( 'NONE',  ( 1.690000000000001723, -1.949999999999999512, 0.6150000000000157563 ) ) ;
#6069 = FILL_AREA_STYLE_COLOUR ( '', #1222 ) ;
#6070 = VECTOR ( 'NONE', #2813, 1000.000000000000114 ) ;
#6071 = PRESENTATION_STYLE_ASSIGNMENT (( #66 ) ) ;
#6072 = CARTESIAN_POINT ( 'NONE',  ( -0.8499999999999985345, -2.200000000000000178, 0.8349999999999841993 ) ) ;
#6073 = VERTEX_POINT ( 'NONE', #1395 ) ;
#6074 =( BOUNDED_CURVE ( )  B_SPLINE_CURVE ( 3, ( #3333, #5030, #468, #6833 ),
 .UNSPECIFIED., .F., .F. ) 
 B_SPLINE_CURVE_WITH_KNOTS ( ( 4, 4 ),
 ( 3.141592653589787787, 3.151277835258258442 ),
 .UNSPECIFIED. ) 
 CURVE ( )  GEOMETRIC_REPRESENTATION_ITEM ( )  RATIONAL_B_SPLINE_CURVE ( ( 1.000000000000000000, 0.9999921831199466427, 0.9999921831199466427, 1.000000000000000000 ) ) 
 REPRESENTATION_ITEM ( '' )  );
#6075 = DIRECTION ( 'NONE',  ( -1.000000000000000000, -8.850629979473502314E-17, 0.000000000000000000 ) ) ;
#6076 = AXIS2_PLACEMENT_3D ( 'NONE', #7188, #2067, #3845 ) ;
#6077 = VECTOR ( 'NONE', #269, 1000.000000000000227 ) ;
#6078 = ORIENTED_EDGE ( 'NONE', *, *, #4349, .F. ) ;
#6079 = ORIENTED_EDGE ( 'NONE', *, *, #2137, .T. ) ;
#6080 = ADVANCED_FACE ( 'NONE', ( #5361 ), #3116, .F. ) ;
#6081 = CARTESIAN_POINT ( 'NONE',  ( -0.8499999999999985345, 2.671944735649775193, 1.286701275200562655 ) ) ;
#6082 = CARTESIAN_POINT ( 'NONE',  ( -0.8499999999999985345, 2.550616955507048367, 0.9076459320246326179 ) ) ;
#6083 = CARTESIAN_POINT ( 'NONE',  ( -0.8499999999999985345, -3.000000000000000000, 1.625000000000000000 ) ) ;
#6084 =( NAMED_UNIT ( * ) SI_UNIT ( $, .STERADIAN. ) SOLID_ANGLE_UNIT ( ) );
#6085 = ORIENTED_EDGE ( 'NONE', *, *, #2380, .F. ) ;
#6086 = SURFACE_STYLE_FILL_AREA ( #3134 ) ;
#6087 = CIRCLE ( 'NONE', #3374, 0.3145906676743915886 ) ;
#6088 = AXIS2_PLACEMENT_3D ( 'NONE', #1799, #4702, #5367 ) ;
#6089 = SURFACE_SIDE_STYLE ('',( #4936 ) ) ;
#6090 =( NAMED_UNIT ( * ) PLANE_ANGLE_UNIT ( ) SI_UNIT ( $, .RADIAN. ) );
#6091 = SURFACE_STYLE_FILL_AREA ( #6980 ) ;
#6092 = VERTEX_POINT ( 'NONE', #783 ) ;
#6093 = FILL_AREA_STYLE_COLOUR ( '', #1218 ) ;
#6094 = ORIENTED_EDGE ( 'NONE', *, *, #3997, .F. ) ;
#6095 = DIRECTION ( 'NONE',  ( 0.000000000000000000, 0.9975640502598241977, 0.06975647374412606572 ) ) ;
#6096 = SURFACE_STYLE_USAGE ( .BOTH. , #6520 ) ;
#6097 =( NAMED_UNIT ( * ) PLANE_ANGLE_UNIT ( ) SI_UNIT ( $, .RADIAN. ) );
#6098 = EDGE_CURVE ( 'NONE', #1385, #3392, #3680, .T. ) ;
#6099 = PLANE ( 'NONE',  #5549 ) ;
#6100 = AXIS2_PLACEMENT_3D ( 'NONE', #3207, #3252, #4438 ) ;
#6101 = SURFACE_SIDE_STYLE ('',( #3192 ) ) ;
#6102 = SURFACE_STYLE_FILL_AREA ( #811 ) ;
#6103 = DIRECTION ( 'NONE',  ( 0.000000000000000000, -1.000000000000000000, 0.000000000000000000 ) ) ;
#6104 = VECTOR ( 'NONE', #3891, 1000.000000000000000 ) ;
#6105 = DIRECTION ( 'NONE',  ( 0.000000000000000000, 0.000000000000000000, 1.000000000000000000 ) ) ;
#6106 = DIRECTION ( 'NONE',  ( 0.000000000000000000, 0.000000000000000000, -1.000000000000000000 ) ) ;
#6107 = MECHANICAL_DESIGN_GEOMETRIC_PRESENTATION_REPRESENTATION (  '', ( #6347 ), #6589 ) ;
#6108 =( NAMED_UNIT ( * ) PLANE_ANGLE_UNIT ( ) SI_UNIT ( $, .RADIAN. ) );
#6109 = SURFACE_SIDE_STYLE ('',( #4185 ) ) ;
#6110 =( GEOMETRIC_REPRESENTATION_CONTEXT ( 3 ) GLOBAL_UNCERTAINTY_ASSIGNED_CONTEXT ( ( #4963 ) ) GLOBAL_UNIT_ASSIGNED_CONTEXT ( ( #4683, #1229, #5244 ) ) REPRESENTATION_CONTEXT ( 'NONE', 'WORKASPACE' ) );
#6111 = VERTEX_POINT ( 'NONE', #4564 ) ;
#6112 = EDGE_CURVE ( 'NONE', #5166, #3923, #4305, .T. ) ;
#6113 = PRESENTATION_LAYER_ASSIGNMENT (  '', '', ( #5336 ) ) ;
#6114 = ORIENTED_EDGE ( 'NONE', *, *, #2177, .T. ) ;
#6116 = ORIENTED_EDGE ( 'NONE', *, *, #5728, .T. ) ;
#6115 = CARTESIAN_POINT ( 'NONE',  ( 2.373800000000001909, 1.950000000000000400, 0.8349999999999841993 ) ) ;
#6117 = UNCERTAINTY_MEASURE_WITH_UNIT (LENGTH_MEASURE( 1.000000000000000082E-05 ), #1981, 'distance_accuracy_value', 'NONE');
#6118 = UNCERTAINTY_MEASURE_WITH_UNIT (LENGTH_MEASURE( 1.000000000000000082E-05 ), #2520, 'distance_accuracy_value', 'NONE');
#6119 = CARTESIAN_POINT ( 'NONE',  ( -0.8499999999999985345, -1.949999999999999734, 0.8349999999999841993 ) ) ;
#6120 = VERTEX_POINT ( 'NONE', #6370 ) ;
#6121 = MECHANICAL_DESIGN_GEOMETRIC_PRESENTATION_REPRESENTATION (  '', ( #5237 ), #6499 ) ;
#6122 = ADVANCED_FACE ( 'NONE', ( #588 ), #2664, .F. ) ;
#6123 = PRESENTATION_LAYER_ASSIGNMENT (  '', '', ( #858 ) ) ;
#6124 = MECHANICAL_DESIGN_GEOMETRIC_PRESENTATION_REPRESENTATION (  '', ( #615 ), #6362 ) ;
#6125 = VERTEX_POINT ( 'NONE', #582 ) ;
#6126 = DIRECTION ( 'NONE',  ( -1.000000000000000000, 0.000000000000000000, -0.000000000000000000 ) ) ;
#6127 =( NAMED_UNIT ( * ) SI_UNIT ( $, .STERADIAN. ) SOLID_ANGLE_UNIT ( ) );
#6128 = VECTOR ( 'NONE', #3919, 1000.000000000000227 ) ;
#6129 = ORIENTED_EDGE ( 'NONE', *, *, #4619, .T. ) ;
#6130 = DIRECTION ( 'NONE',  ( 1.000000000000000000, 0.000000000000000000, 0.000000000000000000 ) ) ;
#6131 = SURFACE_STYLE_USAGE ( .BOTH. , #401 ) ;
#6132 = EDGE_CURVE ( 'NONE', #649, #4599, #2378, .T. ) ;
#6133 = VECTOR ( 'NONE', #6545, 1000.000000000000000 ) ;
#6134 = ORIENTED_EDGE ( 'NONE', *, *, #2185, .T. ) ;
#6135 = DIRECTION ( 'NONE',  ( -0.000000000000000000, 0.06975647374412606572, 0.9975640502598241977 ) ) ;
#6136 = CARTESIAN_POINT ( 'NONE',  ( 2.297327737236433798, -1.797327737236431799, 0.07620000000000001772 ) ) ;
#6137 = LINE ( 'NONE', #1352, #1368 ) ;
#6138 = COLOUR_RGB ( '',0.2509803921568627416, 0.2509803921568627416, 0.2509803921568627416 ) ;
#6139 = EDGE_CURVE ( 'NONE', #4413, #3780, #7342, .T. ) ;
#6140 = ORIENTED_EDGE ( 'NONE', *, *, #2223, .T. ) ;
#6141 = AXIS2_PLACEMENT_3D ( 'NONE', #2351, #5777, #5756 ) ;
#6142 = PRESENTATION_STYLE_ASSIGNMENT (( #5721 ) ) ;
#6143 = CARTESIAN_POINT ( 'NONE',  ( 0.8500000000000015321, -2.649999999999999467, 1.600525615819771152 ) ) ;
#6144 = PRESENTATION_STYLE_ASSIGNMENT (( #5380 ) ) ;
#6145 =( NAMED_UNIT ( * ) SI_UNIT ( $, .STERADIAN. ) SOLID_ANGLE_UNIT ( ) );
#6146 = FILL_AREA_STYLE_COLOUR ( '', #1627 ) ;
#6147 = VERTEX_POINT ( 'NONE', #4088 ) ;
#6148 =( GEOMETRIC_REPRESENTATION_CONTEXT ( 3 ) GLOBAL_UNCERTAINTY_ASSIGNED_CONTEXT ( ( #3305 ) ) GLOBAL_UNIT_ASSIGNED_CONTEXT ( ( #3059, #5931, #1857 ) ) REPRESENTATION_CONTEXT ( 'NONE', 'WORKASPACE' ) );
#6149 = EDGE_CURVE ( 'NONE', #6622, #3427, #5620, .T. ) ;
#6150 = AXIS2_PLACEMENT_3D ( 'NONE', #3413, #6782, #5700 ) ;
#6151 = STYLED_ITEM ( 'NONE', ( #4720 ), #2946 ) ;
#6152 = CARTESIAN_POINT ( 'NONE',  ( -2.297327737236432021, 1.797327737236432466, 1.373799999999999910 ) ) ;
#6153 =( NAMED_UNIT ( * ) SI_UNIT ( $, .STERADIAN. ) SOLID_ANGLE_UNIT ( ) );
#6154 = ORIENTED_EDGE ( 'NONE', *, *, #4005, .F. ) ;
#6155 = DIRECTION ( 'NONE',  ( 0.000000000000000000, 0.000000000000000000, -1.000000000000000000 ) ) ;
#6156 = DIRECTION ( 'NONE',  ( 0.000000000000000000, -0.9975640502598245307, -0.06975647374412130564 ) ) ;
#6157 = EDGE_LOOP ( 'NONE', ( #168, #4875, #6683, #5173 ) ) ;
#6158 = LINE ( 'NONE', #1476, #760 ) ;
#6159 = FACE_OUTER_BOUND ( 'NONE', #1193, .T. ) ;
#6160 = CARTESIAN_POINT ( 'NONE',  ( -2.340846632081211354, 1.916305058919319571, 0.3752480364370165966 ) ) ;
#6161 = DIRECTION ( 'NONE',  ( 0.000000000000000000, 0.06975647374412537183, -0.9975640502598243087 ) ) ;
#6162 = AXIS2_PLACEMENT_3D ( 'NONE', #13, #2218, #4553 ) ;
#6163 = MECHANICAL_DESIGN_GEOMETRIC_PRESENTATION_REPRESENTATION (  '', ( #5241 ), #7418 ) ;
#6164 = PRESENTATION_LAYER_ASSIGNMENT (  '', '', ( #1150 ) ) ;
#6165 = ORIENTED_EDGE ( 'NONE', *, *, #170, .T. ) ;
#6166 = SURFACE_SIDE_STYLE ('',( #1305 ) ) ;
#6167 =( NAMED_UNIT ( * ) SI_UNIT ( $, .STERADIAN. ) SOLID_ANGLE_UNIT ( ) );
#6168 = FACE_OUTER_BOUND ( 'NONE', #4957, .T. ) ;
#6169 =( LENGTH_UNIT ( ) NAMED_UNIT ( * ) SI_UNIT ( .MILLI., .METRE. ) );
#6170 = ORIENTED_EDGE ( 'NONE', *, *, #5214, .F. ) ;
#6171 = DIRECTION ( 'NONE',  ( -2.224004456380521903E-16, 1.000000000000000000, 0.000000000000000000 ) ) ;
#6172 = VERTEX_POINT ( 'NONE', #36 ) ;
#6173 = LINE ( 'NONE', #3729, #677 ) ;
#6174 = FILL_AREA_STYLE ('',( #3140 ) ) ;
#6175 =( NAMED_UNIT ( * ) SI_UNIT ( $, .STERADIAN. ) SOLID_ANGLE_UNIT ( ) );
#6176 = EDGE_CURVE ( 'NONE', #835, #6292, #6618, .T. ) ;
#6177 = VERTEX_POINT ( 'NONE', #5113 ) ;
#6178 =( NAMED_UNIT ( * ) PLANE_ANGLE_UNIT ( ) SI_UNIT ( $, .RADIAN. ) );
#6179 = CARTESIAN_POINT ( 'NONE',  ( 0.4200000000000015388, 2.199999999999999734, 0.9690459166400811064 ) ) ;
#6180 = CARTESIAN_POINT ( 'NONE',  ( -0.8499999999999985345, 1.949999999999999734, 0.6150000000000157563 ) ) ;
#6181 = LINE ( 'NONE', #3726, #4668 ) ;
#6182 =( NAMED_UNIT ( * ) PLANE_ANGLE_UNIT ( ) SI_UNIT ( $, .RADIAN. ) );
#6183 = EDGE_CURVE ( 'NONE', #788, #3560, #5452, .T. ) ;
#6184 = CARTESIAN_POINT ( 'NONE',  ( 0.8500000000000015321, 2.236792614887839648, 0.6150000000000157563 ) ) ;
#6185 = SURFACE_STYLE_USAGE ( .BOTH. , #345 ) ;
#6186 = CIRCLE ( 'NONE', #1452, 0.07619999999999979567 ) ;
#6187 = ADVANCED_FACE ( 'NONE', ( #2935 ), #6272, .F. ) ;
#6188 =( NAMED_UNIT ( * ) PLANE_ANGLE_UNIT ( ) SI_UNIT ( $, .RADIAN. ) );
#6189 = ORIENTED_EDGE ( 'NONE', *, *, #3260, .F. ) ;
#6190 = EDGE_CURVE ( 'NONE', #2588, #7048, #6944, .T. ) ;
#6191 = ORIENTED_EDGE ( 'NONE', *, *, #3623, .F. ) ;
#6192 = PRESENTATION_STYLE_ASSIGNMENT (( #2570 ) ) ;
#6193 = STYLED_ITEM ( 'NONE', ( #3679 ), #3455 ) ;
#6194 =( GEOMETRIC_REPRESENTATION_CONTEXT ( 3 ) GLOBAL_UNCERTAINTY_ASSIGNED_CONTEXT ( ( #3831 ) ) GLOBAL_UNIT_ASSIGNED_CONTEXT ( ( #4920, #6690, #5459 ) ) REPRESENTATION_CONTEXT ( 'NONE', 'WORKASPACE' ) );
#6195 = ORIENTED_EDGE ( 'NONE', *, *, #1702, .T. ) ;
#6196 = DIRECTION ( 'NONE',  ( 1.000000000000000000, 0.000000000000000000, 0.000000000000000000 ) ) ;
#6197 = CARTESIAN_POINT ( 'NONE',  ( 1.690000000000001723, -1.949999999999999512, 0.6150000000000157563 ) ) ;
#6198 = ADVANCED_FACE ( 'NONE', ( #5986 ), #5891, .T. ) ;
#6199 = VERTEX_POINT ( 'NONE', #4678 ) ;
#6200 = ORIENTED_EDGE ( 'NONE', *, *, #3550, .F. ) ;
#6201 = DIRECTION ( 'NONE',  ( 1.000000000000000000, 0.000000000000000000, 0.000000000000000000 ) ) ;
#6202 = ORIENTED_EDGE ( 'NONE', *, *, #4905, .T. ) ;
#6203 = PRESENTATION_LAYER_ASSIGNMENT (  '', '', ( #2328 ) ) ;
#6204 = MECHANICAL_DESIGN_GEOMETRIC_PRESENTATION_REPRESENTATION (  '', ( #2053 ), #3514 ) ;
#6205 = UNCERTAINTY_MEASURE_WITH_UNIT (LENGTH_MEASURE( 1.000000000000000082E-05 ), #1718, 'distance_accuracy_value', 'NONE');
#6206 = MECHANICAL_DESIGN_GEOMETRIC_PRESENTATION_REPRESENTATION (  '', ( #7112 ), #3786 ) ;
#6207 =( LENGTH_UNIT ( ) NAMED_UNIT ( * ) SI_UNIT ( .MILLI., .METRE. ) );
#6208 = PLANE ( 'NONE',  #1868 ) ;
#6209 = SURFACE_STYLE_FILL_AREA ( #487 ) ;
#6210 = CARTESIAN_POINT ( 'NONE',  ( -2.297327737236432021, 1.531193605351035547, 0.07620000000000007323 ) ) ;
#6211 = EDGE_LOOP ( 'NONE', ( #3975, #5740, #5682, #6140 ) ) ;
#6212 = STYLED_ITEM ( 'NONE', ( #5978 ), #6639 ) ;
#6213 = COLOUR_RGB ( '',0.2509803921568627416, 0.2509803921568627416, 0.2509803921568627416 ) ;
#6214 = SURFACE_STYLE_USAGE ( .BOTH. , #4509 ) ;
#6215 = EDGE_CURVE ( 'NONE', #3995, #591, #3292, .T. ) ;
#6216 =( LENGTH_UNIT ( ) NAMED_UNIT ( * ) SI_UNIT ( .MILLI., .METRE. ) );
#6217 = DIRECTION ( 'NONE',  ( 0.000000000000000000, -1.000000000000000000, 0.000000000000000000 ) ) ;
#6218 = PRESENTATION_STYLE_ASSIGNMENT (( #5545 ) ) ;
#6219 = LINE ( 'NONE', #3243, #7305 ) ;
#6220 = MECHANICAL_DESIGN_GEOMETRIC_PRESENTATION_REPRESENTATION (  '', ( #4791 ), #4186 ) ;
#6221 = ADVANCED_FACE ( 'NONE', ( #1216 ), #4135, .F. ) ;
#6222 = ORIENTED_EDGE ( 'NONE', *, *, #2656, .T. ) ;
#6223 = DIRECTION ( 'NONE',  ( -1.000000000000000000, -0.000000000000000000, -0.000000000000000000 ) ) ;
#6224 = FACE_OUTER_BOUND ( 'NONE', #429, .T. ) ;
#6225 = FILL_AREA_STYLE_COLOUR ( '', #6656 ) ;
#6226 = FACE_OUTER_BOUND ( 'NONE', #2099, .T. ) ;
#6227 = FACE_OUTER_BOUND ( 'NONE', #1474, .T. ) ;
#6228 = CARTESIAN_POINT ( 'NONE',  ( -2.449570726820018418, 1.918490299558756718, 0.8380544373874546649 ) ) ;
#6229 = VECTOR ( 'NONE', #4398, 1000.000000000000000 ) ;
#6230 = ADVANCED_FACE ( 'NONE', ( #4220 ), #2987, .F. ) ;
#6231 = SURFACE_STYLE_USAGE ( .BOTH. , #7395 ) ;
#6232 = EDGE_CURVE ( 'NONE', #6414, #6561, #3857, .T. ) ;
#6233 = FACE_OUTER_BOUND ( 'NONE', #2224, .T. ) ;
#6234 = PRESENTATION_LAYER_ASSIGNMENT (  '', '', ( #979 ) ) ;
#6235 =( LENGTH_UNIT ( ) NAMED_UNIT ( * ) SI_UNIT ( .MILLI., .METRE. ) );
#6236 = LINE ( 'NONE', #3320, #3011 ) ;
#6237 = FILL_AREA_STYLE_COLOUR ( '', #1821 ) ;
#6238 = LINE ( 'NONE', #6642, #2007 ) ;
#6239 = DIRECTION ( 'NONE',  ( -0.09889026361067758397, 0.7036407875340303653, 0.7036407875340231488 ) ) ;
#6240 = VERTEX_POINT ( 'NONE', #6422 ) ;
#6241 =( NAMED_UNIT ( * ) SI_UNIT ( $, .STERADIAN. ) SOLID_ANGLE_UNIT ( ) );
#6242 = UNCERTAINTY_MEASURE_WITH_UNIT (LENGTH_MEASURE( 1.000000000000000082E-05 ), #2144, 'distance_accuracy_value', 'NONE');
#6243 = ORIENTED_EDGE ( 'NONE', *, *, #1550, .F. ) ;
#6244 = EDGE_CURVE ( 'NONE', #512, #6491, #5171, .T. ) ;
#6245 = COLOUR_RGB ( '',0.7529411764705882248, 0.7529411764705882248, 0.7529411764705882248 ) ;
#6246 = STYLED_ITEM ( 'NONE', ( #212 ), #3754 ) ;
#6247 = SURFACE_STYLE_USAGE ( .BOTH. , #3372 ) ;
#6248 = CARTESIAN_POINT ( 'NONE',  ( -1.689999999999998392, -2.358120395030566918, 1.308646010850337271 ) ) ;
#6249 = FILL_AREA_STYLE ('',( #481 ) ) ;
#6250 = SPHERICAL_SURFACE ( 'NONE', #4946, 0.07619999999999998996 ) ;
#6251 = EDGE_LOOP ( 'NONE', ( #1889, #2967, #2628, #1687 ) ) ;
#6252 =( BOUNDED_CURVE ( )  B_SPLINE_CURVE ( 3, ( #5417, #5943, #2488, #3096 ),
 .UNSPECIFIED., .F., .T. ) 
 B_SPLINE_CURVE_WITH_KNOTS ( ( 4, 4 ),
 ( 3.141592653589790451, 3.151277835258266879 ),
 .UNSPECIFIED. ) 
 CURVE ( )  GEOMETRIC_REPRESENTATION_ITEM ( )  RATIONAL_B_SPLINE_CURVE ( ( 1.000000000000000000, 0.9999921831199466427, 0.9999921831199466427, 1.000000000000000000 ) ) 
 REPRESENTATION_ITEM ( '' )  );
#6253 = LINE ( 'NONE', #3330, #3945 ) ;
#6254 = AXIS2_PLACEMENT_3D ( 'NONE', #3654, #1343, #178 ) ;
#6255 = FACE_OUTER_BOUND ( 'NONE', #2732, .T. ) ;
#6256 = AXIS2_PLACEMENT_3D ( 'NONE', #5552, #6135, #7315 ) ;
#6257 = SURFACE_SIDE_STYLE ('',( #1181 ) ) ;
#6258 =( GEOMETRIC_REPRESENTATION_CONTEXT ( 3 ) GLOBAL_UNCERTAINTY_ASSIGNED_CONTEXT ( ( #3540 ) ) GLOBAL_UNIT_ASSIGNED_CONTEXT ( ( #3939, #5567, #454 ) ) REPRESENTATION_CONTEXT ( 'NONE', 'WORKASPACE' ) );
#6259 = ORIENTED_EDGE ( 'NONE', *, *, #5474, .T. ) ;
#6260 = CARTESIAN_POINT ( 'NONE',  ( 2.375975367522380033, 1.875975367522378923, 0.6358069672739005140 ) ) ;
#6261 = CARTESIAN_POINT ( 'NONE',  ( -0.4199999999999984857, 1.949999999999999734, 0.8349999999999841993 ) ) ;
#6262 = VECTOR ( 'NONE', #585, 1000.000000000000114 ) ;
#6263 = ORIENTED_EDGE ( 'NONE', *, *, #1890, .T. ) ;
#6264 = VECTOR ( 'NONE', #4161, 1000.000000000000000 ) ;
#6265 = SURFACE_SIDE_STYLE ('',( #5727 ) ) ;
#6266 = ORIENTED_EDGE ( 'NONE', *, *, #5184, .F. ) ;
#6267 = DIRECTION ( 'NONE',  ( 0.000000000000000000, -1.000000000000000000, 0.000000000000000000 ) ) ;
#6268 = DIRECTION ( 'NONE',  ( 0.000000000000000000, 1.000000000000000000, 0.000000000000000000 ) ) ;
#6269 = EDGE_CURVE ( 'NONE', #1778, #6644, #6882, .T. ) ;
#6270 = COLOUR_RGB ( '',0.7529411764705882248, 0.7529411764705882248, 0.7529411764705882248 ) ;
#6271 = ADVANCED_FACE ( 'NONE', ( #6168 ), #2096, .T. ) ;
#6272 = PLANE ( 'NONE',  #7415 ) ;
#6273 = ORIENTED_EDGE ( 'NONE', *, *, #543, .T. ) ;
#6274 =( NAMED_UNIT ( * ) PLANE_ANGLE_UNIT ( ) SI_UNIT ( $, .RADIAN. ) );
#6275 = ORIENTED_EDGE ( 'NONE', *, *, #2669, .T. ) ;
#6276 = CIRCLE ( 'NONE', #4582, 0.3145906676743914776 ) ;
#6277 = PLANE ( 'NONE',  #2915 ) ;
#6278 = EDGE_CURVE ( 'NONE', #1396, #6073, #1484, .T. ) ;
#6279 = AXIS2_PLACEMENT_3D ( 'NONE', #2771, #1070, #3364 ) ;
#6280 = SURFACE_STYLE_USAGE ( .BOTH. , #2295 ) ;
#6281 = ORIENTED_EDGE ( 'NONE', *, *, #390, .F. ) ;
#6282 = LINE ( 'NONE', #1624, #5916 ) ;
#6283 = CARTESIAN_POINT ( 'NONE',  ( 2.120000000000001439, -2.358120395030566474, 1.308646010850337271 ) ) ;
#6284 = ORIENTED_EDGE ( 'NONE', *, *, #7289, .F. ) ;
#6285 = PRESENTATION_STYLE_ASSIGNMENT (( #3160 ) ) ;
#6286 = ORIENTED_EDGE ( 'NONE', *, *, #6054, .F. ) ;
#6287 = PRESENTATION_LAYER_ASSIGNMENT (  '', '', ( #7448 ) ) ;
#6288 = EDGE_CURVE ( 'NONE', #3145, #1513, #2561, .T. ) ;
#6289 = LINE ( 'NONE', #5968, #2411 ) ;
#6290 =( GEOMETRIC_REPRESENTATION_CONTEXT ( 3 ) GLOBAL_UNCERTAINTY_ASSIGNED_CONTEXT ( ( #5368 ) ) GLOBAL_UNIT_ASSIGNED_CONTEXT ( ( #4286, #658, #1272 ) ) REPRESENTATION_CONTEXT ( 'NONE', 'WORKASPACE' ) );
#6291 = PLANE ( 'NONE',  #6666 ) ;
#6292 = VERTEX_POINT ( 'NONE', #808 ) ;
#6293 = CARTESIAN_POINT ( 'NONE',  ( -0.8499999999999985345, -1.949999999999999734, 0.8349999999999841993 ) ) ;
#6294 =( NAMED_UNIT ( * ) SI_UNIT ( $, .STERADIAN. ) SOLID_ANGLE_UNIT ( ) );
#6295 = PRESENTATION_STYLE_ASSIGNMENT (( #6357 ) ) ;
#6296 = UNCERTAINTY_MEASURE_WITH_UNIT (LENGTH_MEASURE( 1.000000000000000082E-05 ), #7402, 'distance_accuracy_value', 'NONE');
#6297 =( NAMED_UNIT ( * ) SI_UNIT ( $, .STERADIAN. ) SOLID_ANGLE_UNIT ( ) );
#6298 = ORIENTED_EDGE ( 'NONE', *, *, #1124, .F. ) ;
#6299 = DIRECTION ( 'NONE',  ( 1.000000000000000000, 0.000000000000000000, 0.000000000000000000 ) ) ;
#6300 =( NAMED_UNIT ( * ) PLANE_ANGLE_UNIT ( ) SI_UNIT ( $, .RADIAN. ) );
#6301 =( NAMED_UNIT ( * ) PLANE_ANGLE_UNIT ( ) SI_UNIT ( $, .RADIAN. ) );
#6302 = PRESENTATION_LAYER_ASSIGNMENT (  '', '', ( #7361 ) ) ;
#6303 =( GEOMETRIC_REPRESENTATION_CONTEXT ( 3 ) GLOBAL_UNCERTAINTY_ASSIGNED_CONTEXT ( ( #2985 ) ) GLOBAL_UNIT_ASSIGNED_CONTEXT ( ( #4883, #946, #5425 ) ) REPRESENTATION_CONTEXT ( 'NONE', 'WORKASPACE' ) );
#6304 = STYLED_ITEM ( 'NONE', ( #5945 ), #4562 ) ;
#6305 =( NAMED_UNIT ( * ) PLANE_ANGLE_UNIT ( ) SI_UNIT ( $, .RADIAN. ) );
#6306 = ADVANCED_FACE ( 'NONE', ( #4397 ), #6024, .F. ) ;
#6307 = FACE_OUTER_BOUND ( 'NONE', #1348, .T. ) ;
#6308 = ORIENTED_EDGE ( 'NONE', *, *, #1672, .F. ) ;
#6309 = CIRCLE ( 'NONE', #5812, 0.1340459166400966851 ) ;
#6310 = FILL_AREA_STYLE ('',( #4031 ) ) ;
#6311 = DIRECTION ( 'NONE',  ( 1.000000000000000000, 8.850629979473504779E-17, -0.000000000000000000 ) ) ;
#6312 = EDGE_CURVE ( 'NONE', #1006, #6039, #6338, .T. ) ;
#6313 = VECTOR ( 'NONE', #3531, 1000.000000000000000 ) ;
#6314 = CYLINDRICAL_SURFACE ( 'NONE', #4772, 0.3145906676743914776 ) ;
#6315 =( NAMED_UNIT ( * ) PLANE_ANGLE_UNIT ( ) SI_UNIT ( $, .RADIAN. ) );
#6316 = PLANE ( 'NONE',  #254 ) ;
#6317 = CARTESIAN_POINT ( 'NONE',  ( -2.449570726820017086, -1.918490299558756051, 0.8380544373874573294 ) ) ;
#6318 = DIRECTION ( 'NONE',  ( -5.747282141524684512E-15, -1.000000000000000000, -0.000000000000000000 ) ) ;
#6319 = AXIS2_PLACEMENT_3D ( 'NONE', #1090, #2160, #3308 ) ;
#6320 = CYLINDRICAL_SURFACE ( 'NONE', #497, 0.07619999999999979567 ) ;
#6321 = CARTESIAN_POINT ( 'NONE',  ( 2.374292006267272104, -1.949998808705150966, 0.8350084765032791401 ) ) ;
#6322 = ORIENTED_EDGE ( 'NONE', *, *, #3475, .F. ) ;
#6323 = EDGE_CURVE ( 'NONE', #5599, #4512, #1037, .T. ) ;
#6324 = DIRECTION ( 'NONE',  ( 0.000000000000000000, 0.000000000000000000, -1.000000000000000000 ) ) ;
#6325 = DIRECTION ( 'NONE',  ( 0.09889026361067757009, -0.7036407875340303653, -0.7036407875340231488 ) ) ;
#6326 = ORIENTED_EDGE ( 'NONE', *, *, #5258, .T. ) ;
#6327 = CARTESIAN_POINT ( 'NONE',  ( -2.374046004575876445, 1.949999999999999956, 0.8349999999999844214 ) ) ;
#6328 =( NAMED_UNIT ( * ) SI_UNIT ( $, .STERADIAN. ) SOLID_ANGLE_UNIT ( ) );
#6329 = FACE_OUTER_BOUND ( 'NONE', #7016, .T. ) ;
#6330 = CARTESIAN_POINT ( 'NONE',  ( 0.000000000000000000, 0.000000000000000000, 0.000000000000000000 ) ) ;
#6331 = ORIENTED_EDGE ( 'NONE', *, *, #5798, .T. ) ;
#6332 =( NAMED_UNIT ( * ) SI_UNIT ( $, .STERADIAN. ) SOLID_ANGLE_UNIT ( ) );
#6333 = ORIENTED_EDGE ( 'NONE', *, *, #5046, .F. ) ;
#6334 = MECHANICAL_DESIGN_GEOMETRIC_PRESENTATION_REPRESENTATION (  '', ( #1652 ), #17 ) ;
#6335 =( LENGTH_UNIT ( ) NAMED_UNIT ( * ) SI_UNIT ( .MILLI., .METRE. ) );
#6336 = EDGE_CURVE ( 'NONE', #6414, #6599, #5444, .T. ) ;
#6337 = STYLED_ITEM ( 'NONE', ( #1122 ), #2522 ) ;
#6338 = LINE ( 'NONE', #6518, #7241 ) ;
#6339 = CARTESIAN_POINT ( 'NONE',  ( -2.297327737236432021, -5.109267125380405509E-16, 0.07619999999999998996 ) ) ;
#6340 = VERTEX_POINT ( 'NONE', #4796 ) ;
#6341 = DIRECTION ( 'NONE',  ( 1.000000000000000000, 0.000000000000000000, 0.000000000000000000 ) ) ;
#6342 = UNCERTAINTY_MEASURE_WITH_UNIT (LENGTH_MEASURE( 1.000000000000000082E-05 ), #1215, 'distance_accuracy_value', 'NONE');
#6343 = COLOUR_RGB ( '',0.7921568627450980005, 0.8196078431372548767, 0.9333333333333333481 ) ;
#6344 = DIRECTION ( 'NONE',  ( -0.000000000000000000, 1.000000000000000000, -0.000000000000000000 ) ) ;
#6345 = FILL_AREA_STYLE_COLOUR ( '', #2836 ) ;
#6346 =( NAMED_UNIT ( * ) PLANE_ANGLE_UNIT ( ) SI_UNIT ( $, .RADIAN. ) );
#6347 = STYLED_ITEM ( 'NONE', ( #5902 ), #5584 ) ;
#6348 = VECTOR ( 'NONE', #5292, 1000.000000000000000 ) ;
#6349 = ADVANCED_FACE ( 'NONE', ( #4030 ), #1964, .F. ) ;
#6350 = ORIENTED_EDGE ( 'NONE', *, *, #1176, .F. ) ;
#6351 = EDGE_CURVE ( 'NONE', #6240, #5915, #6972, .T. ) ;
#6352 = LINE ( 'NONE', #3156, #5794 ) ;
#6353 = FILL_AREA_STYLE_COLOUR ( '', #7077 ) ;
#6354 = MECHANICAL_DESIGN_GEOMETRIC_PRESENTATION_REPRESENTATION (  '', ( #5960 ), #3379 ) ;
#6355 =( LENGTH_UNIT ( ) NAMED_UNIT ( * ) SI_UNIT ( .MILLI., .METRE. ) );
#6356 = CARTESIAN_POINT ( 'NONE',  ( -2.119999999999998774, 2.236792614887840092, 0.6150000000000157563 ) ) ;
#6357 = SURFACE_STYLE_USAGE ( .BOTH. , #6820 ) ;
#6358 = ORIENTED_EDGE ( 'NONE', *, *, #7197, .T. ) ;
#6359 = MECHANICAL_DESIGN_GEOMETRIC_PRESENTATION_REPRESENTATION (  '', ( #6212 ), #6737 ) ;
#6360 = DIRECTION ( 'NONE',  ( 0.000000000000000000, 0.000000000000000000, -1.000000000000000000 ) ) ;
#6361 = PRESENTATION_LAYER_ASSIGNMENT (  '', '', ( #3793 ) ) ;
#6362 =( GEOMETRIC_REPRESENTATION_CONTEXT ( 3 ) GLOBAL_UNCERTAINTY_ASSIGNED_CONTEXT ( ( #5050 ) ) GLOBAL_UNIT_ASSIGNED_CONTEXT ( ( #5838, #6470, #54 ) ) REPRESENTATION_CONTEXT ( 'NONE', 'WORKASPACE' ) );
#6363 =( LENGTH_UNIT ( ) NAMED_UNIT ( * ) SI_UNIT ( .MILLI., .METRE. ) );
#6364 =( LENGTH_UNIT ( ) NAMED_UNIT ( * ) SI_UNIT ( .MILLI., .METRE. ) );
#6365 = SURFACE_STYLE_USAGE ( .BOTH. , #2952 ) ;
#6366 = SURFACE_STYLE_USAGE ( .BOTH. , #5203 ) ;
#6367 = VECTOR ( 'NONE', #2842, 1000.000000000000000 ) ;
#6368 = VERTEX_POINT ( 'NONE', #5509 ) ;
#6369 = VECTOR ( 'NONE', #2914, 1000.000000000000000 ) ;
#6370 = CARTESIAN_POINT ( 'NONE',  ( -1.689999999999998392, -2.200000000000000178, 0.8349999999999843103 ) ) ;
#6371 = DIRECTION ( 'NONE',  ( 1.000000000000000000, 0.000000000000000000, 0.000000000000000000 ) ) ;
#6372 = ORIENTED_EDGE ( 'NONE', *, *, #3093, .F. ) ;
#6373 =( NAMED_UNIT ( * ) PLANE_ANGLE_UNIT ( ) SI_UNIT ( $, .RADIAN. ) );
#6374 = ADVANCED_FACE ( 'NONE', ( #847 ), #909, .F. ) ;
#6375 = ORIENTED_EDGE ( 'NONE', *, *, #3903, .T. ) ;
#6376 = DIRECTION ( 'NONE',  ( 1.000000000000000000, 0.000000000000000000, 0.000000000000000000 ) ) ;
#6377 = CIRCLE ( 'NONE', #347, 0.1340459166400967961 ) ;
#6378 = FILL_AREA_STYLE ('',( #5165 ) ) ;
#6379 = PRODUCT ( 'EL1881CSZ', 'EL1881CSZ', '', ( #5720 ) ) ;
#6380 = SURFACE_SIDE_STYLE ('',( #2951 ) ) ;
#6381 = EDGE_CURVE ( 'NONE', #4646, #512, #1554, .T. ) ;
#6382 = PRESENTATION_LAYER_ASSIGNMENT (  '', '', ( #5215 ) ) ;
#6383 = ORIENTED_EDGE ( 'NONE', *, *, #211, .T. ) ;
#6384 = LINE ( 'NONE', #4174, #1161 ) ;
#6385 = CARTESIAN_POINT ( 'NONE',  ( 2.297327737236434242, 1.797327737236432910, 1.449999999999999956 ) ) ;
#6386 = CIRCLE ( 'NONE', #3049, 0.1340459166400967961 ) ;
#6387 = PLANE ( 'NONE',  #5751 ) ;
#6388 = LINE ( 'NONE', #3900, #3614 ) ;
#6389 = EDGE_CURVE ( 'NONE', #5466, #6073, #2189, .T. ) ;
#6390 = PRESENTATION_LAYER_ASSIGNMENT (  '', '', ( #2632 ) ) ;
#6391 = ORIENTED_EDGE ( 'NONE', *, *, #244, .F. ) ;
#6392 = STYLED_ITEM ( 'NONE', ( #1287 ), #3148 ) ;
#6393 = COLOUR_RGB ( '',0.7529411764705882248, 0.7529411764705882248, 0.7529411764705882248 ) ;
#6394 = FILL_AREA_STYLE_COLOUR ( '', #5617 ) ;
#6395 = DIRECTION ( 'NONE',  ( 0.000000000000000000, -0.06975647374412537183, -0.9975640502598243087 ) ) ;
#6396 = CYLINDRICAL_SURFACE ( 'NONE', #91, 0.1340459166400966851 ) ;
#6397 = CARTESIAN_POINT ( 'NONE',  ( -0.8499999999999985345, 2.236792614887840092, 0.6150000000000157563 ) ) ;
#6398 = DIRECTION ( 'NONE',  ( 0.000000000000000000, -1.000000000000000000, 0.000000000000000000 ) ) ;
#6399 = VERTEX_POINT ( 'NONE', #6143 ) ;
#6400 =( GEOMETRIC_REPRESENTATION_CONTEXT ( 3 ) GLOBAL_UNCERTAINTY_ASSIGNED_CONTEXT ( ( #478 ) ) GLOBAL_UNIT_ASSIGNED_CONTEXT ( ( #3681, #781, #765 ) ) REPRESENTATION_CONTEXT ( 'NONE', 'WORKASPACE' ) );
#6401 = CARTESIAN_POINT ( 'NONE',  ( 2.450000000000001510, -1.874046004575875779, 0.8349999999999827560 ) ) ;
#6402 = AXIS2_PLACEMENT_3D ( 'NONE', #4847, #5344, #3767 ) ;
#6403 = STYLED_ITEM ( 'NONE', ( #6218 ), #4527 ) ;
#6404 = CYLINDRICAL_SURFACE ( 'NONE', #6726, 0.3145906676743914776 ) ;
#6405 = SURFACE_STYLE_USAGE ( .BOTH. , #5817 ) ;
#6406 = LINE ( 'NONE', #1978, #4887 ) ;
#6407 = CARTESIAN_POINT ( 'NONE',  ( 0.8500000000000015321, -1.949999999999999734, 0.6150000000000157563 ) ) ;
#6408 =( NAMED_UNIT ( * ) PLANE_ANGLE_UNIT ( ) SI_UNIT ( $, .RADIAN. ) );
#6409 = DIRECTION ( 'NONE',  ( 0.000000000000000000, 0.000000000000000000, 1.000000000000000000 ) ) ;
#6410 = COLOUR_RGB ( '',0.7529411764705882248, 0.7529411764705882248, 0.7529411764705882248 ) ;
#6411 = VECTOR ( 'NONE', #5664, 1000.000000000000000 ) ;
#6412 = EDGE_LOOP ( 'NONE', ( #4837, #4865, #4297, #3838 ) ) ;
#6413 =( NAMED_UNIT ( * ) PLANE_ANGLE_UNIT ( ) SI_UNIT ( $, .RADIAN. ) );
#6414 = VERTEX_POINT ( 'NONE', #4439 ) ;
#6415 = DIRECTION ( 'NONE',  ( 0.09889026361067725091, 0.7036407875340316975, 0.7036407875340218165 ) ) ;
#6416 = FILL_AREA_STYLE ('',( #5358 ) ) ;
#6417 = CARTESIAN_POINT ( 'NONE',  ( 2.450000000000001510, -1.949999999999999512, 0.6150000000000157563 ) ) ;
#6418 = VECTOR ( 'NONE', #836, 1000.000000000000000 ) ;
#6419 = ORIENTED_EDGE ( 'NONE', *, *, #5282, .T. ) ;
#6420 = FACE_OUTER_BOUND ( 'NONE', #5381, .T. ) ;
#6421 = COLOUR_RGB ( '',0.7529411764705882248, 0.7529411764705882248, 0.7529411764705882248 ) ;
#6422 = CARTESIAN_POINT ( 'NONE',  ( -0.8499999999999985345, 2.649999999999999911, 1.600525615819771152 ) ) ;
#6423 = PLANE ( 'NONE',  #2391 ) ;
#6424 = EDGE_CURVE ( 'NONE', #6727, #1498, #5603, .T. ) ;
#6425 =( NAMED_UNIT ( * ) PLANE_ANGLE_UNIT ( ) SI_UNIT ( $, .RADIAN. ) );
#6426 = VECTOR ( 'NONE', #7347, 1000.000000000000114 ) ;
#6427 = DIRECTION ( 'NONE',  ( -2.224004456380521903E-16, 1.000000000000000000, 8.769753846705790833E-34 ) ) ;
#6428 = CIRCLE ( 'NONE', #2471, 0.1340459166400966851 ) ;
#6429 = ORIENTED_EDGE ( 'NONE', *, *, #7427, .T. ) ;
#6430 = LINE ( 'NONE', #1570, #5354 ) ;
#6431 = DIRECTION ( 'NONE',  ( -1.000000000000000000, -0.000000000000000000, 0.000000000000000000 ) ) ;
#6432 = COLOUR_RGB ( '',0.2509803921568627416, 0.2509803921568627416, 0.2509803921568627416 ) ;
#6433 = ORIENTED_EDGE ( 'NONE', *, *, #7053, .F. ) ;
#6434 = UNCERTAINTY_MEASURE_WITH_UNIT (LENGTH_MEASURE( 1.000000000000000082E-05 ), #3983, 'distance_accuracy_value', 'NONE');
#6435 = DIRECTION ( 'NONE',  ( 0.000000000000000000, 1.000000000000000000, 0.000000000000000000 ) ) ;
#6436 = PRESENTATION_STYLE_ASSIGNMENT (( #4325 ) ) ;
#6437 = CARTESIAN_POINT ( 'NONE',  ( 2.374537999305286196, 1.949996426143392636, 0.6149745706889153674 ) ) ;
#6438 = AXIS2_PLACEMENT_3D ( 'NONE', #822, #7215, #315 ) ;
#6439 = ORIENTED_EDGE ( 'NONE', *, *, #3060, .T. ) ;
#6440 = SURFACE_SIDE_STYLE ('',( #1386 ) ) ;
#6441 = EDGE_CURVE ( 'NONE', #1692, #2690, #659, .T. ) ;
#6442 = VECTOR ( 'NONE', #2589, 1000.000000000000000 ) ;
#6443 = AXIS2_PLACEMENT_3D ( 'NONE', #2980, #1908, #2456 ) ;
#6444 =( GEOMETRIC_REPRESENTATION_CONTEXT ( 3 ) GLOBAL_UNCERTAINTY_ASSIGNED_CONTEXT ( ( #195 ) ) GLOBAL_UNIT_ASSIGNED_CONTEXT ( ( #1977, #1379, #6535 ) ) REPRESENTATION_CONTEXT ( 'NONE', 'WORKASPACE' ) );
#6445 = SURFACE_STYLE_FILL_AREA ( #5206 ) ;
#6446 = ORIENTED_EDGE ( 'NONE', *, *, #298, .T. ) ;
#6447 = PLANE ( 'NONE',  #4480 ) ;
#6448 = VECTOR ( 'NONE', #4466, 1000.000000000000114 ) ;
#6449 = MECHANICAL_DESIGN_GEOMETRIC_PRESENTATION_REPRESENTATION (  '', ( #2584 ), #3131 ) ;
#6450 = EDGE_CURVE ( 'NONE', #5121, #2199, #7232, .T. ) ;
#6451 = SURFACE_STYLE_USAGE ( .BOTH. , #3592 ) ;
#6452 = AXIS2_PLACEMENT_3D ( 'NONE', #6826, #3454, #7467 ) ;
#6453 =( NAMED_UNIT ( * ) SI_UNIT ( $, .STERADIAN. ) SOLID_ANGLE_UNIT ( ) );
#6454 =( LENGTH_UNIT ( ) NAMED_UNIT ( * ) SI_UNIT ( .MILLI., .METRE. ) );
#6455 = ORIENTED_EDGE ( 'NONE', *, *, #6992, .T. ) ;
#6456 =( NAMED_UNIT ( * ) PLANE_ANGLE_UNIT ( ) SI_UNIT ( $, .RADIAN. ) );
#6457 = FILL_AREA_STYLE ('',( #4369 ) ) ;
#6458 = DIRECTION ( 'NONE',  ( 0.000000000000000000, 0.06975647374412252688, 0.9975640502598244197 ) ) ;
#6459 = ORIENTED_EDGE ( 'NONE', *, *, #5366, .T. ) ;
#6460 = DIRECTION ( 'NONE',  ( -1.000000000000000000, 0.000000000000000000, 0.000000000000000000 ) ) ;
#6461 = SURFACE_STYLE_FILL_AREA ( #3782 ) ;
#6462 = ORIENTED_EDGE ( 'NONE', *, *, #2234, .T. ) ;
#6463 = FILL_AREA_STYLE ('',( #3086 ) ) ;
#6464 = DIRECTION ( 'NONE',  ( -1.000000000000000000, -8.850629979473502314E-17, 0.000000000000000000 ) ) ;
#6465 = VERTEX_POINT ( 'NONE', #5578 ) ;
#6466 = SURFACE_STYLE_FILL_AREA ( #6835 ) ;
#6467 = MECHANICAL_DESIGN_GEOMETRIC_PRESENTATION_REPRESENTATION (  '', ( #3699 ), #6843 ) ;
#6468 = ORIENTED_EDGE ( 'NONE', *, *, #1094, .T. ) ;
#6469 = COLOUR_RGB ( '',0.2509803921568627416, 0.2509803921568627416, 0.2509803921568627416 ) ;
#6470 =( NAMED_UNIT ( * ) PLANE_ANGLE_UNIT ( ) SI_UNIT ( $, .RADIAN. ) );
#6471 = CARTESIAN_POINT ( 'NONE',  ( 1.690000000000001723, 2.999999999999999556, 1.625000000000000000 ) ) ;
#6472 = DIRECTION ( 'NONE',  ( 1.000000000000000000, 0.000000000000000000, 0.000000000000000000 ) ) ;
#6473 = UNCERTAINTY_MEASURE_WITH_UNIT (LENGTH_MEASURE( 1.000000000000000082E-05 ), #6853, 'distance_accuracy_value', 'NONE');
#6474 = CARTESIAN_POINT ( 'NONE',  ( -0.8499999999999985345, 3.000000000000000000, 1.405000000000000027 ) ) ;
#6475 = CLOSED_SHELL ( 'NONE', ( #2154, #7332, #1508, #4922, #908, #2833, #4292, #5172, #6187, #2296, #6571, #7173, #1165, #1108 ) ) ;
#6476 = EDGE_CURVE ( 'NONE', #159, #493, #291, .T. ) ;
#6477 = SURFACE_STYLE_FILL_AREA ( #4013 ) ;
#6478 = MECHANICAL_DESIGN_GEOMETRIC_PRESENTATION_REPRESENTATION (  '', ( #2187 ), #392 ) ;
#6479 = SURFACE_SIDE_STYLE ('',( #915 ) ) ;
#6480 = FILL_AREA_STYLE ('',( #5895 ) ) ;
#6481 =( LENGTH_UNIT ( ) NAMED_UNIT ( * ) SI_UNIT ( .MILLI., .METRE. ) );
#6482 = UNCERTAINTY_MEASURE_WITH_UNIT (LENGTH_MEASURE( 1.000000000000000082E-05 ), #5736, 'distance_accuracy_value', 'NONE');
#6483 = ORIENTED_EDGE ( 'NONE', *, *, #3121, .F. ) ;
#6484 = CYLINDRICAL_SURFACE ( 'NONE', #1251, 0.07619999999999979567 ) ;
#6485 =( NAMED_UNIT ( * ) PLANE_ANGLE_UNIT ( ) SI_UNIT ( $, .RADIAN. ) );
#6486 = DIRECTION ( 'NONE',  ( 0.000000000000000000, -0.7071067811865427988, 0.7071067811865521247 ) ) ;
#6487 =( GEOMETRIC_REPRESENTATION_CONTEXT ( 3 ) GLOBAL_UNCERTAINTY_ASSIGNED_CONTEXT ( ( #2363 ) ) GLOBAL_UNIT_ASSIGNED_CONTEXT ( ( #60, #5275, #1349 ) ) REPRESENTATION_CONTEXT ( 'NONE', 'WORKASPACE' ) );
#6488 = EDGE_CURVE ( 'NONE', #3796, #3686, #6238, .T. ) ;
#6489 = STYLED_ITEM ( 'NONE', ( #4802 ), #4384 ) ;
#6490 = DIRECTION ( 'NONE',  ( 1.000000000000000000, 0.000000000000000000, 0.000000000000000000 ) ) ;
#6491 = VERTEX_POINT ( 'NONE', #6716 ) ;
#6492 = FILL_AREA_STYLE ('',( #2407 ) ) ;
#6493 = CIRCLE ( 'NONE', #2988, 0.3145906676743915886 ) ;
#6494 = SURFACE_STYLE_USAGE ( .BOTH. , #2957 ) ;
#6495 = DIRECTION ( 'NONE',  ( 1.000000000000000000, 0.000000000000000000, 0.000000000000000000 ) ) ;
#6496 = PRESENTATION_STYLE_ASSIGNMENT (( #5351 ) ) ;
#6497 = CARTESIAN_POINT ( 'NONE',  ( 2.297327737236433798, -1.797327737236432021, 0.07619999999999998996 ) ) ;
#6498 = SURFACE_STYLE_USAGE ( .BOTH. , #1865 ) ;
#6499 =( GEOMETRIC_REPRESENTATION_CONTEXT ( 3 ) GLOBAL_UNCERTAINTY_ASSIGNED_CONTEXT ( ( #3593 ) ) GLOBAL_UNIT_ASSIGNED_CONTEXT ( ( #3492, #7456, #6297 ) ) REPRESENTATION_CONTEXT ( 'NONE', 'WORKASPACE' ) );
#6500 = CARTESIAN_POINT ( 'NONE',  ( -0.4199999999999984857, 2.236792614887840092, 0.9295906676744072339 ) ) ;
#6501 =( GEOMETRIC_REPRESENTATION_CONTEXT ( 3 ) GLOBAL_UNCERTAINTY_ASSIGNED_CONTEXT ( ( #5185 ) ) GLOBAL_UNIT_ASSIGNED_CONTEXT ( ( #4759, #1306, #3056 ) ) REPRESENTATION_CONTEXT ( 'NONE', 'WORKASPACE' ) );
#6502 = PRESENTATION_LAYER_ASSIGNMENT (  '', '', ( #1972 ) ) ;
#6503 = SURFACE_STYLE_USAGE ( .BOTH. , #4783 ) ;
#6504 = SURFACE_STYLE_FILL_AREA ( #2376 ) ;
#6505 = VECTOR ( 'NONE', #4314, 1000.000000000000000 ) ;
#6506 =( NAMED_UNIT ( * ) SI_UNIT ( $, .STERADIAN. ) SOLID_ANGLE_UNIT ( ) );
#6507 = VERTEX_POINT ( 'NONE', #1533 ) ;
#6508 = DIRECTION ( 'NONE',  ( 0.000000000000000000, 0.000000000000000000, 1.000000000000000000 ) ) ;
#6509 = PRESENTATION_STYLE_ASSIGNMENT (( #7250 ) ) ;
#6510 = SURFACE_STYLE_USAGE ( .BOTH. , #6257 ) ;
#6511 = EDGE_LOOP ( 'NONE', ( #2587, #2098, #6743, #4590 ) ) ;
#6512 = CARTESIAN_POINT ( 'NONE',  ( -1.590748275412404479E-16, 1.797327737236432688, 1.373799999999999910 ) ) ;
#6513 = EDGE_LOOP ( 'NONE', ( #7115, #6322, #2410, #1387 ) ) ;
#6514 = PRESENTATION_STYLE_ASSIGNMENT (( #5747 ) ) ;
#6515 = DIRECTION ( 'NONE',  ( 1.000000000000000000, 0.000000000000000000, 0.000000000000000000 ) ) ;
#6516 = PRESENTATION_STYLE_ASSIGNMENT (( #177 ) ) ;
#6517 = VERTEX_POINT ( 'NONE', #7291 ) ;
#6518 = CARTESIAN_POINT ( 'NONE',  ( 1.690000000000001723, 2.999999999999999556, 1.405000000000000027 ) ) ;
#6519 = ORIENTED_EDGE ( 'NONE', *, *, #4974, .T. ) ;
#6520 = SURFACE_SIDE_STYLE ('',( #2499 ) ) ;
#6521 = SURFACE_STYLE_FILL_AREA ( #5451 ) ;
#6522 = CIRCLE ( 'NONE', #7165, 0.07620000000000000384 ) ;
#6523 =( LENGTH_UNIT ( ) NAMED_UNIT ( * ) SI_UNIT ( .MILLI., .METRE. ) );
#6524 = CARTESIAN_POINT ( 'NONE',  ( -0.4199999999999984857, 2.358120395030566918, 1.308646010850337271 ) ) ;
#6525 = EDGE_CURVE ( 'NONE', #431, #4468, #3195, .T. ) ;
#6526 = AXIS2_PLACEMENT_3D ( 'NONE', #6417, #27, #2301 ) ;
#6527 = SURFACE_STYLE_FILL_AREA ( #3624 ) ;
#6528 = ORIENTED_EDGE ( 'NONE', *, *, #6278, .F. ) ;
#6529 = UNCERTAINTY_MEASURE_WITH_UNIT (LENGTH_MEASURE( 1.000000000000000082E-05 ), #1284, 'distance_accuracy_value', 'NONE');
#6530 = UNCERTAINTY_MEASURE_WITH_UNIT (LENGTH_MEASURE( 1.000000000000000082E-05 ), #5953, 'distance_accuracy_value', 'NONE');
#6531 = VECTOR ( 'NONE', #4958, 1000.000000000000000 ) ;
#6532 = CARTESIAN_POINT ( 'NONE',  ( -0.8499999999999985345, -1.949999999999999734, 0.6150000000000157563 ) ) ;
#6533 = SURFACE_SIDE_STYLE ('',( #7116 ) ) ;
#6534 = CARTESIAN_POINT ( 'NONE',  ( 1.690000000000001723, 2.236792614887839648, 0.9295906676744072339 ) ) ;
#6535 =( NAMED_UNIT ( * ) SI_UNIT ( $, .STERADIAN. ) SOLID_ANGLE_UNIT ( ) );
#6536 = SPHERICAL_SURFACE ( 'NONE', #6254, 0.07619999999999998996 ) ;
#6537 = CARTESIAN_POINT ( 'NONE',  ( 0.4200000000000015388, -2.333719387524285427, 0.9596953461754694770 ) ) ;
#6538 = AXIS2_PLACEMENT_3D ( 'NONE', #3755, #5499, #3781 ) ;
#6539 = EDGE_CURVE ( 'NONE', #2968, #1545, #6607, .T. ) ;
#6540 = SURFACE_STYLE_FILL_AREA ( #6788 ) ;
#6541 = MECHANICAL_DESIGN_GEOMETRIC_PRESENTATION_REPRESENTATION (  '', ( #4585 ), #4490 ) ;
#6542 = ORIENTED_EDGE ( 'NONE', *, *, #3260, .T. ) ;
#6543 =( GEOMETRIC_REPRESENTATION_CONTEXT ( 3 ) GLOBAL_UNCERTAINTY_ASSIGNED_CONTEXT ( ( #5553 ) ) GLOBAL_UNIT_ASSIGNED_CONTEXT ( ( #1899, #4885, #4249 ) ) REPRESENTATION_CONTEXT ( 'NONE', 'WORKASPACE' ) );
#6544 = PLANE ( 'NONE',  #4858 ) ;
#6545 = DIRECTION ( 'NONE',  ( 1.000000000000000000, 0.000000000000000000, 0.000000000000000000 ) ) ;
#6546 =( NAMED_UNIT ( * ) SI_UNIT ( $, .STERADIAN. ) SOLID_ANGLE_UNIT ( ) );
#6547 = CARTESIAN_POINT ( 'NONE',  ( 1.690000000000001723, -2.999999999999999556, 1.405000000000000027 ) ) ;
#6548 = AXIS2_PLACEMENT_3D ( 'NONE', #430, #2170, #1017 ) ;
#6549 = MECHANICAL_DESIGN_GEOMETRIC_PRESENTATION_REPRESENTATION (  '', ( #1150 ), #860 ) ;
#6550 = COLOUR_RGB ( '',0.7529411764705882248, 0.7529411764705882248, 0.7529411764705882248 ) ;
#6551 = DIRECTION ( 'NONE',  ( -1.000000000000000000, -0.000000000000000000, -0.000000000000000000 ) ) ;
#6552 = PLANE ( 'NONE',  #2235 ) ;
#6553 = ORIENTED_EDGE ( 'NONE', *, *, #5809, .F. ) ;
#6554 = DIRECTION ( 'NONE',  ( 0.000000000000000000, 0.000000000000000000, -1.000000000000000000 ) ) ;
#6555 = LINE ( 'NONE', #3586, #239 ) ;
#6556 = ORIENTED_EDGE ( 'NONE', *, *, #4905, .F. ) ;
#6557 = ORIENTED_EDGE ( 'NONE', *, *, #2082, .T. ) ;
#6558 = PRESENTATION_STYLE_ASSIGNMENT (( #3117 ) ) ;
#6559 = FILL_AREA_STYLE ('',( #3694 ) ) ;
#6560 = FILL_AREA_STYLE ('',( #777 ) ) ;
#6561 = VERTEX_POINT ( 'NONE', #349 ) ;
#6562 = PRESENTATION_STYLE_ASSIGNMENT (( #4263 ) ) ;
#6563 = ORIENTED_EDGE ( 'NONE', *, *, #7103, .F. ) ;
#6564 = PLANE ( 'NONE',  #3772 ) ;
#6565 = ORIENTED_EDGE ( 'NONE', *, *, #2118, .T. ) ;
#6566 = DIRECTION ( 'NONE',  ( 1.000000000000000000, 0.000000000000000000, 0.000000000000000000 ) ) ;
#6567 = FILL_AREA_STYLE_COLOUR ( '', #7070 ) ;
#6568 = CARTESIAN_POINT ( 'NONE',  ( -2.340846632081211354, 1.840846632081212020, 0.3858530267301733541 ) ) ;
#6569 = EDGE_CURVE ( 'NONE', #2255, #3741, #1837, .T. ) ;
#6570 = ORIENTED_EDGE ( 'NONE', *, *, #4208, .F. ) ;
#6571 = ADVANCED_FACE ( 'NONE', ( #7054 ), #3811, .F. ) ;
#6572 = UNCERTAINTY_MEASURE_WITH_UNIT (LENGTH_MEASURE( 1.000000000000000082E-05 ), #2260, 'distance_accuracy_value', 'NONE');
#6573 = SURFACE_STYLE_FILL_AREA ( #6378 ) ;
#6574 = SURFACE_SIDE_STYLE ('',( #2457 ) ) ;
#6575 = DIRECTION ( 'NONE',  ( 1.000000000000000000, 0.000000000000000000, 0.000000000000000000 ) ) ;
#6576 = ORIENTED_EDGE ( 'NONE', *, *, #2482, .F. ) ;
#6577 = LINE ( 'NONE', #5012, #6831 ) ;
#6578 = CARTESIAN_POINT ( 'NONE',  ( -2.119999999999998774, -2.200000000000000178, 0.9690459166400811064 ) ) ;
#6579 =( LENGTH_UNIT ( ) NAMED_UNIT ( * ) SI_UNIT ( .MILLI., .METRE. ) );
#6580 = EDGE_CURVE ( 'NONE', #1396, #732, #4388, .T. ) ;
#6581 =( GEOMETRIC_REPRESENTATION_CONTEXT ( 3 ) GLOBAL_UNCERTAINTY_ASSIGNED_CONTEXT ( ( #7257 ) ) GLOBAL_UNIT_ASSIGNED_CONTEXT ( ( #7476, #3446, #5779 ) ) REPRESENTATION_CONTEXT ( 'NONE', 'WORKASPACE' ) );
#6582 = VERTEX_POINT ( 'NONE', #4987 ) ;
#6583 = PRESENTATION_LAYER_ASSIGNMENT (  '', '', ( #6337 ) ) ;
#6584 = DIRECTION ( 'NONE',  ( -1.000000000000000000, -0.000000000000000000, 0.000000000000000000 ) ) ;
#6585 = DIRECTION ( 'NONE',  ( -0.1378445374916255906, -0.1378445374916252297, 0.9808148484639900300 ) ) ;
#6586 = FACE_OUTER_BOUND ( 'NONE', #3868, .T. ) ;
#6587 = SURFACE_STYLE_USAGE ( .BOTH. , #1407 ) ;
#6588 = ORIENTED_EDGE ( 'NONE', *, *, #3880, .T. ) ;
#6589 =( GEOMETRIC_REPRESENTATION_CONTEXT ( 3 ) GLOBAL_UNCERTAINTY_ASSIGNED_CONTEXT ( ( #1049 ) ) GLOBAL_UNIT_ASSIGNED_CONTEXT ( ( #3020, #5321, #5301 ) ) REPRESENTATION_CONTEXT ( 'NONE', 'WORKASPACE' ) );
#6590 = DIRECTION ( 'NONE',  ( 0.000000000000000000, 0.000000000000000000, -1.000000000000000000 ) ) ;
#6591 = CARTESIAN_POINT ( 'NONE',  ( 2.254132893130579962, -1.754132893130578408, 1.681147285913904943 ) ) ;
#6592 = LINE ( 'NONE', #2523, #5060 ) ;
#6593 = DIRECTION ( 'NONE',  ( 0.000000000000000000, 0.9975640502598241977, -0.06975647374412535795 ) ) ;
#6594 = CARTESIAN_POINT ( 'NONE',  ( -1.649374538112464348E-16, 1.863567386658029346, 1.449999999999999956 ) ) ;
#6595 =( NAMED_UNIT ( * ) SI_UNIT ( $, .STERADIAN. ) SOLID_ANGLE_UNIT ( ) );
#6596 = CARTESIAN_POINT ( 'NONE',  ( -2.119999999999998774, -2.649999999999999911, 1.600525615819771152 ) ) ;
#6597 = STYLED_ITEM ( 'NONE', ( #5078 ), #6374 ) ;
#6598 = SURFACE_STYLE_USAGE ( .BOTH. , #1916 ) ;
#6599 = VERTEX_POINT ( 'NONE', #6759 ) ;
#6600 = AXIS2_PLACEMENT_3D ( 'NONE', #6008, #752, #7089 ) ;
#6601 = ORIENTED_EDGE ( 'NONE', *, *, #1520, .F. ) ;
#6602 = DIRECTION ( 'NONE',  ( -0.9902680687415709171, 0.000000000000000000, 0.1391731009600619962 ) ) ;
#6603 = VECTOR ( 'NONE', #4544, 1000.000000000000000 ) ;
#6604 = EDGE_CURVE ( 'NONE', #4908, #512, #4648, .T. ) ;
#6605 = PRESENTATION_STYLE_ASSIGNMENT (( #6762 ) ) ;
#6606 = FILL_AREA_STYLE_COLOUR ( '', #719 ) ;
#6607 = LINE ( 'NONE', #4925, #2361 ) ;
#6608 = DIRECTION ( 'NONE',  ( 1.000000000000000000, 0.000000000000000000, 0.000000000000000000 ) ) ;
#6609 = ORIENTED_EDGE ( 'NONE', *, *, #1641, .T. ) ;
#6610 =( LENGTH_UNIT ( ) NAMED_UNIT ( * ) SI_UNIT ( .MILLI., .METRE. ) );
#6611 =( NAMED_UNIT ( * ) SI_UNIT ( $, .STERADIAN. ) SOLID_ANGLE_UNIT ( ) );
#6612 = SPHERICAL_SURFACE ( 'NONE', #6010, 0.07619999999999998996 ) ;
#6613 =( GEOMETRIC_REPRESENTATION_CONTEXT ( 3 ) GLOBAL_UNCERTAINTY_ASSIGNED_CONTEXT ( ( #6434 ) ) GLOBAL_UNIT_ASSIGNED_CONTEXT ( ( #3983, #1578, #525 ) ) REPRESENTATION_CONTEXT ( 'NONE', 'WORKASPACE' ) );
#6614 = SURFACE_STYLE_FILL_AREA ( #4392 ) ;
#6615 = ORIENTED_EDGE ( 'NONE', *, *, #633, .F. ) ;
#6616 = SURFACE_STYLE_USAGE ( .BOTH. , #5480 ) ;
#6617 = VERTEX_POINT ( 'NONE', #6261 ) ;
#6618 = LINE ( 'NONE', #5757, #5271 ) ;
#6619 = CARTESIAN_POINT ( 'NONE',  ( 2.451433794360487806, 1.875975367522378923, 0.6252019769807438676 ) ) ;
#6620 = ORIENTED_EDGE ( 'NONE', *, *, #4992, .T. ) ;
#6621 = UNCERTAINTY_MEASURE_WITH_UNIT (LENGTH_MEASURE( 1.000000000000000082E-05 ), #1300, 'distance_accuracy_value', 'NONE');
#6622 = VERTEX_POINT ( 'NONE', #4507 ) ;
#6623 = EDGE_CURVE ( 'NONE', #5202, #6465, #1295, .T. ) ;
#6624 = DIRECTION ( 'NONE',  ( 0.000000000000000000, -1.000000000000000000, 0.000000000000000000 ) ) ;
#6625 = FACE_OUTER_BOUND ( 'NONE', #6211, .T. ) ;
#6626 = CARTESIAN_POINT ( 'NONE',  ( 2.120000000000001439, 2.236792614887839648, 0.9295906676744072339 ) ) ;
#6627 = CARTESIAN_POINT ( 'NONE',  ( 2.120000000000001439, -2.358120395030566474, 1.308646010850337271 ) ) ;
#6628 = PRESENTATION_LAYER_ASSIGNMENT (  '', '', ( #650 ) ) ;
#6629 = DIRECTION ( 'NONE',  ( 0.000000000000000000, 0.000000000000000000, 1.000000000000000000 ) ) ;
#6630 = SURFACE_STYLE_FILL_AREA ( #1501 ) ;
#6631 = EDGE_CURVE ( 'NONE', #5260, #5712, #6074, .T. ) ;
#6632 = MECHANICAL_DESIGN_GEOMETRIC_PRESENTATION_REPRESENTATION (  '', ( #2632 ), #3313 ) ;
#6633 =( NAMED_UNIT ( * ) SI_UNIT ( $, .STERADIAN. ) SOLID_ANGLE_UNIT ( ) );
#6634 = DIRECTION ( 'NONE',  ( 0.1378445374916255906, -0.1378445374916252297, -0.9808148484639900300 ) ) ;
#6635 = ORIENTED_EDGE ( 'NONE', *, *, #7065, .T. ) ;
#6636 = SURFACE_STYLE_USAGE ( .BOTH. , #2615 ) ;
#6637 = STYLED_ITEM ( 'NONE', ( #4828 ), #6271 ) ;
#6638 = FACE_OUTER_BOUND ( 'NONE', #3154, .T. ) ;
#6639 = ADVANCED_FACE ( 'NONE', ( #4560 ), #4023, .F. ) ;
#6640 = PRESENTATION_LAYER_ASSIGNMENT (  '', '', ( #365 ) ) ;
#6641 =( GEOMETRIC_REPRESENTATION_CONTEXT ( 3 ) GLOBAL_UNCERTAINTY_ASSIGNED_CONTEXT ( ( #5096 ) ) GLOBAL_UNIT_ASSIGNED_CONTEXT ( ( #1845, #4112, #3569 ) ) REPRESENTATION_CONTEXT ( 'NONE', 'WORKASPACE' ) );
#6642 = CARTESIAN_POINT ( 'NONE',  ( 2.120000000000001439, 2.999999999999999556, 1.405000000000000027 ) ) ;
#6643 = AXIS2_PLACEMENT_3D ( 'NONE', #4170, #4191, #5859 ) ;
#6644 = VERTEX_POINT ( 'NONE', #1651 ) ;
#6645 = PRESENTATION_STYLE_ASSIGNMENT (( #6214 ) ) ;
#6646 = ORIENTED_EDGE ( 'NONE', *, *, #6953, .T. ) ;
#6647 =( NAMED_UNIT ( * ) PLANE_ANGLE_UNIT ( ) SI_UNIT ( $, .RADIAN. ) );
#6648 = ORIENTED_EDGE ( 'NONE', *, *, #5505, .F. ) ;
#6649 = DIRECTION ( 'NONE',  ( 1.000000000000000000, 0.000000000000000000, 0.000000000000000000 ) ) ;
#6650 = CARTESIAN_POINT ( 'NONE',  ( -2.297327737236431133, -1.797327737236432466, 1.373799999999999910 ) ) ;
#6651 = SURFACE_SIDE_STYLE ('',( #2896 ) ) ;
#6652 = VERTEX_POINT ( 'NONE', #5058 ) ;
#6653 = DIRECTION ( 'NONE',  ( -2.224004456380521903E-16, 1.000000000000000000, 0.000000000000000000 ) ) ;
#6654 = EDGE_CURVE ( 'NONE', #6368, #6199, #2550, .T. ) ;
#6655 = DIRECTION ( 'NONE',  ( 0.000000000000000000, -0.000000000000000000, -1.000000000000000000 ) ) ;
#6656 = COLOUR_RGB ( '',0.7529411764705882248, 0.7529411764705882248, 0.7529411764705882248 ) ;
#6657 = FILL_AREA_STYLE_COLOUR ( '', #3994 ) ;
#6658 = ORIENTED_EDGE ( 'NONE', *, *, #3270, .F. ) ;
#6659 = PLANE ( 'NONE',  #5086 ) ;
#6660 = UNCERTAINTY_MEASURE_WITH_UNIT (LENGTH_MEASURE( 1.000000000000000082E-05 ), #3630, 'distance_accuracy_value', 'NONE');
#6661 = DIRECTION ( 'NONE',  ( 1.000000000000000000, 0.000000000000000000, 0.000000000000000000 ) ) ;
#6662 = ORIENTED_EDGE ( 'NONE', *, *, #4547, .F. ) ;
#6663 = DIRECTION ( 'NONE',  ( 1.000000000000000000, 0.000000000000000000, 0.000000000000000000 ) ) ;
#6664 = EDGE_CURVE ( 'NONE', #217, #1243, #4115, .T. ) ;
#6665 = PRESENTATION_STYLE_ASSIGNMENT (( #790 ) ) ;
#6666 = AXIS2_PLACEMENT_3D ( 'NONE', #2300, #1138, #4131 ) ;
#6667 = FILL_AREA_STYLE_COLOUR ( '', #3978 ) ;
#6668 = LINE ( 'NONE', #3822, #541 ) ;
#6669 = CARTESIAN_POINT ( 'NONE',  ( 2.450000000000001510, 1.950000000000000400, 0.6150000000000157563 ) ) ;
#6670 = CARTESIAN_POINT ( 'NONE',  ( -2.119999999999998774, 1.949999999999999956, 0.6150000000000157563 ) ) ;
#6671 = ORIENTED_EDGE ( 'NONE', *, *, #6569, .T. ) ;
#6672 = SURFACE_SIDE_STYLE ('',( #5250 ) ) ;
#6673 = MECHANICAL_DESIGN_GEOMETRIC_PRESENTATION_REPRESENTATION (  '', ( #7448 ), #1759 ) ;
#6674 = EDGE_CURVE ( 'NONE', #5385, #5648, #7145, .T. ) ;
#6675 = MECHANICAL_DESIGN_GEOMETRIC_PRESENTATION_REPRESENTATION (  '', ( #5035 ), #3363 ) ;
#6676 =( GEOMETRIC_REPRESENTATION_CONTEXT ( 3 ) GLOBAL_UNCERTAINTY_ASSIGNED_CONTEXT ( ( #563 ) ) GLOBAL_UNIT_ASSIGNED_CONTEXT ( ( #1693, #6, #5238 ) ) REPRESENTATION_CONTEXT ( 'NONE', 'WORKASPACE' ) );
#6677 =( LENGTH_UNIT ( ) NAMED_UNIT ( * ) SI_UNIT ( .MILLI., .METRE. ) );
#6678 = ADVANCED_FACE ( 'NONE', ( #5786 ), #4581, .T. ) ;
#6679 = ORIENTED_EDGE ( 'NONE', *, *, #5551, .F. ) ;
#6680 = DIRECTION ( 'NONE',  ( 0.000000000000000000, 0.9975640502598241977, -0.06975647374412535795 ) ) ;
#6681 = DIRECTION ( 'NONE',  ( 1.000000000000000000, 0.000000000000000000, 0.000000000000000000 ) ) ;
#6682 = FACE_OUTER_BOUND ( 'NONE', #1479, .T. ) ;
#6683 = ORIENTED_EDGE ( 'NONE', *, *, #6149, .F. ) ;
#6684 = STYLED_ITEM ( 'NONE', ( #4923 ), #6005 ) ;
#6685 = DIRECTION ( 'NONE',  ( 1.000000000000000000, 0.000000000000000000, 0.000000000000000000 ) ) ;
#6686 = PRESENTATION_LAYER_ASSIGNMENT (  '', '', ( #4771 ) ) ;
#6687 =( GEOMETRIC_REPRESENTATION_CONTEXT ( 3 ) GLOBAL_UNCERTAINTY_ASSIGNED_CONTEXT ( ( #522 ) ) GLOBAL_UNIT_ASSIGNED_CONTEXT ( ( #893, #1500, #4346 ) ) REPRESENTATION_CONTEXT ( 'NONE', 'WORKASPACE' ) );
#6688 = VECTOR ( 'NONE', #5011, 1000.000000000000000 ) ;
#6689 = PRESENTATION_LAYER_ASSIGNMENT (  '', '', ( #2009 ) ) ;
#6690 =( NAMED_UNIT ( * ) PLANE_ANGLE_UNIT ( ) SI_UNIT ( $, .RADIAN. ) );
#6691 = CARTESIAN_POINT ( 'NONE',  ( 2.297327737236433798, -1.797327737236432021, 1.373799999999999910 ) ) ;
#6692 = ORIENTED_EDGE ( 'NONE', *, *, #2861, .T. ) ;
#6693 = VECTOR ( 'NONE', #6435, 1000.000000000000000 ) ;
#6694 = EDGE_LOOP ( 'NONE', ( #4950, #3698, #932, #4431 ) ) ;
#6695 = FACE_OUTER_BOUND ( 'NONE', #7270, .T. ) ;
#6696 = FILL_AREA_STYLE_COLOUR ( '', #5470 ) ;
#6697 =( GEOMETRIC_REPRESENTATION_CONTEXT ( 3 ) GLOBAL_UNCERTAINTY_ASSIGNED_CONTEXT ( ( #2505 ) ) GLOBAL_UNIT_ASSIGNED_CONTEXT ( ( #8, #6301, #5787 ) ) REPRESENTATION_CONTEXT ( 'NONE', 'WORKASPACE' ) );
#6698 = DIRECTION ( 'NONE',  ( 0.000000000000000000, -5.691349986800547879E-15, -1.000000000000000000 ) ) ;
#6699 = ORIENTED_EDGE ( 'NONE', *, *, #162, .T. ) ;
#6700 = CIRCLE ( 'NONE', #4670, 0.1340459166400966851 ) ;
#6701 = CARTESIAN_POINT ( 'NONE',  ( 2.120000000000001439, 2.699598551369565058, 1.383993884394061347 ) ) ;
#6702 = UNCERTAINTY_MEASURE_WITH_UNIT (LENGTH_MEASURE( 1.000000000000000082E-05 ), #2998, 'distance_accuracy_value', 'NONE');
#6703 = CARTESIAN_POINT ( 'NONE',  ( -2.119999999999998774, 2.333719387524285871, 0.9596953461754694770 ) ) ;
#6704 =( NAMED_UNIT ( * ) PLANE_ANGLE_UNIT ( ) SI_UNIT ( $, .RADIAN. ) );
#6705 = EDGE_LOOP ( 'NONE', ( #3930, #3063, #2781, #483 ) ) ;
#6706 = COLOUR_RGB ( '',0.2509803921568627416, 0.2509803921568627416, 0.2509803921568627416 ) ;
#6707 = PRESENTATION_LAYER_ASSIGNMENT (  '', '', ( #5934 ) ) ;
#6708 = PRESENTATION_STYLE_ASSIGNMENT (( #6948 ) ) ;
#6709 = EDGE_CURVE ( 'NONE', #2893, #5832, #1383, .T. ) ;
#6710 =( NAMED_UNIT ( * ) SI_UNIT ( $, .STERADIAN. ) SOLID_ANGLE_UNIT ( ) );
#6711 = CARTESIAN_POINT ( 'NONE',  ( 0.4200000000000015388, 2.999999999999999556, 1.625000000000000000 ) ) ;
#6712 = LINE ( 'NONE', #6293, #2476 ) ;
#6713 = ORIENTED_EDGE ( 'NONE', *, *, #5658, .T. ) ;
#6714 = CARTESIAN_POINT ( 'NONE',  ( -0.4199999999999984857, 3.000000000000000000, 1.625000000000000000 ) ) ;
#6715 = ADVANCED_FACE ( 'NONE', ( #6233 ), #5749, .F. ) ;
#6716 = CARTESIAN_POINT ( 'NONE',  ( -2.297327737236431577, 1.585075142077449817, 0.02231846327358472104 ) ) ;
#6717 = CARTESIAN_POINT ( 'NONE',  ( -2.119999999999998774, 1.949999999999999956, 0.8349999999999841993 ) ) ;
#6718 = EDGE_CURVE ( 'NONE', #3982, #664, #5156, .T. ) ;
#6719 = CIRCLE ( 'NONE', #1751, 0.3145906676743915886 ) ;
#6720 = PRESENTATION_LAYER_ASSIGNMENT (  '', '', ( #4537 ) ) ;
#6721 = FILL_AREA_STYLE ('',( #4426 ) ) ;
#6722 = DIRECTION ( 'NONE',  ( 1.000000000000000000, 0.000000000000000000, 0.000000000000000000 ) ) ;
#6723 = LINE ( 'NONE', #6850, #5554 ) ;
#6724 =( LENGTH_UNIT ( ) NAMED_UNIT ( * ) SI_UNIT ( .MILLI., .METRE. ) );
#6725 =( LENGTH_UNIT ( ) NAMED_UNIT ( * ) SI_UNIT ( .MILLI., .METRE. ) );
#6726 = AXIS2_PLACEMENT_3D ( 'NONE', #590, #1719, #2468 ) ;
#6727 = VERTEX_POINT ( 'NONE', #2912 ) ;
#6728 = EDGE_CURVE ( 'NONE', #6064, #4413, #1201, .T. ) ;
#6729 = FACE_OUTER_BOUND ( 'NONE', #538, .T. ) ;
#6730 = ORIENTED_EDGE ( 'NONE', *, *, #6791, .T. ) ;
#6732 = EDGE_LOOP ( 'NONE', ( #1968, #4345, #1601, #240 ) ) ;
#6731 =( NAMED_UNIT ( * ) SI_UNIT ( $, .STERADIAN. ) SOLID_ANGLE_UNIT ( ) );
#6733 = CARTESIAN_POINT ( 'NONE',  ( -0.8499999999999985345, -2.236792614887840092, 0.9295906676744072339 ) ) ;
#6734 = EDGE_LOOP ( 'NONE', ( #6034, #771, #4764 ) ) ;
#6735 = FILL_AREA_STYLE_COLOUR ( '', #3385 ) ;
#6736 = VERTEX_POINT ( 'NONE', #5220 ) ;
#6737 =( GEOMETRIC_REPRESENTATION_CONTEXT ( 3 ) GLOBAL_UNCERTAINTY_ASSIGNED_CONTEXT ( ( #5148 ) ) GLOBAL_UNIT_ASSIGNED_CONTEXT ( ( #6235, #1622, #4556 ) ) REPRESENTATION_CONTEXT ( 'NONE', 'WORKASPACE' ) );
#6738 = ORIENTED_EDGE ( 'NONE', *, *, #1116, .T. ) ;
#6739 = AXIS2_PLACEMENT_3D ( 'NONE', #3697, #6585, #4886 ) ;
#6740 = CYLINDRICAL_SURFACE ( 'NONE', #5456, 0.07619999999999996221 ) ;
#6741 = MECHANICAL_DESIGN_GEOMETRIC_PRESENTATION_REPRESENTATION (  '', ( #4962 ), #5347 ) ;
#6742 = CARTESIAN_POINT ( 'NONE',  ( 0.4200000000000015388, 1.949999999999999734, 0.6150000000000157563 ) ) ;
#6743 = ORIENTED_EDGE ( 'NONE', *, *, #4095, .F. ) ;
#6744 = CARTESIAN_POINT ( 'NONE',  ( -0.8499999999999985345, 1.949999999999999734, 0.6150000000000157563 ) ) ;
#6745 = VERTEX_POINT ( 'NONE', #3487 ) ;
#6746 = ADVANCED_FACE ( 'NONE', ( #6329 ), #1787, .F. ) ;
#6747 =( NAMED_UNIT ( * ) PLANE_ANGLE_UNIT ( ) SI_UNIT ( $, .RADIAN. ) );
#6748 =( NAMED_UNIT ( * ) PLANE_ANGLE_UNIT ( ) SI_UNIT ( $, .RADIAN. ) );
#6749 = FILL_AREA_STYLE ('',( #5095 ) ) ;
#6750 = UNCERTAINTY_MEASURE_WITH_UNIT (LENGTH_MEASURE( 1.000000000000000082E-05 ), #334, 'distance_accuracy_value', 'NONE');
#6751 = LINE ( 'NONE', #1812, #6133 ) ;
#6752 = DIRECTION ( 'NONE',  ( 1.000000000000000000, 8.850629979473504779E-17, -0.000000000000000000 ) ) ;
#6753 = ADVANCED_FACE ( 'NONE', ( #7136 ), #6387, .F. ) ;
#6754 = COLOUR_RGB ( '',0.7529411764705882248, 0.7529411764705882248, 0.7529411764705882248 ) ;
#6755 = LINE ( 'NONE', #6537, #1814 ) ;
#6756 = DIRECTION ( 'NONE',  ( 1.000000000000000000, 0.000000000000000000, 0.000000000000000000 ) ) ;
#6757 = EDGE_CURVE ( 'NONE', #7371, #2135, #742, .T. ) ;
#6758 =( GEOMETRIC_REPRESENTATION_CONTEXT ( 3 ) GLOBAL_UNCERTAINTY_ASSIGNED_CONTEXT ( ( #7219 ) ) GLOBAL_UNIT_ASSIGNED_CONTEXT ( ( #474, #6315, #2819 ) ) REPRESENTATION_CONTEXT ( 'NONE', 'WORKASPACE' ) );
#6759 = CARTESIAN_POINT ( 'NONE',  ( 2.297327737236433798, -1.872786164074539794, 0.06559500970684327414 ) ) ;
#6760 = ORIENTED_EDGE ( 'NONE', *, *, #2736, .F. ) ;
#6761 = CARTESIAN_POINT ( 'NONE',  ( -2.119999999999998774, 3.000000000000000000, 1.625000000000000000 ) ) ;
#6762 = SURFACE_STYLE_USAGE ( .BOTH. , #6672 ) ;
#6763 = ORIENTED_EDGE ( 'NONE', *, *, #498, .F. ) ;
#6764 = DIRECTION ( 'NONE',  ( 0.000000000000000000, 0.000000000000000000, 1.000000000000000000 ) ) ;
#6765 = LINE ( 'NONE', #6669, #2348 ) ;
#6766 = EDGE_CURVE ( 'NONE', #5160, #4831, #3097, .T. ) ;
#6767 = AXIS2_PLACEMENT_3D ( 'NONE', #18, #676, #6939 ) ;
#6768 = PRESENTATION_LAYER_ASSIGNMENT (  '', '', ( #5378 ) ) ;
#6769 = CARTESIAN_POINT ( 'NONE',  ( -0.8499999999999985345, 3.000000000000000000, 1.405000000000000027 ) ) ;
#6770 = COLOUR_RGB ( '',0.7529411764705882248, 0.7529411764705882248, 0.7529411764705882248 ) ;
#6771 = SURFACE_SIDE_STYLE ('',( #730 ) ) ;
#6772 = ORIENTED_EDGE ( 'NONE', *, *, #6139, .T. ) ;
#6773 = DIRECTION ( 'NONE',  ( 0.000000000000000000, 1.000000000000000000, 0.000000000000000000 ) ) ;
#6774 = STYLED_ITEM ( 'NONE', ( #1661 ), #6221 ) ;
#6775 = CARTESIAN_POINT ( 'NONE',  ( 1.690000000000001723, -2.333719387524285427, 0.9596953461754694770 ) ) ;
#6776 = EDGE_LOOP ( 'NONE', ( #4630, #2643, #4604, #4336 ) ) ;
#6777 = PRESENTATION_LAYER_ASSIGNMENT (  '', '', ( #6022 ) ) ;
#6778 = AXIS2_PLACEMENT_3D ( 'NONE', #2037, #4317, #3147 ) ;
#6779 = ORIENTED_EDGE ( 'NONE', *, *, #4534, .F. ) ;
#6780 = FACE_OUTER_BOUND ( 'NONE', #477, .T. ) ;
#6781 = CARTESIAN_POINT ( 'NONE',  ( -2.119999999999998774, -1.949999999999999956, 0.6150000000000157563 ) ) ;
#6782 = DIRECTION ( 'NONE',  ( -0.000000000000000000, 0.000000000000000000, 1.000000000000000000 ) ) ;
#6783 = ADVANCED_FACE ( 'NONE', ( #6682 ), #6320, .T. ) ;
#6784 = COLOUR_RGB ( '',0.7529411764705882248, 0.7529411764705882248, 0.7529411764705882248 ) ;
#6785 = VERTEX_POINT ( 'NONE', #727 ) ;
#6786 = LINE ( 'NONE', #2539, #1309 ) ;
#6787 = DIRECTION ( 'NONE',  ( 1.000000000000000000, 0.000000000000000000, 0.000000000000000000 ) ) ;
#6788 = FILL_AREA_STYLE ('',( #1631 ) ) ;
#6789 = CARTESIAN_POINT ( 'NONE',  ( -1.689999999999998392, 2.671944735649775193, 1.286701275200562655 ) ) ;
#6790 = UNCERTAINTY_MEASURE_WITH_UNIT (LENGTH_MEASURE( 1.000000000000000082E-05 ), #5460, 'distance_accuracy_value', 'NONE');
#6791 = EDGE_CURVE ( 'NONE', #5919, #5746, #2441, .T. ) ;
#6792 = ADVANCED_FACE ( 'NONE', ( #2535 ), #3458, .T. ) ;
#6793 = VERTEX_POINT ( 'NONE', #4811 ) ;
#6794 = ORIENTED_EDGE ( 'NONE', *, *, #1357, .F. ) ;
#6795 = SURFACE_STYLE_USAGE ( .BOTH. , #2195 ) ;
#6796 = PLANE ( 'NONE',  #3328 ) ;
#6797 = DIRECTION ( 'NONE',  ( 1.000000000000000000, 0.000000000000000000, 0.000000000000000000 ) ) ;
#6798 = DIRECTION ( 'NONE',  ( 0.000000000000000000, 0.000000000000000000, -1.000000000000000000 ) ) ;
#6799 = DIRECTION ( 'NONE',  ( 0.000000000000000000, 0.000000000000000000, -1.000000000000000000 ) ) ;
#6800 = EDGE_CURVE ( 'NONE', #4083, #6092, #2633, .T. ) ;
#6801 = SURFACE_STYLE_USAGE ( .BOTH. , #6851 ) ;
#6802 = CIRCLE ( 'NONE', #306, 0.4500000000000001221 ) ;
#6803 =( NAMED_UNIT ( * ) PLANE_ANGLE_UNIT ( ) SI_UNIT ( $, .RADIAN. ) );
#6804 = VECTOR ( 'NONE', #547, 1000.000000000000227 ) ;
#6805 = DIRECTION ( 'NONE',  ( 1.000000000000000000, 0.000000000000000000, 0.000000000000000000 ) ) ;
#6806 = STYLED_ITEM ( 'NONE', ( #4006 ), #6941 ) ;
#6807 = EDGE_CURVE ( 'NONE', #1995, #2649, #3272, .T. ) ;
#6808 = COLOUR_RGB ( '',0.2509803921568627416, 0.2509803921568627416, 0.2509803921568627416 ) ;
#6809 = PRESENTATION_LAYER_ASSIGNMENT (  '', '', ( #6193 ) ) ;
#6810 = STYLED_ITEM ( 'NONE', ( #296 ), #2833 ) ;
#6811 = ORIENTED_EDGE ( 'NONE', *, *, #7300, .T. ) ;
#6812 = CARTESIAN_POINT ( 'NONE',  ( -2.449999999999999734, 1.873799999999999910, 1.449999999999999956 ) ) ;
#6813 = DIRECTION ( 'NONE',  ( 0.000000000000000000, -0.9975640502598241977, 0.06975647374412607959 ) ) ;
#6814 = SURFACE_SIDE_STYLE ('',( #2374 ) ) ;
#6815 = ORIENTED_EDGE ( 'NONE', *, *, #6525, .F. ) ;
#6816 = DIRECTION ( 'NONE',  ( 0.000000000000000000, -0.9902680687415708061, 0.1391731009600619962 ) ) ;
#6817 = ORIENTED_EDGE ( 'NONE', *, *, #6176, .T. ) ;
#6818 = DIRECTION ( 'NONE',  ( 0.000000000000000000, -1.000000000000000000, 0.000000000000000000 ) ) ;
#6819 = FACE_OUTER_BOUND ( 'NONE', #5966, .T. ) ;
#6820 = SURFACE_SIDE_STYLE ('',( #1080 ) ) ;
#6821 = EDGE_CURVE ( 'NONE', #6745, #1952, #3647, .T. ) ;
#6822 =( GEOMETRIC_REPRESENTATION_CONTEXT ( 3 ) GLOBAL_UNCERTAINTY_ASSIGNED_CONTEXT ( ( #6702 ) ) GLOBAL_UNIT_ASSIGNED_CONTEXT ( ( #2998, #1202, #1802 ) ) REPRESENTATION_CONTEXT ( 'NONE', 'WORKASPACE' ) );
#6823 =( NAMED_UNIT ( * ) PLANE_ANGLE_UNIT ( ) SI_UNIT ( $, .RADIAN. ) );
#6824 =( NAMED_UNIT ( * ) SI_UNIT ( $, .STERADIAN. ) SOLID_ANGLE_UNIT ( ) );
#6825 = CARTESIAN_POINT ( 'NONE',  ( -2.373799999999998800, -1.949999999999999956, 0.8349999999999841993 ) ) ;
#6826 = CARTESIAN_POINT ( 'NONE',  ( -0.8499999999999985345, 2.358120395030566918, 1.308646010850337271 ) ) ;
#6827 = SHAPE_DEFINITION_REPRESENTATION ( #5131, #2271 ) ;
#6828 = ADVANCED_FACE ( 'NONE', ( #1906 ), #7045, .T. ) ;
#6829 = ORIENTED_EDGE ( 'NONE', *, *, #5111, .T. ) ;
#6830 = CARTESIAN_POINT ( 'NONE',  ( 1.690000000000001723, -2.199999999999999734, 0.8349999999999843103 ) ) ;
#6831 = VECTOR ( 'NONE', #6130, 1000.000000000000000 ) ;
#6832 = STYLED_ITEM ( 'NONE', ( #2712 ), #1016 ) ;
#6833 = CARTESIAN_POINT ( 'NONE',  ( 2.374537999305286196, 1.949996426143392636, 0.6149745706889153674 ) ) ;
#6834 = STYLED_ITEM ( 'NONE', ( #7181 ), #5327 ) ;
#6835 = FILL_AREA_STYLE ('',( #4558 ) ) ;
#6836 = ORIENTED_EDGE ( 'NONE', *, *, #5949, .T. ) ;
#6837 = DIRECTION ( 'NONE',  ( 0.000000000000000000, -0.000000000000000000, 1.000000000000000000 ) ) ;
#6838 = UNCERTAINTY_MEASURE_WITH_UNIT (LENGTH_MEASURE( 1.000000000000000082E-05 ), #4501, 'distance_accuracy_value', 'NONE');
#6839 =( BOUNDED_CURVE ( )  B_SPLINE_CURVE ( 3, ( #3703, #825, #6043, #3809 ),
 .UNSPECIFIED., .F., .T. ) 
 B_SPLINE_CURVE_WITH_KNOTS ( ( 4, 4 ),
 ( 3.141592653589793116, 3.151277835258264215 ),
 .UNSPECIFIED. ) 
 CURVE ( )  GEOMETRIC_REPRESENTATION_ITEM ( )  RATIONAL_B_SPLINE_CURVE ( ( 1.000000000000000000, 0.9999921831199466427, 0.9999921831199466427, 1.000000000000000000 ) ) 
 REPRESENTATION_ITEM ( '' )  );
#6840 = CARTESIAN_POINT ( 'NONE',  ( -0.8499999999999985345, -2.200000000000000178, 0.8349999999999841993 ) ) ;
#6841 = COLOUR_RGB ( '',0.2509803921568627416, 0.2509803921568627416, 0.2509803921568627416 ) ;
#6842 = CARTESIAN_POINT ( 'NONE',  ( -2.363567386658028902, 1.797327737236432466, 1.449999999999999956 ) ) ;
#6843 =( GEOMETRIC_REPRESENTATION_CONTEXT ( 3 ) GLOBAL_UNCERTAINTY_ASSIGNED_CONTEXT ( ( #4877 ) ) GLOBAL_UNIT_ASSIGNED_CONTEXT ( ( #5999, #770, #250 ) ) REPRESENTATION_CONTEXT ( 'NONE', 'WORKASPACE' ) );
#6844 = CARTESIAN_POINT ( 'NONE',  ( -1.689999999999998392, -2.200000000000000178, 0.9690459166400811064 ) ) ;
#6845 = ORIENTED_EDGE ( 'NONE', *, *, #4489, .T. ) ;
#6846 = SURFACE_STYLE_FILL_AREA ( #5276 ) ;
#6847 =( LENGTH_UNIT ( ) NAMED_UNIT ( * ) SI_UNIT ( .MILLI., .METRE. ) );
#6848 = VECTOR ( 'NONE', #5274, 1000.000000000000000 ) ;
#6849 = ORIENTED_EDGE ( 'NONE', *, *, #4252, .F. ) ;
#6850 = CARTESIAN_POINT ( 'NONE',  ( -2.119999999999998774, 3.000000000000000000, 1.405000000000000027 ) ) ;
#6851 = SURFACE_SIDE_STYLE ('',( #6209 ) ) ;
#6852 = ORIENTED_EDGE ( 'NONE', *, *, #1083, .T. ) ;
#6853 =( LENGTH_UNIT ( ) NAMED_UNIT ( * ) SI_UNIT ( .MILLI., .METRE. ) );
#6854 = CARTESIAN_POINT ( 'NONE',  ( -2.373799999999998800, -1.873799999999999910, 1.449999999999999956 ) ) ;
#6855 = EDGE_CURVE ( 'NONE', #3408, #5915, #1110, .T. ) ;
#6856 = CIRCLE ( 'NONE', #3565, 0.1340459166400966851 ) ;
#6857 = AXIS2_PLACEMENT_3D ( 'NONE', #1960, #6490, #7114 ) ;
#6858 = VERTEX_POINT ( 'NONE', #4232 ) ;
#6859 = DIRECTION ( 'NONE',  ( -2.224004456380521903E-16, 1.000000000000000000, 0.000000000000000000 ) ) ;
#6860 = ORIENTED_EDGE ( 'NONE', *, *, #7204, .T. ) ;
#6861 = CARTESIAN_POINT ( 'NONE',  ( -1.049999999999999822, 0.7500000000000004441, 0.1000000000000000056 ) ) ;
#6862 = SURFACE_STYLE_FILL_AREA ( #4091 ) ;
#6863 = VECTOR ( 'NONE', #425, 1000.000000000000000 ) ;
#6864 =( LENGTH_UNIT ( ) NAMED_UNIT ( * ) SI_UNIT ( .MILLI., .METRE. ) );
#6865 = ORIENTED_EDGE ( 'NONE', *, *, #4058, .F. ) ;
#6866 = DIRECTION ( 'NONE',  ( 1.000000000000000000, 0.000000000000000000, 0.000000000000000000 ) ) ;
#6867 = ADVANCED_FACE ( 'NONE', ( #5687 ), #2251, .F. ) ;
#6868 = EDGE_CURVE ( 'NONE', #7108, #6622, #2175, .T. ) ;
#6869 = CYLINDRICAL_SURFACE ( 'NONE', #2001, 0.07619999999999979567 ) ;
#6870 = DIRECTION ( 'NONE',  ( 0.000000000000000000, -0.9975640502598241977, -0.06975647374412535795 ) ) ;
#6871 = STYLED_ITEM ( 'NONE', ( #7399 ), #4424 ) ;
#6872 = DIRECTION ( 'NONE',  ( 0.000000000000000000, 0.000000000000000000, 1.000000000000000000 ) ) ;
#6873 = DIRECTION ( 'NONE',  ( 1.000000000000000000, 0.000000000000000000, 0.000000000000000000 ) ) ;
#6874 =( NAMED_UNIT ( * ) SI_UNIT ( $, .STERADIAN. ) SOLID_ANGLE_UNIT ( ) );
#6875 =( LENGTH_UNIT ( ) NAMED_UNIT ( * ) SI_UNIT ( .MILLI., .METRE. ) );
#6876 = ORIENTED_EDGE ( 'NONE', *, *, #2961, .T. ) ;
#6877 = CYLINDRICAL_SURFACE ( 'NONE', #4104, 0.07620000000000000384 ) ;
#6878 = DIRECTION ( 'NONE',  ( 1.000000000000000000, 0.000000000000000000, 0.000000000000000000 ) ) ;
#6879 = AXIS2_PLACEMENT_3D ( 'NONE', #4633, #4656, #1144 ) ;
#6880 =( LENGTH_UNIT ( ) NAMED_UNIT ( * ) SI_UNIT ( .MILLI., .METRE. ) );
#6881 = MECHANICAL_DESIGN_GEOMETRIC_PRESENTATION_REPRESENTATION (  '', ( #3141 ), #2207 ) ;
#6882 = LINE ( 'NONE', #1267, #6348 ) ;
#6883 = PRESENTATION_STYLE_ASSIGNMENT (( #3992 ) ) ;
#6884 = ORIENTED_EDGE ( 'NONE', *, *, #2118, .F. ) ;
#6885 = CARTESIAN_POINT ( 'NONE',  ( 2.120000000000001439, 2.999999999999999556, 1.405000000000000027 ) ) ;
#6886 = DIRECTION ( 'NONE',  ( 1.000000000000000000, 0.000000000000000000, 0.000000000000000000 ) ) ;
#6887 = UNCERTAINTY_MEASURE_WITH_UNIT (LENGTH_MEASURE( 1.000000000000000082E-05 ), #2394, 'distance_accuracy_value', 'NONE');
#6888 = ORIENTED_EDGE ( 'NONE', *, *, #2200, .T. ) ;
#6889 = LINE ( 'NONE', #6892, #6264 ) ;
#6890 =( NAMED_UNIT ( * ) PLANE_ANGLE_UNIT ( ) SI_UNIT ( $, .RADIAN. ) );
#6891 = VERTEX_POINT ( 'NONE', #7020 ) ;
#6892 = CARTESIAN_POINT ( 'NONE',  ( -2.370327959221522729, 1.513702568968458895, 0.04810397332426698952 ) ) ;
#6893 = CARTESIAN_POINT ( 'NONE',  ( -1.689999999999998392, -3.000000000000000000, 1.405000000000000027 ) ) ;
#6894 = CARTESIAN_POINT ( 'NONE',  ( -0.8499999999999985345, -3.000000000000000000, 1.405000000000000027 ) ) ;
#6895 = DIRECTION ( 'NONE',  ( 0.000000000000000000, -1.000000000000000000, 0.000000000000000000 ) ) ;
#6896 = FACE_OUTER_BOUND ( 'NONE', #1298, .T. ) ;
#6897 = DIRECTION ( 'NONE',  ( 0.000000000000000000, 0.000000000000000000, -1.000000000000000000 ) ) ;
#6898 = FILL_AREA_STYLE_COLOUR ( '', #1112 ) ;
#6899 = CARTESIAN_POINT ( 'NONE',  ( 2.120000000000001439, -2.575229734309891771, 1.259625067334387394 ) ) ;
#6900 = COLOUR_RGB ( '',0.7529411764705882248, 0.7529411764705882248, 0.7529411764705882248 ) ;
#6901 = DIRECTION ( 'NONE',  ( 0.000000000000000000, 0.000000000000000000, -1.000000000000000000 ) ) ;
#6902 = EDGE_CURVE ( 'NONE', #7252, #5114, #277, .T. ) ;
#6903 = FACE_OUTER_BOUND ( 'NONE', #5544, .T. ) ;
#6904 =( GEOMETRIC_REPRESENTATION_CONTEXT ( 3 ) GLOBAL_UNCERTAINTY_ASSIGNED_CONTEXT ( ( #6296 ) ) GLOBAL_UNIT_ASSIGNED_CONTEXT ( ( #7402, #3986, #4034 ) ) REPRESENTATION_CONTEXT ( 'NONE', 'WORKASPACE' ) );
#6905 =( NAMED_UNIT ( * ) SI_UNIT ( $, .STERADIAN. ) SOLID_ANGLE_UNIT ( ) );
#6906 = ADVANCED_FACE ( 'NONE', ( #1100 ), #6564, .F. ) ;
#6907 = ORIENTED_EDGE ( 'NONE', *, *, #2840, .T. ) ;
#6908 = VECTOR ( 'NONE', #1840, 1000.000000000000000 ) ;
#6909 = VERTEX_POINT ( 'NONE', #3152 ) ;
#6910 = ORIENTED_EDGE ( 'NONE', *, *, #937, .T. ) ;
#6911 = FILL_AREA_STYLE ('',( #1732 ) ) ;
#6912 =( NAMED_UNIT ( * ) SI_UNIT ( $, .STERADIAN. ) SOLID_ANGLE_UNIT ( ) );
#6913 = STYLED_ITEM ( 'NONE', ( #4053 ), #5471 ) ;
#6914 = PRESENTATION_LAYER_ASSIGNMENT (  '', '', ( #5516 ) ) ;
#6915 = EDGE_CURVE ( 'NONE', #4245, #3052, #190, .T. ) ;
#6916 = LINE ( 'NONE', #1366, #4069 ) ;
#6917 =( GEOMETRIC_REPRESENTATION_CONTEXT ( 3 ) GLOBAL_UNCERTAINTY_ASSIGNED_CONTEXT ( ( #5774 ) ) GLOBAL_UNIT_ASSIGNED_CONTEXT ( ( #3927, #439, #494 ) ) REPRESENTATION_CONTEXT ( 'NONE', 'WORKASPACE' ) );
#6918 = DIRECTION ( 'NONE',  ( -1.000000000000000000, -0.000000000000000000, 0.000000000000000000 ) ) ;
#6919 = AXIS2_PLACEMENT_3D ( 'NONE', #3875, #6655, #282 ) ;
#6920 = VERTEX_POINT ( 'NONE', #3202 ) ;
#6921 = LINE ( 'NONE', #635, #5397 ) ;
#6922 =( NAMED_UNIT ( * ) SI_UNIT ( $, .STERADIAN. ) SOLID_ANGLE_UNIT ( ) );
#6923 = ORIENTED_EDGE ( 'NONE', *, *, #19, .T. ) ;
#6924 = DIRECTION ( 'NONE',  ( 1.000000000000000000, 0.000000000000000000, 0.000000000000000000 ) ) ;
#6925 = CYLINDRICAL_SURFACE ( 'NONE', #3574, 0.07619999999999979567 ) ;
#6926 = CARTESIAN_POINT ( 'NONE',  ( 0.4200000000000015388, -2.199999999999999734, 0.8349999999999843103 ) ) ;
#6927 = VECTOR ( 'NONE', #3543, 1000.000000000000000 ) ;
#6928 = PLANE ( 'NONE',  #5611 ) ;
#6929 = SURFACE_SIDE_STYLE ('',( #6573 ) ) ;
#6930 = AXIS2_PLACEMENT_3D ( 'NONE', #6733, #4470, #4417 ) ;
#6931 =( GEOMETRIC_REPRESENTATION_CONTEXT ( 3 ) GLOBAL_UNCERTAINTY_ASSIGNED_CONTEXT ( ( #7310 ) ) GLOBAL_UNIT_ASSIGNED_CONTEXT ( ( #6523, #3095, #1394 ) ) REPRESENTATION_CONTEXT ( 'NONE', 'WORKASPACE' ) );
#6932 = PRESENTATION_STYLE_ASSIGNMENT (( #316 ) ) ;
#6933 = CARTESIAN_POINT ( 'NONE',  ( -2.374537999305284419, 1.949996426143391970, 0.8350254293110848103 ) ) ;
#6934 = VERTEX_POINT ( 'NONE', #2582 ) ;
#6935 =( LENGTH_UNIT ( ) NAMED_UNIT ( * ) SI_UNIT ( .MILLI., .METRE. ) );
#6936 = VECTOR ( 'NONE', #1665, 1000.000000000000000 ) ;
#6937 = SURFACE_SIDE_STYLE ('',( #107 ) ) ;
#6938 = SURFACE_SIDE_STYLE ('',( #4391 ) ) ;
#6939 = DIRECTION ( 'NONE',  ( 0.000000000000000000, 0.000000000000000000, -1.000000000000000000 ) ) ;
#6940 = ORIENTED_EDGE ( 'NONE', *, *, #407, .F. ) ;
#6941 = ADVANCED_FACE ( 'NONE', ( #7400 ), #6544, .F. ) ;
#6942 =( GEOMETRIC_REPRESENTATION_CONTEXT ( 3 ) GLOBAL_UNCERTAINTY_ASSIGNED_CONTEXT ( ( #1726 ) ) GLOBAL_UNIT_ASSIGNED_CONTEXT ( ( #405, #1585, #1021 ) ) REPRESENTATION_CONTEXT ( 'NONE', 'WORKASPACE' ) );
#6943 = FACE_OUTER_BOUND ( 'NONE', #2870, .T. ) ;
#6944 =( BOUNDED_CURVE ( )  B_SPLINE_CURVE ( 3, ( #7429, #6317, #5138, #1689 ),
 .UNSPECIFIED., .F., .T. ) 
 B_SPLINE_CURVE_WITH_KNOTS ( ( 4, 4 ),
 ( 2.365879671860816824, 3.917305635318771628 ),
 .UNSPECIFIED. ) 
 CURVE ( )  GEOMETRIC_REPRESENTATION_ITEM ( )  RATIONAL_B_SPLINE_CURVE ( ( 1.000000000000000000, 0.8092813118237105474, 0.8092813118237105474, 1.000000000000000000 ) ) 
 REPRESENTATION_ITEM ( '' )  );
#6945 = FACE_OUTER_BOUND ( 'NONE', #1313, .T. ) ;
#6946 =( LENGTH_UNIT ( ) NAMED_UNIT ( * ) SI_UNIT ( .MILLI., .METRE. ) );
#6947 = VERTEX_POINT ( 'NONE', #4298 ) ;
#6948 = SURFACE_STYLE_USAGE ( .BOTH. , #1738 ) ;
#6949 = VECTOR ( 'NONE', #1752, 999.9999999999998863 ) ;
#6950 = VECTOR ( 'NONE', #2422, 1000.000000000000000 ) ;
#6951 = DIRECTION ( 'NONE',  ( 1.000000000000000000, 0.000000000000000000, 0.000000000000000000 ) ) ;
#6952 = VERTEX_POINT ( 'NONE', #899 ) ;
#6953 = EDGE_CURVE ( 'NONE', #6652, #2864, #7222, .T. ) ;
#6954 =( NAMED_UNIT ( * ) PLANE_ANGLE_UNIT ( ) SI_UNIT ( $, .RADIAN. ) );
#6955 = SURFACE_STYLE_USAGE ( .BOTH. , #5862 ) ;
#6956 = ORIENTED_EDGE ( 'NONE', *, *, #34, .T. ) ;
#6957 = LINE ( 'NONE', #1512, #925 ) ;
#6958 = CARTESIAN_POINT ( 'NONE',  ( 2.120000000000001439, 2.358120395030566474, 1.308646010850337271 ) ) ;
#6959 = SURFACE_STYLE_USAGE ( .BOTH. , #6380 ) ;
#6960 = VERTEX_POINT ( 'NONE', #5002 ) ;
#6961 = SURFACE_SIDE_STYLE ('',( #5231 ) ) ;
#6962 = CARTESIAN_POINT ( 'NONE',  ( 0.4200000000000015388, -1.949999999999999734, 0.6150000000000157563 ) ) ;
#6963 = EDGE_CURVE ( 'NONE', #1682, #5746, #3362, .T. ) ;
#6964 = MECHANICAL_DESIGN_GEOMETRIC_PRESENTATION_REPRESENTATION (  '', ( #1944 ), #4535 ) ;
#6965 = CARTESIAN_POINT ( 'NONE',  ( -2.119999999999998774, -2.358120395030566918, 1.308646010850337271 ) ) ;
#6966 = VERTEX_POINT ( 'NONE', #2121 ) ;
#6967 = VECTOR ( 'NONE', #1546, 1000.000000000000227 ) ;
#6968 = ORIENTED_EDGE ( 'NONE', *, *, #7407, .F. ) ;
#6969 = CARTESIAN_POINT ( 'NONE',  ( -0.8499999999999985345, 1.949999999999999734, 0.6150000000000157563 ) ) ;
#6970 = DIRECTION ( 'NONE',  ( 0.000000000000000000, -0.06975647374412254076, 0.9975640502598245307 ) ) ;
#6971 = PRESENTATION_LAYER_ASSIGNMENT (  '', '', ( #7403 ) ) ;
#6972 = LINE ( 'NONE', #1390, #1843 ) ;
#6973 = EDGE_LOOP ( 'NONE', ( #544, #132, #5706, #6923 ) ) ;
#6974 = PRESENTATION_LAYER_ASSIGNMENT (  '', '', ( #2053 ) ) ;
#6975 = DIRECTION ( 'NONE',  ( -0.1378445374916256183, 0.1378445374916252297, 0.9808148484639900300 ) ) ;
#6976 = MECHANICAL_DESIGN_GEOMETRIC_PRESENTATION_REPRESENTATION (  '', ( #2875 ), #3271 ) ;
#6977 = VECTOR ( 'NONE', #5110, 1000.000000000000000 ) ;
#6978 = CARTESIAN_POINT ( 'NONE',  ( 1.690000000000001723, 2.699598551369565058, 1.383993884394061347 ) ) ;
#6979 = CARTESIAN_POINT ( 'NONE',  ( -2.119999999999998774, -2.200000000000000178, 0.8349999999999841993 ) ) ;
#6980 = FILL_AREA_STYLE ('',( #2388 ) ) ;
#6981 = VECTOR ( 'NONE', #5186, 1000.000000000000000 ) ;
#6982 = ORIENTED_EDGE ( 'NONE', *, *, #4058, .T. ) ;
#6983 = VECTOR ( 'NONE', #3008, 1000.000000000000000 ) ;
#6984 = CARTESIAN_POINT ( 'NONE',  ( 2.120000000000001439, -2.999999999999999556, 1.405000000000000027 ) ) ;
#6985 = FACE_BOUND ( 'NONE', #1115, .T. ) ;
#6986 = DIRECTION ( 'NONE',  ( 0.000000000000000000, 0.06975647374412130564, -0.9975640502598245307 ) ) ;
#6987 = AXIS2_PLACEMENT_3D ( 'NONE', #5629, #3388, #3954 ) ;
#6988 = FILL_AREA_STYLE_COLOUR ( '', #3178 ) ;
#6989 = STYLED_ITEM ( 'NONE', ( #1713 ), #945 ) ;
#6990 = UNCERTAINTY_MEASURE_WITH_UNIT (LENGTH_MEASURE( 1.000000000000000082E-05 ), #5177, 'distance_accuracy_value', 'NONE');
#6991 = UNCERTAINTY_MEASURE_WITH_UNIT (LENGTH_MEASURE( 1.000000000000000082E-05 ), #3536, 'distance_accuracy_value', 'NONE');
#6992 = EDGE_CURVE ( 'NONE', #5566, #6030, #457, .T. ) ;
#6993 = DIRECTION ( 'NONE',  ( 1.000000000000000000, 0.000000000000000000, 0.000000000000000000 ) ) ;
#6994 = COLOUR_RGB ( '',0.2509803921568627416, 0.2509803921568627416, 0.2509803921568627416 ) ;
#6995 = DIRECTION ( 'NONE',  ( 0.000000000000000000, 0.000000000000000000, -1.000000000000000000 ) ) ;
#6996 = CARTESIAN_POINT ( 'NONE',  ( 0.4200000000000015388, 2.199999999999999734, 0.8349999999999843103 ) ) ;
#6997 = AXIS2_PLACEMENT_3D ( 'NONE', #4082, #1159, #4695 ) ;
#6998 = CARTESIAN_POINT ( 'NONE',  ( -2.449998808705152076, 1.874292006267270327, 0.8350084765032759204 ) ) ;
#6999 = LINE ( 'NONE', #5201, #6804 ) ;
#7000 = ORIENTED_EDGE ( 'NONE', *, *, #4992, .F. ) ;
#7001 = CARTESIAN_POINT ( 'NONE',  ( 1.690000000000001723, 2.199999999999999734, 0.8349999999999843103 ) ) ;
#7002 = FILL_AREA_STYLE ('',( #2356 ) ) ;
#7003 = CARTESIAN_POINT ( 'NONE',  ( -0.8499999999999985345, -3.000000000000000000, 1.405000000000000027 ) ) ;
#7004 = ORIENTED_EDGE ( 'NONE', *, *, #5306, .T. ) ;
#7005 = CARTESIAN_POINT ( 'NONE',  ( 0.4200000000000015388, -1.949999999999999734, 0.8349999999999841993 ) ) ;
#7006 =( NAMED_UNIT ( * ) SI_UNIT ( $, .STERADIAN. ) SOLID_ANGLE_UNIT ( ) );
#7007 = EDGE_LOOP ( 'NONE', ( #2898, #6372, #1749, #2275 ) ) ;
#7008 = DIRECTION ( 'NONE',  ( 0.000000000000000000, -0.9975640502598241977, 0.06975647374412607959 ) ) ;
#7009 = DIRECTION ( 'NONE',  ( 0.000000000000000000, -1.000000000000000000, 0.000000000000000000 ) ) ;
#7010 = ORIENTED_EDGE ( 'NONE', *, *, #3071, .T. ) ;
#7011 = FACE_OUTER_BOUND ( 'NONE', #1111, .T. ) ;
#7012 = FILL_AREA_STYLE ('',( #2904 ) ) ;
#7013 = EDGE_CURVE ( 'NONE', #3166, #5703, #2074, .T. ) ;
#7014 = ORIENTED_EDGE ( 'NONE', *, *, #3198, .T. ) ;
#7015 = PRESENTATION_LAYER_ASSIGNMENT (  '', '', ( #1992 ) ) ;
#7016 = EDGE_LOOP ( 'NONE', ( #1361, #7198, #952, #1936, #1013, #6528, #3253, #6202, #4117, #6865, #1691, #1011 ) ) ;
#7017 = CARTESIAN_POINT ( 'NONE',  ( 0.4200000000000015388, 1.949999999999999734, 0.6150000000000157563 ) ) ;
#7018 = LINE ( 'NONE', #2958, #4171 ) ;
#7019 = ORIENTED_EDGE ( 'NONE', *, *, #4752, .T. ) ;
#7020 = CARTESIAN_POINT ( 'NONE',  ( -2.297327737236431133, -1.872786164074540238, 1.384404990293156557 ) ) ;
#7021 = CARTESIAN_POINT ( 'NONE',  ( -0.4199999999999984857, -2.575229734309892216, 1.259625067334387394 ) ) ;
#7022 = EDGE_CURVE ( 'NONE', #3850, #1792, #4713, .T. ) ;
#7023 =( NAMED_UNIT ( * ) SI_UNIT ( $, .STERADIAN. ) SOLID_ANGLE_UNIT ( ) );
#7024 = ORIENTED_EDGE ( 'NONE', *, *, #1271, .T. ) ;
#7025 = CARTESIAN_POINT ( 'NONE',  ( -1.689999999999998392, -2.333719387524285871, 0.9596953461754694770 ) ) ;
#7026 = SURFACE_STYLE_FILL_AREA ( #3915 ) ;
#7027 = FILL_AREA_STYLE ('',( #685 ) ) ;
#7028 =( LENGTH_UNIT ( ) NAMED_UNIT ( * ) SI_UNIT ( .MILLI., .METRE. ) );
#7029 = SURFACE_SIDE_STYLE ('',( #1884 ) ) ;
#7030 = MECHANICAL_DESIGN_GEOMETRIC_PRESENTATION_REPRESENTATION (  '', ( #6637 ), #4113 ) ;
#7031 =( GEOMETRIC_REPRESENTATION_CONTEXT ( 3 ) GLOBAL_UNCERTAINTY_ASSIGNED_CONTEXT ( ( #2650 ) ) GLOBAL_UNIT_ASSIGNED_CONTEXT ( ( #5170, #4620, #4526 ) ) REPRESENTATION_CONTEXT ( 'NONE', 'WORKASPACE' ) );
#7032 = AXIS2_PLACEMENT_3D ( 'NONE', #5969, #2542, #2464 ) ;
#7033 =( BOUNDED_CURVE ( )  B_SPLINE_CURVE ( 3, ( #437, #975, #5004, #367 ),
 .UNSPECIFIED., .F., .T. ) 
 B_SPLINE_CURVE_WITH_KNOTS ( ( 4, 4 ),
 ( 2.365879671860828370, 3.917305635318771628 ),
 .UNSPECIFIED. ) 
 CURVE ( )  GEOMETRIC_REPRESENTATION_ITEM ( )  RATIONAL_B_SPLINE_CURVE ( ( 1.000000000000000000, 0.8092813118237134340, 0.8092813118237134340, 1.000000000000000000 ) ) 
 REPRESENTATION_ITEM ( '' )  );
#7034 = AXIS2_PLACEMENT_3D ( 'NONE', #2357, #3518, #5294 ) ;
#7035 = COLOUR_RGB ( '',0.7529411764705882248, 0.7529411764705882248, 0.7529411764705882248 ) ;
#7036 = DIRECTION ( 'NONE',  ( 0.000000000000000000, 0.9975640502598241977, 0.06975647374412607959 ) ) ;
#7037 = SPHERICAL_SURFACE ( 'NONE', #7463, 0.07619999999999998996 ) ;
#7038 = DIRECTION ( 'NONE',  ( 0.000000000000000000, 0.000000000000000000, -1.000000000000000000 ) ) ;
#7039 = EDGE_LOOP ( 'NONE', ( #1896, #2748, #2294, #7095 ) ) ;
#7040 = CARTESIAN_POINT ( 'NONE',  ( -2.297327737236432021, -5.109267125380405509E-16, 1.373799999999999910 ) ) ;
#7041 = DIRECTION ( 'NONE',  ( 0.000000000000000000, 0.9975640502598241977, -0.06975647374412535795 ) ) ;
#7042 = UNCERTAINTY_MEASURE_WITH_UNIT (LENGTH_MEASURE( 1.000000000000000082E-05 ), #6935, 'distance_accuracy_value', 'NONE');
#7043 = VECTOR ( 'NONE', #3877, 1000.000000000000000 ) ;
#7044 = SURFACE_SIDE_STYLE ('',( #1803 ) ) ;
#7045 = CYLINDRICAL_SURFACE ( 'NONE', #4402, 0.3145906676743914776 ) ;
#7046 = DIRECTION ( 'NONE',  ( 0.000000000000000000, -0.06975647374412252688, 0.9975640502598244197 ) ) ;
#7047 = CARTESIAN_POINT ( 'NONE',  ( 1.690000000000001723, 2.550616955507047923, 0.9076459320246326179 ) ) ;
#7048 = VERTEX_POINT ( 'NONE', #4663 ) ;
#7049 = SURFACE_STYLE_FILL_AREA ( #4284 ) ;
#7050 = FILL_AREA_STYLE_COLOUR ( '', #2466 ) ;
#7051 =( NAMED_UNIT ( * ) PLANE_ANGLE_UNIT ( ) SI_UNIT ( $, .RADIAN. ) );
#7052 = DIRECTION ( 'NONE',  ( -1.000000000000000000, -0.000000000000000000, -0.000000000000000000 ) ) ;
#7053 = EDGE_CURVE ( 'NONE', #913, #1498, #917, .T. ) ;
#7054 = FACE_OUTER_BOUND ( 'NONE', #4172, .T. ) ;
#7055 = SURFACE_SIDE_STYLE ('',( #3155 ) ) ;
#7056 = STYLED_ITEM ( 'NONE', ( #5290 ), #1662 ) ;
#7057 = ORIENTED_EDGE ( 'NONE', *, *, #200, .T. ) ;
#7058 = ORIENTED_EDGE ( 'NONE', *, *, #5752, .F. ) ;
#7059 = SURFACE_SIDE_STYLE ('',( #1766 ) ) ;
#7060 = SURFACE_SIDE_STYLE ('',( #2797 ) ) ;
#7061 = VERTEX_POINT ( 'NONE', #4704 ) ;
#7062 =( NAMED_UNIT ( * ) SI_UNIT ( $, .STERADIAN. ) SOLID_ANGLE_UNIT ( ) );
#7063 = CARTESIAN_POINT ( 'NONE',  ( -0.4199999999999984857, 2.200000000000000178, 0.8349999999999841993 ) ) ;
#7064 = LINE ( 'NONE', #1242, #4747 ) ;
#7065 = EDGE_CURVE ( 'NONE', #5868, #841, #4340, .T. ) ;
#7066 = AXIS2_PLACEMENT_3D ( 'NONE', #5666, #6268, #6837 ) ;
#7067 = MECHANICAL_DESIGN_GEOMETRIC_PRESENTATION_REPRESENTATION (  '', ( #1809 ), #755 ) ;
#7068 = CARTESIAN_POINT ( 'NONE',  ( 0.4200000000000015388, -1.949999999999999734, 0.6150000000000157563 ) ) ;
#7069 = ORIENTED_EDGE ( 'NONE', *, *, #6623, .F. ) ;
#7070 = COLOUR_RGB ( '',0.7529411764705882248, 0.7529411764705882248, 0.7529411764705882248 ) ;
#7071 = CIRCLE ( 'NONE', #1054, 0.07620000000000000384 ) ;
#7072 = ORIENTED_EDGE ( 'NONE', *, *, #4374, .F. ) ;
#7073 = DIRECTION ( 'NONE',  ( -0.1378445374916256183, 0.1378445374916252297, 0.9808148484639900300 ) ) ;
#7074 = CARTESIAN_POINT ( 'NONE',  ( 0.8500000000000015321, 2.575229734309891771, 1.259625067334387394 ) ) ;
#7075 =( GEOMETRIC_REPRESENTATION_CONTEXT ( 3 ) GLOBAL_UNCERTAINTY_ASSIGNED_CONTEXT ( ( #4570 ) ) GLOBAL_UNIT_ASSIGNED_CONTEXT ( ( #2424, #5355, #4814 ) ) REPRESENTATION_CONTEXT ( 'NONE', 'WORKASPACE' ) );
#7076 = PRESENTATION_LAYER_ASSIGNMENT (  '', '', ( #5430 ) ) ;
#7077 = COLOUR_RGB ( '',0.7529411764705882248, 0.7529411764705882248, 0.7529411764705882248 ) ;
#7078 = CARTESIAN_POINT ( 'NONE',  ( 1.690000000000001723, -2.671944735649774749, 1.286701275200562655 ) ) ;
#7079 = AXIS2_PLACEMENT_3D ( 'NONE', #6650, #4971, #3224 ) ;
#7080 = ORIENTED_EDGE ( 'NONE', *, *, #3071, .F. ) ;
#7081 = LINE ( 'NONE', #2190, #4421 ) ;
#7082 = DIRECTION ( 'NONE',  ( 1.000000000000000000, 0.000000000000000000, 0.000000000000000000 ) ) ;
#7083 = CARTESIAN_POINT ( 'NONE',  ( -1.689999999999998392, -2.671944735649775193, 1.286701275200562655 ) ) ;
#7084 = UNCERTAINTY_MEASURE_WITH_UNIT (LENGTH_MEASURE( 1.000000000000000082E-05 ), #4776, 'distance_accuracy_value', 'NONE');
#7085 = SURFACE_STYLE_USAGE ( .BOTH. , #716 ) ;
#7086 = CIRCLE ( 'NONE', #2124, 0.3145906676743915886 ) ;
#7087 = DIRECTION ( 'NONE',  ( 1.000000000000000000, 0.000000000000000000, 0.000000000000000000 ) ) ;
#7088 = FACE_OUTER_BOUND ( 'NONE', #5446, .T. ) ;
#7089 = DIRECTION ( 'NONE',  ( 0.000000000000000000, 0.9975640502598241977, -0.06975647374412535795 ) ) ;
#7090 = CARTESIAN_POINT ( 'NONE',  ( -0.8499999999999985345, -2.708949121834177909, 1.250274496869775653 ) ) ;
#7091 = ORIENTED_EDGE ( 'NONE', *, *, #4478, .T. ) ;
#7092 = AXIS2_PLACEMENT_3D ( 'NONE', #1706, #1213, #1815 ) ;
#7093 = EDGE_LOOP ( 'NONE', ( #4123, #6553, #1123, #6455 ) ) ;
#7094 = SURFACE_SIDE_STYLE ('',( #6086 ) ) ;
#7095 = ORIENTED_EDGE ( 'NONE', *, *, #2677, .T. ) ;
#7096 = EDGE_CURVE ( 'NONE', #7246, #6147, #2983, .T. ) ;
#7097 = DIRECTION ( 'NONE',  ( 0.000000000000000000, -0.06975647374412254076, 0.9975640502598245307 ) ) ;
#7098 = VERTEX_POINT ( 'NONE', #4143 ) ;
#7099 = CARTESIAN_POINT ( 'NONE',  ( 0.4200000000000015388, 2.671944735649774749, 1.286701275200562655 ) ) ;
#7100 =( NAMED_UNIT ( * ) SI_UNIT ( $, .STERADIAN. ) SOLID_ANGLE_UNIT ( ) );
#7101 = VECTOR ( 'NONE', #7411, 1000.000000000000227 ) ;
#7102 = ORIENTED_EDGE ( 'NONE', *, *, #1411, .T. ) ;
#7103 = EDGE_CURVE ( 'NONE', #4543, #5903, #1275, .T. ) ;
#7104 = MECHANICAL_DESIGN_GEOMETRIC_PRESENTATION_REPRESENTATION (  '', ( #2863 ), #7352 ) ;
#7105 = CARTESIAN_POINT ( 'NONE',  ( 0.4200000000000015388, 2.699598551369565058, 1.383993884394061347 ) ) ;
#7106 = SURFACE_STYLE_USAGE ( .BOTH. , #5403 ) ;
#7107 = FACE_OUTER_BOUND ( 'NONE', #6511, .T. ) ;
#7108 = VERTEX_POINT ( 'NONE', #2939 ) ;
#7109 =( NAMED_UNIT ( * ) PLANE_ANGLE_UNIT ( ) SI_UNIT ( $, .RADIAN. ) );
#7110 = AXIS2_PLACEMENT_3D ( 'NONE', #4409, #4949, #1299 ) ;
#7111 = EDGE_CURVE ( 'NONE', #627, #1844, #5585, .T. ) ;
#7112 = STYLED_ITEM ( 'NONE', ( #7125 ), #4292 ) ;
#7113 = PRESENTATION_STYLE_ASSIGNMENT (( #3343 ) ) ;
#7114 = DIRECTION ( 'NONE',  ( 0.000000000000000000, 0.000000000000000000, -1.000000000000000000 ) ) ;
#7115 = ORIENTED_EDGE ( 'NONE', *, *, #3378, .F. ) ;
#7116 = SURFACE_STYLE_FILL_AREA ( #4269 ) ;
#7117 = UNCERTAINTY_MEASURE_WITH_UNIT (LENGTH_MEASURE( 1.000000000000000082E-05 ), #1974, 'distance_accuracy_value', 'NONE');
#7118 = DIRECTION ( 'NONE',  ( -1.000000000000000000, 7.998670777283734103E-16, -5.691349986800547879E-15 ) ) ;
#7119 = COLOUR_RGB ( '',0.7529411764705882248, 0.7529411764705882248, 0.7529411764705882248 ) ;
#7120 = DIRECTION ( 'NONE',  ( 1.000000000000000000, 0.000000000000000000, 0.000000000000000000 ) ) ;
#7121 =( GEOMETRIC_REPRESENTATION_CONTEXT ( 3 ) GLOBAL_UNCERTAINTY_ASSIGNED_CONTEXT ( ( #7406 ) ) GLOBAL_UNIT_ASSIGNED_CONTEXT ( ( #519, #5079, #496 ) ) REPRESENTATION_CONTEXT ( 'NONE', 'WORKASPACE' ) );
#7122 = CARTESIAN_POINT ( 'NONE',  ( 2.450000000000001510, 1.950000000000000400, 0.6150000000000157563 ) ) ;
#7123 = VERTEX_POINT ( 'NONE', #1276 ) ;
#7124 = AXIS2_PLACEMENT_3D ( 'NONE', #3200, #2605, #897 ) ;
#7125 = PRESENTATION_STYLE_ASSIGNMENT (( #6280 ) ) ;
#7126 =( GEOMETRIC_REPRESENTATION_CONTEXT ( 3 ) GLOBAL_UNCERTAINTY_ASSIGNED_CONTEXT ( ( #1135 ) ) GLOBAL_UNIT_ASSIGNED_CONTEXT ( ( #1595, #3955, #5081 ) ) REPRESENTATION_CONTEXT ( 'NONE', 'WORKASPACE' ) );
#7127 =( NAMED_UNIT ( * ) PLANE_ANGLE_UNIT ( ) SI_UNIT ( $, .RADIAN. ) );
#7128 = COLOUR_RGB ( '',0.7529411764705882248, 0.7529411764705882248, 0.7529411764705882248 ) ;
#7129 = ORIENTED_EDGE ( 'NONE', *, *, #624, .F. ) ;
#7130 = CARTESIAN_POINT ( 'NONE',  ( -2.412756678803864130, 1.916305058919319571, 0.3752480364370165966 ) ) ;
#7131 = ADVANCED_FACE ( 'NONE', ( #6945 ), #1800, .F. ) ;
#7132 = ORIENTED_EDGE ( 'NONE', *, *, #692, .F. ) ;
#7133 = DIRECTION ( 'NONE',  ( -0.000000000000000000, 0.9975640502598244197, 0.06975647374412252688 ) ) ;
#7134 = FACE_OUTER_BOUND ( 'NONE', #4365, .T. ) ;
#7135 = DIRECTION ( 'NONE',  ( 1.000000000000000000, 0.000000000000000000, 0.000000000000000000 ) ) ;
#7136 = FACE_OUTER_BOUND ( 'NONE', #5918, .T. ) ;
#7137 =( NAMED_UNIT ( * ) PLANE_ANGLE_UNIT ( ) SI_UNIT ( $, .RADIAN. ) );
#7138 = ORIENTED_EDGE ( 'NONE', *, *, #578, .F. ) ;
#7139 = CARTESIAN_POINT ( 'NONE',  ( 2.120000000000001439, -1.949999999999999512, 0.8349999999999841993 ) ) ;
#7140 = PRESENTATION_STYLE_ASSIGNMENT (( #48 ) ) ;
#7141 = CARTESIAN_POINT ( 'NONE',  ( -2.119999999999998774, -2.200000000000000178, 0.9690459166400811064 ) ) ;
#7142 = LINE ( 'NONE', #333, #4028 ) ;
#7143 = CARTESIAN_POINT ( 'NONE',  ( 2.247307324503537096, 1.175279875090206039, -0.2797137302608256326 ) ) ;
#7144 = DIRECTION ( 'NONE',  ( -0.000000000000000000, 0.000000000000000000, 1.000000000000000000 ) ) ;
#7145 = CIRCLE ( 'NONE', #44, 0.07620000000000000384 ) ;
#7146 = ORIENTED_EDGE ( 'NONE', *, *, #1632, .T. ) ;
#7147 = DIRECTION ( 'NONE',  ( -1.000000000000000000, 0.000000000000000000, 0.000000000000000000 ) ) ;
#7148 = ORIENTED_EDGE ( 'NONE', *, *, #5888, .F. ) ;
#7149 =( LENGTH_UNIT ( ) NAMED_UNIT ( * ) SI_UNIT ( .MILLI., .METRE. ) );
#7150 = CARTESIAN_POINT ( 'NONE',  ( -2.449999999999999734, 1.949999999999999956, 0.6150000000000157563 ) ) ;
#7151 = EDGE_CURVE ( 'NONE', #4807, #5730, #3736, .T. ) ;
#7152 =( GEOMETRIC_REPRESENTATION_CONTEXT ( 3 ) GLOBAL_UNCERTAINTY_ASSIGNED_CONTEXT ( ( #2408 ) ) GLOBAL_UNIT_ASSIGNED_CONTEXT ( ( #6864, #7475, #3445 ) ) REPRESENTATION_CONTEXT ( 'NONE', 'WORKASPACE' ) );
#7153 = ORIENTED_EDGE ( 'NONE', *, *, #5184, .T. ) ;
#7154 = CARTESIAN_POINT ( 'NONE',  ( 1.649374538112464348E-16, -1.863567386658028902, 1.449999999999999956 ) ) ;
#7155 = CIRCLE ( 'NONE', #3506, 0.1340459166400966851 ) ;
#7156 = FACE_OUTER_BOUND ( 'NONE', #6776, .T. ) ;
#7157 = CARTESIAN_POINT ( 'NONE',  ( 2.450000000000001510, 1.873800000000000354, 0.8349999999999841993 ) ) ;
#7158 = DIRECTION ( 'NONE',  ( -0.1378445374916256183, 0.1378445374916252297, -0.9808148484639899189 ) ) ;
#7159 = FILL_AREA_STYLE_COLOUR ( '', #1926 ) ;
#7160 = PRESENTATION_STYLE_ASSIGNMENT (( #2822 ) ) ;
#7161 = DIRECTION ( 'NONE',  ( 0.000000000000000000, -0.06975647374412252688, 0.9975640502598244197 ) ) ;
#7162 = ORIENTED_EDGE ( 'NONE', *, *, #3162, .T. ) ;
#7163 = EDGE_CURVE ( 'NONE', #6561, #4461, #2167, .T. ) ;
#7164 = COLOUR_RGB ( '',0.7529411764705882248, 0.7529411764705882248, 0.7529411764705882248 ) ;
#7165 = AXIS2_PLACEMENT_3D ( 'NONE', #6691, #2697, #5556 ) ;
#7166 = ORIENTED_EDGE ( 'NONE', *, *, #2716, .F. ) ;
#7167 =( GEOMETRIC_REPRESENTATION_CONTEXT ( 3 ) GLOBAL_UNCERTAINTY_ASSIGNED_CONTEXT ( ( #4693 ) ) GLOBAL_UNIT_ASSIGNED_CONTEXT ( ( #2603, #3778, #7258 ) ) REPRESENTATION_CONTEXT ( 'NONE', 'WORKASPACE' ) );
#7168 = CARTESIAN_POINT ( 'NONE',  ( 2.450000000000001510, 1.950000000000000400, 0.8349999999999841993 ) ) ;
#7169 = CARTESIAN_POINT ( 'NONE',  ( 0.4200000000000015388, 1.949999999999999734, 0.8349999999999841993 ) ) ;
#7170 = LINE ( 'NONE', #5432, #5188 ) ;
#7171 = EDGE_LOOP ( 'NONE', ( #4686, #5429, #293, #320 ) ) ;
#7172 = CARTESIAN_POINT ( 'NONE',  ( 2.450000000000001510, -1.873799999999999244, 1.449999999999999956 ) ) ;
#7173 = ADVANCED_FACE ( 'NONE', ( #5416 ), #6404, .T. ) ;
#7174 = PRESENTATION_LAYER_ASSIGNMENT (  '', '', ( #1869 ) ) ;
#7175 = CARTESIAN_POINT ( 'NONE',  ( 2.450000000000001510, 1.950000000000000400, 1.449999999999999956 ) ) ;
#7176 = PRESENTATION_LAYER_ASSIGNMENT (  '', '', ( #6025 ) ) ;
#7177 = UNCERTAINTY_MEASURE_WITH_UNIT (LENGTH_MEASURE( 1.000000000000000082E-05 ), #4997, 'distance_accuracy_value', 'NONE');
#7178 = SURFACE_SIDE_STYLE ('',( #6102 ) ) ;
#7179 = ORIENTED_EDGE ( 'NONE', *, *, #5785, .T. ) ;
#7180 = CARTESIAN_POINT ( 'NONE',  ( -2.244632334872438406, 1.820090761710546401, 1.759352260782781174 ) ) ;
#7181 = PRESENTATION_STYLE_ASSIGNMENT (( #2610 ) ) ;
#7182 = ORIENTED_EDGE ( 'NONE', *, *, #6868, .F. ) ;
#7183 = ORIENTED_EDGE ( 'NONE', *, *, #6183, .T. ) ;
#7184 = CARTESIAN_POINT ( 'NONE',  ( 2.449996426143394412, 1.874537999305285085, 0.8350254293110831449 ) ) ;
#7185 = DIRECTION ( 'NONE',  ( 0.000000000000000000, 1.000000000000000000, 0.000000000000000000 ) ) ;
#7186 = EDGE_CURVE ( 'NONE', #6199, #6172, #1986, .T. ) ;
#7187 = CARTESIAN_POINT ( 'NONE',  ( -0.4199999999999984857, 2.550616955507048367, 0.9076459320246323959 ) ) ;
#7188 = CARTESIAN_POINT ( 'NONE',  ( 1.690000000000001723, 2.236792614887839648, 0.9295906676744072339 ) ) ;
#7189 = ORIENTED_EDGE ( 'NONE', *, *, #1632, .F. ) ;
#7190 = ORIENTED_EDGE ( 'NONE', *, *, #6623, .T. ) ;
#7191 = LINE ( 'NONE', #687, #5833 ) ;
#7192 = ORIENTED_EDGE ( 'NONE', *, *, #1788, .F. ) ;
#7193 = PRESENTATION_STYLE_ASSIGNMENT (( #6955 ) ) ;
#7194 = DIRECTION ( 'NONE',  ( 0.000000000000000000, 0.000000000000000000, -1.000000000000000000 ) ) ;
#7195 = CARTESIAN_POINT ( 'NONE',  ( -0.8499999999999985345, -1.949999999999999734, 0.6150000000000157563 ) ) ;
#7196 =( LENGTH_UNIT ( ) NAMED_UNIT ( * ) SI_UNIT ( .MILLI., .METRE. ) );
#7197 = EDGE_CURVE ( 'NONE', #966, #2125, #7393, .T. ) ;
#7198 = ORIENTED_EDGE ( 'NONE', *, *, #4442, .T. ) ;
#7199 = DIRECTION ( 'NONE',  ( 1.000000000000000000, 0.000000000000000000, 0.000000000000000000 ) ) ;
#7200 = ORIENTED_EDGE ( 'NONE', *, *, #3588, .F. ) ;
#7201 = FACE_OUTER_BOUND ( 'NONE', #5716, .T. ) ;
#7202 = PRESENTATION_STYLE_ASSIGNMENT (( #7238 ) ) ;
#7203 = PRESENTATION_LAYER_ASSIGNMENT (  '', '', ( #6806 ) ) ;
#7204 = EDGE_CURVE ( 'NONE', #4599, #3796, #1813, .T. ) ;
#7205 = MECHANICAL_DESIGN_GEOMETRIC_PRESENTATION_REPRESENTATION (  '', ( #6193 ), #4289 ) ;
#7206 = ORIENTED_EDGE ( 'NONE', *, *, #2920, .F. ) ;
#7207 = MECHANICAL_DESIGN_GEOMETRIC_PRESENTATION_REPRESENTATION (  '', ( #5378 ), #6543 ) ;
#7208 = ADVANCED_FACE ( 'NONE', ( #3173 ), #1893, .T. ) ;
#7209 = DIRECTION ( 'NONE',  ( 1.000000000000000000, 0.000000000000000000, 0.000000000000000000 ) ) ;
#7210 = CARTESIAN_POINT ( 'NONE',  ( -1.449999999999999956, 0.7500000000000004441, 0.05000000000000000278 ) ) ;
#7211 = DIRECTION ( 'NONE',  ( 0.000000000000000000, 0.06975647374412130564, -0.9975640502598245307 ) ) ;
#7212 = CARTESIAN_POINT ( 'NONE',  ( 1.690000000000001723, 2.999999999999999556, 1.405000000000000027 ) ) ;
#7213 = CIRCLE ( 'NONE', #6076, 0.3145906676743914776 ) ;
#7214 = FACE_OUTER_BOUND ( 'NONE', #2047, .T. ) ;
#7215 = DIRECTION ( 'NONE',  ( -1.224646799147353207E-16, 1.000000000000000000, -0.000000000000000000 ) ) ;
#7216 = ORIENTED_EDGE ( 'NONE', *, *, #6381, .T. ) ;
#7217 = CYLINDRICAL_SURFACE ( 'NONE', #5047, 0.3145906676743915886 ) ;
#7218 = EDGE_CURVE ( 'NONE', #2003, #6111, #2248, .T. ) ;
#7219 = UNCERTAINTY_MEASURE_WITH_UNIT (LENGTH_MEASURE( 1.000000000000000082E-05 ), #474, 'distance_accuracy_value', 'NONE');
#7220 = PRESENTATION_LAYER_ASSIGNMENT (  '', '', ( #4916 ) ) ;
#7221 = SURFACE_SIDE_STYLE ('',( #1577 ) ) ;
#7222 = LINE ( 'NONE', #4935, #7043 ) ;
#7223 = CARTESIAN_POINT ( 'NONE',  ( 0.8500000000000015321, -2.199999999999999734, 0.8349999999999841993 ) ) ;
#7224 = LINE ( 'NONE', #6812, #3181 ) ;
#7225 = ORIENTED_EDGE ( 'NONE', *, *, #5874, .F. ) ;
#7226 = CARTESIAN_POINT ( 'NONE',  ( 2.120000000000001439, 2.199999999999999734, 0.8349999999999843103 ) ) ;
#7227 = VERTEX_POINT ( 'NONE', #2493 ) ;
#7228 = PRESENTATION_LAYER_ASSIGNMENT (  '', '', ( #6832 ) ) ;
#7229 = DIRECTION ( 'NONE',  ( 0.000000000000000000, -1.000000000000000000, 0.000000000000000000 ) ) ;
#7230 = MECHANICAL_DESIGN_GEOMETRIC_PRESENTATION_REPRESENTATION (  '', ( #6834 ), #1303 ) ;
#7231 = FILL_AREA_STYLE_COLOUR ( '', #1985 ) ;
#7232 = LINE ( 'NONE', #6619, #125 ) ;
#7233 = CARTESIAN_POINT ( 'NONE',  ( -1.689999999999998392, 2.699598551369565502, 1.383993884394061347 ) ) ;
#7234 = DIRECTION ( 'NONE',  ( 1.000000000000000000, 0.000000000000000000, 0.000000000000000000 ) ) ;
#7235 = ORIENTED_EDGE ( 'NONE', *, *, #1334, .F. ) ;
#7236 = DIRECTION ( 'NONE',  ( 0.000000000000000000, -1.000000000000000000, 0.000000000000000000 ) ) ;
#7237 = COLOUR_RGB ( '',0.7529411764705882248, 0.7529411764705882248, 0.7529411764705882248 ) ;
#7238 = SURFACE_STYLE_USAGE ( .BOTH. , #3230 ) ;
#7239 = ORIENTED_EDGE ( 'NONE', *, *, #4005, .T. ) ;
#7240 = FILL_AREA_STYLE_COLOUR ( '', #3702 ) ;
#7241 = VECTOR ( 'NONE', #4845, 1000.000000000000000 ) ;
#7242 = PRESENTATION_STYLE_ASSIGNMENT (( #2122 ) ) ;
#7243 = FILL_AREA_STYLE ('',( #3827 ) ) ;
#7244 = DIRECTION ( 'NONE',  ( 0.000000000000000000, -1.000000000000000000, 0.000000000000000000 ) ) ;
#7245 = ADVANCED_FACE ( 'NONE', ( #5319 ), #183, .F. ) ;
#7246 = VERTEX_POINT ( 'NONE', #1872 ) ;
#7247 = EDGE_CURVE ( 'NONE', #2581, #2226, #4532, .T. ) ;
#7248 = CARTESIAN_POINT ( 'NONE',  ( 1.690000000000001723, -1.949999999999999512, 0.6150000000000157563 ) ) ;
#7249 = AXIS2_PLACEMENT_3D ( 'NONE', #6136, #959, #2718 ) ;
#7250 = SURFACE_STYLE_USAGE ( .BOTH. , #6101 ) ;
#7251 = LINE ( 'NONE', #769, #5458 ) ;
#7252 = VERTEX_POINT ( 'NONE', #6474 ) ;
#7253 = EDGE_LOOP ( 'NONE', ( #6563, #5770, #6014, #4403 ) ) ;
#7254 =( NAMED_UNIT ( * ) SI_UNIT ( $, .STERADIAN. ) SOLID_ANGLE_UNIT ( ) );
#7255 = FILL_AREA_STYLE ('',( #281 ) ) ;
#7256 = DIRECTION ( 'NONE',  ( 0.000000000000000000, -0.000000000000000000, -1.000000000000000000 ) ) ;
#7257 = UNCERTAINTY_MEASURE_WITH_UNIT (LENGTH_MEASURE( 1.000000000000000082E-05 ), #7476, 'distance_accuracy_value', 'NONE');
#7258 =( NAMED_UNIT ( * ) SI_UNIT ( $, .STERADIAN. ) SOLID_ANGLE_UNIT ( ) );
#7259 = PRESENTATION_STYLE_ASSIGNMENT (( #6503 ) ) ;
#7260 = SURFACE_STYLE_USAGE ( .BOTH. , #2580 ) ;
#7261 = EDGE_CURVE ( 'NONE', #4514, #7285, #998, .T. ) ;
#7262 = STYLED_ITEM ( 'NONE', ( #2894 ), #4446 ) ;
#7263 = LINE ( 'NONE', #5708, #2484 ) ;
#7264 = FACE_OUTER_BOUND ( 'NONE', #717, .T. ) ;
#7265 =( BOUNDED_CURVE ( )  B_SPLINE_CURVE ( 3, ( #1356, #216, #1543, #6115 ),
 .UNSPECIFIED., .F., .F. ) 
 B_SPLINE_CURVE_WITH_KNOTS ( ( 4, 4 ),
 ( 6.273500125511120906, 6.283185307179586232 ),
 .UNSPECIFIED. ) 
 CURVE ( )  GEOMETRIC_REPRESENTATION_ITEM ( )  RATIONAL_B_SPLINE_CURVE ( ( 1.000000000000000000, 0.9999921831199466427, 0.9999921831199466427, 1.000000000000000000 ) ) 
 REPRESENTATION_ITEM ( '' )  );
#7266 =( NAMED_UNIT ( * ) SI_UNIT ( $, .STERADIAN. ) SOLID_ANGLE_UNIT ( ) );
#7267 = PRESENTATION_LAYER_ASSIGNMENT (  '', '', ( #5191 ) ) ;
#7268 =( GEOMETRIC_REPRESENTATION_CONTEXT ( 3 ) GLOBAL_UNCERTAINTY_ASSIGNED_CONTEXT ( ( #4110 ) ) GLOBAL_UNIT_ASSIGNED_CONTEXT ( ( #4348, #3779, #2042 ) ) REPRESENTATION_CONTEXT ( 'NONE', 'WORKASPACE' ) );
#7269 = AXIS2_PLACEMENT_3D ( 'NONE', #686, #4775, #5343 ) ;
#7270 = EDGE_LOOP ( 'NONE', ( #3381, #1965, #421, #2658 ) ) ;
#7271 = ORIENTED_EDGE ( 'NONE', *, *, #4661, .T. ) ;
#7272 = FILL_AREA_STYLE ('',( #3261 ) ) ;
#7273 = ORIENTED_EDGE ( 'NONE', *, *, #2899, .F. ) ;
#7274 = VECTOR ( 'NONE', #2963, 999.9999999999998863 ) ;
#7275 = VERTEX_POINT ( 'NONE', #5612 ) ;
#7276 = FACE_OUTER_BOUND ( 'NONE', #6251, .T. ) ;
#7277 = FILL_AREA_STYLE ('',( #1559 ) ) ;
#7278 = ORIENTED_EDGE ( 'NONE', *, *, #2775, .T. ) ;
#7279 = ADVANCED_FACE ( 'NONE', ( #2158 ), #3316, .F. ) ;
#7280 = CARTESIAN_POINT ( 'NONE',  ( -0.8499999999999985345, -2.236792614887840092, 0.6150000000000157563 ) ) ;
#7281 = SURFACE_STYLE_USAGE ( .BOTH. , #1018 ) ;
#7282 = EDGE_CURVE ( 'NONE', #5302, #4854, #1608, .T. ) ;
#7283 = FILL_AREA_STYLE ('',( #3821 ) ) ;
#7284 = CARTESIAN_POINT ( 'NONE',  ( 0.8500000000000015321, 2.999999999999999556, 1.625000000000000000 ) ) ;
#7285 = VERTEX_POINT ( 'NONE', #729 ) ;
#7286 = VECTOR ( 'NONE', #3594, 1000.000000000000000 ) ;
#7287 = CARTESIAN_POINT ( 'NONE',  ( -2.119999999999998774, -2.699598551369565502, 1.383993884394061347 ) ) ;
#7288 = VECTOR ( 'NONE', #5407, 1000.000000000000000 ) ;
#7289 = EDGE_CURVE ( 'NONE', #6947, #7380, #3529, .T. ) ;
#7290 = PRESENTATION_LAYER_ASSIGNMENT (  '', '', ( #3073 ) ) ;
#7291 = CARTESIAN_POINT ( 'NONE',  ( 2.120000000000001439, -2.236792614887839648, 0.6150000000000157563 ) ) ;
#7292 = PRESENTATION_STYLE_ASSIGNMENT (( #4256 ) ) ;
#7293 = FACE_OUTER_BOUND ( 'NONE', #4283, .T. ) ;
#7294 = FILL_AREA_STYLE_COLOUR ( '', #1786 ) ;
#7295 = SURFACE_SIDE_STYLE ('',( #110 ) ) ;
#7296 = CARTESIAN_POINT ( 'NONE',  ( -2.119999999999998774, 2.649999999999999911, 1.600525615819771152 ) ) ;
#7297 = VECTOR ( 'NONE', #1350, 1000.000000000000000 ) ;
#7298 =( GEOMETRIC_REPRESENTATION_CONTEXT ( 3 ) GLOBAL_UNCERTAINTY_ASSIGNED_CONTEXT ( ( #7042 ) ) GLOBAL_UNIT_ASSIGNED_CONTEXT ( ( #6935, #2966, #6328 ) ) REPRESENTATION_CONTEXT ( 'NONE', 'WORKASPACE' ) );
#7299 = MECHANICAL_DESIGN_GEOMETRIC_PRESENTATION_REPRESENTATION (  '', ( #415 ), #888 ) ;
#7300 = EDGE_CURVE ( 'NONE', #1784, #4420, #6751, .T. ) ;
#7301 = PRESENTATION_STYLE_ASSIGNMENT (( #3798 ) ) ;
#7302 = VECTOR ( 'NONE', #146, 1000.000000000000000 ) ;
#7303 =( GEOMETRIC_REPRESENTATION_CONTEXT ( 3 ) GLOBAL_UNCERTAINTY_ASSIGNED_CONTEXT ( ( #4156 ) ) GLOBAL_UNIT_ASSIGNED_CONTEXT ( ( #6335, #1445, #4313 ) ) REPRESENTATION_CONTEXT ( 'NONE', 'WORKASPACE' ) );
#7304 = AXIS2_PLACEMENT_3D ( 'NONE', #4412, #949, #872 ) ;
#7305 = VECTOR ( 'NONE', #6653, 1000.000000000000000 ) ;
#7306 =( NAMED_UNIT ( * ) PLANE_ANGLE_UNIT ( ) SI_UNIT ( $, .RADIAN. ) );
#7307 = ORIENTED_EDGE ( 'NONE', *, *, #1566, .F. ) ;
#7308 = FILL_AREA_STYLE_COLOUR ( '', #4382 ) ;
#7309 = DIRECTION ( 'NONE',  ( 1.000000000000000000, 0.000000000000000000, 0.000000000000000000 ) ) ;
#7310 = UNCERTAINTY_MEASURE_WITH_UNIT (LENGTH_MEASURE( 1.000000000000000082E-05 ), #6523, 'distance_accuracy_value', 'NONE');
#7311 = VECTOR ( 'NONE', #1838, 1000.000000000000000 ) ;
#7312 = ORIENTED_EDGE ( 'NONE', *, *, #1858, .F. ) ;
#7313 = FILL_AREA_STYLE_COLOUR ( '', #7363 ) ;
#7314 = STYLED_ITEM ( 'NONE', ( #6883 ), #5761 ) ;
#7315 = DIRECTION ( 'NONE',  ( 0.000000000000000000, -0.9975640502598241977, 0.06975647374412606572 ) ) ;
#7316 = MECHANICAL_DESIGN_GEOMETRIC_PRESENTATION_REPRESENTATION (  '', ( #1104 ), #222 ) ;
#7317 = STYLED_ITEM ( 'NONE', ( #3001 ), #528 ) ;
#7318 = AXIS2_PLACEMENT_3D ( 'NONE', #531, #4586, #6816 ) ;
#7319 = FILL_AREA_STYLE ('',( #5649 ) ) ;
#7320 = SURFACE_STYLE_USAGE ( .BOTH. , #3274 ) ;
#7321 = ADVANCED_FACE ( 'NONE', ( #1983 ), #5946, .T. ) ;
#7322 = ORIENTED_EDGE ( 'NONE', *, *, #2444, .F. ) ;
#7323 = DIRECTION ( 'NONE',  ( -1.000000000000000000, 0.000000000000000000, 0.000000000000000000 ) ) ;
#7324 = COLOUR_RGB ( '',0.2509803921568627416, 0.2509803921568627416, 0.2509803921568627416 ) ;
#7325 = CARTESIAN_POINT ( 'NONE',  ( 0.4200000000000015388, -2.358120395030566474, 1.308646010850337271 ) ) ;
#7326 = AXIS2_PLACEMENT_3D ( 'NONE', #1099, #3497, #4065 ) ;
#7327 =( NAMED_UNIT ( * ) PLANE_ANGLE_UNIT ( ) SI_UNIT ( $, .RADIAN. ) );
#7328 = CARTESIAN_POINT ( 'NONE',  ( 2.374537999305285751, -1.949996426143391304, 0.8350254293110863646 ) ) ;
#7329 = ORIENTED_EDGE ( 'NONE', *, *, #903, .T. ) ;
#7330 =( LENGTH_UNIT ( ) NAMED_UNIT ( * ) SI_UNIT ( .MILLI., .METRE. ) );
#7331 = VECTOR ( 'NONE', #5575, 1000.000000000000000 ) ;
#7332 = ADVANCED_FACE ( 'NONE', ( #6307 ), #3442, .F. ) ;
#7333 = ORIENTED_EDGE ( 'NONE', *, *, #6215, .F. ) ;
#7334 = FACE_OUTER_BOUND ( 'NONE', #5743, .T. ) ;
#7335 = FILL_AREA_STYLE ('',( #2707 ) ) ;
#7336 = COLOUR_RGB ( '',0.2509803921568627416, 0.2509803921568627416, 0.2509803921568627416 ) ;
#7337 = FILL_AREA_STYLE ('',( #6225 ) ) ;
#7338 = EDGE_LOOP ( 'NONE', ( #1808, #6266, #2415, #2346 ) ) ;
#7339 = VERTEX_POINT ( 'NONE', #1456 ) ;
#7340 = EDGE_CURVE ( 'NONE', #3398, #744, #5039, .T. ) ;
#7341 = CARTESIAN_POINT ( 'NONE',  ( 2.450000000000001510, -1.872786164074539794, 0.06559500970684328802 ) ) ;
#7342 = LINE ( 'NONE', #1162, #1227 ) ;
#7343 = EDGE_LOOP ( 'NONE', ( #6852, #1076, #1849, #3143 ) ) ;
#7344 = CIRCLE ( 'NONE', #2369, 0.3145906676743914776 ) ;
#7345 = ORIENTED_EDGE ( 'NONE', *, *, #728, .T. ) ;
#7346 = CARTESIAN_POINT ( 'NONE',  ( -2.119999999999998774, -3.000000000000000000, 1.405000000000000027 ) ) ;
#7347 = DIRECTION ( 'NONE',  ( 0.000000000000000000, 0.9975640502598241977, 0.06975647374412607959 ) ) ;
#7348 = CARTESIAN_POINT ( 'NONE',  ( 0.8500000000000015321, -2.236792614887839648, 0.6150000000000157563 ) ) ;
#7349 = LINE ( 'NONE', #4, #3040 ) ;
#7350 = EDGE_CURVE ( 'NONE', #1874, #21, #5674, .T. ) ;
#7351 = CARTESIAN_POINT ( 'NONE',  ( 0.4200000000000015388, -2.333719387524285427, 0.9596953461754694770 ) ) ;
#7352 =( GEOMETRIC_REPRESENTATION_CONTEXT ( 3 ) GLOBAL_UNCERTAINTY_ASSIGNED_CONTEXT ( ( #4248 ) ) GLOBAL_UNIT_ASSIGNED_CONTEXT ( ( #1834, #1234, #672 ) ) REPRESENTATION_CONTEXT ( 'NONE', 'WORKASPACE' ) );
#7353 = CARTESIAN_POINT ( 'NONE',  ( 0.8500000000000015321, -2.999999999999999556, 1.625000000000000000 ) ) ;
#7354 = UNCERTAINTY_MEASURE_WITH_UNIT (LENGTH_MEASURE( 1.000000000000000082E-05 ), #2180, 'distance_accuracy_value', 'NONE');
#7355 = PRESENTATION_STYLE_ASSIGNMENT (( #1253 ) ) ;
#7356 = SURFACE_SIDE_STYLE ('',( #5042 ) ) ;
#7357 = ADVANCED_FACE ( 'NONE', ( #7201 ), #3905, .F. ) ;
#7358 = DIRECTION ( 'NONE',  ( 0.000000000000000000, 0.000000000000000000, -1.000000000000000000 ) ) ;
#7359 = CARTESIAN_POINT ( 'NONE',  ( 1.690000000000001723, 2.236792614887839648, 0.6150000000000157563 ) ) ;
#7360 = DIRECTION ( 'NONE',  ( 1.000000000000000000, 0.000000000000000000, 0.000000000000000000 ) ) ;
#7361 = STYLED_ITEM ( 'NONE', ( #7292 ), #7332 ) ;
#7362 = ORIENTED_EDGE ( 'NONE', *, *, #1851, .F. ) ;
#7363 = COLOUR_RGB ( '',0.7529411764705882248, 0.7529411764705882248, 0.7529411764705882248 ) ;
#7364 = AXIS2_PLACEMENT_3D ( 'NONE', #5848, #1776, #1832 ) ;
#7365 = ORIENTED_EDGE ( 'NONE', *, *, #3060, .F. ) ;
#7366 = VECTOR ( 'NONE', #7082, 1000.000000000000000 ) ;
#7367 = DIRECTION ( 'NONE',  ( 0.000000000000000000, 0.000000000000000000, 1.000000000000000000 ) ) ;
#7368 = ORIENTED_EDGE ( 'NONE', *, *, #4450, .T. ) ;
#7369 =( LENGTH_UNIT ( ) NAMED_UNIT ( * ) SI_UNIT ( .MILLI., .METRE. ) );
#7370 = ADVANCED_FACE ( 'NONE', ( #3251 ), #2611, .F. ) ;
#7371 = VERTEX_POINT ( 'NONE', #824 ) ;
#7372 = CARTESIAN_POINT ( 'NONE',  ( -1.049999999999999822, 0.7500000000000004441, 0.05000000000000000278 ) ) ;
#7373 = VECTOR ( 'NONE', #4566, 1000.000000000000000 ) ;
#7374 =( NAMED_UNIT ( * ) SI_UNIT ( $, .STERADIAN. ) SOLID_ANGLE_UNIT ( ) );
#7375 = EDGE_LOOP ( 'NONE', ( #1841, #4901, #3871, #5477, #4743, #4789, #6635, #6286 ) ) ;
#7376 = AXIS2_PLACEMENT_3D ( 'NONE', #2111, #424, #473 ) ;
#7377 = CIRCLE ( 'NONE', #3984, 0.3145906676743914776 ) ;
#7378 = FILL_AREA_STYLE ('',( #2672 ) ) ;
#7379 = LINE ( 'NONE', #2213, #982 ) ;
#7380 = VERTEX_POINT ( 'NONE', #6184 ) ;
#7381 = PLANE ( 'NONE',  #7376 ) ;
#7382 = PRESENTATION_STYLE_ASSIGNMENT (( #6801 ) ) ;
#7383 = EDGE_LOOP ( 'NONE', ( #7365, #4183, #759, #5564 ) ) ;
#7384 = DIRECTION ( 'NONE',  ( 1.000000000000000000, 0.000000000000000000, 0.000000000000000000 ) ) ;
#7385 =( GEOMETRIC_REPRESENTATION_CONTEXT ( 3 ) GLOBAL_UNCERTAINTY_ASSIGNED_CONTEXT ( ( #4020 ) ) GLOBAL_UNIT_ASSIGNED_CONTEXT ( ( #6946, #1182, #1735 ) ) REPRESENTATION_CONTEXT ( 'NONE', 'WORKASPACE' ) );
#7386 = FACE_OUTER_BOUND ( 'NONE', #398, .T. ) ;
#7387 = DIRECTION ( 'NONE',  ( 1.000000000000000000, 0.000000000000000000, 0.000000000000000000 ) ) ;
#7388 = CARTESIAN_POINT ( 'NONE',  ( -0.8499999999999985345, -2.358120395030566918, 1.308646010850337271 ) ) ;
#7389 = SURFACE_STYLE_FILL_AREA ( #1524 ) ;
#7390 = ORIENTED_EDGE ( 'NONE', *, *, #3423, .F. ) ;
#7391 =( NAMED_UNIT ( * ) PLANE_ANGLE_UNIT ( ) SI_UNIT ( $, .RADIAN. ) );
#7392 = CARTESIAN_POINT ( 'NONE',  ( 2.120000000000001439, 2.550616955507047923, 0.9076459320246323959 ) ) ;
#7393 = LINE ( 'NONE', #328, #1450 ) ;
#7394 = PRESENTATION_STYLE_ASSIGNMENT (( #6510 ) ) ;
#7395 = SURFACE_SIDE_STYLE ('',( #3854 ) ) ;
#7396 = EDGE_CURVE ( 'NONE', #4461, #6599, #5490, .T. ) ;
#7397 = ORIENTED_EDGE ( 'NONE', *, *, #7289, .T. ) ;
#7398 =( GEOMETRIC_REPRESENTATION_CONTEXT ( 3 ) GLOBAL_UNCERTAINTY_ASSIGNED_CONTEXT ( ( #2272 ) ) GLOBAL_UNIT_ASSIGNED_CONTEXT ( ( #4746, #5313, #4768 ) ) REPRESENTATION_CONTEXT ( 'NONE', 'WORKASPACE' ) );
#7399 = PRESENTATION_STYLE_ASSIGNMENT (( #1170 ) ) ;
#7400 = FACE_OUTER_BOUND ( 'NONE', #314, .T. ) ;
#7401 = LINE ( 'NONE', #5061, #4714 ) ;
#7402 =( LENGTH_UNIT ( ) NAMED_UNIT ( * ) SI_UNIT ( .MILLI., .METRE. ) );
#7403 = STYLED_ITEM ( 'NONE', ( #690 ), #5622 ) ;
#7404 = VECTOR ( 'NONE', #6075, 1000.000000000000000 ) ;
#7405 = ADVANCED_FACE ( 'NONE', ( #806 ), #435, .F. ) ;
#7406 = UNCERTAINTY_MEASURE_WITH_UNIT (LENGTH_MEASURE( 1.000000000000000082E-05 ), #519, 'distance_accuracy_value', 'NONE');
#7407 = EDGE_CURVE ( 'NONE', #732, #5302, #2239, .T. ) ;
#7408 = DIRECTION ( 'NONE',  ( 0.000000000000000000, 0.000000000000000000, -1.000000000000000000 ) ) ;
#7409 = AXIS2_PLACEMENT_3D ( 'NONE', #2012, #7229, #2598 ) ;
#7410 = LINE ( 'NONE', #4700, #6505 ) ;
#7411 = DIRECTION ( 'NONE',  ( 0.000000000000000000, -0.9975640502598241977, -0.06975647374412535795 ) ) ;
#7412 = LINE ( 'NONE', #404, #4200 ) ;
#7413 = FACE_OUTER_BOUND ( 'NONE', #2130, .T. ) ;
#7414 = DIRECTION ( 'NONE',  ( 0.000000000000000000, 0.000000000000000000, -1.000000000000000000 ) ) ;
#7415 = AXIS2_PLACEMENT_3D ( 'NONE', #6840, #3448, #2331 ) ;
#7416 = VECTOR ( 'NONE', #3858, 1000.000000000000227 ) ;
#7417 = DIRECTION ( 'NONE',  ( 0.000000000000000000, 0.000000000000000000, -1.000000000000000000 ) ) ;
#7418 =( GEOMETRIC_REPRESENTATION_CONTEXT ( 3 ) GLOBAL_UNCERTAINTY_ASSIGNED_CONTEXT ( ( #7084 ) ) GLOBAL_UNIT_ASSIGNED_CONTEXT ( ( #4776, #832, #1342 ) ) REPRESENTATION_CONTEXT ( 'NONE', 'WORKASPACE' ) );
#7419 = SURFACE_STYLE_FILL_AREA ( #1449 ) ;
#7420 = DIRECTION ( 'NONE',  ( 1.000000000000000000, 0.000000000000000000, 0.000000000000000000 ) ) ;
#7421 = SURFACE_SIDE_STYLE ('',( #205 ) ) ;
#7422 = VECTOR ( 'NONE', #4400, 1000.000000000000000 ) ;
#7423 = CYLINDRICAL_SURFACE ( 'NONE', #4669, 0.1340459166400967961 ) ;
#7424 =( GEOMETRIC_REPRESENTATION_CONTEXT ( 3 ) GLOBAL_UNCERTAINTY_ASSIGNED_CONTEXT ( ( #6205 ) ) GLOBAL_UNIT_ASSIGNED_CONTEXT ( ( #1718, #3993, #536 ) ) REPRESENTATION_CONTEXT ( 'NONE', 'WORKASPACE' ) );
#7425 = CARTESIAN_POINT ( 'NONE',  ( -2.119999999999998774, 2.699598551369565502, 1.383993884394061347 ) ) ;
#7426 = CARTESIAN_POINT ( 'NONE',  ( -2.119999999999998774, -3.000000000000000000, 1.405000000000000027 ) ) ;
#7427 = EDGE_CURVE ( 'NONE', #1217, #3674, #4615, .T. ) ;
#7428 = ORIENTED_EDGE ( 'NONE', *, *, #6112, .T. ) ;
#7429 = CARTESIAN_POINT ( 'NONE',  ( -2.449996426143390860, -1.874537999305284197, 0.8350254293110863646 ) ) ;
#7430 = PRESENTATION_STYLE_ASSIGNMENT (( #6247 ) ) ;
#7431 = FILL_AREA_STYLE_COLOUR ( '', #5208 ) ;
#7432 = VECTOR ( 'NONE', #3649, 1000.000000000000000 ) ;
#7433 = DIRECTION ( 'NONE',  ( 0.000000000000000000, 0.000000000000000000, -1.000000000000000000 ) ) ;
#7434 =( NAMED_UNIT ( * ) SI_UNIT ( $, .STERADIAN. ) SOLID_ANGLE_UNIT ( ) );
#7435 = CARTESIAN_POINT ( 'NONE',  ( 0.8500000000000015321, 2.708949121834177465, 1.250274496869775653 ) ) ;
#7436 =( NAMED_UNIT ( * ) SI_UNIT ( $, .STERADIAN. ) SOLID_ANGLE_UNIT ( ) );
#7437 = LINE ( 'NONE', #2930, #2384 ) ;
#7438 = ORIENTED_EDGE ( 'NONE', *, *, #4374, .T. ) ;
#7439 = PRESENTATION_STYLE_ASSIGNMENT (( #3959 ) ) ;
#7440 = ORIENTED_EDGE ( 'NONE', *, *, #7441, .T. ) ;
#7441 = EDGE_CURVE ( 'NONE', #326, #3145, #5938, .T. ) ;
#7442 =( GEOMETRIC_REPRESENTATION_CONTEXT ( 3 ) GLOBAL_UNCERTAINTY_ASSIGNED_CONTEXT ( ( #6991 ) ) GLOBAL_UNIT_ASSIGNED_CONTEXT ( ( #3536, #6890, #3464 ) ) REPRESENTATION_CONTEXT ( 'NONE', 'WORKASPACE' ) );
#7443 =( NAMED_UNIT ( * ) PLANE_ANGLE_UNIT ( ) SI_UNIT ( $, .RADIAN. ) );
#7444 = ADVANCED_FACE ( 'NONE', ( #5574 ), #6208, .F. ) ;
#7445 = DIRECTION ( 'NONE',  ( -1.000000000000000000, 0.000000000000000000, 0.000000000000000000 ) ) ;
#7446 =( NAMED_UNIT ( * ) SI_UNIT ( $, .STERADIAN. ) SOLID_ANGLE_UNIT ( ) );
#7447 =( BOUNDED_CURVE ( )  B_SPLINE_CURVE ( 3, ( #143, #4808, #1897, #818 ),
 .UNSPECIFIED., .F., .T. ) 
 B_SPLINE_CURVE_WITH_KNOTS ( ( 4, 4 ),
 ( 3.131907471921333563, 3.141592653589793116 ),
 .UNSPECIFIED. ) 
 CURVE ( )  GEOMETRIC_REPRESENTATION_ITEM ( )  RATIONAL_B_SPLINE_CURVE ( ( 1.000000000000000000, 0.9999921831199466427, 0.9999921831199466427, 1.000000000000000000 ) ) 
 REPRESENTATION_ITEM ( '' )  );
#7448 = STYLED_ITEM ( 'NONE', ( #5597 ), #6746 ) ;
#7449 = EDGE_CURVE ( 'NONE', #4859, #6030, #4780, .T. ) ;
#7450 = PRESENTATION_LAYER_ASSIGNMENT (  '', '', ( #1282 ) ) ;
#7451 = STYLED_ITEM ( 'NONE', ( #2354 ), #2719 ) ;
#7452 = ORIENTED_EDGE ( 'NONE', *, *, #5937, .F. ) ;
#7453 = PLANE ( 'NONE',  #1593 ) ;
#7454 = VECTOR ( 'NONE', #601, 1000.000000000000000 ) ;
#7455 = EDGE_LOOP ( 'NONE', ( #941, #5840, #7189, #4130 ) ) ;
#7456 =( NAMED_UNIT ( * ) PLANE_ANGLE_UNIT ( ) SI_UNIT ( $, .RADIAN. ) );
#7457 = DIRECTION ( 'NONE',  ( -0.1378445374916248689, 0.1378445374916252852, 0.9808148484639902520 ) ) ;
#7458 = VERTEX_POINT ( 'NONE', #3380 ) ;
#7459 = DIRECTION ( 'NONE',  ( 0.000000000000000000, 0.000000000000000000, -1.000000000000000000 ) ) ;
#7460 = ORIENTED_EDGE ( 'NONE', *, *, #1239, .T. ) ;
#7461 = SURFACE_STYLE_FILL_AREA ( #6174 ) ;
#7462 = CARTESIAN_POINT ( 'NONE',  ( -1.689999999999998392, -1.949999999999999956, 0.6150000000000157563 ) ) ;
#7463 = AXIS2_PLACEMENT_3D ( 'NONE', #4907, #2039, #922 ) ;
#7464 =( GEOMETRIC_REPRESENTATION_CONTEXT ( 3 ) GLOBAL_UNCERTAINTY_ASSIGNED_CONTEXT ( ( #985 ) ) GLOBAL_UNIT_ASSIGNED_CONTEXT ( ( #992, #1051, #4445 ) ) REPRESENTATION_CONTEXT ( 'NONE', 'WORKASPACE' ) );
#7465 = ORIENTED_EDGE ( 'NONE', *, *, #4974, .F. ) ;
#7466 = APPLICATION_PROTOCOL_DEFINITION ( 'draft international standard', 'automotive_design', 1998, #2244 ) ;
#7467 = DIRECTION ( 'NONE',  ( 0.000000000000000000, -0.06975647374412130564, -0.9975640502598245307 ) ) ;
#7468 = VECTOR ( 'NONE', #4016, 1000.000000000000000 ) ;
#7469 = PRESENTATION_STYLE_ASSIGNMENT (( #1268 ) ) ;
#7470 = PRESENTATION_LAYER_ASSIGNMENT (  '', '', ( #4880 ) ) ;
#7471 = DIRECTION ( 'NONE',  ( 0.000000000000000000, 0.000000000000000000, -1.000000000000000000 ) ) ;
#7472 = VECTOR ( 'NONE', #1527, 1000.000000000000114 ) ;
#7473 = FILL_AREA_STYLE ('',( #4628 ) ) ;
#7474 = ORIENTED_EDGE ( 'NONE', *, *, #842, .T. ) ;
#7475 =( NAMED_UNIT ( * ) PLANE_ANGLE_UNIT ( ) SI_UNIT ( $, .RADIAN. ) );
#7476 =( LENGTH_UNIT ( ) NAMED_UNIT ( * ) SI_UNIT ( .MILLI., .METRE. ) );
#7477 = ADVANCED_FACE ( 'NONE', ( #1976 ), #3436, .T. ) ;
ENDSEC;
END-ISO-10303-21;
