ISO-10303-21;
HEADER;
/* Generated by software containing ST-Developer
 * from STEP Tools, Inc. (www.steptools.com) 
 */
/* OPTION: strings as raw bytes, not using required /X/ escapes */

FILE_DESCRIPTION(
/* description */ ('Unknown',
'CAx-IF Rec.Pracs.---Representation and Presentation of Product Manufa
cturing Information (PMI)---4.0---2014-10-13',
'CAx-IF Rec.Pracs.---3D Tessellated Geometry---0.4---2014-09-14','2;1'),

/* implementation_level */ '2;1');

FILE_NAME(
/* name */ '10x10x5x0.6',
/* time_stamp */ '2022-06-06T15:31:03+08:00',
/* author */ ('Unknown'),
/* organization */ ('Unknown'),
/* preprocessor_version */ 'ST-DEVELOPER v16.7',
/* originating_system */ 'Solid Edge',
/* authorisation */ 'Unknown');

FILE_SCHEMA (('AP242_MANAGED_MODEL_BASED_3D_ENGINEERING_MIM_LF { 1 0 10303 442 1 1 4 }'));
ENDSEC;

DATA;
#10=B_SPLINE_SURFACE_WITH_KNOTS('',3,1,((#6249,#6250),(#6251,#6252),(#6253,
#6254),(#6255,#6256),(#6257,#6258),(#6259,#6260)),
 .SURF_OF_LINEAR_EXTRUSION.,.F.,.F.,.F.,(4,1,1,4),(2,2),(0.149344652149499,
0.205460524843545,0.233518461190568,0.261576397537591),(0.,1.),
 .UNSPECIFIED.);
#11=B_SPLINE_SURFACE_WITH_KNOTS('',3,1,((#6270,#6271),(#6272,#6273),(#6274,
#6275),(#6276,#6277),(#6278,#6279),(#6280,#6281)),
 .SURF_OF_LINEAR_EXTRUSION.,.F.,.F.,.F.,(4,1,1,4),(2,2),(0.261576397537591,
0.289726620251502,0.317876842965413,0.374177288393234),(0.,1.),
 .UNSPECIFIED.);
#12=B_SPLINE_SURFACE_WITH_KNOTS('',3,1,((#6346,#6347),(#6348,#6349),(#6350,
#6351),(#6352,#6353),(#6354,#6355),(#6356,#6357),(#6358,#6359),(#6360,#6361),
(#6362,#6363),(#6364,#6365),(#6366,#6367),(#6368,#6369)),
 .SURF_OF_LINEAR_EXTRUSION.,.F.,.F.,.F.,(4,1,1,1,1,1,1,1,1,4),(2,2),(0.552647341448823,
0.648949126371219,0.745250911293615,0.769326357524214,0.793401803754814,
0.817477249985413,0.841552696216012,0.88970358867721,0.913779034907809,
0.937854481138408),(0.,1.),.UNSPECIFIED.);
#13=B_SPLINE_SURFACE_WITH_KNOTS('',3,1,((#6402,#6403),(#6404,#6405),(#6406,
#6407),(#6408,#6409),(#6410,#6411)),.SURF_OF_LINEAR_EXTRUSION.,.F.,.F.,
 .F.,(4,1,4),(2,2),(0.498459597916434,0.749229798958217,1.),(0.,1.),
 .UNSPECIFIED.);
#14=B_SPLINE_SURFACE_WITH_KNOTS('',3,1,((#6466,#6467),(#6468,#6469),(#6470,
#6471),(#6472,#6473),(#6474,#6475),(#6476,#6477),(#6478,#6479),(#6480,#6481)),
 .SURF_OF_LINEAR_EXTRUSION.,.F.,.F.,.F.,(4,1,1,1,1,4),(2,2),(0.,0.124614899479108,
0.249229798958217,0.311537248697771,0.373844698437325,0.498459597916434),
(0.,1.),.UNSPECIFIED.);
#15=B_SPLINE_SURFACE_WITH_KNOTS('',3,1,((#6530,#6531),(#6532,#6533),(#6534,
#6535),(#6536,#6537)),.SURF_OF_LINEAR_EXTRUSION.,.F.,.F.,.F.,(4,4),(2,2),
(0.973699379169012,1.),(0.,1.),.PIECEWISE_BEZIER_KNOTS.);
#16=B_SPLINE_SURFACE_WITH_KNOTS('',3,1,((#6546,#6547),(#6548,#6549),(#6550,
#6551),(#6552,#6553),(#6554,#6555),(#6556,#6557),(#6558,#6559),(#6560,#6561),
(#6562,#6563),(#6564,#6565),(#6566,#6567),(#6568,#6569)),
 .SURF_OF_LINEAR_EXTRUSION.,.F.,.F.,.F.,(4,1,1,1,1,1,1,1,1,4),(2,2),(0.,
0.0452575824688426,0.0905151649376851,0.135772747406528,0.18103032987537,
0.226287912344213,0.271545494813055,0.294174286047477,0.316803077281898,
0.362060659750741),(0.,1.),.UNSPECIFIED.);
#17=B_SPLINE_SURFACE_WITH_KNOTS('',3,1,((#6598,#6599),(#6600,#6601),(#6602,
#6603),(#6604,#6605),(#6606,#6607),(#6608,#6609),(#6610,#6611),(#6612,#6613),
(#6614,#6615),(#6616,#6617)),.SURF_OF_LINEAR_EXTRUSION.,.F.,.F.,.F.,(4,
1,1,1,1,1,1,4),(2,2),(0.362060659750741,0.371851879726076,0.381643099701411,
0.401225539652081,0.420807979602751,0.44039041955342,0.47955529945476,0.5187201793561),
(0.,1.),.UNSPECIFIED.);
#18=B_SPLINE_SURFACE_WITH_KNOTS('',3,1,((#6674,#6675),(#6676,#6677),(#6678,
#6679),(#6680,#6681),(#6682,#6683)),.SURF_OF_LINEAR_EXTRUSION.,.F.,.F.,
 .F.,(4,1,4),(2,2),(0.408846781563697,0.483433877065632,0.558020972567567),
(0.,1.),.UNSPECIFIED.);
#19=B_SPLINE_SURFACE_WITH_KNOTS('',3,1,((#6702,#6703),(#6704,#6705),(#6706,
#6707),(#6708,#6709),(#6710,#6711),(#6712,#6713),(#6714,#6715)),
 .SURF_OF_LINEAR_EXTRUSION.,.F.,.F.,.F.,(4,1,1,1,4),(2,2),(0.610479843706102,
0.694571644095584,0.778663444485067,0.862755244874549,0.946847045264031),
(0.,1.),.UNSPECIFIED.);
#20=B_SPLINE_SURFACE_WITH_KNOTS('',3,1,((#6865,#6866),(#6867,#6868),(#6869,
#6870),(#6871,#6872),(#6873,#6874),(#6875,#6876),(#6877,#6878),(#6879,#6880),
(#6881,#6882),(#6883,#6884)),.SURF_OF_LINEAR_EXTRUSION.,.F.,.F.,.F.,(4,
1,1,1,1,1,1,4),(2,2),(0.246065891685699,0.322197765486439,0.36026370238681,
0.39832963928718,0.417362607737365,0.43639557618755,0.47446151308792,0.550593386888661),
(0.,1.),.UNSPECIFIED.);
#21=B_SPLINE_SURFACE_WITH_KNOTS('',3,1,((#6911,#6912),(#6913,#6914),(#6915,
#6916),(#6917,#6918),(#6919,#6920),(#6921,#6922),(#6923,#6924),(#6925,#6926),
(#6927,#6928),(#6929,#6930),(#6931,#6932)),.SURF_OF_LINEAR_EXTRUSION.,.F.,
 .F.,.F.,(4,1,1,1,1,1,1,1,4),(2,2),(0.58283289819309,0.6309488470059,0.67906479581871,
0.72718074463152,0.77529669344433,0.82341264225714,0.871528591069951,0.919644539882761,
0.967760488695571),(0.,1.),.UNSPECIFIED.);
#22=B_SPLINE_SURFACE_WITH_KNOTS('',3,1,((#6955,#6956),(#6957,#6958),(#6959,
#6960),(#6961,#6962),(#6963,#6964),(#6965,#6966),(#6967,#6968),(#6969,#6970),
(#6971,#6972),(#6973,#6974),(#6975,#6976)),.SURF_OF_LINEAR_EXTRUSION.,.F.,
 .F.,.F.,(4,1,1,1,1,1,1,1,4),(2,2),(0.606250141207069,0.704687605905302,
0.753906338254418,0.778515704428977,0.803125070603535,0.852343802952651,
0.901562535301767,0.950781267650884,1.),(0.,1.),.UNSPECIFIED.);
#23=B_SPLINE_SURFACE_WITH_KNOTS('',3,1,((#7005,#7006),(#7007,#7008),(#7009,
#7010),(#7011,#7012),(#7013,#7014),(#7015,#7016),(#7017,#7018)),
 .SURF_OF_LINEAR_EXTRUSION.,.F.,.F.,.F.,(4,1,1,1,4),(2,2),(0.029043169467918,
0.0672487068179453,0.105454244167973,0.143659781518,0.181865318868027),
(0.,1.),.UNSPECIFIED.);
#24=B_SPLINE_SURFACE_WITH_KNOTS('',3,1,((#7036,#7037),(#7038,#7039),(#7040,
#7041),(#7042,#7043),(#7044,#7045),(#7046,#7047),(#7048,#7049)),
 .SURF_OF_LINEAR_EXTRUSION.,.F.,.F.,.F.,(4,1,1,1,4),(2,2),(0.181865318868027,
0.275824810686,0.369784302503974,0.463743794321947,0.55770328613992),(0.,
1.),.UNSPECIFIED.);
#25=B_SPLINE_SURFACE_WITH_KNOTS('',3,1,((#7078,#7079),(#7080,#7081),(#7082,
#7083),(#7084,#7085),(#7086,#7087),(#7088,#7089),(#7090,#7091),(#7092,#7093),
(#7094,#7095),(#7096,#7097),(#7098,#7099),(#7100,#7101),(#7102,#7103)),
 .SURF_OF_LINEAR_EXTRUSION.,.T.,.F.,.F.,(1,1,1,1,1,1,1,1,1,1,1,1,1,1,1,
1,1),(2,2),(-0.368069366947823,-0.251277100880226,-0.144608947405241,0.,
0.0694667813130308,0.138933562626062,0.244316767239261,0.349699971852461,
0.490815302452319,0.561372967752248,0.631930633052177,0.748722899119774,
0.855391052594759,1.,1.06946678131303,1.13893356262606,1.24431676723926),
(0.,1.),.UNSPECIFIED.);
#26=B_SPLINE_CURVE_WITH_KNOTS('',3,(#5451,#5452,#5453,#5454),
 .UNSPECIFIED.,.F.,.F.,(4,4),(0.973699379169012,1.),.UNSPECIFIED.);
#27=B_SPLINE_CURVE_WITH_KNOTS('',3,(#5457,#5458,#5459,#5460,#5461,#5462,
#5463,#5464,#5465,#5466,#5467,#5468,#5469,#5470,#5471,#5472,#5473,#5474,
#5475,#5476,#5477,#5478,#5479,#5480,#5481,#5482),.UNSPECIFIED.,.F.,.F.,
(4,3,2,3,2,3,3,3,3,4),(0.,0.0438274176161732,0.0796130260247982,0.138438683682812,
0.185397997240522,0.213573585375147,0.240537159632089,0.267964073618679,
0.299234860316904,0.362060659750741),.UNSPECIFIED.);
#28=B_SPLINE_CURVE_WITH_KNOTS('',3,(#5490,#5491,#5492,#5493),
 .UNSPECIFIED.,.F.,.F.,(4,4),(0.396446529761424,0.520872811458041),
 .UNSPECIFIED.);
#29=B_SPLINE_CURVE_WITH_KNOTS('',3,(#5495,#5496,#5497,#5498),
 .UNSPECIFIED.,.F.,.F.,(4,4),(0.520872811458041,0.536767585966191),
 .UNSPECIFIED.);
#30=B_SPLINE_CURVE_WITH_KNOTS('',3,(#5500,#5501,#5502,#5503),
 .UNSPECIFIED.,.F.,.F.,(4,4),(0.536767585966191,0.640994258392033),
 .UNSPECIFIED.);
#31=B_SPLINE_CURVE_WITH_KNOTS('',3,(#5515,#5516,#5517,#5518,#5519,#5520,
#5521),.UNSPECIFIED.,.F.,.F.,(4,3,4),(0.261576397537591,0.282598700783899,
0.374177288393234),.UNSPECIFIED.);
#32=B_SPLINE_CURVE_WITH_KNOTS('',3,(#5523,#5524,#5525,#5526),
 .UNSPECIFIED.,.F.,.F.,(4,4),(0.374177288393234,0.396446529761424),
 .UNSPECIFIED.);
#33=B_SPLINE_CURVE_WITH_KNOTS('',3,(#5528,#5529,#5530,#5531),
 .UNSPECIFIED.,.F.,.F.,(4,4),(0.396446529761424,0.520872811458041),
 .UNSPECIFIED.);
#34=B_SPLINE_CURVE_WITH_KNOTS('',3,(#5539,#5540,#5541,#5542,#5543,#5544,
#5545,#5546,#5547,#5548,#5549,#5550,#5551,#5552,#5553,#5554,#5555,#5556,
#5557,#5558,#5559,#5560,#5561,#5562,#5563,#5564,#5565,#5566,#5567,#5568),
 .UNSPECIFIED.,.F.,.F.,(4,3,3,2,3,3,3,3,3,3,4),(0.552647341448823,0.591216474897776,
0.628566371976515,0.673775519141862,0.71850371793311,0.747343050264287,
0.77341917537049,0.805257446335185,0.85118386371262,0.912122032264449,0.937854481138408),
 .UNSPECIFIED.);
#35=B_SPLINE_CURVE_WITH_KNOTS('',3,(#5570,#5571,#5572,#5573),
 .UNSPECIFIED.,.F.,.F.,(4,4),(0.937854481138408,0.973699379169012),
 .UNSPECIFIED.);
#36=B_SPLINE_CURVE_WITH_KNOTS('',3,(#5574,#5575,#5576,#5577,#5578,#5579,
#5580,#5581,#5582,#5583,#5584,#5585,#5586,#5587,#5588),.UNSPECIFIED.,.F.,
 .F.,(4,2,3,3,3,4),(0.610479843706102,0.649808386202617,0.684767090643963,
0.720447696147134,0.783055370931603,0.946847045264031),.UNSPECIFIED.);
#37=B_SPLINE_CURVE_WITH_KNOTS('',3,(#5591,#5592,#5593,#5594),
 .UNSPECIFIED.,.F.,.F.,(4,4),(0.946847045264031,1.),.UNSPECIFIED.);
#38=B_SPLINE_CURVE_WITH_KNOTS('',3,(#5596,#5597,#5598,#5599),
 .UNSPECIFIED.,.F.,.F.,(4,4),(0.,0.313171463038953),.UNSPECIFIED.);
#39=B_SPLINE_CURVE_WITH_KNOTS('',3,(#5601,#5602,#5603,#5604),
 .UNSPECIFIED.,.F.,.F.,(4,4),(0.313171463038953,0.361152778935746),
 .UNSPECIFIED.);
#40=B_SPLINE_CURVE_WITH_KNOTS('',3,(#5606,#5607,#5608,#5609),
 .UNSPECIFIED.,.F.,.F.,(4,4),(0.361152778935746,0.408846781563697),
 .UNSPECIFIED.);
#41=B_SPLINE_CURVE_WITH_KNOTS('',3,(#5611,#5612,#5613,#5614,#5615,#5616,
#5617,#5618,#5619),.UNSPECIFIED.,.F.,.F.,(4,3,2,4),(0.408846781563697,0.464417292198739,
0.502750227968831,0.558020972567567),.UNSPECIFIED.);
#42=B_SPLINE_CURVE_WITH_KNOTS('',3,(#5621,#5622,#5623,#5624),
 .UNSPECIFIED.,.F.,.F.,(4,4),(0.558020972567567,0.610479843706102),
 .UNSPECIFIED.);
#43=B_SPLINE_CURVE_WITH_KNOTS('',1,(#5625,#5626),.UNSPECIFIED.,.F.,.F.,
(2,2),(0.905044630904015,0.971528779120329),.UNSPECIFIED.);
#44=B_SPLINE_CURVE_WITH_KNOTS('',1,(#5629,#5630),.UNSPECIFIED.,.F.,.F.,
(2,2),(0.971528779120329,1.),.UNSPECIFIED.);
#45=B_SPLINE_CURVE_WITH_KNOTS('',1,(#5632,#5633),.UNSPECIFIED.,.F.,.F.,
(2,2),(0.,0.231309432335925),.UNSPECIFIED.);
#46=B_SPLINE_CURVE_WITH_KNOTS('',1,(#5635,#5636),.UNSPECIFIED.,.F.,.F.,
(2,2),(0.231309432335925,0.259780653215597),.UNSPECIFIED.);
#47=B_SPLINE_CURVE_WITH_KNOTS('',1,(#5638,#5639),.UNSPECIFIED.,.F.,.F.,
(2,2),(0.259780653215597,0.391517761718293),.UNSPECIFIED.);
#48=B_SPLINE_CURVE_WITH_KNOTS('',1,(#5641,#5642),.UNSPECIFIED.,.F.,.F.,
(2,2),(0.391517761718293,0.487283934369282),.UNSPECIFIED.);
#49=B_SPLINE_CURVE_WITH_KNOTS('',1,(#5644,#5645),.UNSPECIFIED.,.F.,.F.,
(2,2),(0.487283934369282,0.524065673775992),.UNSPECIFIED.);
#50=B_SPLINE_CURVE_WITH_KNOTS('',1,(#5647,#5648),.UNSPECIFIED.,.F.,.F.,
(2,2),(0.524065673775992,0.613527437266553),.UNSPECIFIED.);
#51=B_SPLINE_CURVE_WITH_KNOTS('',1,(#5650,#5651),.UNSPECIFIED.,.F.,.F.,
(2,2),(0.613527437266553,0.7403410080488),.UNSPECIFIED.);
#52=B_SPLINE_CURVE_WITH_KNOTS('',1,(#5653,#5654),.UNSPECIFIED.,.F.,.F.,
(2,2),(0.7403410080488,0.775275965560613),.UNSPECIFIED.);
#53=B_SPLINE_CURVE_WITH_KNOTS('',1,(#5656,#5657),.UNSPECIFIED.,.F.,.F.,
(2,2),(0.775275965560613,0.8775105606979),.UNSPECIFIED.);
#54=B_SPLINE_CURVE_WITH_KNOTS('',1,(#5659,#5660),.UNSPECIFIED.,.F.,.F.,
(2,2),(0.8775105606979,0.905044630904015),.UNSPECIFIED.);
#55=B_SPLINE_CURVE_WITH_KNOTS('',1,(#5661,#5662),.UNSPECIFIED.,.F.,.F.,
(2,2),(0.5,0.765151515151515),.UNSPECIFIED.);
#56=B_SPLINE_CURVE_WITH_KNOTS('',1,(#5665,#5666),.UNSPECIFIED.,.F.,.F.,
(2,2),(0.765151515151515,1.),.UNSPECIFIED.);
#57=B_SPLINE_CURVE_WITH_KNOTS('',1,(#5668,#5669),.UNSPECIFIED.,.F.,.F.,
(2,2),(0.,0.265151515151515),.UNSPECIFIED.);
#58=B_SPLINE_CURVE_WITH_KNOTS('',1,(#5671,#5672),.UNSPECIFIED.,.F.,.F.,
(2,2),(0.265151515151515,0.5),.UNSPECIFIED.);
#59=B_SPLINE_CURVE_WITH_KNOTS('',1,(#5673,#5674),.UNSPECIFIED.,.F.,.F.,
(2,2),(0.5,0.927115987460815),.UNSPECIFIED.);
#60=B_SPLINE_CURVE_WITH_KNOTS('',1,(#5677,#5678),.UNSPECIFIED.,.F.,.F.,
(2,2),(0.927115987460815,1.),.UNSPECIFIED.);
#61=B_SPLINE_CURVE_WITH_KNOTS('',1,(#5680,#5681),.UNSPECIFIED.,.F.,.F.,
(2,2),(0.,0.427115987460815),.UNSPECIFIED.);
#62=B_SPLINE_CURVE_WITH_KNOTS('',1,(#5683,#5684),.UNSPECIFIED.,.F.,.F.,
(2,2),(0.427115987460815,0.5),.UNSPECIFIED.);
#63=B_SPLINE_CURVE_WITH_KNOTS('',3,(#5685,#5686,#5687,#5688,#5689,#5690,
#5691,#5692,#5693,#5694,#5695,#5696,#5697,#5698,#5699,#5700,#5701,#5702,
#5703,#5704,#5705),.UNSPECIFIED.,.F.,.F.,(4,3,3,3,2,3,3,4),(0.58283289819309,
0.698198068374346,0.728037291225312,0.748828900736496,0.772656617711121,
0.811072732833476,0.864229341145743,0.967760488695571),.UNSPECIFIED.);
#64=B_SPLINE_CURVE_WITH_KNOTS('',3,(#5708,#5709,#5710,#5711),
 .UNSPECIFIED.,.F.,.F.,(4,4),(0.967760488695571,1.),.UNSPECIFIED.);
#65=B_SPLINE_CURVE_WITH_KNOTS('',3,(#5713,#5714,#5715,#5716),
 .UNSPECIFIED.,.F.,.F.,(4,4),(0.,0.189951715253124),.UNSPECIFIED.);
#66=B_SPLINE_CURVE_WITH_KNOTS('',3,(#5718,#5719,#5720,#5721),
 .UNSPECIFIED.,.F.,.F.,(4,4),(0.189951715253124,0.219054409241447),
 .UNSPECIFIED.);
#67=B_SPLINE_CURVE_WITH_KNOTS('',3,(#5723,#5724,#5725,#5726),
 .UNSPECIFIED.,.F.,.F.,(4,4),(0.219054409241447,0.246065891685699),
 .UNSPECIFIED.);
#68=B_SPLINE_CURVE_WITH_KNOTS('',3,(#5728,#5729,#5730,#5731,#5732,#5733,
#5734,#5735,#5736,#5737,#5738,#5739,#5740,#5741,#5742,#5743,#5744),
 .UNSPECIFIED.,.F.,.F.,(4,2,3,2,3,3,4),(0.246065891685699,0.318374655075634,
0.349296165735804,0.375916913944724,0.402537662153645,0.43400537962667,
0.550593386888661),.UNSPECIFIED.);
#69=B_SPLINE_CURVE_WITH_KNOTS('',3,(#5746,#5747,#5748,#5749),
 .UNSPECIFIED.,.F.,.F.,(4,4),(0.550593386888661,0.58283289819309),
 .UNSPECIFIED.);
#70=B_SPLINE_CURVE_WITH_KNOTS('',3,(#5750,#5751,#5752,#5753),
 .UNSPECIFIED.,.F.,.F.,(4,4),(0.579261922436187,0.606250141207069),
 .UNSPECIFIED.);
#71=B_SPLINE_CURVE_WITH_KNOTS('',3,(#5756,#5757,#5758,#5759,#5760,#5761,
#5762,#5763,#5764,#5765,#5766,#5767,#5768,#5769,#5770,#5771,#5772),
 .UNSPECIFIED.,.F.,.F.,(4,3,3,2,2,3,4),(0.606250141207069,0.75652182087216,
0.815191021755419,0.85824279057329,0.90129455939116,0.951782542823028,1.),
 .UNSPECIFIED.);
#72=B_SPLINE_CURVE_WITH_KNOTS('',3,(#5774,#5775,#5776,#5777),
 .UNSPECIFIED.,.F.,.F.,(4,4),(0.,0.029043169467918),.UNSPECIFIED.);
#73=B_SPLINE_CURVE_WITH_KNOTS('',3,(#5779,#5780,#5781,#5782,#5783,#5784,
#5785,#5786,#5787,#5788,#5789,#5790,#5791,#5792,#5793),.UNSPECIFIED.,.F.,
 .F.,(4,3,2,3,3,4),(0.029043169467918,0.0515275088452676,0.082910427113566,
0.116254777773633,0.144202708468204,0.181865318868027),.UNSPECIFIED.);
#74=B_SPLINE_CURVE_WITH_KNOTS('',3,(#5795,#5796,#5797,#5798,#5799,#5800,
#5801,#5802,#5803,#5804,#5805,#5806,#5807,#5808,#5809,#5810,#5811,#5812,
#5813),.UNSPECIFIED.,.F.,.F.,(4,2,3,2,3,3,2,4),(0.181865318868027,0.234853437658476,
0.300541188225147,0.367804366540399,0.414131323790638,0.456407140892728,
0.500077034621518,0.55770328613992),.UNSPECIFIED.);
#75=B_SPLINE_CURVE_WITH_KNOTS('',3,(#5815,#5816,#5817,#5818),
 .UNSPECIFIED.,.F.,.F.,(4,4),(0.55770328613992,0.579261922436187),
 .UNSPECIFIED.);
#76=B_SPLINE_CURVE_WITH_KNOTS('',3,(#5846,#5847,#5848,#5849,#5850,#5851,
#5852,#5853,#5854,#5855,#5856,#5857,#5858,#5859,#5860),.UNSPECIFIED.,.F.,
 .F.,(4,2,3,3,3,4),(0.362060659750741,0.365577642871381,0.403259604878248,
0.445438287710547,0.48307152530999,0.5187201793561),.UNSPECIFIED.);
#77=B_SPLINE_CURVE_WITH_KNOTS('',3,(#5863,#5864,#5865,#5866),
 .UNSPECIFIED.,.F.,.F.,(4,4),(0.5187201793561,0.552647341448823),
 .UNSPECIFIED.);
#78=B_SPLINE_CURVE_WITH_KNOTS('',3,(#5872,#5873,#5874,#5875,#5876,#5877,
#5878,#5879,#5880,#5881,#5882,#5883,#5884,#5885,#5886,#5887,#5888,#5889,
#5890,#5891,#5892,#5893,#5894,#5895,#5896,#5897),.UNSPECIFIED.,.F.,.F.,
(4,3,2,3,2,3,3,3,3,4),(0.,0.0438274176161732,0.0796130260247982,0.138438683682812,
0.185397997240522,0.213573585375147,0.240537159632089,0.267964073618679,
0.299234860316904,0.362060659750741),.UNSPECIFIED.);
#79=B_SPLINE_CURVE_WITH_KNOTS('',3,(#5899,#5900,#5901,#5902,#5903,#5904,
#5905,#5906,#5907,#5908,#5909,#5910,#5911,#5912,#5913,#5914,#5915,#5916,
#5917,#5918,#5919,#5920,#5921,#5922,#5923,#5924),.UNSPECIFIED.,.F.,.F.,
(4,3,2,3,2,3,3,3,3,4),(0.,0.0438274176161732,0.0796130260247982,0.138438683682812,
0.185397997240522,0.213573585375147,0.240537159632089,0.267964073618679,
0.299234860316904,0.362060659750741),.UNSPECIFIED.);
#80=B_SPLINE_CURVE_WITH_KNOTS('',3,(#5933,#5934,#5935,#5936,#5937,#5938,
#5939,#5940,#5941,#5942,#5943,#5944,#5945,#5946,#5947,#5948,#5949,#5950,
#5951,#5952,#5953,#5954,#5955,#5956,#5957,#5958,#5959,#5960,#5961,#5962),
 .UNSPECIFIED.,.F.,.F.,(4,3,3,2,3,3,3,3,3,3,4),(0.552647341448823,0.591216474897776,
0.628566371976515,0.673775519141862,0.71850371793311,0.747343050264287,
0.77341917537049,0.805257446335185,0.85118386371262,0.912122032264449,0.937854481138408),
 .UNSPECIFIED.);
#81=B_SPLINE_CURVE_WITH_KNOTS('',3,(#5989,#5990,#5991,#5992),
 .UNSPECIFIED.,.F.,.F.,(4,4),(0.536767585966191,0.640994258392033),
 .UNSPECIFIED.);
#82=B_SPLINE_CURVE_WITH_KNOTS('',3,(#5995,#5996,#5997,#5998),
 .UNSPECIFIED.,.F.,.F.,(4,4),(0.640994258392033,0.751348159701365),
 .UNSPECIFIED.);
#83=B_SPLINE_CURVE_WITH_KNOTS('',3,(#6005,#6006,#6007,#6008),
 .UNSPECIFIED.,.F.,.F.,(4,4),(0.640994258392033,0.751348159701365),
 .UNSPECIFIED.);
#84=B_SPLINE_CURVE_WITH_KNOTS('',3,(#6012,#6013,#6014,#6015,#6016,#6017,
#6018),.UNSPECIFIED.,.F.,.F.,(4,3,4),(0.149344652149499,0.242201587942869,
0.261576397537591),.UNSPECIFIED.);
#85=B_SPLINE_CURVE_WITH_KNOTS('',3,(#6021,#6022,#6023,#6024,#6025,#6026,
#6027),.UNSPECIFIED.,.F.,.F.,(4,3,4),(0.261576397537591,0.282598700783899,
0.374177288393234),.UNSPECIFIED.);
#86=B_SPLINE_CURVE_WITH_KNOTS('',3,(#6034,#6035,#6036,#6037),
 .UNSPECIFIED.,.F.,.F.,(4,4),(0.76616672551886,0.878057276820282),
 .UNSPECIFIED.);
#87=B_SPLINE_CURVE_WITH_KNOTS('',3,(#6039,#6040,#6041,#6042),
 .UNSPECIFIED.,.F.,.F.,(4,4),(0.878057276820282,0.984022440207953),
 .UNSPECIFIED.);
#88=B_SPLINE_CURVE_WITH_KNOTS('',3,(#6044,#6045,#6046,#6047),
 .UNSPECIFIED.,.F.,.F.,(4,4),(0.984022440207953,1.),.UNSPECIFIED.);
#89=B_SPLINE_CURVE_WITH_KNOTS('',3,(#6049,#6050,#6051,#6052),
 .UNSPECIFIED.,.F.,.F.,(4,4),(0.,0.124426281696617),.UNSPECIFIED.);
#90=B_SPLINE_CURVE_WITH_KNOTS('',3,(#6054,#6055,#6056,#6057),
 .UNSPECIFIED.,.F.,.F.,(4,4),(0.124426281696617,0.149344652149499),
 .UNSPECIFIED.);
#91=B_SPLINE_CURVE_WITH_KNOTS('',3,(#6111,#6112,#6113,#6114,#6115,#6116,
#6117),.UNSPECIFIED.,.F.,.F.,(4,3,4),(0.149344652149499,0.242201587942869,
0.261576397537591),.UNSPECIFIED.);
#92=B_SPLINE_CURVE_WITH_KNOTS('',3,(#6118,#6119,#6120,#6121,#6122,#6123,
#6124),.UNSPECIFIED.,.F.,.F.,(4,3,4),(0.261576397537591,0.282598700783899,
0.374177288393234),.UNSPECIFIED.);
#93=B_SPLINE_CURVE_WITH_KNOTS('',3,(#6220,#6221,#6222,#6223),
 .UNSPECIFIED.,.F.,.F.,(4,4),(0.751348159701365,0.76616672551886),
 .UNSPECIFIED.);
#94=B_SPLINE_CURVE_WITH_KNOTS('',3,(#6229,#6230,#6231,#6232),
 .UNSPECIFIED.,.F.,.F.,(4,4),(0.984022440207953,1.),.UNSPECIFIED.);
#95=B_SPLINE_CURVE_WITH_KNOTS('',3,(#6236,#6237,#6238,#6239),
 .UNSPECIFIED.,.F.,.F.,(4,4),(0.,0.124426281696617),.UNSPECIFIED.);
#96=B_SPLINE_CURVE_WITH_KNOTS('',3,(#6243,#6244,#6245,#6246),
 .UNSPECIFIED.,.F.,.F.,(4,4),(0.124426281696617,0.149344652149499),
 .UNSPECIFIED.);
#97=B_SPLINE_CURVE_WITH_KNOTS('',3,(#6261,#6262,#6263,#6264,#6265,#6266,
#6267),.UNSPECIFIED.,.F.,.F.,(4,3,4),(0.149344652149499,0.242201587942869,
0.261576397537591),.UNSPECIFIED.);
#98=B_SPLINE_CURVE_WITH_KNOTS('',3,(#6282,#6283,#6284,#6285,#6286,#6287,
#6288),.UNSPECIFIED.,.F.,.F.,(4,3,4),(0.261576397537591,0.282598700783899,
0.374177288393234),.UNSPECIFIED.);
#99=B_SPLINE_CURVE_WITH_KNOTS('',3,(#6292,#6293,#6294,#6295),
 .UNSPECIFIED.,.F.,.F.,(4,4),(0.374177288393234,0.396446529761424),
 .UNSPECIFIED.);
#100=B_SPLINE_CURVE_WITH_KNOTS('',3,(#6299,#6300,#6301,#6302),
 .UNSPECIFIED.,.F.,.F.,(4,4),(0.396446529761424,0.520872811458041),
 .UNSPECIFIED.);
#101=B_SPLINE_CURVE_WITH_KNOTS('',3,(#6306,#6307,#6308,#6309),
 .UNSPECIFIED.,.F.,.F.,(4,4),(0.520872811458041,0.536767585966191),
 .UNSPECIFIED.);
#102=B_SPLINE_CURVE_WITH_KNOTS('',3,(#6313,#6314,#6315,#6316),
 .UNSPECIFIED.,.F.,.F.,(4,4),(0.536767585966191,0.640994258392033),
 .UNSPECIFIED.);
#103=B_SPLINE_CURVE_WITH_KNOTS('',3,(#6320,#6321,#6322,#6323),
 .UNSPECIFIED.,.F.,.F.,(4,4),(0.640994258392033,0.751348159701365),
 .UNSPECIFIED.);
#104=B_SPLINE_CURVE_WITH_KNOTS('',3,(#6325,#6326,#6327,#6328),
 .UNSPECIFIED.,.F.,.F.,(4,4),(0.76616672551886,0.878057276820282),
 .UNSPECIFIED.);
#105=B_SPLINE_CURVE_WITH_KNOTS('',3,(#6332,#6333,#6334,#6335),
 .UNSPECIFIED.,.F.,.F.,(4,4),(0.878057276820282,0.984022440207953),
 .UNSPECIFIED.);
#106=B_SPLINE_CURVE_WITH_KNOTS('',3,(#6340,#6341,#6342,#6343),
 .UNSPECIFIED.,.F.,.F.,(4,4),(0.5187201793561,0.552647341448823),
 .UNSPECIFIED.);
#107=B_SPLINE_CURVE_WITH_KNOTS('',3,(#6370,#6371,#6372,#6373,#6374,#6375,
#6376,#6377,#6378,#6379,#6380,#6381,#6382,#6383,#6384,#6385,#6386,#6387,
#6388,#6389,#6390,#6391,#6392,#6393,#6394,#6395,#6396,#6397,#6398,#6399),
 .UNSPECIFIED.,.F.,.F.,(4,3,3,2,3,3,3,3,3,3,4),(0.552647341448823,0.591216474897776,
0.628566371976515,0.673775519141862,0.71850371793311,0.747343050264287,
0.77341917537049,0.805257446335185,0.85118386371262,0.912122032264449,0.937854481138408),
 .UNSPECIFIED.);
#108=B_SPLINE_CURVE_WITH_KNOTS('',3,(#6412,#6413,#6414,#6415,#6416,#6417,
#6418,#6419,#6420,#6421,#6422,#6423,#6424,#6425,#6426),.UNSPECIFIED.,.F.,
 .F.,(4,2,3,3,3,4),(0.498459597916434,0.614847573834503,0.729619050087045,
0.841213834428125,0.957911914970975,1.),.UNSPECIFIED.);
#109=B_SPLINE_CURVE_WITH_KNOTS('',3,(#6431,#6432,#6433,#6434,#6435,#6436,
#6437,#6438,#6439,#6440,#6441,#6442,#6443,#6444,#6445),.UNSPECIFIED.,.F.,
 .F.,(4,2,3,3,3,4),(0.498459597916434,0.614847573834503,0.729619050087045,
0.841213834428125,0.957911914970975,1.),.UNSPECIFIED.);
#110=B_SPLINE_CURVE_WITH_KNOTS('',3,(#6449,#6450,#6451,#6452,#6453,#6454,
#6455,#6456,#6457,#6458,#6459,#6460,#6461,#6462,#6463),.UNSPECIFIED.,.F.,
 .F.,(4,2,3,3,3,4),(0.498459597916434,0.614847573834503,0.729619050087045,
0.841213834428125,0.957911914970975,1.),.UNSPECIFIED.);
#111=B_SPLINE_CURVE_WITH_KNOTS('',3,(#6482,#6483,#6484,#6485,#6486,#6487,
#6488,#6489,#6490,#6491,#6492,#6493,#6494,#6495,#6496),.UNSPECIFIED.,.F.,
 .F.,(4,3,3,3,2,4),(0.,0.192772532410972,0.295212331742615,0.354586010891064,
0.412486356889078,0.498459597916434),.UNSPECIFIED.);
#112=B_SPLINE_CURVE_WITH_KNOTS('',3,(#6500,#6501,#6502,#6503,#6504,#6505,
#6506,#6507,#6508,#6509,#6510,#6511,#6512,#6513,#6514),.UNSPECIFIED.,.F.,
 .F.,(4,3,3,3,2,4),(0.,0.192772532410972,0.295212331742615,0.354586010891064,
0.412486356889078,0.498459597916434),.UNSPECIFIED.);
#113=B_SPLINE_CURVE_WITH_KNOTS('',3,(#6515,#6516,#6517,#6518,#6519,#6520,
#6521,#6522,#6523,#6524,#6525,#6526,#6527,#6528,#6529),.UNSPECIFIED.,.F.,
 .F.,(4,3,3,3,2,4),(0.,0.192772532410972,0.295212331742615,0.354586010891064,
0.412486356889078,0.498459597916434),.UNSPECIFIED.);
#114=B_SPLINE_CURVE_WITH_KNOTS('',3,(#6540,#6541,#6542,#6543),
 .UNSPECIFIED.,.F.,.F.,(4,4),(0.973699379169012,1.),.UNSPECIFIED.);
#115=B_SPLINE_CURVE_WITH_KNOTS('',3,(#6570,#6571,#6572,#6573,#6574,#6575,
#6576,#6577,#6578,#6579,#6580,#6581,#6582,#6583,#6584,#6585,#6586,#6587,
#6588,#6589,#6590,#6591,#6592,#6593,#6594,#6595),.UNSPECIFIED.,.F.,.F.,
(4,3,2,3,2,3,3,3,3,4),(0.,0.0438274176161732,0.0796130260247982,0.138438683682812,
0.185397997240522,0.213573585375147,0.240537159632089,0.267964073618679,
0.299234860316904,0.362060659750741),.UNSPECIFIED.);
#116=B_SPLINE_CURVE_WITH_KNOTS('',3,(#6618,#6619,#6620,#6621,#6622,#6623,
#6624,#6625,#6626,#6627,#6628,#6629,#6630,#6631,#6632),.UNSPECIFIED.,.F.,
 .F.,(4,2,3,3,3,4),(0.362060659750741,0.365577642871381,0.403259604878248,
0.445438287710547,0.48307152530999,0.5187201793561),.UNSPECIFIED.);
#117=B_SPLINE_CURVE_WITH_KNOTS('',3,(#6634,#6635,#6636,#6637),
 .UNSPECIFIED.,.F.,.F.,(4,4),(0.937854481138408,0.973699379169012),
 .UNSPECIFIED.);
#118=B_SPLINE_CURVE_WITH_KNOTS('',3,(#6647,#6648,#6649,#6650),
 .UNSPECIFIED.,.F.,.F.,(4,4),(0.946847045264031,1.),.UNSPECIFIED.);
#119=B_SPLINE_CURVE_WITH_KNOTS('',3,(#6654,#6655,#6656,#6657),
 .UNSPECIFIED.,.F.,.F.,(4,4),(0.,0.313171463038953),.UNSPECIFIED.);
#120=B_SPLINE_CURVE_WITH_KNOTS('',3,(#6661,#6662,#6663,#6664),
 .UNSPECIFIED.,.F.,.F.,(4,4),(0.313171463038953,0.361152778935746),
 .UNSPECIFIED.);
#121=B_SPLINE_CURVE_WITH_KNOTS('',3,(#6668,#6669,#6670,#6671),
 .UNSPECIFIED.,.F.,.F.,(4,4),(0.361152778935746,0.408846781563697),
 .UNSPECIFIED.);
#122=B_SPLINE_CURVE_WITH_KNOTS('',3,(#6684,#6685,#6686,#6687,#6688,#6689,
#6690,#6691,#6692),.UNSPECIFIED.,.F.,.F.,(4,3,2,4),(0.408846781563697,0.464417292198739,
0.502750227968831,0.558020972567567),.UNSPECIFIED.);
#123=B_SPLINE_CURVE_WITH_KNOTS('',3,(#6696,#6697,#6698,#6699),
 .UNSPECIFIED.,.F.,.F.,(4,4),(0.558020972567567,0.610479843706102),
 .UNSPECIFIED.);
#124=B_SPLINE_CURVE_WITH_KNOTS('',3,(#6716,#6717,#6718,#6719,#6720,#6721,
#6722,#6723,#6724,#6725,#6726,#6727,#6728,#6729,#6730),.UNSPECIFIED.,.F.,
 .F.,(4,2,3,3,3,4),(0.610479843706102,0.649808386202617,0.684767090643963,
0.720447696147134,0.783055370931603,0.946847045264031),.UNSPECIFIED.);
#125=B_SPLINE_CURVE_WITH_KNOTS('',1,(#6735,#6736),.UNSPECIFIED.,.F.,.F.,
(2,2),(0.971528779120329,1.),.UNSPECIFIED.);
#126=B_SPLINE_CURVE_WITH_KNOTS('',1,(#6740,#6741),.UNSPECIFIED.,.F.,.F.,
(2,2),(0.,0.231309432335925),.UNSPECIFIED.);
#127=B_SPLINE_CURVE_WITH_KNOTS('',1,(#6745,#6746),.UNSPECIFIED.,.F.,.F.,
(2,2),(0.231309432335925,0.259780653215597),.UNSPECIFIED.);
#128=B_SPLINE_CURVE_WITH_KNOTS('',1,(#6750,#6751),.UNSPECIFIED.,.F.,.F.,
(2,2),(0.259780653215597,0.391517761718293),.UNSPECIFIED.);
#129=B_SPLINE_CURVE_WITH_KNOTS('',1,(#6755,#6756),.UNSPECIFIED.,.F.,.F.,
(2,2),(0.391517761718293,0.487283934369282),.UNSPECIFIED.);
#130=B_SPLINE_CURVE_WITH_KNOTS('',1,(#6760,#6761),.UNSPECIFIED.,.F.,.F.,
(2,2),(0.487283934369282,0.524065673775992),.UNSPECIFIED.);
#131=B_SPLINE_CURVE_WITH_KNOTS('',1,(#6765,#6766),.UNSPECIFIED.,.F.,.F.,
(2,2),(0.524065673775992,0.613527437266553),.UNSPECIFIED.);
#132=B_SPLINE_CURVE_WITH_KNOTS('',1,(#6770,#6771),.UNSPECIFIED.,.F.,.F.,
(2,2),(0.613527437266553,0.7403410080488),.UNSPECIFIED.);
#133=B_SPLINE_CURVE_WITH_KNOTS('',1,(#6775,#6776),.UNSPECIFIED.,.F.,.F.,
(2,2),(0.7403410080488,0.775275965560613),.UNSPECIFIED.);
#134=B_SPLINE_CURVE_WITH_KNOTS('',1,(#6780,#6781),.UNSPECIFIED.,.F.,.F.,
(2,2),(0.775275965560613,0.8775105606979),.UNSPECIFIED.);
#135=B_SPLINE_CURVE_WITH_KNOTS('',1,(#6785,#6786),.UNSPECIFIED.,.F.,.F.,
(2,2),(0.8775105606979,0.905044630904015),.UNSPECIFIED.);
#136=B_SPLINE_CURVE_WITH_KNOTS('',1,(#6790,#6791),.UNSPECIFIED.,.F.,.F.,
(2,2),(0.905044630904015,0.971528779120329),.UNSPECIFIED.);
#137=B_SPLINE_CURVE_WITH_KNOTS('',1,(#6796,#6797),.UNSPECIFIED.,.F.,.F.,
(2,2),(0.765151515151515,1.),.UNSPECIFIED.);
#138=B_SPLINE_CURVE_WITH_KNOTS('',1,(#6801,#6802),.UNSPECIFIED.,.F.,.F.,
(2,2),(0.,0.265151515151515),.UNSPECIFIED.);
#139=B_SPLINE_CURVE_WITH_KNOTS('',1,(#6806,#6807),.UNSPECIFIED.,.F.,.F.,
(2,2),(0.265151515151515,0.5),.UNSPECIFIED.);
#140=B_SPLINE_CURVE_WITH_KNOTS('',1,(#6811,#6812),.UNSPECIFIED.,.F.,.F.,
(2,2),(0.5,0.765151515151515),.UNSPECIFIED.);
#141=B_SPLINE_CURVE_WITH_KNOTS('',1,(#6817,#6818),.UNSPECIFIED.,.F.,.F.,
(2,2),(0.927115987460815,1.),.UNSPECIFIED.);
#142=B_SPLINE_CURVE_WITH_KNOTS('',1,(#6822,#6823),.UNSPECIFIED.,.F.,.F.,
(2,2),(0.,0.427115987460815),.UNSPECIFIED.);
#143=B_SPLINE_CURVE_WITH_KNOTS('',1,(#6827,#6828),.UNSPECIFIED.,.F.,.F.,
(2,2),(0.427115987460815,0.5),.UNSPECIFIED.);
#144=B_SPLINE_CURVE_WITH_KNOTS('',1,(#6832,#6833),.UNSPECIFIED.,.F.,.F.,
(2,2),(0.5,0.927115987460815),.UNSPECIFIED.);
#145=B_SPLINE_CURVE_WITH_KNOTS('',3,(#6838,#6839,#6840,#6841),
 .UNSPECIFIED.,.F.,.F.,(4,4),(0.967760488695571,1.),.UNSPECIFIED.);
#146=B_SPLINE_CURVE_WITH_KNOTS('',3,(#6845,#6846,#6847,#6848),
 .UNSPECIFIED.,.F.,.F.,(4,4),(0.,0.189951715253124),.UNSPECIFIED.);
#147=B_SPLINE_CURVE_WITH_KNOTS('',3,(#6852,#6853,#6854,#6855),
 .UNSPECIFIED.,.F.,.F.,(4,4),(0.189951715253124,0.219054409241447),
 .UNSPECIFIED.);
#148=B_SPLINE_CURVE_WITH_KNOTS('',3,(#6859,#6860,#6861,#6862),
 .UNSPECIFIED.,.F.,.F.,(4,4),(0.219054409241447,0.246065891685699),
 .UNSPECIFIED.);
#149=B_SPLINE_CURVE_WITH_KNOTS('',3,(#6885,#6886,#6887,#6888,#6889,#6890,
#6891,#6892,#6893,#6894,#6895,#6896,#6897,#6898,#6899,#6900,#6901),
 .UNSPECIFIED.,.F.,.F.,(4,2,3,2,3,3,4),(0.246065891685699,0.318374655075634,
0.349296165735804,0.375916913944724,0.402537662153645,0.43400537962667,
0.550593386888661),.UNSPECIFIED.);
#150=B_SPLINE_CURVE_WITH_KNOTS('',3,(#6905,#6906,#6907,#6908),
 .UNSPECIFIED.,.F.,.F.,(4,4),(0.550593386888661,0.58283289819309),
 .UNSPECIFIED.);
#151=B_SPLINE_CURVE_WITH_KNOTS('',3,(#6933,#6934,#6935,#6936,#6937,#6938,
#6939,#6940,#6941,#6942,#6943,#6944,#6945,#6946,#6947,#6948,#6949,#6950,
#6951,#6952,#6953),.UNSPECIFIED.,.F.,.F.,(4,3,3,3,2,3,3,4),(0.58283289819309,
0.698198068374346,0.728037291225312,0.748828900736496,0.772656617711121,
0.811072732833476,0.864229341145743,0.967760488695571),.UNSPECIFIED.);
#152=B_SPLINE_CURVE_WITH_KNOTS('',3,(#6979,#6980,#6981,#6982,#6983,#6984,
#6985,#6986,#6987,#6988,#6989,#6990,#6991,#6992,#6993,#6994,#6995),
 .UNSPECIFIED.,.F.,.F.,(4,3,3,2,2,3,4),(0.606250141207069,0.75652182087216,
0.815191021755419,0.85824279057329,0.90129455939116,0.951782542823028,1.),
 .UNSPECIFIED.);
#153=B_SPLINE_CURVE_WITH_KNOTS('',3,(#6999,#7000,#7001,#7002),
 .UNSPECIFIED.,.F.,.F.,(4,4),(0.,0.029043169467918),.UNSPECIFIED.);
#154=B_SPLINE_CURVE_WITH_KNOTS('',3,(#7019,#7020,#7021,#7022,#7023,#7024,
#7025,#7026,#7027,#7028,#7029,#7030,#7031,#7032,#7033),.UNSPECIFIED.,.F.,
 .F.,(4,3,2,3,3,4),(0.029043169467918,0.0515275088452676,0.082910427113566,
0.116254777773633,0.144202708468204,0.181865318868027),.UNSPECIFIED.);
#155=B_SPLINE_CURVE_WITH_KNOTS('',3,(#7050,#7051,#7052,#7053,#7054,#7055,
#7056,#7057,#7058,#7059,#7060,#7061,#7062,#7063,#7064,#7065,#7066,#7067,
#7068),.UNSPECIFIED.,.F.,.F.,(4,2,3,2,3,3,2,4),(0.181865318868027,0.234853437658476,
0.300541188225147,0.367804366540399,0.414131323790638,0.456407140892728,
0.500077034621518,0.55770328613992),.UNSPECIFIED.);
#156=B_SPLINE_CURVE_WITH_KNOTS('',3,(#7072,#7073,#7074,#7075),
 .UNSPECIFIED.,.F.,.F.,(4,4),(0.55770328613992,0.579261922436187),
 .UNSPECIFIED.);
#157=B_SPLINE_CURVE_WITH_KNOTS('',3,(#7104,#7105,#7106,#7107,#7108,#7109,
#7110,#7111,#7112,#7113,#7114,#7115,#7116,#7117,#7118,#7119,#7120,#7121,
#7122,#7123,#7124,#7125,#7126),.UNSPECIFIED.,.T.,.F.,(4,3,2,3,2,3,3,3,4),
(0.,0.146245855395854,0.253519398077482,0.360792940759113,0.506407883356519,
0.646784878378477,0.754869860491753,0.861005165935548,1.),.UNSPECIFIED.);
#158=B_SPLINE_CURVE_WITH_KNOTS('',3,(#7128,#7129,#7130,#7131,#7132,#7133,
#7134,#7135,#7136,#7137,#7138,#7139,#7140,#7141,#7142,#7143,#7144,#7145,
#7146,#7147,#7148,#7149,#7150),.UNSPECIFIED.,.T.,.F.,(4,3,2,3,2,3,3,3,4),
(0.,0.146245855395854,0.253519398077482,0.360792940759113,0.506407883356519,
0.646784878378477,0.754869860491753,0.861005165935548,1.),.UNSPECIFIED.);
#159=B_SPLINE_CURVE_WITH_KNOTS('',3,(#7153,#7154,#7155,#7156),
 .UNSPECIFIED.,.F.,.F.,(4,4),(0.579261922436187,0.606250141207069),
 .UNSPECIFIED.);
#160=TOROIDAL_SURFACE('',#4417,4.80735211267606,0.0826478873239437);
#161=TOROIDAL_SURFACE('',#4422,4.47676056338028,0.413239436619718);
#162=TOROIDAL_SURFACE('',#4429,4.47676056338028,0.413239436619718);
#163=TOROIDAL_SURFACE('',#4433,4.80735211267606,0.0826478873239437);
#164=TOROIDAL_SURFACE('',#4435,4.89000000000001,0.165295774647887);
#165=TOROIDAL_SURFACE('',#4439,4.89000000000001,0.165295774647887);
#166=TOROIDAL_SURFACE('',#4467,4.47676056338028,0.523239436619717);
#167=TOROIDAL_SURFACE('',#4471,4.47676056338028,0.423239436619714);
#168=TOROIDAL_SURFACE('',#4475,4.80735211267606,0.0926478873239398);
#169=TOROIDAL_SURFACE('',#4477,4.89000000000001,0.155295774647891);
#170=TOROIDAL_SURFACE('',#4481,4.89000000000001,0.155295774647891);
#171=TOROIDAL_SURFACE('',#4483,4.80735211267606,0.0926478873239398);
#172=TOROIDAL_SURFACE('',#4487,4.47676056338028,0.423239436619714);
#173=TOROIDAL_SURFACE('',#4495,4.47676056338028,0.523239436619717);
#174=TOROIDAL_SURFACE('',#4499,4.80735211267606,0.192647887323943);
#175=TOROIDAL_SURFACE('',#4501,4.89000000000001,0.0552957746478883);
#176=TOROIDAL_SURFACE('',#4505,4.89000000000001,0.0552957746478883);
#177=TOROIDAL_SURFACE('',#4507,4.80735211267606,0.192647887323943);
#178=SHAPE_REPRESENTATION_RELATIONSHIP('','',#4357,#179);
#179=ADVANCED_BREP_SHAPE_REPRESENTATION('',(#4353,#4354,#4355),#7262);
#180=PLANE('',#4362);
#181=PLANE('',#4365);
#182=PLANE('',#4370);
#183=PLANE('',#4373);
#184=PLANE('',#4381);
#185=PLANE('',#4382);
#186=PLANE('',#4387);
#187=PLANE('',#4392);
#188=PLANE('',#4397);
#189=PLANE('',#4405);
#190=PLANE('',#4406);
#191=PLANE('',#4410);
#192=PLANE('',#4415);
#193=PLANE('',#4416);
#194=PLANE('',#4424);
#195=PLANE('',#4425);
#196=PLANE('',#4440);
#197=PLANE('',#4442);
#198=PLANE('',#4443);
#199=PLANE('',#4444);
#200=PLANE('',#4445);
#201=PLANE('',#4446);
#202=PLANE('',#4447);
#203=PLANE('',#4448);
#204=PLANE('',#4449);
#205=PLANE('',#4450);
#206=PLANE('',#4451);
#207=PLANE('',#4452);
#208=PLANE('',#4453);
#209=PLANE('',#4454);
#210=PLANE('',#4455);
#211=PLANE('',#4456);
#212=PLANE('',#4457);
#213=PLANE('',#4458);
#214=PLANE('',#4459);
#215=PLANE('',#4460);
#216=PLANE('',#4461);
#217=PLANE('',#4462);
#218=PLANE('',#4463);
#219=PLANE('',#4469);
#220=PLANE('',#4489);
#221=PLANE('',#4493);
#222=PLANE('',#4508);
#223=PLANE('',#4509);
#224=PLANE('',#4512);
#225=PLANE('',#4513);
#226=PLANE('',#4514);
#227=PLANE('',#4515);
#228=PLANE('',#4516);
#229=PLANE('',#4517);
#230=PLANE('',#4518);
#231=PLANE('',#4519);
#232=PLANE('',#4520);
#233=PLANE('',#4521);
#234=PLANE('',#4522);
#235=PLANE('',#4523);
#236=PLANE('',#4524);
#237=PLANE('',#4525);
#238=PLANE('',#4526);
#239=PLANE('',#4527);
#240=PLANE('',#4528);
#241=PLANE('',#4529);
#242=PLANE('',#4530);
#243=PLANE('',#4531);
#244=PLANE('',#4532);
#245=PLANE('',#4533);
#246=PLANE('',#4534);
#247=PLANE('',#4535);
#248=PLANE('',#4536);
#249=PLANE('',#4537);
#250=PLANE('',#4538);
#251=PLANE('',#4539);
#252=PLANE('',#4540);
#253=PLANE('',#4541);
#254=PLANE('',#4542);
#255=PLANE('',#4543);
#256=PLANE('',#4544);
#257=PLANE('',#4545);
#258=PLANE('',#4546);
#259=PLANE('',#4547);
#260=PLANE('',#4548);
#261=PLANE('',#4549);
#262=PLANE('',#4550);
#263=PLANE('',#4551);
#264=PLANE('',#4552);
#265=PLANE('',#4553);
#266=PLANE('',#4554);
#267=PLANE('',#4555);
#268=PLANE('',#4556);
#269=PLANE('',#4557);
#270=PLANE('',#4558);
#271=PLANE('',#4559);
#272=PLANE('',#4560);
#273=PLANE('',#4561);
#274=PLANE('',#4562);
#275=PLANE('',#4563);
#276=PLANE('',#4564);
#277=PLANE('',#4565);
#278=PLANE('',#4566);
#279=PLANE('',#4567);
#280=PLANE('',#4568);
#281=PLANE('',#4569);
#282=PLANE('',#4570);
#283=PLANE('',#4571);
#284=PLANE('',#4572);
#285=PLANE('',#4573);
#286=PLANE('',#4574);
#287=PLANE('',#4575);
#288=PLANE('',#4576);
#289=PLANE('',#4577);
#290=PLANE('',#4578);
#291=PLANE('',#4579);
#292=PLANE('',#4580);
#293=PLANE('',#4581);
#294=PLANE('',#4582);
#295=PLANE('',#4583);
#296=PLANE('',#4584);
#297=PLANE('',#4585);
#298=PLANE('',#4586);
#299=PLANE('',#4587);
#300=PLANE('',#4588);
#301=PLANE('',#4589);
#302=PLANE('',#4590);
#303=PLANE('',#4591);
#304=PLANE('',#4592);
#305=PLANE('',#4593);
#306=PLANE('',#4594);
#307=PLANE('',#4595);
#308=PLANE('',#4596);
#309=PLANE('',#4597);
#310=PLANE('',#4598);
#311=LINE('',#5304,#529);
#312=LINE('',#5308,#530);
#313=LINE('',#5357,#531);
#314=LINE('',#5361,#532);
#315=LINE('',#5427,#533);
#316=LINE('',#5430,#534);
#317=LINE('',#5432,#535);
#318=LINE('',#5434,#536);
#319=LINE('',#5436,#537);
#320=LINE('',#5438,#538);
#321=LINE('',#5440,#539);
#322=LINE('',#5442,#540);
#323=LINE('',#5444,#541);
#324=LINE('',#5446,#542);
#325=LINE('',#5448,#543);
#326=LINE('',#5450,#544);
#327=LINE('',#5484,#545);
#328=LINE('',#5486,#546);
#329=LINE('',#5488,#547);
#330=LINE('',#5505,#548);
#331=LINE('',#5507,#549);
#332=LINE('',#5511,#550);
#333=LINE('',#5513,#551);
#334=LINE('',#5533,#552);
#335=LINE('',#5535,#553);
#336=LINE('',#5537,#554);
#337=LINE('',#5819,#555);
#338=LINE('',#5822,#556);
#339=LINE('',#5824,#557);
#340=LINE('',#5826,#558);
#341=LINE('',#5828,#559);
#342=LINE('',#5830,#560);
#343=LINE('',#5832,#561);
#344=LINE('',#5834,#562);
#345=LINE('',#5836,#563);
#346=LINE('',#5838,#564);
#347=LINE('',#5840,#565);
#348=LINE('',#5842,#566);
#349=LINE('',#5844,#567);
#350=LINE('',#5868,#568);
#351=LINE('',#5870,#569);
#352=LINE('',#5927,#570);
#353=LINE('',#5929,#571);
#354=LINE('',#5931,#572);
#355=LINE('',#5964,#573);
#356=LINE('',#5966,#574);
#357=LINE('',#5968,#575);
#358=LINE('',#5970,#576);
#359=LINE('',#5972,#577);
#360=LINE('',#5974,#578);
#361=LINE('',#5976,#579);
#362=LINE('',#5978,#580);
#363=LINE('',#5979,#581);
#364=LINE('',#5981,#582);
#365=LINE('',#5982,#583);
#366=LINE('',#5984,#584);
#367=LINE('',#5985,#585);
#368=LINE('',#5987,#586);
#369=LINE('',#6000,#587);
#370=LINE('',#6002,#588);
#371=LINE('',#6010,#589);
#372=LINE('',#6029,#590);
#373=LINE('',#6031,#591);
#374=LINE('',#6059,#592);
#375=LINE('',#6061,#593);
#376=LINE('',#6063,#594);
#377=LINE('',#6066,#595);
#378=LINE('',#6067,#596);
#379=LINE('',#6069,#597);
#380=LINE('',#6072,#598);
#381=LINE('',#6073,#599);
#382=LINE('',#6075,#600);
#383=LINE('',#6077,#601);
#384=LINE('',#6079,#602);
#385=LINE('',#6081,#603);
#386=LINE('',#6083,#604);
#387=LINE('',#6085,#605);
#388=LINE('',#6087,#606);
#389=LINE('',#6090,#607);
#390=LINE('',#6091,#608);
#391=LINE('',#6093,#609);
#392=LINE('',#6095,#610);
#393=LINE('',#6097,#611);
#394=LINE('',#6099,#612);
#395=LINE('',#6102,#613);
#396=LINE('',#6103,#614);
#397=LINE('',#6105,#615);
#398=LINE('',#6107,#616);
#399=LINE('',#6109,#617);
#400=LINE('',#6125,#618);
#401=LINE('',#6127,#619);
#402=LINE('',#6128,#620);
#403=LINE('',#6129,#621);
#404=LINE('',#6131,#622);
#405=LINE('',#6133,#623);
#406=LINE('',#6134,#624);
#407=LINE('',#6136,#625);
#408=LINE('',#6137,#626);
#409=LINE('',#6139,#627);
#410=LINE('',#6140,#628);
#411=LINE('',#6209,#629);
#412=LINE('',#6213,#630);
#413=LINE('',#6215,#631);
#414=LINE('',#6218,#632);
#415=LINE('',#6225,#633);
#416=LINE('',#6227,#634);
#417=LINE('',#6234,#635);
#418=LINE('',#6241,#636);
#419=LINE('',#6248,#637);
#420=LINE('',#6269,#638);
#421=LINE('',#6290,#639);
#422=LINE('',#6297,#640);
#423=LINE('',#6304,#641);
#424=LINE('',#6311,#642);
#425=LINE('',#6318,#643);
#426=LINE('',#6330,#644);
#427=LINE('',#6338,#645);
#428=LINE('',#6345,#646);
#429=LINE('',#6401,#647);
#430=LINE('',#6429,#648);
#431=LINE('',#6447,#649);
#432=LINE('',#6465,#650);
#433=LINE('',#6498,#651);
#434=LINE('',#6538,#652);
#435=LINE('',#6545,#653);
#436=LINE('',#6597,#654);
#437=LINE('',#6640,#655);
#438=LINE('',#6641,#656);
#439=LINE('',#6645,#657);
#440=LINE('',#6652,#658);
#441=LINE('',#6659,#659);
#442=LINE('',#6666,#660);
#443=LINE('',#6673,#661);
#444=LINE('',#6694,#662);
#445=LINE('',#6701,#663);
#446=LINE('',#6733,#664);
#447=LINE('',#6738,#665);
#448=LINE('',#6743,#666);
#449=LINE('',#6748,#667);
#450=LINE('',#6753,#668);
#451=LINE('',#6758,#669);
#452=LINE('',#6763,#670);
#453=LINE('',#6768,#671);
#454=LINE('',#6773,#672);
#455=LINE('',#6778,#673);
#456=LINE('',#6783,#674);
#457=LINE('',#6788,#675);
#458=LINE('',#6794,#676);
#459=LINE('',#6799,#677);
#460=LINE('',#6804,#678);
#461=LINE('',#6809,#679);
#462=LINE('',#6815,#680);
#463=LINE('',#6820,#681);
#464=LINE('',#6825,#682);
#465=LINE('',#6830,#683);
#466=LINE('',#6836,#684);
#467=LINE('',#6843,#685);
#468=LINE('',#6850,#686);
#469=LINE('',#6857,#687);
#470=LINE('',#6864,#688);
#471=LINE('',#6903,#689);
#472=LINE('',#6910,#690);
#473=LINE('',#6977,#691);
#474=LINE('',#6997,#692);
#475=LINE('',#7004,#693);
#476=LINE('',#7035,#694);
#477=LINE('',#7070,#695);
#478=LINE('',#7077,#696);
#479=LINE('',#7160,#697);
#480=LINE('',#7162,#698);
#481=LINE('',#7164,#699);
#482=LINE('',#7166,#700);
#483=LINE('',#7168,#701);
#484=LINE('',#7170,#702);
#485=LINE('',#7172,#703);
#486=LINE('',#7174,#704);
#487=LINE('',#7176,#705);
#488=LINE('',#7178,#706);
#489=LINE('',#7180,#707);
#490=LINE('',#7182,#708);
#491=LINE('',#7184,#709);
#492=LINE('',#7186,#710);
#493=LINE('',#7188,#711);
#494=LINE('',#7190,#712);
#495=LINE('',#7192,#713);
#496=LINE('',#7194,#714);
#497=LINE('',#7196,#715);
#498=LINE('',#7198,#716);
#499=LINE('',#7200,#717);
#500=LINE('',#7202,#718);
#501=LINE('',#7204,#719);
#502=LINE('',#7206,#720);
#503=LINE('',#7208,#721);
#504=LINE('',#7210,#722);
#505=LINE('',#7213,#723);
#506=LINE('',#7215,#724);
#507=LINE('',#7217,#725);
#508=LINE('',#7219,#726);
#509=LINE('',#7221,#727);
#510=LINE('',#7223,#728);
#511=LINE('',#7225,#729);
#512=LINE('',#7227,#730);
#513=LINE('',#7229,#731);
#514=LINE('',#7231,#732);
#515=LINE('',#7233,#733);
#516=LINE('',#7235,#734);
#517=LINE('',#7237,#735);
#518=LINE('',#7239,#736);
#519=LINE('',#7241,#737);
#520=LINE('',#7243,#738);
#521=LINE('',#7245,#739);
#522=LINE('',#7247,#740);
#523=LINE('',#7249,#741);
#524=LINE('',#7251,#742);
#525=LINE('',#7253,#743);
#526=LINE('',#7255,#744);
#527=LINE('',#7257,#745);
#528=LINE('',#7259,#746);
#529=VECTOR('',#4605,1000.);
#530=VECTOR('',#4608,1000.);
#531=VECTOR('',#4673,1000.);
#532=VECTOR('',#4676,1000.);
#533=VECTOR('',#4769,1000.);
#534=VECTOR('',#4770,1000.);
#535=VECTOR('',#4771,1000.);
#536=VECTOR('',#4772,1000.);
#537=VECTOR('',#4773,1000.);
#538=VECTOR('',#4774,1000.);
#539=VECTOR('',#4775,1000.);
#540=VECTOR('',#4776,1000.);
#541=VECTOR('',#4777,1000.);
#542=VECTOR('',#4778,1000.);
#543=VECTOR('',#4779,1000.);
#544=VECTOR('',#4780,1000.);
#545=VECTOR('',#4781,1000.);
#546=VECTOR('',#4782,1000.);
#547=VECTOR('',#4783,1000.);
#548=VECTOR('',#4784,1000.);
#549=VECTOR('',#4785,1000.);
#550=VECTOR('',#4788,1000.);
#551=VECTOR('',#4789,1000.);
#552=VECTOR('',#4790,1000.);
#553=VECTOR('',#4791,1000.);
#554=VECTOR('',#4792,1000.);
#555=VECTOR('',#4793,1000.);
#556=VECTOR('',#4794,1000.);
#557=VECTOR('',#4795,1000.);
#558=VECTOR('',#4796,1000.);
#559=VECTOR('',#4797,1000.);
#560=VECTOR('',#4798,1000.);
#561=VECTOR('',#4799,1000.);
#562=VECTOR('',#4800,1000.);
#563=VECTOR('',#4801,1000.);
#564=VECTOR('',#4802,1000.);
#565=VECTOR('',#4803,1000.);
#566=VECTOR('',#4804,1000.);
#567=VECTOR('',#4805,1000.);
#568=VECTOR('',#4808,1000.);
#569=VECTOR('',#4809,1000.);
#570=VECTOR('',#4812,1000.);
#571=VECTOR('',#4813,1000.);
#572=VECTOR('',#4814,1000.);
#573=VECTOR('',#4815,1000.);
#574=VECTOR('',#4816,1000.);
#575=VECTOR('',#4817,1000.);
#576=VECTOR('',#4818,1000.);
#577=VECTOR('',#4819,1000.);
#578=VECTOR('',#4820,1000.);
#579=VECTOR('',#4821,1000.);
#580=VECTOR('',#4824,1000.);
#581=VECTOR('',#4825,1000.);
#582=VECTOR('',#4828,1000.);
#583=VECTOR('',#4829,1000.);
#584=VECTOR('',#4832,1000.);
#585=VECTOR('',#4833,1000.);
#586=VECTOR('',#4836,1000.);
#587=VECTOR('',#4839,1000.);
#588=VECTOR('',#4842,1000.);
#589=VECTOR('',#4843,1000.);
#590=VECTOR('',#4846,1000.);
#591=VECTOR('',#4849,1000.);
#592=VECTOR('',#4850,1000.);
#593=VECTOR('',#4851,1000.);
#594=VECTOR('',#4854,1000.);
#595=VECTOR('',#4855,1000.);
#596=VECTOR('',#4856,1000.);
#597=VECTOR('',#4859,1000.);
#598=VECTOR('',#4860,1000.);
#599=VECTOR('',#4861,1000.);
#600=VECTOR('',#4864,1000.);
#601=VECTOR('',#4865,1000.);
#602=VECTOR('',#4866,1000.);
#603=VECTOR('',#4869,1000.);
#604=VECTOR('',#4870,1000.);
#605=VECTOR('',#4871,1000.);
#606=VECTOR('',#4874,1000.);
#607=VECTOR('',#4875,1000.);
#608=VECTOR('',#4876,1000.);
#609=VECTOR('',#4879,1000.);
#610=VECTOR('',#4880,1000.);
#611=VECTOR('',#4881,1000.);
#612=VECTOR('',#4884,1000.);
#613=VECTOR('',#4885,1000.);
#614=VECTOR('',#4886,1000.);
#615=VECTOR('',#4889,1000.);
#616=VECTOR('',#4890,1000.);
#617=VECTOR('',#4893,1000.);
#618=VECTOR('',#4894,1000.);
#619=VECTOR('',#4897,1000.);
#620=VECTOR('',#4898,1000.);
#621=VECTOR('',#4899,1000.);
#622=VECTOR('',#4900,1000.);
#623=VECTOR('',#4901,1000.);
#624=VECTOR('',#4902,1000.);
#625=VECTOR('',#4905,1000.);
#626=VECTOR('',#4906,1000.);
#627=VECTOR('',#4909,1000.);
#628=VECTOR('',#4910,1000.);
#629=VECTOR('',#5005,1000.);
#630=VECTOR('',#5008,1000.);
#631=VECTOR('',#5011,1000.);
#632=VECTOR('',#5016,1000.);
#633=VECTOR('',#5017,1000.);
#634=VECTOR('',#5020,1000.);
#635=VECTOR('',#5021,1000.);
#636=VECTOR('',#5024,1000.);
#637=VECTOR('',#5027,1000.);
#638=VECTOR('',#5028,1000.);
#639=VECTOR('',#5029,1000.);
#640=VECTOR('',#5032,1000.);
#641=VECTOR('',#5035,1000.);
#642=VECTOR('',#5038,1000.);
#643=VECTOR('',#5041,1000.);
#644=VECTOR('',#5046,1000.);
#645=VECTOR('',#5053,1000.);
#646=VECTOR('',#5054,1000.);
#647=VECTOR('',#5055,1000.);
#648=VECTOR('',#5056,1000.);
#649=VECTOR('',#5057,1000.);
#650=VECTOR('',#5058,1000.);
#651=VECTOR('',#5059,1000.);
#652=VECTOR('',#5060,1000.);
#653=VECTOR('',#5061,1000.);
#654=VECTOR('',#5062,1000.);
#655=VECTOR('',#5069,1000.);
#656=VECTOR('',#5070,1000.);
#657=VECTOR('',#5077,1000.);
#658=VECTOR('',#5078,1000.);
#659=VECTOR('',#5081,1000.);
#660=VECTOR('',#5084,1000.);
#661=VECTOR('',#5087,1000.);
#662=VECTOR('',#5088,1000.);
#663=VECTOR('',#5091,1000.);
#664=VECTOR('',#5096,1000.);
#665=VECTOR('',#5097,1000.);
#666=VECTOR('',#5100,1000.);
#667=VECTOR('',#5103,1000.);
#668=VECTOR('',#5106,1000.);
#669=VECTOR('',#5109,1000.);
#670=VECTOR('',#5112,1000.);
#671=VECTOR('',#5115,1000.);
#672=VECTOR('',#5118,1000.);
#673=VECTOR('',#5121,1000.);
#674=VECTOR('',#5124,1000.);
#675=VECTOR('',#5127,1000.);
#676=VECTOR('',#5134,1000.);
#677=VECTOR('',#5135,1000.);
#678=VECTOR('',#5138,1000.);
#679=VECTOR('',#5141,1000.);
#680=VECTOR('',#5148,1000.);
#681=VECTOR('',#5149,1000.);
#682=VECTOR('',#5152,1000.);
#683=VECTOR('',#5155,1000.);
#684=VECTOR('',#5162,1000.);
#685=VECTOR('',#5163,1000.);
#686=VECTOR('',#5166,1000.);
#687=VECTOR('',#5169,1000.);
#688=VECTOR('',#5172,1000.);
#689=VECTOR('',#5173,1000.);
#690=VECTOR('',#5176,1000.);
#691=VECTOR('',#5179,1000.);
#692=VECTOR('',#5180,1000.);
#693=VECTOR('',#5183,1000.);
#694=VECTOR('',#5184,1000.);
#695=VECTOR('',#5185,1000.);
#696=VECTOR('',#5188,1000.);
#697=VECTOR('',#5197,1000.);
#698=VECTOR('',#5198,1000.);
#699=VECTOR('',#5199,1000.);
#700=VECTOR('',#5202,1000.);
#701=VECTOR('',#5203,1000.);
#702=VECTOR('',#5206,1000.);
#703=VECTOR('',#5207,1000.);
#704=VECTOR('',#5210,1000.);
#705=VECTOR('',#5211,1000.);
#706=VECTOR('',#5214,1000.);
#707=VECTOR('',#5215,1000.);
#708=VECTOR('',#5218,1000.);
#709=VECTOR('',#5219,1000.);
#710=VECTOR('',#5222,1000.);
#711=VECTOR('',#5223,1000.);
#712=VECTOR('',#5226,1000.);
#713=VECTOR('',#5227,1000.);
#714=VECTOR('',#5230,1000.);
#715=VECTOR('',#5231,1000.);
#716=VECTOR('',#5234,1000.);
#717=VECTOR('',#5235,1000.);
#718=VECTOR('',#5238,1000.);
#719=VECTOR('',#5239,1000.);
#720=VECTOR('',#5242,1000.);
#721=VECTOR('',#5243,1000.);
#722=VECTOR('',#5246,1000.);
#723=VECTOR('',#5251,1000.);
#724=VECTOR('',#5252,1000.);
#725=VECTOR('',#5253,1000.);
#726=VECTOR('',#5256,1000.);
#727=VECTOR('',#5257,1000.);
#728=VECTOR('',#5260,1000.);
#729=VECTOR('',#5261,1000.);
#730=VECTOR('',#5264,1000.);
#731=VECTOR('',#5265,1000.);
#732=VECTOR('',#5268,1000.);
#733=VECTOR('',#5269,1000.);
#734=VECTOR('',#5272,1000.);
#735=VECTOR('',#5273,1000.);
#736=VECTOR('',#5276,1000.);
#737=VECTOR('',#5277,1000.);
#738=VECTOR('',#5280,1000.);
#739=VECTOR('',#5281,1000.);
#740=VECTOR('',#5284,1000.);
#741=VECTOR('',#5285,1000.);
#742=VECTOR('',#5288,1000.);
#743=VECTOR('',#5289,1000.);
#744=VECTOR('',#5292,1000.);
#745=VECTOR('',#5293,1000.);
#746=VECTOR('',#5296,1000.);
#747=ORIENTED_EDGE('',*,*,#1581,.F.);
#748=ORIENTED_EDGE('',*,*,#1582,.T.);
#749=ORIENTED_EDGE('',*,*,#1583,.T.);
#750=ORIENTED_EDGE('',*,*,#1584,.T.);
#751=ORIENTED_EDGE('',*,*,#1585,.T.);
#752=ORIENTED_EDGE('',*,*,#1586,.F.);
#753=ORIENTED_EDGE('',*,*,#1587,.T.);
#754=ORIENTED_EDGE('',*,*,#1583,.F.);
#755=ORIENTED_EDGE('',*,*,#1588,.T.);
#756=ORIENTED_EDGE('',*,*,#1589,.F.);
#757=ORIENTED_EDGE('',*,*,#1590,.T.);
#758=ORIENTED_EDGE('',*,*,#1591,.T.);
#759=ORIENTED_EDGE('',*,*,#1592,.F.);
#760=ORIENTED_EDGE('',*,*,#1593,.T.);
#761=ORIENTED_EDGE('',*,*,#1594,.F.);
#762=ORIENTED_EDGE('',*,*,#1595,.F.);
#763=ORIENTED_EDGE('',*,*,#1596,.T.);
#764=ORIENTED_EDGE('',*,*,#1597,.T.);
#765=ORIENTED_EDGE('',*,*,#1593,.F.);
#766=ORIENTED_EDGE('',*,*,#1595,.T.);
#767=ORIENTED_EDGE('',*,*,#1597,.F.);
#768=ORIENTED_EDGE('',*,*,#1596,.F.);
#769=ORIENTED_EDGE('',*,*,#1598,.F.);
#770=ORIENTED_EDGE('',*,*,#1594,.T.);
#771=ORIENTED_EDGE('',*,*,#1599,.T.);
#772=ORIENTED_EDGE('',*,*,#1591,.F.);
#773=ORIENTED_EDGE('',*,*,#1598,.T.);
#774=ORIENTED_EDGE('',*,*,#1599,.F.);
#775=ORIENTED_EDGE('',*,*,#1600,.F.);
#776=ORIENTED_EDGE('',*,*,#1592,.T.);
#777=ORIENTED_EDGE('',*,*,#1601,.T.);
#778=ORIENTED_EDGE('',*,*,#1587,.F.);
#779=ORIENTED_EDGE('',*,*,#1600,.T.);
#780=ORIENTED_EDGE('',*,*,#1601,.F.);
#781=ORIENTED_EDGE('',*,*,#1589,.T.);
#782=ORIENTED_EDGE('',*,*,#1602,.T.);
#783=ORIENTED_EDGE('',*,*,#1603,.F.);
#784=ORIENTED_EDGE('',*,*,#1604,.T.);
#785=ORIENTED_EDGE('',*,*,#1605,.T.);
#786=ORIENTED_EDGE('',*,*,#1585,.F.);
#787=ORIENTED_EDGE('',*,*,#1603,.T.);
#788=ORIENTED_EDGE('',*,*,#1606,.T.);
#789=ORIENTED_EDGE('',*,*,#1581,.T.);
#790=ORIENTED_EDGE('',*,*,#1607,.T.);
#791=ORIENTED_EDGE('',*,*,#1605,.F.);
#792=ORIENTED_EDGE('',*,*,#1608,.F.);
#793=ORIENTED_EDGE('',*,*,#1586,.T.);
#794=ORIENTED_EDGE('',*,*,#1609,.T.);
#795=ORIENTED_EDGE('',*,*,#1610,.F.);
#796=ORIENTED_EDGE('',*,*,#1608,.T.);
#797=ORIENTED_EDGE('',*,*,#1609,.F.);
#798=ORIENTED_EDGE('',*,*,#1611,.T.);
#799=ORIENTED_EDGE('',*,*,#1612,.T.);
#800=ORIENTED_EDGE('',*,*,#1611,.F.);
#801=ORIENTED_EDGE('',*,*,#1610,.T.);
#802=ORIENTED_EDGE('',*,*,#1612,.F.);
#803=ORIENTED_EDGE('',*,*,#1613,.F.);
#804=ORIENTED_EDGE('',*,*,#1604,.F.);
#805=ORIENTED_EDGE('',*,*,#1607,.F.);
#806=ORIENTED_EDGE('',*,*,#1584,.F.);
#807=ORIENTED_EDGE('',*,*,#1590,.F.);
#808=ORIENTED_EDGE('',*,*,#1614,.T.);
#809=ORIENTED_EDGE('',*,*,#1582,.F.);
#810=ORIENTED_EDGE('',*,*,#1606,.F.);
#811=ORIENTED_EDGE('',*,*,#1602,.F.);
#812=ORIENTED_EDGE('',*,*,#1588,.F.);
#813=ORIENTED_EDGE('',*,*,#1614,.F.);
#814=ORIENTED_EDGE('',*,*,#1613,.T.);
#815=ORIENTED_EDGE('',*,*,#1615,.T.);
#816=ORIENTED_EDGE('',*,*,#1616,.F.);
#817=ORIENTED_EDGE('',*,*,#1617,.T.);
#818=ORIENTED_EDGE('',*,*,#1615,.F.);
#819=ORIENTED_EDGE('',*,*,#1618,.T.);
#820=ORIENTED_EDGE('',*,*,#1617,.F.);
#821=ORIENTED_EDGE('',*,*,#1618,.F.);
#822=ORIENTED_EDGE('',*,*,#1619,.T.);
#823=ORIENTED_EDGE('',*,*,#1620,.T.);
#824=ORIENTED_EDGE('',*,*,#1619,.F.);
#825=ORIENTED_EDGE('',*,*,#1621,.T.);
#826=ORIENTED_EDGE('',*,*,#1620,.F.);
#827=ORIENTED_EDGE('',*,*,#1622,.T.);
#828=ORIENTED_EDGE('',*,*,#1621,.F.);
#829=ORIENTED_EDGE('',*,*,#1623,.T.);
#830=ORIENTED_EDGE('',*,*,#1622,.F.);
#831=ORIENTED_EDGE('',*,*,#1624,.T.);
#832=ORIENTED_EDGE('',*,*,#1623,.F.);
#833=ORIENTED_EDGE('',*,*,#1625,.T.);
#834=ORIENTED_EDGE('',*,*,#1624,.F.);
#835=ORIENTED_EDGE('',*,*,#1616,.T.);
#836=ORIENTED_EDGE('',*,*,#1625,.F.);
#837=ORIENTED_EDGE('',*,*,#1626,.F.);
#838=ORIENTED_EDGE('',*,*,#1627,.F.);
#839=ORIENTED_EDGE('',*,*,#1628,.F.);
#840=ORIENTED_EDGE('',*,*,#1629,.F.);
#841=ORIENTED_EDGE('',*,*,#1630,.F.);
#842=ORIENTED_EDGE('',*,*,#1631,.F.);
#843=ORIENTED_EDGE('',*,*,#1632,.F.);
#844=ORIENTED_EDGE('',*,*,#1633,.F.);
#845=ORIENTED_EDGE('',*,*,#1634,.F.);
#846=ORIENTED_EDGE('',*,*,#1635,.F.);
#847=ORIENTED_EDGE('',*,*,#1636,.F.);
#848=ORIENTED_EDGE('',*,*,#1637,.F.);
#849=ORIENTED_EDGE('',*,*,#1638,.T.);
#850=ORIENTED_EDGE('',*,*,#1639,.T.);
#851=ORIENTED_EDGE('',*,*,#1640,.T.);
#852=ORIENTED_EDGE('',*,*,#1641,.T.);
#853=ORIENTED_EDGE('',*,*,#1642,.T.);
#854=ORIENTED_EDGE('',*,*,#1643,.T.);
#855=ORIENTED_EDGE('',*,*,#1644,.T.);
#856=ORIENTED_EDGE('',*,*,#1645,.T.);
#857=ORIENTED_EDGE('',*,*,#1646,.T.);
#858=ORIENTED_EDGE('',*,*,#1647,.T.);
#859=ORIENTED_EDGE('',*,*,#1648,.F.);
#860=ORIENTED_EDGE('',*,*,#1649,.T.);
#861=ORIENTED_EDGE('',*,*,#1650,.T.);
#862=ORIENTED_EDGE('',*,*,#1651,.T.);
#863=ORIENTED_EDGE('',*,*,#1652,.T.);
#864=ORIENTED_EDGE('',*,*,#1653,.T.);
#865=ORIENTED_EDGE('',*,*,#1654,.T.);
#866=ORIENTED_EDGE('',*,*,#1655,.T.);
#867=ORIENTED_EDGE('',*,*,#1656,.T.);
#868=ORIENTED_EDGE('',*,*,#1657,.T.);
#869=ORIENTED_EDGE('',*,*,#1658,.T.);
#870=ORIENTED_EDGE('',*,*,#1659,.T.);
#871=ORIENTED_EDGE('',*,*,#1660,.T.);
#872=ORIENTED_EDGE('',*,*,#1661,.T.);
#873=ORIENTED_EDGE('',*,*,#1662,.T.);
#874=ORIENTED_EDGE('',*,*,#1663,.T.);
#875=ORIENTED_EDGE('',*,*,#1664,.T.);
#876=ORIENTED_EDGE('',*,*,#1665,.T.);
#877=ORIENTED_EDGE('',*,*,#1666,.T.);
#878=ORIENTED_EDGE('',*,*,#1667,.T.);
#879=ORIENTED_EDGE('',*,*,#1668,.T.);
#880=ORIENTED_EDGE('',*,*,#1669,.T.);
#881=ORIENTED_EDGE('',*,*,#1670,.T.);
#882=ORIENTED_EDGE('',*,*,#1671,.T.);
#883=ORIENTED_EDGE('',*,*,#1672,.T.);
#884=ORIENTED_EDGE('',*,*,#1673,.T.);
#885=ORIENTED_EDGE('',*,*,#1674,.T.);
#886=ORIENTED_EDGE('',*,*,#1675,.T.);
#887=ORIENTED_EDGE('',*,*,#1676,.T.);
#888=ORIENTED_EDGE('',*,*,#1677,.T.);
#889=ORIENTED_EDGE('',*,*,#1678,.T.);
#890=ORIENTED_EDGE('',*,*,#1679,.T.);
#891=ORIENTED_EDGE('',*,*,#1680,.T.);
#892=ORIENTED_EDGE('',*,*,#1681,.T.);
#893=ORIENTED_EDGE('',*,*,#1682,.T.);
#894=ORIENTED_EDGE('',*,*,#1683,.T.);
#895=ORIENTED_EDGE('',*,*,#1684,.T.);
#896=ORIENTED_EDGE('',*,*,#1685,.T.);
#897=ORIENTED_EDGE('',*,*,#1686,.T.);
#898=ORIENTED_EDGE('',*,*,#1687,.T.);
#899=ORIENTED_EDGE('',*,*,#1688,.T.);
#900=ORIENTED_EDGE('',*,*,#1689,.T.);
#901=ORIENTED_EDGE('',*,*,#1690,.T.);
#902=ORIENTED_EDGE('',*,*,#1691,.T.);
#903=ORIENTED_EDGE('',*,*,#1692,.T.);
#904=ORIENTED_EDGE('',*,*,#1693,.T.);
#905=ORIENTED_EDGE('',*,*,#1694,.T.);
#906=ORIENTED_EDGE('',*,*,#1695,.T.);
#907=ORIENTED_EDGE('',*,*,#1696,.T.);
#908=ORIENTED_EDGE('',*,*,#1697,.T.);
#909=ORIENTED_EDGE('',*,*,#1698,.T.);
#910=ORIENTED_EDGE('',*,*,#1699,.T.);
#911=ORIENTED_EDGE('',*,*,#1700,.T.);
#912=ORIENTED_EDGE('',*,*,#1701,.T.);
#913=ORIENTED_EDGE('',*,*,#1702,.T.);
#914=ORIENTED_EDGE('',*,*,#1703,.T.);
#915=ORIENTED_EDGE('',*,*,#1704,.T.);
#916=ORIENTED_EDGE('',*,*,#1705,.T.);
#917=ORIENTED_EDGE('',*,*,#1706,.T.);
#918=ORIENTED_EDGE('',*,*,#1707,.T.);
#919=ORIENTED_EDGE('',*,*,#1708,.T.);
#920=ORIENTED_EDGE('',*,*,#1709,.T.);
#921=ORIENTED_EDGE('',*,*,#1710,.T.);
#922=ORIENTED_EDGE('',*,*,#1711,.T.);
#923=ORIENTED_EDGE('',*,*,#1712,.T.);
#924=ORIENTED_EDGE('',*,*,#1713,.T.);
#925=ORIENTED_EDGE('',*,*,#1714,.T.);
#926=ORIENTED_EDGE('',*,*,#1715,.T.);
#927=ORIENTED_EDGE('',*,*,#1716,.T.);
#928=ORIENTED_EDGE('',*,*,#1717,.F.);
#929=ORIENTED_EDGE('',*,*,#1718,.F.);
#930=ORIENTED_EDGE('',*,*,#1719,.F.);
#931=ORIENTED_EDGE('',*,*,#1720,.F.);
#932=ORIENTED_EDGE('',*,*,#1721,.F.);
#933=ORIENTED_EDGE('',*,*,#1722,.F.);
#934=ORIENTED_EDGE('',*,*,#1723,.F.);
#935=ORIENTED_EDGE('',*,*,#1724,.F.);
#936=ORIENTED_EDGE('',*,*,#1725,.F.);
#937=ORIENTED_EDGE('',*,*,#1726,.F.);
#938=ORIENTED_EDGE('',*,*,#1727,.F.);
#939=ORIENTED_EDGE('',*,*,#1728,.F.);
#940=ORIENTED_EDGE('',*,*,#1714,.F.);
#941=ORIENTED_EDGE('',*,*,#1729,.T.);
#942=ORIENTED_EDGE('',*,*,#1719,.T.);
#943=ORIENTED_EDGE('',*,*,#1730,.T.);
#944=ORIENTED_EDGE('',*,*,#1722,.T.);
#945=ORIENTED_EDGE('',*,*,#1731,.T.);
#946=ORIENTED_EDGE('',*,*,#1656,.F.);
#947=ORIENTED_EDGE('',*,*,#1732,.F.);
#948=ORIENTED_EDGE('',*,*,#1640,.F.);
#949=ORIENTED_EDGE('',*,*,#1733,.T.);
#950=ORIENTED_EDGE('',*,*,#1728,.T.);
#951=ORIENTED_EDGE('',*,*,#1734,.T.);
#952=ORIENTED_EDGE('',*,*,#1718,.T.);
#953=ORIENTED_EDGE('',*,*,#1735,.T.);
#954=ORIENTED_EDGE('',*,*,#1715,.F.);
#955=ORIENTED_EDGE('',*,*,#1730,.F.);
#956=ORIENTED_EDGE('',*,*,#1736,.T.);
#957=ORIENTED_EDGE('',*,*,#1737,.T.);
#958=ORIENTED_EDGE('',*,*,#1738,.T.);
#959=ORIENTED_EDGE('',*,*,#1739,.T.);
#960=ORIENTED_EDGE('',*,*,#1740,.T.);
#961=ORIENTED_EDGE('',*,*,#1741,.T.);
#962=ORIENTED_EDGE('',*,*,#1742,.T.);
#963=ORIENTED_EDGE('',*,*,#1743,.T.);
#964=ORIENTED_EDGE('',*,*,#1744,.T.);
#965=ORIENTED_EDGE('',*,*,#1745,.T.);
#966=ORIENTED_EDGE('',*,*,#1746,.T.);
#967=ORIENTED_EDGE('',*,*,#1747,.T.);
#968=ORIENTED_EDGE('',*,*,#1748,.T.);
#969=ORIENTED_EDGE('',*,*,#1749,.T.);
#970=ORIENTED_EDGE('',*,*,#1750,.T.);
#971=ORIENTED_EDGE('',*,*,#1751,.T.);
#972=ORIENTED_EDGE('',*,*,#1752,.T.);
#973=ORIENTED_EDGE('',*,*,#1753,.T.);
#974=ORIENTED_EDGE('',*,*,#1754,.T.);
#975=ORIENTED_EDGE('',*,*,#1650,.F.);
#976=ORIENTED_EDGE('',*,*,#1755,.T.);
#977=ORIENTED_EDGE('',*,*,#1756,.T.);
#978=ORIENTED_EDGE('',*,*,#1757,.T.);
#979=ORIENTED_EDGE('',*,*,#1738,.F.);
#980=ORIENTED_EDGE('',*,*,#1758,.T.);
#981=ORIENTED_EDGE('',*,*,#1646,.F.);
#982=ORIENTED_EDGE('',*,*,#1759,.T.);
#983=ORIENTED_EDGE('',*,*,#1760,.T.);
#984=ORIENTED_EDGE('',*,*,#1761,.T.);
#985=ORIENTED_EDGE('',*,*,#1741,.F.);
#986=ORIENTED_EDGE('',*,*,#1762,.T.);
#987=ORIENTED_EDGE('',*,*,#1763,.T.);
#988=ORIENTED_EDGE('',*,*,#1764,.T.);
#989=ORIENTED_EDGE('',*,*,#1765,.T.);
#990=ORIENTED_EDGE('',*,*,#1766,.T.);
#991=ORIENTED_EDGE('',*,*,#1745,.F.);
#992=ORIENTED_EDGE('',*,*,#1767,.T.);
#993=ORIENTED_EDGE('',*,*,#1751,.F.);
#994=ORIENTED_EDGE('',*,*,#1768,.T.);
#995=ORIENTED_EDGE('',*,*,#1769,.T.);
#996=ORIENTED_EDGE('',*,*,#1770,.T.);
#997=ORIENTED_EDGE('',*,*,#1771,.T.);
#998=ORIENTED_EDGE('',*,*,#1772,.T.);
#999=ORIENTED_EDGE('',*,*,#1744,.F.);
#1000=ORIENTED_EDGE('',*,*,#1773,.T.);
#1001=ORIENTED_EDGE('',*,*,#1774,.T.);
#1002=ORIENTED_EDGE('',*,*,#1775,.T.);
#1003=ORIENTED_EDGE('',*,*,#1739,.F.);
#1004=ORIENTED_EDGE('',*,*,#1764,.F.);
#1005=ORIENTED_EDGE('',*,*,#1776,.F.);
#1006=ORIENTED_EDGE('',*,*,#1777,.F.);
#1007=ORIENTED_EDGE('',*,*,#1771,.F.);
#1008=ORIENTED_EDGE('',*,*,#1778,.F.);
#1009=ORIENTED_EDGE('',*,*,#1753,.F.);
#1010=ORIENTED_EDGE('',*,*,#1779,.F.);
#1011=ORIENTED_EDGE('',*,*,#1769,.F.);
#1012=ORIENTED_EDGE('',*,*,#1780,.F.);
#1013=ORIENTED_EDGE('',*,*,#1756,.F.);
#1014=ORIENTED_EDGE('',*,*,#1781,.F.);
#1015=ORIENTED_EDGE('',*,*,#1774,.F.);
#1016=ORIENTED_EDGE('',*,*,#1763,.F.);
#1017=ORIENTED_EDGE('',*,*,#1782,.F.);
#1018=ORIENTED_EDGE('',*,*,#1783,.F.);
#1019=ORIENTED_EDGE('',*,*,#1784,.F.);
#1020=ORIENTED_EDGE('',*,*,#1765,.F.);
#1021=ORIENTED_EDGE('',*,*,#1785,.F.);
#1022=ORIENTED_EDGE('',*,*,#1760,.F.);
#1023=ORIENTED_EDGE('',*,*,#1654,.F.);
#1024=ORIENTED_EDGE('',*,*,#1786,.T.);
#1025=ORIENTED_EDGE('',*,*,#1724,.T.);
#1026=ORIENTED_EDGE('',*,*,#1787,.T.);
#1027=ORIENTED_EDGE('',*,*,#1726,.T.);
#1028=ORIENTED_EDGE('',*,*,#1788,.T.);
#1029=ORIENTED_EDGE('',*,*,#1642,.F.);
#1030=ORIENTED_EDGE('',*,*,#1789,.F.);
#1031=ORIENTED_EDGE('',*,*,#1790,.T.);
#1032=ORIENTED_EDGE('',*,*,#1791,.F.);
#1033=ORIENTED_EDGE('',*,*,#1648,.T.);
#1034=ORIENTED_EDGE('',*,*,#1792,.T.);
#1035=ORIENTED_EDGE('',*,*,#1790,.F.);
#1036=ORIENTED_EDGE('',*,*,#1793,.T.);
#1037=ORIENTED_EDGE('',*,*,#1794,.T.);
#1038=ORIENTED_EDGE('',*,*,#1793,.F.);
#1039=ORIENTED_EDGE('',*,*,#1795,.T.);
#1040=ORIENTED_EDGE('',*,*,#1794,.F.);
#1041=ORIENTED_EDGE('',*,*,#1796,.T.);
#1042=ORIENTED_EDGE('',*,*,#1795,.F.);
#1043=ORIENTED_EDGE('',*,*,#1797,.T.);
#1044=ORIENTED_EDGE('',*,*,#1796,.F.);
#1045=ORIENTED_EDGE('',*,*,#1798,.T.);
#1046=ORIENTED_EDGE('',*,*,#1797,.F.);
#1047=ORIENTED_EDGE('',*,*,#1799,.T.);
#1048=ORIENTED_EDGE('',*,*,#1798,.F.);
#1049=ORIENTED_EDGE('',*,*,#1800,.T.);
#1050=ORIENTED_EDGE('',*,*,#1799,.F.);
#1051=ORIENTED_EDGE('',*,*,#1801,.T.);
#1052=ORIENTED_EDGE('',*,*,#1800,.F.);
#1053=ORIENTED_EDGE('',*,*,#1802,.T.);
#1054=ORIENTED_EDGE('',*,*,#1801,.F.);
#1055=ORIENTED_EDGE('',*,*,#1803,.T.);
#1056=ORIENTED_EDGE('',*,*,#1802,.F.);
#1057=ORIENTED_EDGE('',*,*,#1804,.T.);
#1058=ORIENTED_EDGE('',*,*,#1803,.F.);
#1059=ORIENTED_EDGE('',*,*,#1805,.T.);
#1060=ORIENTED_EDGE('',*,*,#1804,.F.);
#1061=ORIENTED_EDGE('',*,*,#1806,.T.);
#1062=ORIENTED_EDGE('',*,*,#1805,.F.);
#1063=ORIENTED_EDGE('',*,*,#1807,.T.);
#1064=ORIENTED_EDGE('',*,*,#1806,.F.);
#1065=ORIENTED_EDGE('',*,*,#1808,.T.);
#1066=ORIENTED_EDGE('',*,*,#1807,.F.);
#1067=ORIENTED_EDGE('',*,*,#1809,.T.);
#1068=ORIENTED_EDGE('',*,*,#1808,.F.);
#1069=ORIENTED_EDGE('',*,*,#1810,.T.);
#1070=ORIENTED_EDGE('',*,*,#1809,.F.);
#1071=ORIENTED_EDGE('',*,*,#1811,.T.);
#1072=ORIENTED_EDGE('',*,*,#1810,.F.);
#1073=ORIENTED_EDGE('',*,*,#1791,.T.);
#1074=ORIENTED_EDGE('',*,*,#1811,.F.);
#1075=ORIENTED_EDGE('',*,*,#1655,.F.);
#1076=ORIENTED_EDGE('',*,*,#1787,.F.);
#1077=ORIENTED_EDGE('',*,*,#1723,.T.);
#1078=ORIENTED_EDGE('',*,*,#1732,.T.);
#1079=ORIENTED_EDGE('',*,*,#1641,.F.);
#1080=ORIENTED_EDGE('',*,*,#1734,.F.);
#1081=ORIENTED_EDGE('',*,*,#1727,.T.);
#1082=ORIENTED_EDGE('',*,*,#1789,.T.);
#1083=ORIENTED_EDGE('',*,*,#1792,.F.);
#1084=ORIENTED_EDGE('',*,*,#1812,.F.);
#1085=ORIENTED_EDGE('',*,*,#1813,.T.);
#1086=ORIENTED_EDGE('',*,*,#1814,.T.);
#1087=ORIENTED_EDGE('',*,*,#1785,.T.);
#1088=ORIENTED_EDGE('',*,*,#1767,.F.);
#1089=ORIENTED_EDGE('',*,*,#1752,.F.);
#1090=ORIENTED_EDGE('',*,*,#1770,.F.);
#1091=ORIENTED_EDGE('',*,*,#1779,.T.);
#1092=ORIENTED_EDGE('',*,*,#1755,.F.);
#1093=ORIENTED_EDGE('',*,*,#1649,.F.);
#1094=ORIENTED_EDGE('',*,*,#1814,.F.);
#1095=ORIENTED_EDGE('',*,*,#1815,.T.);
#1096=ORIENTED_EDGE('',*,*,#1812,.T.);
#1097=ORIENTED_EDGE('',*,*,#1647,.F.);
#1098=ORIENTED_EDGE('',*,*,#1761,.F.);
#1099=ORIENTED_EDGE('',*,*,#1813,.F.);
#1100=ORIENTED_EDGE('',*,*,#1815,.F.);
#1101=ORIENTED_EDGE('',*,*,#1783,.T.);
#1102=ORIENTED_EDGE('',*,*,#1816,.F.);
#1103=ORIENTED_EDGE('',*,*,#1817,.T.);
#1104=ORIENTED_EDGE('',*,*,#1818,.T.);
#1105=ORIENTED_EDGE('',*,*,#1748,.F.);
#1106=ORIENTED_EDGE('',*,*,#1819,.F.);
#1107=ORIENTED_EDGE('',*,*,#1820,.T.);
#1108=ORIENTED_EDGE('',*,*,#1821,.T.);
#1109=ORIENTED_EDGE('',*,*,#1749,.F.);
#1110=ORIENTED_EDGE('',*,*,#1821,.F.);
#1111=ORIENTED_EDGE('',*,*,#1822,.T.);
#1112=ORIENTED_EDGE('',*,*,#1823,.T.);
#1113=ORIENTED_EDGE('',*,*,#1750,.F.);
#1114=ORIENTED_EDGE('',*,*,#1823,.F.);
#1115=ORIENTED_EDGE('',*,*,#1824,.T.);
#1116=ORIENTED_EDGE('',*,*,#1825,.T.);
#1117=ORIENTED_EDGE('',*,*,#1776,.T.);
#1118=ORIENTED_EDGE('',*,*,#1768,.F.);
#1119=ORIENTED_EDGE('',*,*,#1777,.T.);
#1120=ORIENTED_EDGE('',*,*,#1825,.F.);
#1121=ORIENTED_EDGE('',*,*,#1826,.T.);
#1122=ORIENTED_EDGE('',*,*,#1827,.T.);
#1123=ORIENTED_EDGE('',*,*,#1742,.F.);
#1124=ORIENTED_EDGE('',*,*,#1772,.F.);
#1125=ORIENTED_EDGE('',*,*,#1778,.T.);
#1126=ORIENTED_EDGE('',*,*,#1773,.F.);
#1127=ORIENTED_EDGE('',*,*,#1743,.F.);
#1128=ORIENTED_EDGE('',*,*,#1827,.F.);
#1129=ORIENTED_EDGE('',*,*,#1828,.T.);
#1130=ORIENTED_EDGE('',*,*,#1829,.T.);
#1131=ORIENTED_EDGE('',*,*,#1651,.F.);
#1132=ORIENTED_EDGE('',*,*,#1754,.F.);
#1133=ORIENTED_EDGE('',*,*,#1652,.F.);
#1134=ORIENTED_EDGE('',*,*,#1829,.F.);
#1135=ORIENTED_EDGE('',*,*,#1830,.T.);
#1136=ORIENTED_EDGE('',*,*,#1831,.T.);
#1137=ORIENTED_EDGE('',*,*,#1653,.F.);
#1138=ORIENTED_EDGE('',*,*,#1831,.F.);
#1139=ORIENTED_EDGE('',*,*,#1832,.T.);
#1140=ORIENTED_EDGE('',*,*,#1833,.T.);
#1141=ORIENTED_EDGE('',*,*,#1643,.F.);
#1142=ORIENTED_EDGE('',*,*,#1788,.F.);
#1143=ORIENTED_EDGE('',*,*,#1725,.T.);
#1144=ORIENTED_EDGE('',*,*,#1786,.F.);
#1145=ORIENTED_EDGE('',*,*,#1644,.F.);
#1146=ORIENTED_EDGE('',*,*,#1833,.F.);
#1147=ORIENTED_EDGE('',*,*,#1834,.T.);
#1148=ORIENTED_EDGE('',*,*,#1835,.T.);
#1149=ORIENTED_EDGE('',*,*,#1780,.T.);
#1150=ORIENTED_EDGE('',*,*,#1759,.F.);
#1151=ORIENTED_EDGE('',*,*,#1645,.F.);
#1152=ORIENTED_EDGE('',*,*,#1835,.F.);
#1153=ORIENTED_EDGE('',*,*,#1836,.T.);
#1154=ORIENTED_EDGE('',*,*,#1837,.T.);
#1155=ORIENTED_EDGE('',*,*,#1736,.F.);
#1156=ORIENTED_EDGE('',*,*,#1757,.F.);
#1157=ORIENTED_EDGE('',*,*,#1740,.F.);
#1158=ORIENTED_EDGE('',*,*,#1775,.F.);
#1159=ORIENTED_EDGE('',*,*,#1781,.T.);
#1160=ORIENTED_EDGE('',*,*,#1758,.F.);
#1161=ORIENTED_EDGE('',*,*,#1737,.F.);
#1162=ORIENTED_EDGE('',*,*,#1837,.F.);
#1163=ORIENTED_EDGE('',*,*,#1838,.T.);
#1164=ORIENTED_EDGE('',*,*,#1816,.T.);
#1165=ORIENTED_EDGE('',*,*,#1782,.T.);
#1166=ORIENTED_EDGE('',*,*,#1762,.F.);
#1167=ORIENTED_EDGE('',*,*,#1784,.T.);
#1168=ORIENTED_EDGE('',*,*,#1818,.F.);
#1169=ORIENTED_EDGE('',*,*,#1839,.T.);
#1170=ORIENTED_EDGE('',*,*,#1840,.T.);
#1171=ORIENTED_EDGE('',*,*,#1746,.F.);
#1172=ORIENTED_EDGE('',*,*,#1766,.F.);
#1173=ORIENTED_EDGE('',*,*,#1747,.F.);
#1174=ORIENTED_EDGE('',*,*,#1840,.F.);
#1175=ORIENTED_EDGE('',*,*,#1841,.T.);
#1176=ORIENTED_EDGE('',*,*,#1819,.T.);
#1177=ORIENTED_EDGE('',*,*,#1820,.F.);
#1178=ORIENTED_EDGE('',*,*,#1841,.F.);
#1179=ORIENTED_EDGE('',*,*,#1839,.F.);
#1180=ORIENTED_EDGE('',*,*,#1817,.F.);
#1181=ORIENTED_EDGE('',*,*,#1838,.F.);
#1182=ORIENTED_EDGE('',*,*,#1836,.F.);
#1183=ORIENTED_EDGE('',*,*,#1834,.F.);
#1184=ORIENTED_EDGE('',*,*,#1832,.F.);
#1185=ORIENTED_EDGE('',*,*,#1830,.F.);
#1186=ORIENTED_EDGE('',*,*,#1828,.F.);
#1187=ORIENTED_EDGE('',*,*,#1826,.F.);
#1188=ORIENTED_EDGE('',*,*,#1824,.F.);
#1189=ORIENTED_EDGE('',*,*,#1822,.F.);
#1190=ORIENTED_EDGE('',*,*,#1720,.T.);
#1191=ORIENTED_EDGE('',*,*,#1729,.F.);
#1192=ORIENTED_EDGE('',*,*,#1713,.F.);
#1193=ORIENTED_EDGE('',*,*,#1842,.F.);
#1194=ORIENTED_EDGE('',*,*,#1843,.T.);
#1195=ORIENTED_EDGE('',*,*,#1844,.T.);
#1196=ORIENTED_EDGE('',*,*,#1721,.T.);
#1197=ORIENTED_EDGE('',*,*,#1844,.F.);
#1198=ORIENTED_EDGE('',*,*,#1845,.T.);
#1199=ORIENTED_EDGE('',*,*,#1846,.T.);
#1200=ORIENTED_EDGE('',*,*,#1657,.F.);
#1201=ORIENTED_EDGE('',*,*,#1731,.F.);
#1202=ORIENTED_EDGE('',*,*,#1847,.T.);
#1203=ORIENTED_EDGE('',*,*,#1848,.F.);
#1204=ORIENTED_EDGE('',*,*,#1849,.T.);
#1205=ORIENTED_EDGE('',*,*,#1850,.T.);
#1206=ORIENTED_EDGE('',*,*,#1851,.F.);
#1207=ORIENTED_EDGE('',*,*,#1852,.F.);
#1208=ORIENTED_EDGE('',*,*,#1853,.T.);
#1209=ORIENTED_EDGE('',*,*,#1854,.F.);
#1210=ORIENTED_EDGE('',*,*,#1855,.F.);
#1211=ORIENTED_EDGE('',*,*,#1850,.F.);
#1212=ORIENTED_EDGE('',*,*,#1856,.T.);
#1213=ORIENTED_EDGE('',*,*,#1848,.T.);
#1214=ORIENTED_EDGE('',*,*,#1638,.F.);
#1215=ORIENTED_EDGE('',*,*,#1857,.F.);
#1216=ORIENTED_EDGE('',*,*,#1858,.T.);
#1217=ORIENTED_EDGE('',*,*,#1859,.T.);
#1218=ORIENTED_EDGE('',*,*,#1639,.F.);
#1219=ORIENTED_EDGE('',*,*,#1859,.F.);
#1220=ORIENTED_EDGE('',*,*,#1860,.T.);
#1221=ORIENTED_EDGE('',*,*,#1861,.T.);
#1222=ORIENTED_EDGE('',*,*,#1716,.F.);
#1223=ORIENTED_EDGE('',*,*,#1735,.F.);
#1224=ORIENTED_EDGE('',*,*,#1717,.T.);
#1225=ORIENTED_EDGE('',*,*,#1733,.F.);
#1226=ORIENTED_EDGE('',*,*,#1712,.F.);
#1227=ORIENTED_EDGE('',*,*,#1861,.F.);
#1228=ORIENTED_EDGE('',*,*,#1862,.T.);
#1229=ORIENTED_EDGE('',*,*,#1842,.T.);
#1230=ORIENTED_EDGE('',*,*,#1658,.F.);
#1231=ORIENTED_EDGE('',*,*,#1846,.F.);
#1232=ORIENTED_EDGE('',*,*,#1863,.T.);
#1233=ORIENTED_EDGE('',*,*,#1857,.T.);
#1234=ORIENTED_EDGE('',*,*,#1849,.F.);
#1235=ORIENTED_EDGE('',*,*,#1856,.F.);
#1236=ORIENTED_EDGE('',*,*,#1858,.F.);
#1237=ORIENTED_EDGE('',*,*,#1863,.F.);
#1238=ORIENTED_EDGE('',*,*,#1845,.F.);
#1239=ORIENTED_EDGE('',*,*,#1843,.F.);
#1240=ORIENTED_EDGE('',*,*,#1862,.F.);
#1241=ORIENTED_EDGE('',*,*,#1860,.F.);
#1242=ORIENTED_EDGE('',*,*,#1864,.T.);
#1243=ORIENTED_EDGE('',*,*,#1852,.T.);
#1244=ORIENTED_EDGE('',*,*,#1865,.F.);
#1245=ORIENTED_EDGE('',*,*,#1854,.T.);
#1246=ORIENTED_EDGE('',*,*,#1847,.F.);
#1247=ORIENTED_EDGE('',*,*,#1864,.F.);
#1248=ORIENTED_EDGE('',*,*,#1853,.F.);
#1249=ORIENTED_EDGE('',*,*,#1865,.T.);
#1250=ORIENTED_EDGE('',*,*,#1851,.T.);
#1251=ORIENTED_EDGE('',*,*,#1855,.T.);
#1252=ORIENTED_EDGE('',*,*,#1660,.F.);
#1253=ORIENTED_EDGE('',*,*,#1866,.F.);
#1254=ORIENTED_EDGE('',*,*,#1867,.T.);
#1255=ORIENTED_EDGE('',*,*,#1868,.T.);
#1256=ORIENTED_EDGE('',*,*,#1661,.F.);
#1257=ORIENTED_EDGE('',*,*,#1868,.F.);
#1258=ORIENTED_EDGE('',*,*,#1869,.T.);
#1259=ORIENTED_EDGE('',*,*,#1870,.T.);
#1260=ORIENTED_EDGE('',*,*,#1662,.F.);
#1261=ORIENTED_EDGE('',*,*,#1870,.F.);
#1262=ORIENTED_EDGE('',*,*,#1871,.T.);
#1263=ORIENTED_EDGE('',*,*,#1872,.T.);
#1264=ORIENTED_EDGE('',*,*,#1663,.F.);
#1265=ORIENTED_EDGE('',*,*,#1872,.F.);
#1266=ORIENTED_EDGE('',*,*,#1873,.T.);
#1267=ORIENTED_EDGE('',*,*,#1874,.T.);
#1268=ORIENTED_EDGE('',*,*,#1664,.F.);
#1269=ORIENTED_EDGE('',*,*,#1874,.F.);
#1270=ORIENTED_EDGE('',*,*,#1875,.T.);
#1271=ORIENTED_EDGE('',*,*,#1876,.T.);
#1272=ORIENTED_EDGE('',*,*,#1665,.F.);
#1273=ORIENTED_EDGE('',*,*,#1876,.F.);
#1274=ORIENTED_EDGE('',*,*,#1877,.T.);
#1275=ORIENTED_EDGE('',*,*,#1878,.T.);
#1276=ORIENTED_EDGE('',*,*,#1659,.F.);
#1277=ORIENTED_EDGE('',*,*,#1878,.F.);
#1278=ORIENTED_EDGE('',*,*,#1879,.T.);
#1279=ORIENTED_EDGE('',*,*,#1866,.T.);
#1280=ORIENTED_EDGE('',*,*,#1867,.F.);
#1281=ORIENTED_EDGE('',*,*,#1879,.F.);
#1282=ORIENTED_EDGE('',*,*,#1877,.F.);
#1283=ORIENTED_EDGE('',*,*,#1875,.F.);
#1284=ORIENTED_EDGE('',*,*,#1873,.F.);
#1285=ORIENTED_EDGE('',*,*,#1871,.F.);
#1286=ORIENTED_EDGE('',*,*,#1869,.F.);
#1287=ORIENTED_EDGE('',*,*,#1667,.F.);
#1288=ORIENTED_EDGE('',*,*,#1880,.F.);
#1289=ORIENTED_EDGE('',*,*,#1881,.T.);
#1290=ORIENTED_EDGE('',*,*,#1882,.T.);
#1291=ORIENTED_EDGE('',*,*,#1668,.F.);
#1292=ORIENTED_EDGE('',*,*,#1882,.F.);
#1293=ORIENTED_EDGE('',*,*,#1883,.T.);
#1294=ORIENTED_EDGE('',*,*,#1884,.T.);
#1295=ORIENTED_EDGE('',*,*,#1669,.F.);
#1296=ORIENTED_EDGE('',*,*,#1884,.F.);
#1297=ORIENTED_EDGE('',*,*,#1885,.T.);
#1298=ORIENTED_EDGE('',*,*,#1886,.T.);
#1299=ORIENTED_EDGE('',*,*,#1670,.F.);
#1300=ORIENTED_EDGE('',*,*,#1886,.F.);
#1301=ORIENTED_EDGE('',*,*,#1887,.T.);
#1302=ORIENTED_EDGE('',*,*,#1888,.T.);
#1303=ORIENTED_EDGE('',*,*,#1671,.F.);
#1304=ORIENTED_EDGE('',*,*,#1888,.F.);
#1305=ORIENTED_EDGE('',*,*,#1889,.T.);
#1306=ORIENTED_EDGE('',*,*,#1890,.T.);
#1307=ORIENTED_EDGE('',*,*,#1672,.F.);
#1308=ORIENTED_EDGE('',*,*,#1890,.F.);
#1309=ORIENTED_EDGE('',*,*,#1891,.T.);
#1310=ORIENTED_EDGE('',*,*,#1892,.T.);
#1311=ORIENTED_EDGE('',*,*,#1673,.F.);
#1312=ORIENTED_EDGE('',*,*,#1892,.F.);
#1313=ORIENTED_EDGE('',*,*,#1893,.T.);
#1314=ORIENTED_EDGE('',*,*,#1894,.T.);
#1315=ORIENTED_EDGE('',*,*,#1674,.F.);
#1316=ORIENTED_EDGE('',*,*,#1894,.F.);
#1317=ORIENTED_EDGE('',*,*,#1895,.T.);
#1318=ORIENTED_EDGE('',*,*,#1896,.T.);
#1319=ORIENTED_EDGE('',*,*,#1675,.F.);
#1320=ORIENTED_EDGE('',*,*,#1896,.F.);
#1321=ORIENTED_EDGE('',*,*,#1897,.T.);
#1322=ORIENTED_EDGE('',*,*,#1898,.T.);
#1323=ORIENTED_EDGE('',*,*,#1676,.F.);
#1324=ORIENTED_EDGE('',*,*,#1898,.F.);
#1325=ORIENTED_EDGE('',*,*,#1899,.T.);
#1326=ORIENTED_EDGE('',*,*,#1900,.T.);
#1327=ORIENTED_EDGE('',*,*,#1677,.F.);
#1328=ORIENTED_EDGE('',*,*,#1900,.F.);
#1329=ORIENTED_EDGE('',*,*,#1901,.T.);
#1330=ORIENTED_EDGE('',*,*,#1902,.T.);
#1331=ORIENTED_EDGE('',*,*,#1666,.F.);
#1332=ORIENTED_EDGE('',*,*,#1902,.F.);
#1333=ORIENTED_EDGE('',*,*,#1903,.T.);
#1334=ORIENTED_EDGE('',*,*,#1880,.T.);
#1335=ORIENTED_EDGE('',*,*,#1881,.F.);
#1336=ORIENTED_EDGE('',*,*,#1903,.F.);
#1337=ORIENTED_EDGE('',*,*,#1901,.F.);
#1338=ORIENTED_EDGE('',*,*,#1899,.F.);
#1339=ORIENTED_EDGE('',*,*,#1897,.F.);
#1340=ORIENTED_EDGE('',*,*,#1895,.F.);
#1341=ORIENTED_EDGE('',*,*,#1893,.F.);
#1342=ORIENTED_EDGE('',*,*,#1891,.F.);
#1343=ORIENTED_EDGE('',*,*,#1889,.F.);
#1344=ORIENTED_EDGE('',*,*,#1887,.F.);
#1345=ORIENTED_EDGE('',*,*,#1885,.F.);
#1346=ORIENTED_EDGE('',*,*,#1883,.F.);
#1347=ORIENTED_EDGE('',*,*,#1679,.F.);
#1348=ORIENTED_EDGE('',*,*,#1904,.F.);
#1349=ORIENTED_EDGE('',*,*,#1905,.T.);
#1350=ORIENTED_EDGE('',*,*,#1906,.T.);
#1351=ORIENTED_EDGE('',*,*,#1680,.F.);
#1352=ORIENTED_EDGE('',*,*,#1906,.F.);
#1353=ORIENTED_EDGE('',*,*,#1907,.T.);
#1354=ORIENTED_EDGE('',*,*,#1908,.T.);
#1355=ORIENTED_EDGE('',*,*,#1681,.F.);
#1356=ORIENTED_EDGE('',*,*,#1908,.F.);
#1357=ORIENTED_EDGE('',*,*,#1909,.T.);
#1358=ORIENTED_EDGE('',*,*,#1910,.T.);
#1359=ORIENTED_EDGE('',*,*,#1678,.F.);
#1360=ORIENTED_EDGE('',*,*,#1910,.F.);
#1361=ORIENTED_EDGE('',*,*,#1911,.T.);
#1362=ORIENTED_EDGE('',*,*,#1904,.T.);
#1363=ORIENTED_EDGE('',*,*,#1905,.F.);
#1364=ORIENTED_EDGE('',*,*,#1911,.F.);
#1365=ORIENTED_EDGE('',*,*,#1909,.F.);
#1366=ORIENTED_EDGE('',*,*,#1907,.F.);
#1367=ORIENTED_EDGE('',*,*,#1683,.F.);
#1368=ORIENTED_EDGE('',*,*,#1912,.F.);
#1369=ORIENTED_EDGE('',*,*,#1913,.T.);
#1370=ORIENTED_EDGE('',*,*,#1914,.T.);
#1371=ORIENTED_EDGE('',*,*,#1684,.F.);
#1372=ORIENTED_EDGE('',*,*,#1914,.F.);
#1373=ORIENTED_EDGE('',*,*,#1915,.T.);
#1374=ORIENTED_EDGE('',*,*,#1916,.T.);
#1375=ORIENTED_EDGE('',*,*,#1685,.F.);
#1376=ORIENTED_EDGE('',*,*,#1916,.F.);
#1377=ORIENTED_EDGE('',*,*,#1917,.T.);
#1378=ORIENTED_EDGE('',*,*,#1918,.T.);
#1379=ORIENTED_EDGE('',*,*,#1682,.F.);
#1380=ORIENTED_EDGE('',*,*,#1918,.F.);
#1381=ORIENTED_EDGE('',*,*,#1919,.T.);
#1382=ORIENTED_EDGE('',*,*,#1912,.T.);
#1383=ORIENTED_EDGE('',*,*,#1913,.F.);
#1384=ORIENTED_EDGE('',*,*,#1919,.F.);
#1385=ORIENTED_EDGE('',*,*,#1917,.F.);
#1386=ORIENTED_EDGE('',*,*,#1915,.F.);
#1387=ORIENTED_EDGE('',*,*,#1687,.F.);
#1388=ORIENTED_EDGE('',*,*,#1920,.F.);
#1389=ORIENTED_EDGE('',*,*,#1921,.T.);
#1390=ORIENTED_EDGE('',*,*,#1922,.T.);
#1391=ORIENTED_EDGE('',*,*,#1688,.F.);
#1392=ORIENTED_EDGE('',*,*,#1922,.F.);
#1393=ORIENTED_EDGE('',*,*,#1923,.T.);
#1394=ORIENTED_EDGE('',*,*,#1924,.T.);
#1395=ORIENTED_EDGE('',*,*,#1689,.F.);
#1396=ORIENTED_EDGE('',*,*,#1924,.F.);
#1397=ORIENTED_EDGE('',*,*,#1925,.T.);
#1398=ORIENTED_EDGE('',*,*,#1926,.T.);
#1399=ORIENTED_EDGE('',*,*,#1690,.F.);
#1400=ORIENTED_EDGE('',*,*,#1926,.F.);
#1401=ORIENTED_EDGE('',*,*,#1927,.T.);
#1402=ORIENTED_EDGE('',*,*,#1928,.T.);
#1403=ORIENTED_EDGE('',*,*,#1691,.F.);
#1404=ORIENTED_EDGE('',*,*,#1928,.F.);
#1405=ORIENTED_EDGE('',*,*,#1929,.T.);
#1406=ORIENTED_EDGE('',*,*,#1930,.T.);
#1407=ORIENTED_EDGE('',*,*,#1692,.F.);
#1408=ORIENTED_EDGE('',*,*,#1930,.F.);
#1409=ORIENTED_EDGE('',*,*,#1931,.T.);
#1410=ORIENTED_EDGE('',*,*,#1932,.T.);
#1411=ORIENTED_EDGE('',*,*,#1686,.F.);
#1412=ORIENTED_EDGE('',*,*,#1932,.F.);
#1413=ORIENTED_EDGE('',*,*,#1933,.T.);
#1414=ORIENTED_EDGE('',*,*,#1920,.T.);
#1415=ORIENTED_EDGE('',*,*,#1921,.F.);
#1416=ORIENTED_EDGE('',*,*,#1933,.F.);
#1417=ORIENTED_EDGE('',*,*,#1931,.F.);
#1418=ORIENTED_EDGE('',*,*,#1929,.F.);
#1419=ORIENTED_EDGE('',*,*,#1927,.F.);
#1420=ORIENTED_EDGE('',*,*,#1925,.F.);
#1421=ORIENTED_EDGE('',*,*,#1923,.F.);
#1422=ORIENTED_EDGE('',*,*,#1694,.F.);
#1423=ORIENTED_EDGE('',*,*,#1934,.F.);
#1424=ORIENTED_EDGE('',*,*,#1935,.T.);
#1425=ORIENTED_EDGE('',*,*,#1936,.T.);
#1426=ORIENTED_EDGE('',*,*,#1695,.F.);
#1427=ORIENTED_EDGE('',*,*,#1936,.F.);
#1428=ORIENTED_EDGE('',*,*,#1937,.T.);
#1429=ORIENTED_EDGE('',*,*,#1938,.T.);
#1430=ORIENTED_EDGE('',*,*,#1696,.F.);
#1431=ORIENTED_EDGE('',*,*,#1938,.F.);
#1432=ORIENTED_EDGE('',*,*,#1939,.T.);
#1433=ORIENTED_EDGE('',*,*,#1940,.T.);
#1434=ORIENTED_EDGE('',*,*,#1697,.F.);
#1435=ORIENTED_EDGE('',*,*,#1940,.F.);
#1436=ORIENTED_EDGE('',*,*,#1941,.T.);
#1437=ORIENTED_EDGE('',*,*,#1942,.T.);
#1438=ORIENTED_EDGE('',*,*,#1698,.F.);
#1439=ORIENTED_EDGE('',*,*,#1942,.F.);
#1440=ORIENTED_EDGE('',*,*,#1943,.T.);
#1441=ORIENTED_EDGE('',*,*,#1944,.T.);
#1442=ORIENTED_EDGE('',*,*,#1945,.T.);
#1443=ORIENTED_EDGE('',*,*,#1946,.F.);
#1444=ORIENTED_EDGE('',*,*,#1693,.F.);
#1445=ORIENTED_EDGE('',*,*,#1944,.F.);
#1446=ORIENTED_EDGE('',*,*,#1947,.T.);
#1447=ORIENTED_EDGE('',*,*,#1934,.T.);
#1448=ORIENTED_EDGE('',*,*,#1945,.F.);
#1449=ORIENTED_EDGE('',*,*,#1935,.F.);
#1450=ORIENTED_EDGE('',*,*,#1947,.F.);
#1451=ORIENTED_EDGE('',*,*,#1943,.F.);
#1452=ORIENTED_EDGE('',*,*,#1941,.F.);
#1453=ORIENTED_EDGE('',*,*,#1939,.F.);
#1454=ORIENTED_EDGE('',*,*,#1937,.F.);
#1455=ORIENTED_EDGE('',*,*,#1946,.T.);
#1456=ORIENTED_EDGE('',*,*,#1700,.F.);
#1457=ORIENTED_EDGE('',*,*,#1948,.F.);
#1458=ORIENTED_EDGE('',*,*,#1949,.T.);
#1459=ORIENTED_EDGE('',*,*,#1950,.T.);
#1460=ORIENTED_EDGE('',*,*,#1701,.F.);
#1461=ORIENTED_EDGE('',*,*,#1950,.F.);
#1462=ORIENTED_EDGE('',*,*,#1951,.T.);
#1463=ORIENTED_EDGE('',*,*,#1952,.T.);
#1464=ORIENTED_EDGE('',*,*,#1702,.F.);
#1465=ORIENTED_EDGE('',*,*,#1952,.F.);
#1466=ORIENTED_EDGE('',*,*,#1953,.T.);
#1467=ORIENTED_EDGE('',*,*,#1954,.T.);
#1468=ORIENTED_EDGE('',*,*,#1703,.F.);
#1469=ORIENTED_EDGE('',*,*,#1954,.F.);
#1470=ORIENTED_EDGE('',*,*,#1955,.T.);
#1471=ORIENTED_EDGE('',*,*,#1956,.T.);
#1472=ORIENTED_EDGE('',*,*,#1704,.F.);
#1473=ORIENTED_EDGE('',*,*,#1956,.F.);
#1474=ORIENTED_EDGE('',*,*,#1957,.T.);
#1475=ORIENTED_EDGE('',*,*,#1958,.T.);
#1476=ORIENTED_EDGE('',*,*,#1705,.F.);
#1477=ORIENTED_EDGE('',*,*,#1958,.F.);
#1478=ORIENTED_EDGE('',*,*,#1959,.T.);
#1479=ORIENTED_EDGE('',*,*,#1960,.T.);
#1480=ORIENTED_EDGE('',*,*,#1706,.F.);
#1481=ORIENTED_EDGE('',*,*,#1960,.F.);
#1482=ORIENTED_EDGE('',*,*,#1961,.T.);
#1483=ORIENTED_EDGE('',*,*,#1962,.T.);
#1484=ORIENTED_EDGE('',*,*,#1707,.F.);
#1485=ORIENTED_EDGE('',*,*,#1962,.F.);
#1486=ORIENTED_EDGE('',*,*,#1963,.T.);
#1487=ORIENTED_EDGE('',*,*,#1964,.T.);
#1488=ORIENTED_EDGE('',*,*,#1708,.F.);
#1489=ORIENTED_EDGE('',*,*,#1964,.F.);
#1490=ORIENTED_EDGE('',*,*,#1965,.T.);
#1491=ORIENTED_EDGE('',*,*,#1966,.T.);
#1492=ORIENTED_EDGE('',*,*,#1709,.F.);
#1493=ORIENTED_EDGE('',*,*,#1966,.F.);
#1494=ORIENTED_EDGE('',*,*,#1967,.T.);
#1495=ORIENTED_EDGE('',*,*,#1968,.T.);
#1496=ORIENTED_EDGE('',*,*,#1710,.F.);
#1497=ORIENTED_EDGE('',*,*,#1968,.F.);
#1498=ORIENTED_EDGE('',*,*,#1969,.T.);
#1499=ORIENTED_EDGE('',*,*,#1970,.T.);
#1500=ORIENTED_EDGE('',*,*,#1711,.F.);
#1501=ORIENTED_EDGE('',*,*,#1970,.F.);
#1502=ORIENTED_EDGE('',*,*,#1971,.T.);
#1503=ORIENTED_EDGE('',*,*,#1972,.T.);
#1504=ORIENTED_EDGE('',*,*,#1699,.F.);
#1505=ORIENTED_EDGE('',*,*,#1972,.F.);
#1506=ORIENTED_EDGE('',*,*,#1973,.T.);
#1507=ORIENTED_EDGE('',*,*,#1948,.T.);
#1508=ORIENTED_EDGE('',*,*,#1949,.F.);
#1509=ORIENTED_EDGE('',*,*,#1973,.F.);
#1510=ORIENTED_EDGE('',*,*,#1971,.F.);
#1511=ORIENTED_EDGE('',*,*,#1969,.F.);
#1512=ORIENTED_EDGE('',*,*,#1967,.F.);
#1513=ORIENTED_EDGE('',*,*,#1965,.F.);
#1514=ORIENTED_EDGE('',*,*,#1963,.F.);
#1515=ORIENTED_EDGE('',*,*,#1961,.F.);
#1516=ORIENTED_EDGE('',*,*,#1959,.F.);
#1517=ORIENTED_EDGE('',*,*,#1957,.F.);
#1518=ORIENTED_EDGE('',*,*,#1955,.F.);
#1519=ORIENTED_EDGE('',*,*,#1953,.F.);
#1520=ORIENTED_EDGE('',*,*,#1951,.F.);
#1521=ORIENTED_EDGE('',*,*,#1626,.T.);
#1522=ORIENTED_EDGE('',*,*,#1974,.F.);
#1523=ORIENTED_EDGE('',*,*,#1975,.F.);
#1524=ORIENTED_EDGE('',*,*,#1976,.T.);
#1525=ORIENTED_EDGE('',*,*,#1637,.T.);
#1526=ORIENTED_EDGE('',*,*,#1977,.F.);
#1527=ORIENTED_EDGE('',*,*,#1978,.F.);
#1528=ORIENTED_EDGE('',*,*,#1974,.T.);
#1529=ORIENTED_EDGE('',*,*,#1636,.T.);
#1530=ORIENTED_EDGE('',*,*,#1979,.F.);
#1531=ORIENTED_EDGE('',*,*,#1980,.F.);
#1532=ORIENTED_EDGE('',*,*,#1977,.T.);
#1533=ORIENTED_EDGE('',*,*,#1635,.T.);
#1534=ORIENTED_EDGE('',*,*,#1981,.F.);
#1535=ORIENTED_EDGE('',*,*,#1982,.F.);
#1536=ORIENTED_EDGE('',*,*,#1979,.T.);
#1537=ORIENTED_EDGE('',*,*,#1634,.T.);
#1538=ORIENTED_EDGE('',*,*,#1983,.F.);
#1539=ORIENTED_EDGE('',*,*,#1984,.F.);
#1540=ORIENTED_EDGE('',*,*,#1981,.T.);
#1541=ORIENTED_EDGE('',*,*,#1633,.T.);
#1542=ORIENTED_EDGE('',*,*,#1985,.F.);
#1543=ORIENTED_EDGE('',*,*,#1986,.F.);
#1544=ORIENTED_EDGE('',*,*,#1983,.T.);
#1545=ORIENTED_EDGE('',*,*,#1632,.T.);
#1546=ORIENTED_EDGE('',*,*,#1987,.F.);
#1547=ORIENTED_EDGE('',*,*,#1988,.F.);
#1548=ORIENTED_EDGE('',*,*,#1985,.T.);
#1549=ORIENTED_EDGE('',*,*,#1631,.T.);
#1550=ORIENTED_EDGE('',*,*,#1989,.F.);
#1551=ORIENTED_EDGE('',*,*,#1990,.F.);
#1552=ORIENTED_EDGE('',*,*,#1987,.T.);
#1553=ORIENTED_EDGE('',*,*,#1630,.T.);
#1554=ORIENTED_EDGE('',*,*,#1991,.F.);
#1555=ORIENTED_EDGE('',*,*,#1992,.F.);
#1556=ORIENTED_EDGE('',*,*,#1989,.T.);
#1557=ORIENTED_EDGE('',*,*,#1629,.T.);
#1558=ORIENTED_EDGE('',*,*,#1993,.F.);
#1559=ORIENTED_EDGE('',*,*,#1994,.F.);
#1560=ORIENTED_EDGE('',*,*,#1991,.T.);
#1561=ORIENTED_EDGE('',*,*,#1628,.T.);
#1562=ORIENTED_EDGE('',*,*,#1995,.F.);
#1563=ORIENTED_EDGE('',*,*,#1996,.F.);
#1564=ORIENTED_EDGE('',*,*,#1993,.T.);
#1565=ORIENTED_EDGE('',*,*,#1627,.T.);
#1566=ORIENTED_EDGE('',*,*,#1976,.F.);
#1567=ORIENTED_EDGE('',*,*,#1997,.F.);
#1568=ORIENTED_EDGE('',*,*,#1995,.T.);
#1569=ORIENTED_EDGE('',*,*,#1975,.T.);
#1570=ORIENTED_EDGE('',*,*,#1978,.T.);
#1571=ORIENTED_EDGE('',*,*,#1980,.T.);
#1572=ORIENTED_EDGE('',*,*,#1982,.T.);
#1573=ORIENTED_EDGE('',*,*,#1984,.T.);
#1574=ORIENTED_EDGE('',*,*,#1986,.T.);
#1575=ORIENTED_EDGE('',*,*,#1988,.T.);
#1576=ORIENTED_EDGE('',*,*,#1990,.T.);
#1577=ORIENTED_EDGE('',*,*,#1992,.T.);
#1578=ORIENTED_EDGE('',*,*,#1994,.T.);
#1579=ORIENTED_EDGE('',*,*,#1996,.T.);
#1580=ORIENTED_EDGE('',*,*,#1997,.T.);
#1581=EDGE_CURVE('',#1998,#1999,#2294,.T.);
#1582=EDGE_CURVE('',#1998,#2000,#311,.T.);
#1583=EDGE_CURVE('',#2000,#2001,#2295,.T.);
#1584=EDGE_CURVE('',#2001,#1999,#312,.F.);
#1585=EDGE_CURVE('',#2002,#2002,#2296,.T.);
#1586=EDGE_CURVE('',#2003,#2003,#2297,.T.);
#1587=EDGE_CURVE('',#2004,#2004,#2298,.T.);
#1588=EDGE_CURVE('',#2000,#2005,#2299,.T.);
#1589=EDGE_CURVE('',#2006,#2005,#2300,.T.);
#1590=EDGE_CURVE('',#2006,#2001,#2301,.T.);
#1591=EDGE_CURVE('',#2007,#2007,#2302,.T.);
#1592=EDGE_CURVE('',#2008,#2008,#2303,.T.);
#1593=EDGE_CURVE('',#2009,#2009,#2304,.T.);
#1594=EDGE_CURVE('',#2010,#2010,#2305,.T.);
#1595=EDGE_CURVE('',#2011,#2011,#2306,.T.);
#1596=EDGE_CURVE('',#2012,#2012,#2307,.T.);
#1597=EDGE_CURVE('',#2013,#2013,#2308,.T.);
#1598=EDGE_CURVE('',#2014,#2014,#2309,.T.);
#1599=EDGE_CURVE('',#2015,#2015,#2310,.T.);
#1600=EDGE_CURVE('',#2016,#2016,#2311,.T.);
#1601=EDGE_CURVE('',#2017,#2017,#2312,.T.);
#1602=EDGE_CURVE('',#2005,#2018,#313,.F.);
#1603=EDGE_CURVE('',#2019,#2018,#2313,.T.);
#1604=EDGE_CURVE('',#2019,#2006,#314,.T.);
#1605=EDGE_CURVE('',#2020,#2020,#2314,.T.);
#1606=EDGE_CURVE('',#2018,#1998,#2315,.T.);
#1607=EDGE_CURVE('',#1999,#2019,#2316,.T.);
#1608=EDGE_CURVE('',#2021,#2021,#2317,.T.);
#1609=EDGE_CURVE('',#2022,#2022,#2318,.T.);
#1610=EDGE_CURVE('',#2023,#2023,#2319,.T.);
#1611=EDGE_CURVE('',#2024,#2024,#2320,.T.);
#1612=EDGE_CURVE('',#2025,#2025,#2321,.T.);
#1613=EDGE_CURVE('',#2026,#2026,#2322,.F.);
#1614=EDGE_CURVE('',#2027,#2027,#2323,.T.);
#1615=EDGE_CURVE('',#2028,#2028,#2324,.T.);
#1616=EDGE_CURVE('',#2029,#2029,#2325,.T.);
#1617=EDGE_CURVE('',#2030,#2030,#2326,.T.);
#1618=EDGE_CURVE('',#2031,#2031,#2327,.T.);
#1619=EDGE_CURVE('',#2032,#2032,#2328,.T.);
#1620=EDGE_CURVE('',#2033,#2033,#2329,.T.);
#1621=EDGE_CURVE('',#2034,#2034,#2330,.T.);
#1622=EDGE_CURVE('',#2035,#2035,#2331,.T.);
#1623=EDGE_CURVE('',#2036,#2036,#2332,.T.);
#1624=EDGE_CURVE('',#2037,#2037,#2333,.T.);
#1625=EDGE_CURVE('',#2038,#2038,#2334,.T.);
#1626=EDGE_CURVE('',#2039,#2040,#315,.T.);
#1627=EDGE_CURVE('',#2041,#2039,#316,.T.);
#1628=EDGE_CURVE('',#2042,#2041,#317,.T.);
#1629=EDGE_CURVE('',#2043,#2042,#318,.T.);
#1630=EDGE_CURVE('',#2044,#2043,#319,.T.);
#1631=EDGE_CURVE('',#2045,#2044,#320,.T.);
#1632=EDGE_CURVE('',#2046,#2045,#321,.T.);
#1633=EDGE_CURVE('',#2047,#2046,#322,.T.);
#1634=EDGE_CURVE('',#2048,#2047,#323,.T.);
#1635=EDGE_CURVE('',#2049,#2048,#324,.T.);
#1636=EDGE_CURVE('',#2050,#2049,#325,.T.);
#1637=EDGE_CURVE('',#2040,#2050,#326,.T.);
#1638=EDGE_CURVE('',#2051,#2052,#26,.T.);
#1639=EDGE_CURVE('',#2052,#2053,#27,.T.);
#1640=EDGE_CURVE('',#2053,#2054,#327,.T.);
#1641=EDGE_CURVE('',#2054,#2055,#328,.T.);
#1642=EDGE_CURVE('',#2055,#2056,#329,.T.);
#1643=EDGE_CURVE('',#2056,#2057,#28,.T.);
#1644=EDGE_CURVE('',#2057,#2058,#29,.T.);
#1645=EDGE_CURVE('',#2058,#2059,#30,.T.);
#1646=EDGE_CURVE('',#2059,#2060,#330,.T.);
#1647=EDGE_CURVE('',#2060,#2061,#331,.T.);
#1648=EDGE_CURVE('',#2062,#2061,#2335,.T.);
#1649=EDGE_CURVE('',#2062,#2063,#332,.T.);
#1650=EDGE_CURVE('',#2063,#2064,#333,.T.);
#1651=EDGE_CURVE('',#2064,#2065,#31,.T.);
#1652=EDGE_CURVE('',#2065,#2066,#32,.T.);
#1653=EDGE_CURVE('',#2066,#2067,#33,.T.);
#1654=EDGE_CURVE('',#2067,#2068,#334,.T.);
#1655=EDGE_CURVE('',#2068,#2069,#335,.T.);
#1656=EDGE_CURVE('',#2069,#2070,#336,.T.);
#1657=EDGE_CURVE('',#2070,#2071,#34,.T.);
#1658=EDGE_CURVE('',#2071,#2051,#35,.T.);
#1659=EDGE_CURVE('',#2072,#2073,#36,.T.);
#1660=EDGE_CURVE('',#2073,#2074,#37,.T.);
#1661=EDGE_CURVE('',#2074,#2075,#38,.T.);
#1662=EDGE_CURVE('',#2075,#2076,#39,.T.);
#1663=EDGE_CURVE('',#2076,#2077,#40,.T.);
#1664=EDGE_CURVE('',#2077,#2078,#41,.T.);
#1665=EDGE_CURVE('',#2078,#2072,#42,.T.);
#1666=EDGE_CURVE('',#2079,#2080,#43,.T.);
#1667=EDGE_CURVE('',#2080,#2081,#44,.T.);
#1668=EDGE_CURVE('',#2081,#2082,#45,.T.);
#1669=EDGE_CURVE('',#2082,#2083,#46,.T.);
#1670=EDGE_CURVE('',#2083,#2084,#47,.T.);
#1671=EDGE_CURVE('',#2084,#2085,#48,.T.);
#1672=EDGE_CURVE('',#2085,#2086,#49,.T.);
#1673=EDGE_CURVE('',#2086,#2087,#50,.T.);
#1674=EDGE_CURVE('',#2087,#2088,#51,.T.);
#1675=EDGE_CURVE('',#2088,#2089,#52,.T.);
#1676=EDGE_CURVE('',#2089,#2090,#53,.T.);
#1677=EDGE_CURVE('',#2090,#2079,#54,.T.);
#1678=EDGE_CURVE('',#2091,#2092,#55,.T.);
#1679=EDGE_CURVE('',#2092,#2093,#56,.T.);
#1680=EDGE_CURVE('',#2093,#2094,#57,.T.);
#1681=EDGE_CURVE('',#2094,#2091,#58,.T.);
#1682=EDGE_CURVE('',#2095,#2096,#59,.T.);
#1683=EDGE_CURVE('',#2096,#2097,#60,.T.);
#1684=EDGE_CURVE('',#2097,#2098,#61,.T.);
#1685=EDGE_CURVE('',#2098,#2095,#62,.T.);
#1686=EDGE_CURVE('',#2099,#2100,#63,.T.);
#1687=EDGE_CURVE('',#2100,#2101,#64,.T.);
#1688=EDGE_CURVE('',#2101,#2102,#65,.T.);
#1689=EDGE_CURVE('',#2102,#2103,#66,.T.);
#1690=EDGE_CURVE('',#2103,#2104,#67,.T.);
#1691=EDGE_CURVE('',#2104,#2105,#68,.T.);
#1692=EDGE_CURVE('',#2105,#2099,#69,.T.);
#1693=EDGE_CURVE('',#2106,#2107,#70,.T.);
#1694=EDGE_CURVE('',#2107,#2108,#71,.T.);
#1695=EDGE_CURVE('',#2108,#2109,#72,.T.);
#1696=EDGE_CURVE('',#2109,#2110,#73,.T.);
#1697=EDGE_CURVE('',#2110,#2111,#74,.T.);
#1698=EDGE_CURVE('',#2111,#2106,#75,.T.);
#1699=EDGE_CURVE('',#2112,#2113,#337,.T.);
#1700=EDGE_CURVE('',#2113,#2114,#338,.T.);
#1701=EDGE_CURVE('',#2114,#2115,#339,.T.);
#1702=EDGE_CURVE('',#2115,#2116,#340,.T.);
#1703=EDGE_CURVE('',#2116,#2117,#341,.T.);
#1704=EDGE_CURVE('',#2117,#2118,#342,.T.);
#1705=EDGE_CURVE('',#2118,#2119,#343,.T.);
#1706=EDGE_CURVE('',#2119,#2120,#344,.T.);
#1707=EDGE_CURVE('',#2120,#2121,#345,.T.);
#1708=EDGE_CURVE('',#2121,#2122,#346,.T.);
#1709=EDGE_CURVE('',#2122,#2123,#347,.T.);
#1710=EDGE_CURVE('',#2123,#2124,#348,.T.);
#1711=EDGE_CURVE('',#2124,#2112,#349,.T.);
#1712=EDGE_CURVE('',#2125,#2126,#76,.T.);
#1713=EDGE_CURVE('',#2126,#2127,#77,.T.);
#1714=EDGE_CURVE('',#2127,#2128,#350,.T.);
#1715=EDGE_CURVE('',#2128,#2129,#351,.T.);
#1716=EDGE_CURVE('',#2129,#2125,#78,.T.);
#1717=EDGE_CURVE('',#2130,#2131,#79,.F.);
#1718=EDGE_CURVE('',#2132,#2130,#352,.T.);
#1719=EDGE_CURVE('',#2133,#2132,#353,.T.);
#1720=EDGE_CURVE('',#2134,#2133,#354,.T.);
#1721=EDGE_CURVE('',#2135,#2134,#80,.F.);
#1722=EDGE_CURVE('',#2136,#2135,#355,.T.);
#1723=EDGE_CURVE('',#2137,#2136,#356,.T.);
#1724=EDGE_CURVE('',#2138,#2137,#357,.T.);
#1725=EDGE_CURVE('',#2139,#2138,#358,.T.);
#1726=EDGE_CURVE('',#2140,#2139,#359,.T.);
#1727=EDGE_CURVE('',#2141,#2140,#360,.T.);
#1728=EDGE_CURVE('',#2131,#2141,#361,.T.);
#1729=EDGE_CURVE('',#2127,#2133,#362,.T.);
#1730=EDGE_CURVE('',#2132,#2128,#363,.T.);
#1731=EDGE_CURVE('',#2135,#2070,#364,.T.);
#1732=EDGE_CURVE('',#2136,#2069,#365,.T.);
#1733=EDGE_CURVE('',#2053,#2131,#366,.F.);
#1734=EDGE_CURVE('',#2141,#2054,#367,.T.);
#1735=EDGE_CURVE('',#2130,#2129,#368,.T.);
#1736=EDGE_CURVE('',#2142,#2143,#81,.T.);
#1737=EDGE_CURVE('',#2143,#2144,#82,.T.);
#1738=EDGE_CURVE('',#2144,#2142,#369,.T.);
#1739=EDGE_CURVE('',#2145,#2146,#370,.T.);
#1740=EDGE_CURVE('',#2146,#2147,#83,.T.);
#1741=EDGE_CURVE('',#2147,#2145,#371,.T.);
#1742=EDGE_CURVE('',#2148,#2149,#84,.T.);
#1743=EDGE_CURVE('',#2149,#2150,#85,.T.);
#1744=EDGE_CURVE('',#2150,#2148,#372,.T.);
#1745=EDGE_CURVE('',#2151,#2152,#373,.T.);
#1746=EDGE_CURVE('',#2152,#2153,#86,.T.);
#1747=EDGE_CURVE('',#2153,#2154,#87,.T.);
#1748=EDGE_CURVE('',#2154,#2155,#88,.T.);
#1749=EDGE_CURVE('',#2155,#2156,#89,.T.);
#1750=EDGE_CURVE('',#2156,#2157,#90,.T.);
#1751=EDGE_CURVE('',#2157,#2158,#374,.T.);
#1752=EDGE_CURVE('',#2158,#2151,#375,.T.);
#1753=EDGE_CURVE('',#2159,#2160,#376,.T.);
#1754=EDGE_CURVE('',#2160,#2064,#377,.T.);
#1755=EDGE_CURVE('',#2063,#2159,#378,.T.);
#1756=EDGE_CURVE('',#2161,#2162,#379,.T.);
#1757=EDGE_CURVE('',#2162,#2142,#380,.T.);
#1758=EDGE_CURVE('',#2144,#2161,#381,.T.);
#1759=EDGE_CURVE('',#2059,#2163,#382,.T.);
#1760=EDGE_CURVE('',#2163,#2164,#383,.T.);
#1761=EDGE_CURVE('',#2164,#2060,#384,.T.);
#1762=EDGE_CURVE('',#2147,#2165,#385,.T.);
#1763=EDGE_CURVE('',#2165,#2166,#386,.T.);
#1764=EDGE_CURVE('',#2166,#2145,#387,.T.);
#1765=EDGE_CURVE('',#2167,#2168,#388,.T.);
#1766=EDGE_CURVE('',#2168,#2152,#389,.T.);
#1767=EDGE_CURVE('',#2151,#2167,#390,.T.);
#1768=EDGE_CURVE('',#2157,#2169,#391,.T.);
#1769=EDGE_CURVE('',#2169,#2170,#392,.T.);
#1770=EDGE_CURVE('',#2170,#2158,#393,.T.);
#1771=EDGE_CURVE('',#2171,#2172,#394,.T.);
#1772=EDGE_CURVE('',#2172,#2148,#395,.T.);
#1773=EDGE_CURVE('',#2150,#2171,#396,.F.);
#1774=EDGE_CURVE('',#2166,#2173,#397,.T.);
#1775=EDGE_CURVE('',#2173,#2146,#398,.T.);
#1776=EDGE_CURVE('',#2174,#2169,#399,.T.);
#1777=EDGE_CURVE('',#2172,#2174,#91,.F.);
#1778=EDGE_CURVE('',#2160,#2171,#92,.F.);
#1779=EDGE_CURVE('',#2170,#2159,#400,.T.);
#1780=EDGE_CURVE('',#2162,#2163,#401,.T.);
#1781=EDGE_CURVE('',#2173,#2161,#402,.T.);
#1782=EDGE_CURVE('',#2175,#2165,#403,.T.);
#1783=EDGE_CURVE('',#2176,#2175,#404,.T.);
#1784=EDGE_CURVE('',#2168,#2176,#405,.T.);
#1785=EDGE_CURVE('',#2164,#2167,#406,.T.);
#1786=EDGE_CURVE('',#2067,#2138,#407,.T.);
#1787=EDGE_CURVE('',#2137,#2068,#408,.T.);
#1788=EDGE_CURVE('',#2139,#2056,#409,.T.);
#1789=EDGE_CURVE('',#2140,#2055,#410,.T.);
#1790=EDGE_CURVE('',#2177,#2177,#2336,.T.);
#1791=EDGE_CURVE('',#2178,#2178,#2337,.T.);
#1792=EDGE_CURVE('',#2061,#2062,#2338,.T.);
#1793=EDGE_CURVE('',#2179,#2179,#2339,.T.);
#1794=EDGE_CURVE('',#2180,#2180,#2340,.T.);
#1795=EDGE_CURVE('',#2181,#2181,#2341,.T.);
#1796=EDGE_CURVE('',#2182,#2182,#2342,.T.);
#1797=EDGE_CURVE('',#2183,#2183,#2343,.T.);
#1798=EDGE_CURVE('',#2184,#2184,#2344,.T.);
#1799=EDGE_CURVE('',#2185,#2185,#2345,.T.);
#1800=EDGE_CURVE('',#2186,#2186,#2346,.T.);
#1801=EDGE_CURVE('',#2187,#2187,#2347,.T.);
#1802=EDGE_CURVE('',#2188,#2188,#2348,.T.);
#1803=EDGE_CURVE('',#2189,#2189,#2349,.T.);
#1804=EDGE_CURVE('',#2190,#2190,#2350,.T.);
#1805=EDGE_CURVE('',#2191,#2191,#2351,.T.);
#1806=EDGE_CURVE('',#2192,#2192,#2352,.T.);
#1807=EDGE_CURVE('',#2193,#2193,#2353,.T.);
#1808=EDGE_CURVE('',#2194,#2194,#2354,.T.);
#1809=EDGE_CURVE('',#2195,#2195,#2355,.T.);
#1810=EDGE_CURVE('',#2196,#2196,#2356,.T.);
#1811=EDGE_CURVE('',#2197,#2197,#2357,.T.);
#1812=EDGE_CURVE('',#2198,#2061,#411,.T.);
#1813=EDGE_CURVE('',#2198,#2199,#2358,.T.);
#1814=EDGE_CURVE('',#2199,#2062,#412,.T.);
#1815=EDGE_CURVE('',#2199,#2198,#413,.T.);
#1816=EDGE_CURVE('',#2200,#2175,#414,.T.);
#1817=EDGE_CURVE('',#2200,#2201,#93,.T.);
#1818=EDGE_CURVE('',#2201,#2176,#415,.T.);
#1819=EDGE_CURVE('',#2202,#2154,#416,.T.);
#1820=EDGE_CURVE('',#2202,#2203,#94,.T.);
#1821=EDGE_CURVE('',#2203,#2155,#417,.T.);
#1822=EDGE_CURVE('',#2203,#2204,#95,.T.);
#1823=EDGE_CURVE('',#2204,#2156,#418,.T.);
#1824=EDGE_CURVE('',#2204,#2205,#96,.T.);
#1825=EDGE_CURVE('',#2205,#2174,#419,.T.);
#1826=EDGE_CURVE('',#2205,#2206,#97,.T.);
#1827=EDGE_CURVE('',#2206,#2149,#420,.T.);
#1828=EDGE_CURVE('',#2206,#2207,#98,.T.);
#1829=EDGE_CURVE('',#2207,#2065,#421,.T.);
#1830=EDGE_CURVE('',#2207,#2208,#99,.T.);
#1831=EDGE_CURVE('',#2208,#2066,#422,.T.);
#1832=EDGE_CURVE('',#2208,#2209,#100,.T.);
#1833=EDGE_CURVE('',#2209,#2057,#423,.T.);
#1834=EDGE_CURVE('',#2209,#2210,#101,.T.);
#1835=EDGE_CURVE('',#2210,#2058,#424,.T.);
#1836=EDGE_CURVE('',#2210,#2211,#102,.T.);
#1837=EDGE_CURVE('',#2211,#2143,#425,.T.);
#1838=EDGE_CURVE('',#2211,#2200,#103,.T.);
#1839=EDGE_CURVE('',#2201,#2212,#104,.T.);
#1840=EDGE_CURVE('',#2212,#2153,#426,.T.);
#1841=EDGE_CURVE('',#2212,#2202,#105,.T.);
#1842=EDGE_CURVE('',#2213,#2126,#427,.T.);
#1843=EDGE_CURVE('',#2213,#2214,#106,.T.);
#1844=EDGE_CURVE('',#2214,#2134,#428,.T.);
#1845=EDGE_CURVE('',#2214,#2215,#107,.T.);
#1846=EDGE_CURVE('',#2215,#2071,#429,.T.);
#1847=EDGE_CURVE('',#2216,#2217,#108,.F.);
#1848=EDGE_CURVE('',#2218,#2217,#430,.T.);
#1849=EDGE_CURVE('',#2218,#2219,#109,.T.);
#1850=EDGE_CURVE('',#2219,#2220,#431,.T.);
#1851=EDGE_CURVE('',#2221,#2220,#110,.T.);
#1852=EDGE_CURVE('',#2216,#2221,#432,.T.);
#1853=EDGE_CURVE('',#2217,#2222,#111,.F.);
#1854=EDGE_CURVE('',#2223,#2222,#433,.F.);
#1855=EDGE_CURVE('',#2220,#2223,#112,.T.);
#1856=EDGE_CURVE('',#2219,#2218,#113,.T.);
#1857=EDGE_CURVE('',#2224,#2051,#434,.T.);
#1858=EDGE_CURVE('',#2224,#2225,#114,.T.);
#1859=EDGE_CURVE('',#2225,#2052,#435,.T.);
#1860=EDGE_CURVE('',#2225,#2226,#115,.T.);
#1861=EDGE_CURVE('',#2226,#2125,#436,.T.);
#1862=EDGE_CURVE('',#2226,#2213,#116,.T.);
#1863=EDGE_CURVE('',#2215,#2224,#117,.T.);
#1864=EDGE_CURVE('',#2222,#2216,#437,.T.);
#1865=EDGE_CURVE('',#2223,#2221,#438,.T.);
#1866=EDGE_CURVE('',#2227,#2073,#439,.T.);
#1867=EDGE_CURVE('',#2227,#2228,#118,.T.);
#1868=EDGE_CURVE('',#2228,#2074,#440,.T.);
#1869=EDGE_CURVE('',#2228,#2229,#119,.T.);
#1870=EDGE_CURVE('',#2229,#2075,#441,.T.);
#1871=EDGE_CURVE('',#2229,#2230,#120,.T.);
#1872=EDGE_CURVE('',#2230,#2076,#442,.T.);
#1873=EDGE_CURVE('',#2230,#2231,#121,.T.);
#1874=EDGE_CURVE('',#2231,#2077,#443,.T.);
#1875=EDGE_CURVE('',#2231,#2232,#122,.T.);
#1876=EDGE_CURVE('',#2232,#2078,#444,.T.);
#1877=EDGE_CURVE('',#2232,#2233,#123,.T.);
#1878=EDGE_CURVE('',#2233,#2072,#445,.T.);
#1879=EDGE_CURVE('',#2233,#2227,#124,.T.);
#1880=EDGE_CURVE('',#2234,#2080,#446,.T.);
#1881=EDGE_CURVE('',#2234,#2235,#125,.T.);
#1882=EDGE_CURVE('',#2235,#2081,#447,.T.);
#1883=EDGE_CURVE('',#2235,#2236,#126,.T.);
#1884=EDGE_CURVE('',#2236,#2082,#448,.T.);
#1885=EDGE_CURVE('',#2236,#2237,#127,.T.);
#1886=EDGE_CURVE('',#2237,#2083,#449,.T.);
#1887=EDGE_CURVE('',#2237,#2238,#128,.T.);
#1888=EDGE_CURVE('',#2238,#2084,#450,.T.);
#1889=EDGE_CURVE('',#2238,#2239,#129,.T.);
#1890=EDGE_CURVE('',#2239,#2085,#451,.T.);
#1891=EDGE_CURVE('',#2239,#2240,#130,.T.);
#1892=EDGE_CURVE('',#2240,#2086,#452,.T.);
#1893=EDGE_CURVE('',#2240,#2241,#131,.T.);
#1894=EDGE_CURVE('',#2241,#2087,#453,.T.);
#1895=EDGE_CURVE('',#2241,#2242,#132,.T.);
#1896=EDGE_CURVE('',#2242,#2088,#454,.T.);
#1897=EDGE_CURVE('',#2242,#2243,#133,.T.);
#1898=EDGE_CURVE('',#2243,#2089,#455,.T.);
#1899=EDGE_CURVE('',#2243,#2244,#134,.T.);
#1900=EDGE_CURVE('',#2244,#2090,#456,.T.);
#1901=EDGE_CURVE('',#2244,#2245,#135,.T.);
#1902=EDGE_CURVE('',#2245,#2079,#457,.T.);
#1903=EDGE_CURVE('',#2245,#2234,#136,.T.);
#1904=EDGE_CURVE('',#2246,#2092,#458,.T.);
#1905=EDGE_CURVE('',#2246,#2247,#137,.T.);
#1906=EDGE_CURVE('',#2247,#2093,#459,.T.);
#1907=EDGE_CURVE('',#2247,#2248,#138,.T.);
#1908=EDGE_CURVE('',#2248,#2094,#460,.T.);
#1909=EDGE_CURVE('',#2248,#2249,#139,.T.);
#1910=EDGE_CURVE('',#2249,#2091,#461,.T.);
#1911=EDGE_CURVE('',#2249,#2246,#140,.T.);
#1912=EDGE_CURVE('',#2250,#2096,#462,.T.);
#1913=EDGE_CURVE('',#2250,#2251,#141,.T.);
#1914=EDGE_CURVE('',#2251,#2097,#463,.T.);
#1915=EDGE_CURVE('',#2251,#2252,#142,.T.);
#1916=EDGE_CURVE('',#2252,#2098,#464,.T.);
#1917=EDGE_CURVE('',#2252,#2253,#143,.T.);
#1918=EDGE_CURVE('',#2253,#2095,#465,.T.);
#1919=EDGE_CURVE('',#2253,#2250,#144,.T.);
#1920=EDGE_CURVE('',#2254,#2100,#466,.T.);
#1921=EDGE_CURVE('',#2254,#2255,#145,.T.);
#1922=EDGE_CURVE('',#2255,#2101,#467,.T.);
#1923=EDGE_CURVE('',#2255,#2256,#146,.T.);
#1924=EDGE_CURVE('',#2256,#2102,#468,.T.);
#1925=EDGE_CURVE('',#2256,#2257,#147,.T.);
#1926=EDGE_CURVE('',#2257,#2103,#469,.T.);
#1927=EDGE_CURVE('',#2257,#2258,#148,.T.);
#1928=EDGE_CURVE('',#2258,#2104,#470,.T.);
#1929=EDGE_CURVE('',#2258,#2259,#149,.T.);
#1930=EDGE_CURVE('',#2259,#2105,#471,.T.);
#1931=EDGE_CURVE('',#2259,#2260,#150,.T.);
#1932=EDGE_CURVE('',#2260,#2099,#472,.T.);
#1933=EDGE_CURVE('',#2260,#2254,#151,.T.);
#1934=EDGE_CURVE('',#2261,#2107,#473,.T.);
#1935=EDGE_CURVE('',#2261,#2262,#152,.T.);
#1936=EDGE_CURVE('',#2262,#2108,#474,.T.);
#1937=EDGE_CURVE('',#2262,#2263,#153,.T.);
#1938=EDGE_CURVE('',#2263,#2109,#475,.T.);
#1939=EDGE_CURVE('',#2263,#2264,#154,.T.);
#1940=EDGE_CURVE('',#2264,#2110,#476,.T.);
#1941=EDGE_CURVE('',#2264,#2265,#155,.T.);
#1942=EDGE_CURVE('',#2265,#2111,#477,.T.);
#1943=EDGE_CURVE('',#2265,#2266,#156,.T.);
#1944=EDGE_CURVE('',#2266,#2106,#478,.T.);
#1945=EDGE_CURVE('',#2267,#2267,#157,.T.);
#1946=EDGE_CURVE('',#2268,#2268,#158,.T.);
#1947=EDGE_CURVE('',#2266,#2261,#159,.T.);
#1948=EDGE_CURVE('',#2269,#2113,#479,.T.);
#1949=EDGE_CURVE('',#2269,#2270,#480,.T.);
#1950=EDGE_CURVE('',#2270,#2114,#481,.T.);
#1951=EDGE_CURVE('',#2270,#2271,#482,.T.);
#1952=EDGE_CURVE('',#2271,#2115,#483,.T.);
#1953=EDGE_CURVE('',#2271,#2272,#484,.T.);
#1954=EDGE_CURVE('',#2272,#2116,#485,.T.);
#1955=EDGE_CURVE('',#2272,#2273,#486,.T.);
#1956=EDGE_CURVE('',#2273,#2117,#487,.T.);
#1957=EDGE_CURVE('',#2273,#2274,#488,.T.);
#1958=EDGE_CURVE('',#2274,#2118,#489,.T.);
#1959=EDGE_CURVE('',#2274,#2275,#490,.T.);
#1960=EDGE_CURVE('',#2275,#2119,#491,.T.);
#1961=EDGE_CURVE('',#2275,#2276,#492,.T.);
#1962=EDGE_CURVE('',#2276,#2120,#493,.T.);
#1963=EDGE_CURVE('',#2276,#2277,#494,.T.);
#1964=EDGE_CURVE('',#2277,#2121,#495,.T.);
#1965=EDGE_CURVE('',#2277,#2278,#496,.T.);
#1966=EDGE_CURVE('',#2278,#2122,#497,.T.);
#1967=EDGE_CURVE('',#2278,#2279,#498,.T.);
#1968=EDGE_CURVE('',#2279,#2123,#499,.T.);
#1969=EDGE_CURVE('',#2279,#2280,#500,.T.);
#1970=EDGE_CURVE('',#2280,#2124,#501,.T.);
#1971=EDGE_CURVE('',#2280,#2281,#502,.T.);
#1972=EDGE_CURVE('',#2281,#2112,#503,.T.);
#1973=EDGE_CURVE('',#2281,#2269,#504,.T.);
#1974=EDGE_CURVE('',#2282,#2040,#505,.T.);
#1975=EDGE_CURVE('',#2283,#2282,#506,.T.);
#1976=EDGE_CURVE('',#2283,#2039,#507,.T.);
#1977=EDGE_CURVE('',#2284,#2050,#508,.T.);
#1978=EDGE_CURVE('',#2282,#2284,#509,.T.);
#1979=EDGE_CURVE('',#2285,#2049,#510,.T.);
#1980=EDGE_CURVE('',#2284,#2285,#511,.T.);
#1981=EDGE_CURVE('',#2286,#2048,#512,.T.);
#1982=EDGE_CURVE('',#2285,#2286,#513,.T.);
#1983=EDGE_CURVE('',#2287,#2047,#514,.T.);
#1984=EDGE_CURVE('',#2286,#2287,#515,.T.);
#1985=EDGE_CURVE('',#2288,#2046,#516,.T.);
#1986=EDGE_CURVE('',#2287,#2288,#517,.T.);
#1987=EDGE_CURVE('',#2289,#2045,#518,.T.);
#1988=EDGE_CURVE('',#2288,#2289,#519,.T.);
#1989=EDGE_CURVE('',#2290,#2044,#520,.T.);
#1990=EDGE_CURVE('',#2289,#2290,#521,.T.);
#1991=EDGE_CURVE('',#2291,#2043,#522,.T.);
#1992=EDGE_CURVE('',#2290,#2291,#523,.T.);
#1993=EDGE_CURVE('',#2292,#2042,#524,.T.);
#1994=EDGE_CURVE('',#2291,#2292,#525,.T.);
#1995=EDGE_CURVE('',#2293,#2041,#526,.T.);
#1996=EDGE_CURVE('',#2292,#2293,#527,.T.);
#1997=EDGE_CURVE('',#2293,#2283,#528,.T.);
#1998=VERTEX_POINT('',#5302);
#1999=VERTEX_POINT('',#5303);
#2000=VERTEX_POINT('',#5305);
#2001=VERTEX_POINT('',#5307);
#2002=VERTEX_POINT('',#5311);
#2003=VERTEX_POINT('',#5313);
#2004=VERTEX_POINT('',#5316);
#2005=VERTEX_POINT('',#5318);
#2006=VERTEX_POINT('',#5320);
#2007=VERTEX_POINT('',#5324);
#2008=VERTEX_POINT('',#5326);
#2009=VERTEX_POINT('',#5329);
#2010=VERTEX_POINT('',#5331);
#2011=VERTEX_POINT('',#5334);
#2012=VERTEX_POINT('',#5336);
#2013=VERTEX_POINT('',#5339);
#2014=VERTEX_POINT('',#5344);
#2015=VERTEX_POINT('',#5347);
#2016=VERTEX_POINT('',#5351);
#2017=VERTEX_POINT('',#5354);
#2018=VERTEX_POINT('',#5358);
#2019=VERTEX_POINT('',#5360);
#2020=VERTEX_POINT('',#5364);
#2021=VERTEX_POINT('',#5370);
#2022=VERTEX_POINT('',#5373);
#2023=VERTEX_POINT('',#5375);
#2024=VERTEX_POINT('',#5379);
#2025=VERTEX_POINT('',#5382);
#2026=VERTEX_POINT('',#5386);
#2027=VERTEX_POINT('',#5389);
#2028=VERTEX_POINT('',#5394);
#2029=VERTEX_POINT('',#5396);
#2030=VERTEX_POINT('',#5399);
#2031=VERTEX_POINT('',#5402);
#2032=VERTEX_POINT('',#5406);
#2033=VERTEX_POINT('',#5409);
#2034=VERTEX_POINT('',#5412);
#2035=VERTEX_POINT('',#5415);
#2036=VERTEX_POINT('',#5418);
#2037=VERTEX_POINT('',#5421);
#2038=VERTEX_POINT('',#5424);
#2039=VERTEX_POINT('',#5428);
#2040=VERTEX_POINT('',#5429);
#2041=VERTEX_POINT('',#5431);
#2042=VERTEX_POINT('',#5433);
#2043=VERTEX_POINT('',#5435);
#2044=VERTEX_POINT('',#5437);
#2045=VERTEX_POINT('',#5439);
#2046=VERTEX_POINT('',#5441);
#2047=VERTEX_POINT('',#5443);
#2048=VERTEX_POINT('',#5445);
#2049=VERTEX_POINT('',#5447);
#2050=VERTEX_POINT('',#5449);
#2051=VERTEX_POINT('',#5455);
#2052=VERTEX_POINT('',#5456);
#2053=VERTEX_POINT('',#5483);
#2054=VERTEX_POINT('',#5485);
#2055=VERTEX_POINT('',#5487);
#2056=VERTEX_POINT('',#5489);
#2057=VERTEX_POINT('',#5494);
#2058=VERTEX_POINT('',#5499);
#2059=VERTEX_POINT('',#5504);
#2060=VERTEX_POINT('',#5506);
#2061=VERTEX_POINT('',#5508);
#2062=VERTEX_POINT('',#5510);
#2063=VERTEX_POINT('',#5512);
#2064=VERTEX_POINT('',#5514);
#2065=VERTEX_POINT('',#5522);
#2066=VERTEX_POINT('',#5527);
#2067=VERTEX_POINT('',#5532);
#2068=VERTEX_POINT('',#5534);
#2069=VERTEX_POINT('',#5536);
#2070=VERTEX_POINT('',#5538);
#2071=VERTEX_POINT('',#5569);
#2072=VERTEX_POINT('',#5589);
#2073=VERTEX_POINT('',#5590);
#2074=VERTEX_POINT('',#5595);
#2075=VERTEX_POINT('',#5600);
#2076=VERTEX_POINT('',#5605);
#2077=VERTEX_POINT('',#5610);
#2078=VERTEX_POINT('',#5620);
#2079=VERTEX_POINT('',#5627);
#2080=VERTEX_POINT('',#5628);
#2081=VERTEX_POINT('',#5631);
#2082=VERTEX_POINT('',#5634);
#2083=VERTEX_POINT('',#5637);
#2084=VERTEX_POINT('',#5640);
#2085=VERTEX_POINT('',#5643);
#2086=VERTEX_POINT('',#5646);
#2087=VERTEX_POINT('',#5649);
#2088=VERTEX_POINT('',#5652);
#2089=VERTEX_POINT('',#5655);
#2090=VERTEX_POINT('',#5658);
#2091=VERTEX_POINT('',#5663);
#2092=VERTEX_POINT('',#5664);
#2093=VERTEX_POINT('',#5667);
#2094=VERTEX_POINT('',#5670);
#2095=VERTEX_POINT('',#5675);
#2096=VERTEX_POINT('',#5676);
#2097=VERTEX_POINT('',#5679);
#2098=VERTEX_POINT('',#5682);
#2099=VERTEX_POINT('',#5706);
#2100=VERTEX_POINT('',#5707);
#2101=VERTEX_POINT('',#5712);
#2102=VERTEX_POINT('',#5717);
#2103=VERTEX_POINT('',#5722);
#2104=VERTEX_POINT('',#5727);
#2105=VERTEX_POINT('',#5745);
#2106=VERTEX_POINT('',#5754);
#2107=VERTEX_POINT('',#5755);
#2108=VERTEX_POINT('',#5773);
#2109=VERTEX_POINT('',#5778);
#2110=VERTEX_POINT('',#5794);
#2111=VERTEX_POINT('',#5814);
#2112=VERTEX_POINT('',#5820);
#2113=VERTEX_POINT('',#5821);
#2114=VERTEX_POINT('',#5823);
#2115=VERTEX_POINT('',#5825);
#2116=VERTEX_POINT('',#5827);
#2117=VERTEX_POINT('',#5829);
#2118=VERTEX_POINT('',#5831);
#2119=VERTEX_POINT('',#5833);
#2120=VERTEX_POINT('',#5835);
#2121=VERTEX_POINT('',#5837);
#2122=VERTEX_POINT('',#5839);
#2123=VERTEX_POINT('',#5841);
#2124=VERTEX_POINT('',#5843);
#2125=VERTEX_POINT('',#5861);
#2126=VERTEX_POINT('',#5862);
#2127=VERTEX_POINT('',#5867);
#2128=VERTEX_POINT('',#5869);
#2129=VERTEX_POINT('',#5871);
#2130=VERTEX_POINT('',#5925);
#2131=VERTEX_POINT('',#5926);
#2132=VERTEX_POINT('',#5928);
#2133=VERTEX_POINT('',#5930);
#2134=VERTEX_POINT('',#5932);
#2135=VERTEX_POINT('',#5963);
#2136=VERTEX_POINT('',#5965);
#2137=VERTEX_POINT('',#5967);
#2138=VERTEX_POINT('',#5969);
#2139=VERTEX_POINT('',#5971);
#2140=VERTEX_POINT('',#5973);
#2141=VERTEX_POINT('',#5975);
#2142=VERTEX_POINT('',#5993);
#2143=VERTEX_POINT('',#5994);
#2144=VERTEX_POINT('',#5999);
#2145=VERTEX_POINT('',#6003);
#2146=VERTEX_POINT('',#6004);
#2147=VERTEX_POINT('',#6009);
#2148=VERTEX_POINT('',#6019);
#2149=VERTEX_POINT('',#6020);
#2150=VERTEX_POINT('',#6028);
#2151=VERTEX_POINT('',#6032);
#2152=VERTEX_POINT('',#6033);
#2153=VERTEX_POINT('',#6038);
#2154=VERTEX_POINT('',#6043);
#2155=VERTEX_POINT('',#6048);
#2156=VERTEX_POINT('',#6053);
#2157=VERTEX_POINT('',#6058);
#2158=VERTEX_POINT('',#6060);
#2159=VERTEX_POINT('',#6064);
#2160=VERTEX_POINT('',#6065);
#2161=VERTEX_POINT('',#6070);
#2162=VERTEX_POINT('',#6071);
#2163=VERTEX_POINT('',#6076);
#2164=VERTEX_POINT('',#6078);
#2165=VERTEX_POINT('',#6082);
#2166=VERTEX_POINT('',#6084);
#2167=VERTEX_POINT('',#6088);
#2168=VERTEX_POINT('',#6089);
#2169=VERTEX_POINT('',#6094);
#2170=VERTEX_POINT('',#6096);
#2171=VERTEX_POINT('',#6100);
#2172=VERTEX_POINT('',#6101);
#2173=VERTEX_POINT('',#6106);
#2174=VERTEX_POINT('',#6110);
#2175=VERTEX_POINT('',#6130);
#2176=VERTEX_POINT('',#6132);
#2177=VERTEX_POINT('',#6143);
#2178=VERTEX_POINT('',#6145);
#2179=VERTEX_POINT('',#6150);
#2180=VERTEX_POINT('',#6153);
#2181=VERTEX_POINT('',#6156);
#2182=VERTEX_POINT('',#6159);
#2183=VERTEX_POINT('',#6162);
#2184=VERTEX_POINT('',#6165);
#2185=VERTEX_POINT('',#6168);
#2186=VERTEX_POINT('',#6171);
#2187=VERTEX_POINT('',#6174);
#2188=VERTEX_POINT('',#6177);
#2189=VERTEX_POINT('',#6180);
#2190=VERTEX_POINT('',#6183);
#2191=VERTEX_POINT('',#6186);
#2192=VERTEX_POINT('',#6189);
#2193=VERTEX_POINT('',#6192);
#2194=VERTEX_POINT('',#6195);
#2195=VERTEX_POINT('',#6198);
#2196=VERTEX_POINT('',#6201);
#2197=VERTEX_POINT('',#6204);
#2198=VERTEX_POINT('',#6210);
#2199=VERTEX_POINT('',#6212);
#2200=VERTEX_POINT('',#6219);
#2201=VERTEX_POINT('',#6224);
#2202=VERTEX_POINT('',#6228);
#2203=VERTEX_POINT('',#6233);
#2204=VERTEX_POINT('',#6240);
#2205=VERTEX_POINT('',#6247);
#2206=VERTEX_POINT('',#6268);
#2207=VERTEX_POINT('',#6289);
#2208=VERTEX_POINT('',#6296);
#2209=VERTEX_POINT('',#6303);
#2210=VERTEX_POINT('',#6310);
#2211=VERTEX_POINT('',#6317);
#2212=VERTEX_POINT('',#6329);
#2213=VERTEX_POINT('',#6339);
#2214=VERTEX_POINT('',#6344);
#2215=VERTEX_POINT('',#6400);
#2216=VERTEX_POINT('',#6427);
#2217=VERTEX_POINT('',#6428);
#2218=VERTEX_POINT('',#6430);
#2219=VERTEX_POINT('',#6446);
#2220=VERTEX_POINT('',#6448);
#2221=VERTEX_POINT('',#6464);
#2222=VERTEX_POINT('',#6497);
#2223=VERTEX_POINT('',#6499);
#2224=VERTEX_POINT('',#6539);
#2225=VERTEX_POINT('',#6544);
#2226=VERTEX_POINT('',#6596);
#2227=VERTEX_POINT('',#6646);
#2228=VERTEX_POINT('',#6651);
#2229=VERTEX_POINT('',#6658);
#2230=VERTEX_POINT('',#6665);
#2231=VERTEX_POINT('',#6672);
#2232=VERTEX_POINT('',#6693);
#2233=VERTEX_POINT('',#6700);
#2234=VERTEX_POINT('',#6734);
#2235=VERTEX_POINT('',#6737);
#2236=VERTEX_POINT('',#6742);
#2237=VERTEX_POINT('',#6747);
#2238=VERTEX_POINT('',#6752);
#2239=VERTEX_POINT('',#6757);
#2240=VERTEX_POINT('',#6762);
#2241=VERTEX_POINT('',#6767);
#2242=VERTEX_POINT('',#6772);
#2243=VERTEX_POINT('',#6777);
#2244=VERTEX_POINT('',#6782);
#2245=VERTEX_POINT('',#6787);
#2246=VERTEX_POINT('',#6795);
#2247=VERTEX_POINT('',#6798);
#2248=VERTEX_POINT('',#6803);
#2249=VERTEX_POINT('',#6808);
#2250=VERTEX_POINT('',#6816);
#2251=VERTEX_POINT('',#6819);
#2252=VERTEX_POINT('',#6824);
#2253=VERTEX_POINT('',#6829);
#2254=VERTEX_POINT('',#6837);
#2255=VERTEX_POINT('',#6842);
#2256=VERTEX_POINT('',#6849);
#2257=VERTEX_POINT('',#6856);
#2258=VERTEX_POINT('',#6863);
#2259=VERTEX_POINT('',#6902);
#2260=VERTEX_POINT('',#6909);
#2261=VERTEX_POINT('',#6978);
#2262=VERTEX_POINT('',#6996);
#2263=VERTEX_POINT('',#7003);
#2264=VERTEX_POINT('',#7034);
#2265=VERTEX_POINT('',#7069);
#2266=VERTEX_POINT('',#7076);
#2267=VERTEX_POINT('',#7127);
#2268=VERTEX_POINT('',#7151);
#2269=VERTEX_POINT('',#7161);
#2270=VERTEX_POINT('',#7163);
#2271=VERTEX_POINT('',#7167);
#2272=VERTEX_POINT('',#7171);
#2273=VERTEX_POINT('',#7175);
#2274=VERTEX_POINT('',#7179);
#2275=VERTEX_POINT('',#7183);
#2276=VERTEX_POINT('',#7187);
#2277=VERTEX_POINT('',#7191);
#2278=VERTEX_POINT('',#7195);
#2279=VERTEX_POINT('',#7199);
#2280=VERTEX_POINT('',#7203);
#2281=VERTEX_POINT('',#7207);
#2282=VERTEX_POINT('',#7214);
#2283=VERTEX_POINT('',#7216);
#2284=VERTEX_POINT('',#7220);
#2285=VERTEX_POINT('',#7224);
#2286=VERTEX_POINT('',#7228);
#2287=VERTEX_POINT('',#7232);
#2288=VERTEX_POINT('',#7236);
#2289=VERTEX_POINT('',#7240);
#2290=VERTEX_POINT('',#7244);
#2291=VERTEX_POINT('',#7248);
#2292=VERTEX_POINT('',#7252);
#2293=VERTEX_POINT('',#7256);
#2294=CIRCLE('',#4360,2.77777777777778);
#2295=CIRCLE('',#4361,2.77777777777778);
#2296=CIRCLE('',#4363,2.91666666666667);
#2297=CIRCLE('',#4364,3.33333333333333);
#2298=CIRCLE('',#4366,2.08333333333333);
#2299=CIRCLE('',#4367,0.4);
#2300=CIRCLE('',#4368,2.77777777777778);
#2301=CIRCLE('',#4369,0.4);
#2302=CIRCLE('',#4371,1.25);
#2303=CIRCLE('',#4372,1.94444444444444);
#2304=CIRCLE('',#4374,0.694444444444444);
#2305=CIRCLE('',#4375,1.11111111111111);
#2306=CIRCLE('',#4377,0.555555555555556);
#2307=CIRCLE('',#4378,0.555555555555556);
#2308=CIRCLE('',#4380,0.694444444444444);
#2309=CIRCLE('',#4384,1.11111111111111);
#2310=CIRCLE('',#4386,1.25);
#2311=CIRCLE('',#4389,1.94444444444444);
#2312=CIRCLE('',#4391,2.08333333333333);
#2313=CIRCLE('',#4394,2.77777777777778);
#2314=CIRCLE('',#4396,2.91666666666667);
#2315=CIRCLE('',#4398,0.4);
#2316=CIRCLE('',#4399,0.4);
#2317=CIRCLE('',#4401,3.33333333333333);
#2318=CIRCLE('',#4403,3.47222222222222);
#2319=CIRCLE('',#4404,3.47222222222222);
#2320=CIRCLE('',#4407,4.13888888888889);
#2321=CIRCLE('',#4409,4.13888888888889);
#2322=CIRCLE('',#4412,0.4);
#2323=CIRCLE('',#4414,0.4);
#2324=CIRCLE('',#4418,4.89000000000001);
#2325=CIRCLE('',#4419,4.83490140845071);
#2326=CIRCLE('',#4421,4.89);
#2327=CIRCLE('',#4423,4.47676056338028);
#2328=CIRCLE('',#4426,4.47676056338028);
#2329=CIRCLE('',#4428,4.47676056338028);
#2330=CIRCLE('',#4430,4.89);
#2331=CIRCLE('',#4432,4.89000000000001);
#2332=CIRCLE('',#4434,4.83490140845071);
#2333=CIRCLE('',#4436,4.72470422535212);
#2334=CIRCLE('',#4438,4.72470422535212);
#2335=CIRCLE('',#4441,4.47676056338028);
#2336=CIRCLE('',#4465,5.);
#2337=CIRCLE('',#4466,5.00000000000001);
#2338=CIRCLE('',#4468,4.47676056338028);
#2339=CIRCLE('',#4470,4.47676056338028);
#2340=CIRCLE('',#4472,4.9);
#2341=CIRCLE('',#4474,4.9);
#2342=CIRCLE('',#4476,4.83823474178405);
#2343=CIRCLE('',#4478,4.73470422535211);
#2344=CIRCLE('',#4480,4.7347042253521);
#2345=CIRCLE('',#4482,4.83823474178405);
#2346=CIRCLE('',#4484,4.9);
#2347=CIRCLE('',#4486,4.9);
#2348=CIRCLE('',#4488,4.47676056338028);
#2349=CIRCLE('',#4490,3.61111111111111);
#2350=CIRCLE('',#4492,3.61111111111111);
#2351=CIRCLE('',#4494,4.47676056338028);
#2352=CIRCLE('',#4496,5.);
#2353=CIRCLE('',#4498,5.);
#2354=CIRCLE('',#4500,4.87156807511738);
#2355=CIRCLE('',#4502,4.83470422535212);
#2356=CIRCLE('',#4504,4.83470422535212);
#2357=CIRCLE('',#4506,4.87156807511738);
#2358=CIRCLE('',#4511,4.47676056338028);
#2359=EDGE_LOOP('',(#747,#748,#749,#750));
#2360=EDGE_LOOP('',(#751));
#2361=EDGE_LOOP('',(#752));
#2362=EDGE_LOOP('',(#753));
#2363=EDGE_LOOP('',(#754,#755,#756,#757));
#2364=EDGE_LOOP('',(#758));
#2365=EDGE_LOOP('',(#759));
#2366=EDGE_LOOP('',(#760));
#2367=EDGE_LOOP('',(#761));
#2368=EDGE_LOOP('',(#762));
#2369=EDGE_LOOP('',(#763));
#2370=EDGE_LOOP('',(#764));
#2371=EDGE_LOOP('',(#765));
#2372=EDGE_LOOP('',(#766));
#2373=EDGE_LOOP('',(#767));
#2374=EDGE_LOOP('',(#768));
#2375=EDGE_LOOP('',(#769));
#2376=EDGE_LOOP('',(#770));
#2377=EDGE_LOOP('',(#771));
#2378=EDGE_LOOP('',(#772));
#2379=EDGE_LOOP('',(#773));
#2380=EDGE_LOOP('',(#774));
#2381=EDGE_LOOP('',(#775));
#2382=EDGE_LOOP('',(#776));
#2383=EDGE_LOOP('',(#777));
#2384=EDGE_LOOP('',(#778));
#2385=EDGE_LOOP('',(#779));
#2386=EDGE_LOOP('',(#780));
#2387=EDGE_LOOP('',(#781,#782,#783,#784));
#2388=EDGE_LOOP('',(#785));
#2389=EDGE_LOOP('',(#786));
#2390=EDGE_LOOP('',(#787,#788,#789,#790));
#2391=EDGE_LOOP('',(#791));
#2392=EDGE_LOOP('',(#792));
#2393=EDGE_LOOP('',(#793));
#2394=EDGE_LOOP('',(#794));
#2395=EDGE_LOOP('',(#795));
#2396=EDGE_LOOP('',(#796));
#2397=EDGE_LOOP('',(#797));
#2398=EDGE_LOOP('',(#798));
#2399=EDGE_LOOP('',(#799));
#2400=EDGE_LOOP('',(#800));
#2401=EDGE_LOOP('',(#801));
#2402=EDGE_LOOP('',(#802));
#2403=EDGE_LOOP('',(#803));
#2404=EDGE_LOOP('',(#804,#805,#806,#807));
#2405=EDGE_LOOP('',(#808));
#2406=EDGE_LOOP('',(#809,#810,#811,#812));
#2407=EDGE_LOOP('',(#813));
#2408=EDGE_LOOP('',(#814));
#2409=EDGE_LOOP('',(#815));
#2410=EDGE_LOOP('',(#816));
#2411=EDGE_LOOP('',(#817));
#2412=EDGE_LOOP('',(#818));
#2413=EDGE_LOOP('',(#819));
#2414=EDGE_LOOP('',(#820));
#2415=EDGE_LOOP('',(#821));
#2416=EDGE_LOOP('',(#822));
#2417=EDGE_LOOP('',(#823));
#2418=EDGE_LOOP('',(#824));
#2419=EDGE_LOOP('',(#825));
#2420=EDGE_LOOP('',(#826));
#2421=EDGE_LOOP('',(#827));
#2422=EDGE_LOOP('',(#828));
#2423=EDGE_LOOP('',(#829));
#2424=EDGE_LOOP('',(#830));
#2425=EDGE_LOOP('',(#831));
#2426=EDGE_LOOP('',(#832));
#2427=EDGE_LOOP('',(#833));
#2428=EDGE_LOOP('',(#834));
#2429=EDGE_LOOP('',(#835));
#2430=EDGE_LOOP('',(#836));
#2431=EDGE_LOOP('',(#837,#838,#839,#840,#841,#842,#843,#844,#845,#846,#847,
#848));
#2432=EDGE_LOOP('',(#849,#850,#851,#852,#853,#854,#855,#856,#857,#858,#859,
#860,#861,#862,#863,#864,#865,#866,#867,#868,#869));
#2433=EDGE_LOOP('',(#870,#871,#872,#873,#874,#875,#876));
#2434=EDGE_LOOP('',(#877,#878,#879,#880,#881,#882,#883,#884,#885,#886,#887,
#888));
#2435=EDGE_LOOP('',(#889,#890,#891,#892));
#2436=EDGE_LOOP('',(#893,#894,#895,#896));
#2437=EDGE_LOOP('',(#897,#898,#899,#900,#901,#902,#903));
#2438=EDGE_LOOP('',(#904,#905,#906,#907,#908,#909));
#2439=EDGE_LOOP('',(#910,#911,#912,#913,#914,#915,#916,#917,#918,#919,#920,
#921,#922));
#2440=EDGE_LOOP('',(#923,#924,#925,#926,#927));
#2441=EDGE_LOOP('',(#928,#929,#930,#931,#932,#933,#934,#935,#936,#937,#938,
#939));
#2442=EDGE_LOOP('',(#940,#941,#942,#943));
#2443=EDGE_LOOP('',(#944,#945,#946,#947));
#2444=EDGE_LOOP('',(#948,#949,#950,#951));
#2445=EDGE_LOOP('',(#952,#953,#954,#955));
#2446=EDGE_LOOP('',(#956,#957,#958));
#2447=EDGE_LOOP('',(#959,#960,#961));
#2448=EDGE_LOOP('',(#962,#963,#964));
#2449=EDGE_LOOP('',(#965,#966,#967,#968,#969,#970,#971,#972));
#2450=EDGE_LOOP('',(#973,#974,#975,#976));
#2451=EDGE_LOOP('',(#977,#978,#979,#980));
#2452=EDGE_LOOP('',(#981,#982,#983,#984));
#2453=EDGE_LOOP('',(#985,#986,#987,#988));
#2454=EDGE_LOOP('',(#989,#990,#991,#992));
#2455=EDGE_LOOP('',(#993,#994,#995,#996));
#2456=EDGE_LOOP('',(#997,#998,#999,#1000));
#2457=EDGE_LOOP('',(#1001,#1002,#1003,#1004));
#2458=EDGE_LOOP('',(#1005,#1006,#1007,#1008,#1009,#1010,#1011));
#2459=EDGE_LOOP('',(#1012,#1013,#1014,#1015,#1016,#1017,#1018,#1019,#1020,
#1021,#1022));
#2460=EDGE_LOOP('',(#1023,#1024,#1025,#1026));
#2461=EDGE_LOOP('',(#1027,#1028,#1029,#1030));
#2462=EDGE_LOOP('',(#1031));
#2463=EDGE_LOOP('',(#1032));
#2464=EDGE_LOOP('',(#1033,#1034));
#2465=EDGE_LOOP('',(#1035));
#2466=EDGE_LOOP('',(#1036));
#2467=EDGE_LOOP('',(#1037));
#2468=EDGE_LOOP('',(#1038));
#2469=EDGE_LOOP('',(#1039));
#2470=EDGE_LOOP('',(#1040));
#2471=EDGE_LOOP('',(#1041));
#2472=EDGE_LOOP('',(#1042));
#2473=EDGE_LOOP('',(#1043));
#2474=EDGE_LOOP('',(#1044));
#2475=EDGE_LOOP('',(#1045));
#2476=EDGE_LOOP('',(#1046));
#2477=EDGE_LOOP('',(#1047));
#2478=EDGE_LOOP('',(#1048));
#2479=EDGE_LOOP('',(#1049));
#2480=EDGE_LOOP('',(#1050));
#2481=EDGE_LOOP('',(#1051));
#2482=EDGE_LOOP('',(#1052));
#2483=EDGE_LOOP('',(#1053));
#2484=EDGE_LOOP('',(#1054));
#2485=EDGE_LOOP('',(#1055));
#2486=EDGE_LOOP('',(#1056));
#2487=EDGE_LOOP('',(#1057));
#2488=EDGE_LOOP('',(#1058));
#2489=EDGE_LOOP('',(#1059));
#2490=EDGE_LOOP('',(#1060));
#2491=EDGE_LOOP('',(#1061));
#2492=EDGE_LOOP('',(#1062));
#2493=EDGE_LOOP('',(#1063));
#2494=EDGE_LOOP('',(#1064));
#2495=EDGE_LOOP('',(#1065));
#2496=EDGE_LOOP('',(#1066));
#2497=EDGE_LOOP('',(#1067));
#2498=EDGE_LOOP('',(#1068));
#2499=EDGE_LOOP('',(#1069));
#2500=EDGE_LOOP('',(#1070));
#2501=EDGE_LOOP('',(#1071));
#2502=EDGE_LOOP('',(#1072));
#2503=EDGE_LOOP('',(#1073));
#2504=EDGE_LOOP('',(#1074));
#2505=EDGE_LOOP('',(#1075,#1076,#1077,#1078));
#2506=EDGE_LOOP('',(#1079,#1080,#1081,#1082));
#2507=EDGE_LOOP('',(#1083,#1084,#1085,#1086));
#2508=EDGE_LOOP('',(#1087,#1088,#1089,#1090,#1091,#1092,#1093,#1094,#1095,
#1096,#1097,#1098));
#2509=EDGE_LOOP('',(#1099,#1100));
#2510=EDGE_LOOP('',(#1101,#1102,#1103,#1104));
#2511=EDGE_LOOP('',(#1105,#1106,#1107,#1108));
#2512=EDGE_LOOP('',(#1109,#1110,#1111,#1112));
#2513=EDGE_LOOP('',(#1113,#1114,#1115,#1116,#1117,#1118));
#2514=EDGE_LOOP('',(#1119,#1120,#1121,#1122,#1123,#1124));
#2515=EDGE_LOOP('',(#1125,#1126,#1127,#1128,#1129,#1130,#1131,#1132));
#2516=EDGE_LOOP('',(#1133,#1134,#1135,#1136));
#2517=EDGE_LOOP('',(#1137,#1138,#1139,#1140,#1141,#1142,#1143,#1144));
#2518=EDGE_LOOP('',(#1145,#1146,#1147,#1148));
#2519=EDGE_LOOP('',(#1149,#1150,#1151,#1152,#1153,#1154,#1155,#1156));
#2520=EDGE_LOOP('',(#1157,#1158,#1159,#1160,#1161,#1162,#1163,#1164,#1165,
#1166));
#2521=EDGE_LOOP('',(#1167,#1168,#1169,#1170,#1171,#1172));
#2522=EDGE_LOOP('',(#1173,#1174,#1175,#1176));
#2523=EDGE_LOOP('',(#1177,#1178,#1179,#1180,#1181,#1182,#1183,#1184,#1185,
#1186,#1187,#1188,#1189));
#2524=EDGE_LOOP('',(#1190,#1191,#1192,#1193,#1194,#1195));
#2525=EDGE_LOOP('',(#1196,#1197,#1198,#1199,#1200,#1201));
#2526=EDGE_LOOP('',(#1202,#1203,#1204,#1205,#1206,#1207));
#2527=EDGE_LOOP('',(#1208,#1209,#1210,#1211,#1212,#1213));
#2528=EDGE_LOOP('',(#1214,#1215,#1216,#1217));
#2529=EDGE_LOOP('',(#1218,#1219,#1220,#1221,#1222,#1223,#1224,#1225));
#2530=EDGE_LOOP('',(#1226,#1227,#1228,#1229));
#2531=EDGE_LOOP('',(#1230,#1231,#1232,#1233));
#2532=EDGE_LOOP('',(#1234,#1235));
#2533=EDGE_LOOP('',(#1236,#1237,#1238,#1239,#1240,#1241));
#2534=EDGE_LOOP('',(#1242,#1243,#1244,#1245));
#2535=EDGE_LOOP('',(#1246,#1247,#1248));
#2536=EDGE_LOOP('',(#1249,#1250,#1251));
#2537=EDGE_LOOP('',(#1252,#1253,#1254,#1255));
#2538=EDGE_LOOP('',(#1256,#1257,#1258,#1259));
#2539=EDGE_LOOP('',(#1260,#1261,#1262,#1263));
#2540=EDGE_LOOP('',(#1264,#1265,#1266,#1267));
#2541=EDGE_LOOP('',(#1268,#1269,#1270,#1271));
#2542=EDGE_LOOP('',(#1272,#1273,#1274,#1275));
#2543=EDGE_LOOP('',(#1276,#1277,#1278,#1279));
#2544=EDGE_LOOP('',(#1280,#1281,#1282,#1283,#1284,#1285,#1286));
#2545=EDGE_LOOP('',(#1287,#1288,#1289,#1290));
#2546=EDGE_LOOP('',(#1291,#1292,#1293,#1294));
#2547=EDGE_LOOP('',(#1295,#1296,#1297,#1298));
#2548=EDGE_LOOP('',(#1299,#1300,#1301,#1302));
#2549=EDGE_LOOP('',(#1303,#1304,#1305,#1306));
#2550=EDGE_LOOP('',(#1307,#1308,#1309,#1310));
#2551=EDGE_LOOP('',(#1311,#1312,#1313,#1314));
#2552=EDGE_LOOP('',(#1315,#1316,#1317,#1318));
#2553=EDGE_LOOP('',(#1319,#1320,#1321,#1322));
#2554=EDGE_LOOP('',(#1323,#1324,#1325,#1326));
#2555=EDGE_LOOP('',(#1327,#1328,#1329,#1330));
#2556=EDGE_LOOP('',(#1331,#1332,#1333,#1334));
#2557=EDGE_LOOP('',(#1335,#1336,#1337,#1338,#1339,#1340,#1341,#1342,#1343,
#1344,#1345,#1346));
#2558=EDGE_LOOP('',(#1347,#1348,#1349,#1350));
#2559=EDGE_LOOP('',(#1351,#1352,#1353,#1354));
#2560=EDGE_LOOP('',(#1355,#1356,#1357,#1358));
#2561=EDGE_LOOP('',(#1359,#1360,#1361,#1362));
#2562=EDGE_LOOP('',(#1363,#1364,#1365,#1366));
#2563=EDGE_LOOP('',(#1367,#1368,#1369,#1370));
#2564=EDGE_LOOP('',(#1371,#1372,#1373,#1374));
#2565=EDGE_LOOP('',(#1375,#1376,#1377,#1378));
#2566=EDGE_LOOP('',(#1379,#1380,#1381,#1382));
#2567=EDGE_LOOP('',(#1383,#1384,#1385,#1386));
#2568=EDGE_LOOP('',(#1387,#1388,#1389,#1390));
#2569=EDGE_LOOP('',(#1391,#1392,#1393,#1394));
#2570=EDGE_LOOP('',(#1395,#1396,#1397,#1398));
#2571=EDGE_LOOP('',(#1399,#1400,#1401,#1402));
#2572=EDGE_LOOP('',(#1403,#1404,#1405,#1406));
#2573=EDGE_LOOP('',(#1407,#1408,#1409,#1410));
#2574=EDGE_LOOP('',(#1411,#1412,#1413,#1414));
#2575=EDGE_LOOP('',(#1415,#1416,#1417,#1418,#1419,#1420,#1421));
#2576=EDGE_LOOP('',(#1422,#1423,#1424,#1425));
#2577=EDGE_LOOP('',(#1426,#1427,#1428,#1429));
#2578=EDGE_LOOP('',(#1430,#1431,#1432,#1433));
#2579=EDGE_LOOP('',(#1434,#1435,#1436,#1437));
#2580=EDGE_LOOP('',(#1438,#1439,#1440,#1441));
#2581=EDGE_LOOP('',(#1442));
#2582=EDGE_LOOP('',(#1443));
#2583=EDGE_LOOP('',(#1444,#1445,#1446,#1447));
#2584=EDGE_LOOP('',(#1448));
#2585=EDGE_LOOP('',(#1449,#1450,#1451,#1452,#1453,#1454));
#2586=EDGE_LOOP('',(#1455));
#2587=EDGE_LOOP('',(#1456,#1457,#1458,#1459));
#2588=EDGE_LOOP('',(#1460,#1461,#1462,#1463));
#2589=EDGE_LOOP('',(#1464,#1465,#1466,#1467));
#2590=EDGE_LOOP('',(#1468,#1469,#1470,#1471));
#2591=EDGE_LOOP('',(#1472,#1473,#1474,#1475));
#2592=EDGE_LOOP('',(#1476,#1477,#1478,#1479));
#2593=EDGE_LOOP('',(#1480,#1481,#1482,#1483));
#2594=EDGE_LOOP('',(#1484,#1485,#1486,#1487));
#2595=EDGE_LOOP('',(#1488,#1489,#1490,#1491));
#2596=EDGE_LOOP('',(#1492,#1493,#1494,#1495));
#2597=EDGE_LOOP('',(#1496,#1497,#1498,#1499));
#2598=EDGE_LOOP('',(#1500,#1501,#1502,#1503));
#2599=EDGE_LOOP('',(#1504,#1505,#1506,#1507));
#2600=EDGE_LOOP('',(#1508,#1509,#1510,#1511,#1512,#1513,#1514,#1515,#1516,
#1517,#1518,#1519,#1520));
#2601=EDGE_LOOP('',(#1521,#1522,#1523,#1524));
#2602=EDGE_LOOP('',(#1525,#1526,#1527,#1528));
#2603=EDGE_LOOP('',(#1529,#1530,#1531,#1532));
#2604=EDGE_LOOP('',(#1533,#1534,#1535,#1536));
#2605=EDGE_LOOP('',(#1537,#1538,#1539,#1540));
#2606=EDGE_LOOP('',(#1541,#1542,#1543,#1544));
#2607=EDGE_LOOP('',(#1545,#1546,#1547,#1548));
#2608=EDGE_LOOP('',(#1549,#1550,#1551,#1552));
#2609=EDGE_LOOP('',(#1553,#1554,#1555,#1556));
#2610=EDGE_LOOP('',(#1557,#1558,#1559,#1560));
#2611=EDGE_LOOP('',(#1561,#1562,#1563,#1564));
#2612=EDGE_LOOP('',(#1565,#1566,#1567,#1568));
#2613=EDGE_LOOP('',(#1569,#1570,#1571,#1572,#1573,#1574,#1575,#1576,#1577,
#1578,#1579,#1580));
#2614=FACE_BOUND('',#2359,.T.);
#2615=FACE_BOUND('',#2360,.T.);
#2616=FACE_BOUND('',#2361,.T.);
#2617=FACE_BOUND('',#2362,.T.);
#2618=FACE_BOUND('',#2363,.T.);
#2619=FACE_BOUND('',#2364,.T.);
#2620=FACE_BOUND('',#2365,.T.);
#2621=FACE_BOUND('',#2366,.T.);
#2622=FACE_BOUND('',#2367,.T.);
#2623=FACE_BOUND('',#2368,.T.);
#2624=FACE_BOUND('',#2369,.T.);
#2625=FACE_BOUND('',#2370,.T.);
#2626=FACE_BOUND('',#2371,.T.);
#2627=FACE_BOUND('',#2372,.T.);
#2628=FACE_BOUND('',#2373,.T.);
#2629=FACE_BOUND('',#2374,.T.);
#2630=FACE_BOUND('',#2375,.T.);
#2631=FACE_BOUND('',#2376,.T.);
#2632=FACE_BOUND('',#2377,.T.);
#2633=FACE_BOUND('',#2378,.T.);
#2634=FACE_BOUND('',#2379,.T.);
#2635=FACE_BOUND('',#2380,.T.);
#2636=FACE_BOUND('',#2381,.T.);
#2637=FACE_BOUND('',#2382,.T.);
#2638=FACE_BOUND('',#2383,.T.);
#2639=FACE_BOUND('',#2384,.T.);
#2640=FACE_BOUND('',#2385,.T.);
#2641=FACE_BOUND('',#2386,.T.);
#2642=FACE_BOUND('',#2387,.T.);
#2643=FACE_BOUND('',#2388,.T.);
#2644=FACE_BOUND('',#2389,.T.);
#2645=FACE_BOUND('',#2390,.T.);
#2646=FACE_BOUND('',#2391,.T.);
#2647=FACE_BOUND('',#2392,.T.);
#2648=FACE_BOUND('',#2393,.T.);
#2649=FACE_BOUND('',#2394,.T.);
#2650=FACE_BOUND('',#2395,.T.);
#2651=FACE_BOUND('',#2396,.T.);
#2652=FACE_BOUND('',#2397,.T.);
#2653=FACE_BOUND('',#2398,.T.);
#2654=FACE_BOUND('',#2399,.T.);
#2655=FACE_BOUND('',#2400,.T.);
#2656=FACE_BOUND('',#2401,.T.);
#2657=FACE_BOUND('',#2402,.T.);
#2658=FACE_BOUND('',#2403,.T.);
#2659=FACE_BOUND('',#2404,.T.);
#2660=FACE_BOUND('',#2405,.T.);
#2661=FACE_BOUND('',#2406,.T.);
#2662=FACE_BOUND('',#2407,.T.);
#2663=FACE_BOUND('',#2408,.T.);
#2664=FACE_BOUND('',#2409,.T.);
#2665=FACE_BOUND('',#2410,.T.);
#2666=FACE_BOUND('',#2411,.T.);
#2667=FACE_BOUND('',#2412,.T.);
#2668=FACE_BOUND('',#2413,.T.);
#2669=FACE_BOUND('',#2414,.T.);
#2670=FACE_BOUND('',#2415,.T.);
#2671=FACE_BOUND('',#2416,.T.);
#2672=FACE_BOUND('',#2417,.T.);
#2673=FACE_BOUND('',#2418,.T.);
#2674=FACE_BOUND('',#2419,.T.);
#2675=FACE_BOUND('',#2420,.T.);
#2676=FACE_BOUND('',#2421,.T.);
#2677=FACE_BOUND('',#2422,.T.);
#2678=FACE_BOUND('',#2423,.T.);
#2679=FACE_BOUND('',#2424,.T.);
#2680=FACE_BOUND('',#2425,.T.);
#2681=FACE_BOUND('',#2426,.T.);
#2682=FACE_BOUND('',#2427,.T.);
#2683=FACE_BOUND('',#2428,.T.);
#2684=FACE_BOUND('',#2429,.T.);
#2685=FACE_BOUND('',#2430,.T.);
#2686=FACE_BOUND('',#2431,.T.);
#2687=FACE_BOUND('',#2432,.T.);
#2688=FACE_BOUND('',#2433,.T.);
#2689=FACE_BOUND('',#2434,.T.);
#2690=FACE_BOUND('',#2435,.T.);
#2691=FACE_BOUND('',#2436,.T.);
#2692=FACE_BOUND('',#2437,.T.);
#2693=FACE_BOUND('',#2438,.T.);
#2694=FACE_BOUND('',#2439,.T.);
#2695=FACE_BOUND('',#2440,.T.);
#2696=FACE_BOUND('',#2441,.T.);
#2697=FACE_BOUND('',#2442,.T.);
#2698=FACE_BOUND('',#2443,.T.);
#2699=FACE_BOUND('',#2444,.T.);
#2700=FACE_BOUND('',#2445,.T.);
#2701=FACE_BOUND('',#2446,.T.);
#2702=FACE_BOUND('',#2447,.T.);
#2703=FACE_BOUND('',#2448,.T.);
#2704=FACE_BOUND('',#2449,.T.);
#2705=FACE_BOUND('',#2450,.T.);
#2706=FACE_BOUND('',#2451,.T.);
#2707=FACE_BOUND('',#2452,.T.);
#2708=FACE_BOUND('',#2453,.T.);
#2709=FACE_BOUND('',#2454,.T.);
#2710=FACE_BOUND('',#2455,.T.);
#2711=FACE_BOUND('',#2456,.T.);
#2712=FACE_BOUND('',#2457,.T.);
#2713=FACE_BOUND('',#2458,.T.);
#2714=FACE_BOUND('',#2459,.T.);
#2715=FACE_BOUND('',#2460,.T.);
#2716=FACE_BOUND('',#2461,.T.);
#2717=FACE_BOUND('',#2462,.T.);
#2718=FACE_BOUND('',#2463,.T.);
#2719=FACE_BOUND('',#2464,.T.);
#2720=FACE_BOUND('',#2465,.T.);
#2721=FACE_BOUND('',#2466,.T.);
#2722=FACE_BOUND('',#2467,.T.);
#2723=FACE_BOUND('',#2468,.T.);
#2724=FACE_BOUND('',#2469,.T.);
#2725=FACE_BOUND('',#2470,.T.);
#2726=FACE_BOUND('',#2471,.T.);
#2727=FACE_BOUND('',#2472,.T.);
#2728=FACE_BOUND('',#2473,.T.);
#2729=FACE_BOUND('',#2474,.T.);
#2730=FACE_BOUND('',#2475,.T.);
#2731=FACE_BOUND('',#2476,.T.);
#2732=FACE_BOUND('',#2477,.T.);
#2733=FACE_BOUND('',#2478,.T.);
#2734=FACE_BOUND('',#2479,.T.);
#2735=FACE_BOUND('',#2480,.T.);
#2736=FACE_BOUND('',#2481,.T.);
#2737=FACE_BOUND('',#2482,.T.);
#2738=FACE_BOUND('',#2483,.T.);
#2739=FACE_BOUND('',#2484,.T.);
#2740=FACE_BOUND('',#2485,.T.);
#2741=FACE_BOUND('',#2486,.T.);
#2742=FACE_BOUND('',#2487,.T.);
#2743=FACE_BOUND('',#2488,.T.);
#2744=FACE_BOUND('',#2489,.T.);
#2745=FACE_BOUND('',#2490,.T.);
#2746=FACE_BOUND('',#2491,.T.);
#2747=FACE_BOUND('',#2492,.T.);
#2748=FACE_BOUND('',#2493,.T.);
#2749=FACE_BOUND('',#2494,.T.);
#2750=FACE_BOUND('',#2495,.T.);
#2751=FACE_BOUND('',#2496,.T.);
#2752=FACE_BOUND('',#2497,.T.);
#2753=FACE_BOUND('',#2498,.T.);
#2754=FACE_BOUND('',#2499,.T.);
#2755=FACE_BOUND('',#2500,.T.);
#2756=FACE_BOUND('',#2501,.T.);
#2757=FACE_BOUND('',#2502,.T.);
#2758=FACE_BOUND('',#2503,.T.);
#2759=FACE_BOUND('',#2504,.T.);
#2760=FACE_BOUND('',#2505,.T.);
#2761=FACE_BOUND('',#2506,.T.);
#2762=FACE_BOUND('',#2507,.T.);
#2763=FACE_BOUND('',#2508,.T.);
#2764=FACE_BOUND('',#2509,.T.);
#2765=FACE_BOUND('',#2510,.T.);
#2766=FACE_BOUND('',#2511,.T.);
#2767=FACE_BOUND('',#2512,.T.);
#2768=FACE_BOUND('',#2513,.T.);
#2769=FACE_BOUND('',#2514,.T.);
#2770=FACE_BOUND('',#2515,.T.);
#2771=FACE_BOUND('',#2516,.T.);
#2772=FACE_BOUND('',#2517,.T.);
#2773=FACE_BOUND('',#2518,.T.);
#2774=FACE_BOUND('',#2519,.T.);
#2775=FACE_BOUND('',#2520,.T.);
#2776=FACE_BOUND('',#2521,.T.);
#2777=FACE_BOUND('',#2522,.T.);
#2778=FACE_BOUND('',#2523,.T.);
#2779=FACE_BOUND('',#2524,.T.);
#2780=FACE_BOUND('',#2525,.T.);
#2781=FACE_BOUND('',#2526,.T.);
#2782=FACE_BOUND('',#2527,.T.);
#2783=FACE_BOUND('',#2528,.T.);
#2784=FACE_BOUND('',#2529,.T.);
#2785=FACE_BOUND('',#2530,.T.);
#2786=FACE_BOUND('',#2531,.T.);
#2787=FACE_BOUND('',#2532,.T.);
#2788=FACE_BOUND('',#2533,.T.);
#2789=FACE_BOUND('',#2534,.T.);
#2790=FACE_BOUND('',#2535,.T.);
#2791=FACE_BOUND('',#2536,.T.);
#2792=FACE_BOUND('',#2537,.T.);
#2793=FACE_BOUND('',#2538,.T.);
#2794=FACE_BOUND('',#2539,.T.);
#2795=FACE_BOUND('',#2540,.T.);
#2796=FACE_BOUND('',#2541,.T.);
#2797=FACE_BOUND('',#2542,.T.);
#2798=FACE_BOUND('',#2543,.T.);
#2799=FACE_BOUND('',#2544,.T.);
#2800=FACE_BOUND('',#2545,.T.);
#2801=FACE_BOUND('',#2546,.T.);
#2802=FACE_BOUND('',#2547,.T.);
#2803=FACE_BOUND('',#2548,.T.);
#2804=FACE_BOUND('',#2549,.T.);
#2805=FACE_BOUND('',#2550,.T.);
#2806=FACE_BOUND('',#2551,.T.);
#2807=FACE_BOUND('',#2552,.T.);
#2808=FACE_BOUND('',#2553,.T.);
#2809=FACE_BOUND('',#2554,.T.);
#2810=FACE_BOUND('',#2555,.T.);
#2811=FACE_BOUND('',#2556,.T.);
#2812=FACE_BOUND('',#2557,.T.);
#2813=FACE_BOUND('',#2558,.T.);
#2814=FACE_BOUND('',#2559,.T.);
#2815=FACE_BOUND('',#2560,.T.);
#2816=FACE_BOUND('',#2561,.T.);
#2817=FACE_BOUND('',#2562,.T.);
#2818=FACE_BOUND('',#2563,.T.);
#2819=FACE_BOUND('',#2564,.T.);
#2820=FACE_BOUND('',#2565,.T.);
#2821=FACE_BOUND('',#2566,.T.);
#2822=FACE_BOUND('',#2567,.T.);
#2823=FACE_BOUND('',#2568,.T.);
#2824=FACE_BOUND('',#2569,.T.);
#2825=FACE_BOUND('',#2570,.T.);
#2826=FACE_BOUND('',#2571,.T.);
#2827=FACE_BOUND('',#2572,.T.);
#2828=FACE_BOUND('',#2573,.T.);
#2829=FACE_BOUND('',#2574,.T.);
#2830=FACE_BOUND('',#2575,.T.);
#2831=FACE_BOUND('',#2576,.T.);
#2832=FACE_BOUND('',#2577,.T.);
#2833=FACE_BOUND('',#2578,.T.);
#2834=FACE_BOUND('',#2579,.T.);
#2835=FACE_BOUND('',#2580,.T.);
#2836=FACE_BOUND('',#2581,.T.);
#2837=FACE_BOUND('',#2582,.T.);
#2838=FACE_BOUND('',#2583,.T.);
#2839=FACE_BOUND('',#2584,.T.);
#2840=FACE_BOUND('',#2585,.T.);
#2841=FACE_BOUND('',#2586,.T.);
#2842=FACE_BOUND('',#2587,.T.);
#2843=FACE_BOUND('',#2588,.T.);
#2844=FACE_BOUND('',#2589,.T.);
#2845=FACE_BOUND('',#2590,.T.);
#2846=FACE_BOUND('',#2591,.T.);
#2847=FACE_BOUND('',#2592,.T.);
#2848=FACE_BOUND('',#2593,.T.);
#2849=FACE_BOUND('',#2594,.T.);
#2850=FACE_BOUND('',#2595,.T.);
#2851=FACE_BOUND('',#2596,.T.);
#2852=FACE_BOUND('',#2597,.T.);
#2853=FACE_BOUND('',#2598,.T.);
#2854=FACE_BOUND('',#2599,.T.);
#2855=FACE_BOUND('',#2600,.T.);
#2856=FACE_BOUND('',#2601,.T.);
#2857=FACE_BOUND('',#2602,.T.);
#2858=FACE_BOUND('',#2603,.T.);
#2859=FACE_BOUND('',#2604,.T.);
#2860=FACE_BOUND('',#2605,.T.);
#2861=FACE_BOUND('',#2606,.T.);
#2862=FACE_BOUND('',#2607,.T.);
#2863=FACE_BOUND('',#2608,.T.);
#2864=FACE_BOUND('',#2609,.T.);
#2865=FACE_BOUND('',#2610,.T.);
#2866=FACE_BOUND('',#2611,.T.);
#2867=FACE_BOUND('',#2612,.T.);
#2868=FACE_BOUND('',#2613,.T.);
#2869=CYLINDRICAL_SURFACE('',#4359,2.77777777777778);
#2870=CYLINDRICAL_SURFACE('',#4376,0.555555555555556);
#2871=CYLINDRICAL_SURFACE('',#4379,0.694444444444444);
#2872=CYLINDRICAL_SURFACE('',#4383,1.11111111111111);
#2873=CYLINDRICAL_SURFACE('',#4385,1.25);
#2874=CYLINDRICAL_SURFACE('',#4388,1.94444444444444);
#2875=CYLINDRICAL_SURFACE('',#4390,2.08333333333333);
#2876=CYLINDRICAL_SURFACE('',#4393,2.77777777777778);
#2877=CYLINDRICAL_SURFACE('',#4395,2.91666666666667);
#2878=CYLINDRICAL_SURFACE('',#4400,3.33333333333333);
#2879=CYLINDRICAL_SURFACE('',#4402,3.47222222222222);
#2880=CYLINDRICAL_SURFACE('',#4408,4.13888888888889);
#2881=CYLINDRICAL_SURFACE('',#4411,0.4);
#2882=CYLINDRICAL_SURFACE('',#4413,0.4);
#2883=CYLINDRICAL_SURFACE('',#4420,4.89);
#2884=CYLINDRICAL_SURFACE('',#4427,4.47676056338028);
#2885=CYLINDRICAL_SURFACE('',#4431,4.89);
#2886=CYLINDRICAL_SURFACE('',#4437,4.72470422535212);
#2887=CYLINDRICAL_SURFACE('',#4464,5.);
#2888=CYLINDRICAL_SURFACE('',#4473,4.9);
#2889=CYLINDRICAL_SURFACE('',#4479,4.73470422535211);
#2890=CYLINDRICAL_SURFACE('',#4485,4.9);
#2891=CYLINDRICAL_SURFACE('',#4491,3.61111111111111);
#2892=CYLINDRICAL_SURFACE('',#4497,5.);
#2893=CYLINDRICAL_SURFACE('',#4503,4.83470422535212);
#2894=CYLINDRICAL_SURFACE('',#4510,4.47676056338028);
#2895=STYLED_ITEM('',(#3075),#4159);
#2896=STYLED_ITEM('',(#3076),#4160);
#2897=STYLED_ITEM('',(#3077),#4161);
#2898=STYLED_ITEM('',(#3078),#4162);
#2899=STYLED_ITEM('',(#3079),#4163);
#2900=STYLED_ITEM('',(#3080),#4164);
#2901=STYLED_ITEM('',(#3081),#4165);
#2902=STYLED_ITEM('',(#3082),#4166);
#2903=STYLED_ITEM('',(#3083),#4167);
#2904=STYLED_ITEM('',(#3084),#4168);
#2905=STYLED_ITEM('',(#3085),#4169);
#2906=STYLED_ITEM('',(#3086),#4170);
#2907=STYLED_ITEM('',(#3087),#4171);
#2908=STYLED_ITEM('',(#3088),#4172);
#2909=STYLED_ITEM('',(#3089),#4173);
#2910=STYLED_ITEM('',(#3090),#4174);
#2911=STYLED_ITEM('',(#3091),#4175);
#2912=STYLED_ITEM('',(#3092),#4176);
#2913=STYLED_ITEM('',(#3093),#4177);
#2914=STYLED_ITEM('',(#3094),#4178);
#2915=STYLED_ITEM('',(#3095),#4179);
#2916=STYLED_ITEM('',(#3096),#4180);
#2917=STYLED_ITEM('',(#3097),#4181);
#2918=STYLED_ITEM('',(#3098),#4182);
#2919=STYLED_ITEM('',(#3099),#4183);
#2920=STYLED_ITEM('',(#3100),#4184);
#2921=STYLED_ITEM('',(#3101),#4185);
#2922=STYLED_ITEM('',(#3102),#4186);
#2923=STYLED_ITEM('',(#3103),#4354);
#2924=STYLED_ITEM('',(#3104),#4199);
#2925=STYLED_ITEM('',(#3105),#4200);
#2926=STYLED_ITEM('',(#3106),#4201);
#2927=STYLED_ITEM('',(#3107),#4202);
#2928=STYLED_ITEM('',(#3108),#4203);
#2929=STYLED_ITEM('',(#3109),#4204);
#2930=STYLED_ITEM('',(#3110),#4205);
#2931=STYLED_ITEM('',(#3111),#4206);
#2932=STYLED_ITEM('',(#3112),#4207);
#2933=STYLED_ITEM('',(#3113),#4208);
#2934=STYLED_ITEM('',(#3114),#4209);
#2935=STYLED_ITEM('',(#3115),#4210);
#2936=STYLED_ITEM('',(#3116),#4211);
#2937=STYLED_ITEM('',(#3117),#4212);
#2938=STYLED_ITEM('',(#3118),#4213);
#2939=STYLED_ITEM('',(#3119),#4214);
#2940=STYLED_ITEM('',(#3120),#4215);
#2941=STYLED_ITEM('',(#3121),#4216);
#2942=STYLED_ITEM('',(#3122),#4217);
#2943=STYLED_ITEM('',(#3123),#4218);
#2944=STYLED_ITEM('',(#3124),#4219);
#2945=STYLED_ITEM('',(#3125),#4220);
#2946=STYLED_ITEM('',(#3126),#4221);
#2947=STYLED_ITEM('',(#3127),#4222);
#2948=STYLED_ITEM('',(#3128),#4223);
#2949=STYLED_ITEM('',(#3129),#4224);
#2950=STYLED_ITEM('',(#3130),#4225);
#2951=STYLED_ITEM('',(#3131),#4226);
#2952=STYLED_ITEM('',(#3132),#4227);
#2953=STYLED_ITEM('',(#3133),#4228);
#2954=STYLED_ITEM('',(#3134),#4229);
#2955=STYLED_ITEM('',(#3135),#4230);
#2956=STYLED_ITEM('',(#3136),#4231);
#2957=STYLED_ITEM('',(#3137),#4232);
#2958=STYLED_ITEM('',(#3138),#4233);
#2959=STYLED_ITEM('',(#3139),#4234);
#2960=STYLED_ITEM('',(#3140),#4235);
#2961=STYLED_ITEM('',(#3141),#4236);
#2962=STYLED_ITEM('',(#3142),#4237);
#2963=STYLED_ITEM('',(#3143),#4238);
#2964=STYLED_ITEM('',(#3144),#4239);
#2965=STYLED_ITEM('',(#3145),#4240);
#2966=STYLED_ITEM('',(#3146),#4241);
#2967=STYLED_ITEM('',(#3147),#4242);
#2968=STYLED_ITEM('',(#3148),#4243);
#2969=STYLED_ITEM('',(#3149),#4244);
#2970=STYLED_ITEM('',(#3150),#4245);
#2971=STYLED_ITEM('',(#3151),#4246);
#2972=STYLED_ITEM('',(#3152),#4247);
#2973=STYLED_ITEM('',(#3153),#4248);
#2974=STYLED_ITEM('',(#3154),#4249);
#2975=STYLED_ITEM('',(#3155),#4250);
#2976=STYLED_ITEM('',(#3156),#4251);
#2977=STYLED_ITEM('',(#3157),#4252);
#2978=STYLED_ITEM('',(#3158),#4253);
#2979=STYLED_ITEM('',(#3159),#4254);
#2980=STYLED_ITEM('',(#3160),#4255);
#2981=STYLED_ITEM('',(#3161),#4256);
#2982=STYLED_ITEM('',(#3162),#4257);
#2983=STYLED_ITEM('',(#3163),#4258);
#2984=STYLED_ITEM('',(#3164),#4259);
#2985=STYLED_ITEM('',(#3165),#4260);
#2986=STYLED_ITEM('',(#3166),#4261);
#2987=STYLED_ITEM('',(#3167),#4262);
#2988=STYLED_ITEM('',(#3168),#4263);
#2989=STYLED_ITEM('',(#3169),#4264);
#2990=STYLED_ITEM('',(#3170),#4265);
#2991=STYLED_ITEM('',(#3171),#4266);
#2992=STYLED_ITEM('',(#3172),#4267);
#2993=STYLED_ITEM('',(#3173),#4268);
#2994=STYLED_ITEM('',(#3174),#4269);
#2995=STYLED_ITEM('',(#3175),#4270);
#2996=STYLED_ITEM('',(#3176),#4271);
#2997=STYLED_ITEM('',(#3177),#4272);
#2998=STYLED_ITEM('',(#3178),#4273);
#2999=STYLED_ITEM('',(#3179),#4274);
#3000=STYLED_ITEM('',(#3180),#4275);
#3001=STYLED_ITEM('',(#3181),#4276);
#3002=STYLED_ITEM('',(#3182),#4277);
#3003=STYLED_ITEM('',(#3183),#4278);
#3004=STYLED_ITEM('',(#3184),#4279);
#3005=STYLED_ITEM('',(#3185),#4280);
#3006=STYLED_ITEM('',(#3186),#4281);
#3007=STYLED_ITEM('',(#3187),#4282);
#3008=STYLED_ITEM('',(#3188),#4283);
#3009=STYLED_ITEM('',(#3189),#4284);
#3010=STYLED_ITEM('',(#3190),#4285);
#3011=STYLED_ITEM('',(#3191),#4286);
#3012=STYLED_ITEM('',(#3192),#4287);
#3013=STYLED_ITEM('',(#3193),#4288);
#3014=STYLED_ITEM('',(#3194),#4289);
#3015=STYLED_ITEM('',(#3195),#4290);
#3016=STYLED_ITEM('',(#3196),#4291);
#3017=STYLED_ITEM('',(#3197),#4292);
#3018=STYLED_ITEM('',(#3198),#4293);
#3019=STYLED_ITEM('',(#3199),#4294);
#3020=STYLED_ITEM('',(#3200),#4295);
#3021=STYLED_ITEM('',(#3201),#4296);
#3022=STYLED_ITEM('',(#3202),#4297);
#3023=STYLED_ITEM('',(#3203),#4298);
#3024=STYLED_ITEM('',(#3204),#4299);
#3025=STYLED_ITEM('',(#3205),#4300);
#3026=STYLED_ITEM('',(#3206),#4301);
#3027=STYLED_ITEM('',(#3207),#4302);
#3028=STYLED_ITEM('',(#3208),#4303);
#3029=STYLED_ITEM('',(#3209),#4304);
#3030=STYLED_ITEM('',(#3210),#4305);
#3031=STYLED_ITEM('',(#3211),#4306);
#3032=STYLED_ITEM('',(#3212),#4307);
#3033=STYLED_ITEM('',(#3213),#4308);
#3034=STYLED_ITEM('',(#3214),#4309);
#3035=STYLED_ITEM('',(#3215),#4310);
#3036=STYLED_ITEM('',(#3216),#4311);
#3037=STYLED_ITEM('',(#3217),#4312);
#3038=STYLED_ITEM('',(#3218),#4313);
#3039=STYLED_ITEM('',(#3219),#4314);
#3040=STYLED_ITEM('',(#3220),#4315);
#3041=STYLED_ITEM('',(#3221),#4316);
#3042=STYLED_ITEM('',(#3222),#4317);
#3043=STYLED_ITEM('',(#3223),#4318);
#3044=STYLED_ITEM('',(#3224),#4319);
#3045=STYLED_ITEM('',(#3225),#4320);
#3046=STYLED_ITEM('',(#3226),#4321);
#3047=STYLED_ITEM('',(#3227),#4322);
#3048=STYLED_ITEM('',(#3228),#4323);
#3049=STYLED_ITEM('',(#3229),#4324);
#3050=STYLED_ITEM('',(#3230),#4325);
#3051=STYLED_ITEM('',(#3231),#4326);
#3052=STYLED_ITEM('',(#3232),#4327);
#3053=STYLED_ITEM('',(#3233),#4328);
#3054=STYLED_ITEM('',(#3234),#4329);
#3055=STYLED_ITEM('',(#3235),#4330);
#3056=STYLED_ITEM('',(#3236),#4331);
#3057=STYLED_ITEM('',(#3237),#4332);
#3058=STYLED_ITEM('',(#3238),#4333);
#3059=STYLED_ITEM('',(#3239),#4334);
#3060=STYLED_ITEM('',(#3240),#4335);
#3061=STYLED_ITEM('',(#3241),#4336);
#3062=STYLED_ITEM('',(#3242),#4337);
#3063=STYLED_ITEM('',(#3243),#4338);
#3064=STYLED_ITEM('',(#3244),#4339);
#3065=STYLED_ITEM('',(#3245),#4340);
#3066=STYLED_ITEM('',(#3246),#4341);
#3067=STYLED_ITEM('',(#3247),#4342);
#3068=STYLED_ITEM('',(#3248),#4343);
#3069=STYLED_ITEM('',(#3249),#4344);
#3070=STYLED_ITEM('',(#3250),#4345);
#3071=STYLED_ITEM('',(#3251),#4346);
#3072=STYLED_ITEM('',(#3252),#4347);
#3073=STYLED_ITEM('',(#3253),#4348);
#3074=STYLED_ITEM('',(#3254),#4349);
#3075=PRESENTATION_STYLE_ASSIGNMENT((#3255));
#3076=PRESENTATION_STYLE_ASSIGNMENT((#3256));
#3077=PRESENTATION_STYLE_ASSIGNMENT((#3257));
#3078=PRESENTATION_STYLE_ASSIGNMENT((#3258));
#3079=PRESENTATION_STYLE_ASSIGNMENT((#3259));
#3080=PRESENTATION_STYLE_ASSIGNMENT((#3260));
#3081=PRESENTATION_STYLE_ASSIGNMENT((#3261));
#3082=PRESENTATION_STYLE_ASSIGNMENT((#3262));
#3083=PRESENTATION_STYLE_ASSIGNMENT((#3263));
#3084=PRESENTATION_STYLE_ASSIGNMENT((#3264));
#3085=PRESENTATION_STYLE_ASSIGNMENT((#3265));
#3086=PRESENTATION_STYLE_ASSIGNMENT((#3266));
#3087=PRESENTATION_STYLE_ASSIGNMENT((#3267));
#3088=PRESENTATION_STYLE_ASSIGNMENT((#3268));
#3089=PRESENTATION_STYLE_ASSIGNMENT((#3269));
#3090=PRESENTATION_STYLE_ASSIGNMENT((#3270));
#3091=PRESENTATION_STYLE_ASSIGNMENT((#3271));
#3092=PRESENTATION_STYLE_ASSIGNMENT((#3272));
#3093=PRESENTATION_STYLE_ASSIGNMENT((#3273));
#3094=PRESENTATION_STYLE_ASSIGNMENT((#3274));
#3095=PRESENTATION_STYLE_ASSIGNMENT((#3275));
#3096=PRESENTATION_STYLE_ASSIGNMENT((#3276));
#3097=PRESENTATION_STYLE_ASSIGNMENT((#3277));
#3098=PRESENTATION_STYLE_ASSIGNMENT((#3278));
#3099=PRESENTATION_STYLE_ASSIGNMENT((#3279));
#3100=PRESENTATION_STYLE_ASSIGNMENT((#3280));
#3101=PRESENTATION_STYLE_ASSIGNMENT((#3281));
#3102=PRESENTATION_STYLE_ASSIGNMENT((#3282));
#3103=PRESENTATION_STYLE_ASSIGNMENT((#3283));
#3104=PRESENTATION_STYLE_ASSIGNMENT((#3284));
#3105=PRESENTATION_STYLE_ASSIGNMENT((#3285));
#3106=PRESENTATION_STYLE_ASSIGNMENT((#3286));
#3107=PRESENTATION_STYLE_ASSIGNMENT((#3287));
#3108=PRESENTATION_STYLE_ASSIGNMENT((#3288));
#3109=PRESENTATION_STYLE_ASSIGNMENT((#3289));
#3110=PRESENTATION_STYLE_ASSIGNMENT((#3290));
#3111=PRESENTATION_STYLE_ASSIGNMENT((#3291));
#3112=PRESENTATION_STYLE_ASSIGNMENT((#3292));
#3113=PRESENTATION_STYLE_ASSIGNMENT((#3293));
#3114=PRESENTATION_STYLE_ASSIGNMENT((#3294));
#3115=PRESENTATION_STYLE_ASSIGNMENT((#3295));
#3116=PRESENTATION_STYLE_ASSIGNMENT((#3296));
#3117=PRESENTATION_STYLE_ASSIGNMENT((#3297));
#3118=PRESENTATION_STYLE_ASSIGNMENT((#3298));
#3119=PRESENTATION_STYLE_ASSIGNMENT((#3299));
#3120=PRESENTATION_STYLE_ASSIGNMENT((#3300));
#3121=PRESENTATION_STYLE_ASSIGNMENT((#3301));
#3122=PRESENTATION_STYLE_ASSIGNMENT((#3302));
#3123=PRESENTATION_STYLE_ASSIGNMENT((#3303));
#3124=PRESENTATION_STYLE_ASSIGNMENT((#3304));
#3125=PRESENTATION_STYLE_ASSIGNMENT((#3305));
#3126=PRESENTATION_STYLE_ASSIGNMENT((#3306));
#3127=PRESENTATION_STYLE_ASSIGNMENT((#3307));
#3128=PRESENTATION_STYLE_ASSIGNMENT((#3308));
#3129=PRESENTATION_STYLE_ASSIGNMENT((#3309));
#3130=PRESENTATION_STYLE_ASSIGNMENT((#3310));
#3131=PRESENTATION_STYLE_ASSIGNMENT((#3311));
#3132=PRESENTATION_STYLE_ASSIGNMENT((#3312));
#3133=PRESENTATION_STYLE_ASSIGNMENT((#3313));
#3134=PRESENTATION_STYLE_ASSIGNMENT((#3314));
#3135=PRESENTATION_STYLE_ASSIGNMENT((#3315));
#3136=PRESENTATION_STYLE_ASSIGNMENT((#3316));
#3137=PRESENTATION_STYLE_ASSIGNMENT((#3317));
#3138=PRESENTATION_STYLE_ASSIGNMENT((#3318));
#3139=PRESENTATION_STYLE_ASSIGNMENT((#3319));
#3140=PRESENTATION_STYLE_ASSIGNMENT((#3320));
#3141=PRESENTATION_STYLE_ASSIGNMENT((#3321));
#3142=PRESENTATION_STYLE_ASSIGNMENT((#3322));
#3143=PRESENTATION_STYLE_ASSIGNMENT((#3323));
#3144=PRESENTATION_STYLE_ASSIGNMENT((#3324));
#3145=PRESENTATION_STYLE_ASSIGNMENT((#3325));
#3146=PRESENTATION_STYLE_ASSIGNMENT((#3326));
#3147=PRESENTATION_STYLE_ASSIGNMENT((#3327));
#3148=PRESENTATION_STYLE_ASSIGNMENT((#3328));
#3149=PRESENTATION_STYLE_ASSIGNMENT((#3329));
#3150=PRESENTATION_STYLE_ASSIGNMENT((#3330));
#3151=PRESENTATION_STYLE_ASSIGNMENT((#3331));
#3152=PRESENTATION_STYLE_ASSIGNMENT((#3332));
#3153=PRESENTATION_STYLE_ASSIGNMENT((#3333));
#3154=PRESENTATION_STYLE_ASSIGNMENT((#3334));
#3155=PRESENTATION_STYLE_ASSIGNMENT((#3335));
#3156=PRESENTATION_STYLE_ASSIGNMENT((#3336));
#3157=PRESENTATION_STYLE_ASSIGNMENT((#3337));
#3158=PRESENTATION_STYLE_ASSIGNMENT((#3338));
#3159=PRESENTATION_STYLE_ASSIGNMENT((#3339));
#3160=PRESENTATION_STYLE_ASSIGNMENT((#3340));
#3161=PRESENTATION_STYLE_ASSIGNMENT((#3341));
#3162=PRESENTATION_STYLE_ASSIGNMENT((#3342));
#3163=PRESENTATION_STYLE_ASSIGNMENT((#3343));
#3164=PRESENTATION_STYLE_ASSIGNMENT((#3344));
#3165=PRESENTATION_STYLE_ASSIGNMENT((#3345));
#3166=PRESENTATION_STYLE_ASSIGNMENT((#3346));
#3167=PRESENTATION_STYLE_ASSIGNMENT((#3347));
#3168=PRESENTATION_STYLE_ASSIGNMENT((#3348));
#3169=PRESENTATION_STYLE_ASSIGNMENT((#3349));
#3170=PRESENTATION_STYLE_ASSIGNMENT((#3350));
#3171=PRESENTATION_STYLE_ASSIGNMENT((#3351));
#3172=PRESENTATION_STYLE_ASSIGNMENT((#3352));
#3173=PRESENTATION_STYLE_ASSIGNMENT((#3353));
#3174=PRESENTATION_STYLE_ASSIGNMENT((#3354));
#3175=PRESENTATION_STYLE_ASSIGNMENT((#3355));
#3176=PRESENTATION_STYLE_ASSIGNMENT((#3356));
#3177=PRESENTATION_STYLE_ASSIGNMENT((#3357));
#3178=PRESENTATION_STYLE_ASSIGNMENT((#3358));
#3179=PRESENTATION_STYLE_ASSIGNMENT((#3359));
#3180=PRESENTATION_STYLE_ASSIGNMENT((#3360));
#3181=PRESENTATION_STYLE_ASSIGNMENT((#3361));
#3182=PRESENTATION_STYLE_ASSIGNMENT((#3362));
#3183=PRESENTATION_STYLE_ASSIGNMENT((#3363));
#3184=PRESENTATION_STYLE_ASSIGNMENT((#3364));
#3185=PRESENTATION_STYLE_ASSIGNMENT((#3365));
#3186=PRESENTATION_STYLE_ASSIGNMENT((#3366));
#3187=PRESENTATION_STYLE_ASSIGNMENT((#3367));
#3188=PRESENTATION_STYLE_ASSIGNMENT((#3368));
#3189=PRESENTATION_STYLE_ASSIGNMENT((#3369));
#3190=PRESENTATION_STYLE_ASSIGNMENT((#3370));
#3191=PRESENTATION_STYLE_ASSIGNMENT((#3371));
#3192=PRESENTATION_STYLE_ASSIGNMENT((#3372));
#3193=PRESENTATION_STYLE_ASSIGNMENT((#3373));
#3194=PRESENTATION_STYLE_ASSIGNMENT((#3374));
#3195=PRESENTATION_STYLE_ASSIGNMENT((#3375));
#3196=PRESENTATION_STYLE_ASSIGNMENT((#3376));
#3197=PRESENTATION_STYLE_ASSIGNMENT((#3377));
#3198=PRESENTATION_STYLE_ASSIGNMENT((#3378));
#3199=PRESENTATION_STYLE_ASSIGNMENT((#3379));
#3200=PRESENTATION_STYLE_ASSIGNMENT((#3380));
#3201=PRESENTATION_STYLE_ASSIGNMENT((#3381));
#3202=PRESENTATION_STYLE_ASSIGNMENT((#3382));
#3203=PRESENTATION_STYLE_ASSIGNMENT((#3383));
#3204=PRESENTATION_STYLE_ASSIGNMENT((#3384));
#3205=PRESENTATION_STYLE_ASSIGNMENT((#3385));
#3206=PRESENTATION_STYLE_ASSIGNMENT((#3386));
#3207=PRESENTATION_STYLE_ASSIGNMENT((#3387));
#3208=PRESENTATION_STYLE_ASSIGNMENT((#3388));
#3209=PRESENTATION_STYLE_ASSIGNMENT((#3389));
#3210=PRESENTATION_STYLE_ASSIGNMENT((#3390));
#3211=PRESENTATION_STYLE_ASSIGNMENT((#3391));
#3212=PRESENTATION_STYLE_ASSIGNMENT((#3392));
#3213=PRESENTATION_STYLE_ASSIGNMENT((#3393));
#3214=PRESENTATION_STYLE_ASSIGNMENT((#3394));
#3215=PRESENTATION_STYLE_ASSIGNMENT((#3395));
#3216=PRESENTATION_STYLE_ASSIGNMENT((#3396));
#3217=PRESENTATION_STYLE_ASSIGNMENT((#3397));
#3218=PRESENTATION_STYLE_ASSIGNMENT((#3398));
#3219=PRESENTATION_STYLE_ASSIGNMENT((#3399));
#3220=PRESENTATION_STYLE_ASSIGNMENT((#3400));
#3221=PRESENTATION_STYLE_ASSIGNMENT((#3401));
#3222=PRESENTATION_STYLE_ASSIGNMENT((#3402));
#3223=PRESENTATION_STYLE_ASSIGNMENT((#3403));
#3224=PRESENTATION_STYLE_ASSIGNMENT((#3404));
#3225=PRESENTATION_STYLE_ASSIGNMENT((#3405));
#3226=PRESENTATION_STYLE_ASSIGNMENT((#3406));
#3227=PRESENTATION_STYLE_ASSIGNMENT((#3407));
#3228=PRESENTATION_STYLE_ASSIGNMENT((#3408));
#3229=PRESENTATION_STYLE_ASSIGNMENT((#3409));
#3230=PRESENTATION_STYLE_ASSIGNMENT((#3410));
#3231=PRESENTATION_STYLE_ASSIGNMENT((#3411));
#3232=PRESENTATION_STYLE_ASSIGNMENT((#3412));
#3233=PRESENTATION_STYLE_ASSIGNMENT((#3413));
#3234=PRESENTATION_STYLE_ASSIGNMENT((#3414));
#3235=PRESENTATION_STYLE_ASSIGNMENT((#3415));
#3236=PRESENTATION_STYLE_ASSIGNMENT((#3416));
#3237=PRESENTATION_STYLE_ASSIGNMENT((#3417));
#3238=PRESENTATION_STYLE_ASSIGNMENT((#3418));
#3239=PRESENTATION_STYLE_ASSIGNMENT((#3419));
#3240=PRESENTATION_STYLE_ASSIGNMENT((#3420));
#3241=PRESENTATION_STYLE_ASSIGNMENT((#3421));
#3242=PRESENTATION_STYLE_ASSIGNMENT((#3422));
#3243=PRESENTATION_STYLE_ASSIGNMENT((#3423));
#3244=PRESENTATION_STYLE_ASSIGNMENT((#3424));
#3245=PRESENTATION_STYLE_ASSIGNMENT((#3425));
#3246=PRESENTATION_STYLE_ASSIGNMENT((#3426));
#3247=PRESENTATION_STYLE_ASSIGNMENT((#3427));
#3248=PRESENTATION_STYLE_ASSIGNMENT((#3428));
#3249=PRESENTATION_STYLE_ASSIGNMENT((#3429));
#3250=PRESENTATION_STYLE_ASSIGNMENT((#3430));
#3251=PRESENTATION_STYLE_ASSIGNMENT((#3431));
#3252=PRESENTATION_STYLE_ASSIGNMENT((#3432));
#3253=PRESENTATION_STYLE_ASSIGNMENT((#3433));
#3254=PRESENTATION_STYLE_ASSIGNMENT((#3434));
#3255=SURFACE_STYLE_USAGE(.BOTH.,#3435);
#3256=SURFACE_STYLE_USAGE(.BOTH.,#3436);
#3257=SURFACE_STYLE_USAGE(.BOTH.,#3437);
#3258=SURFACE_STYLE_USAGE(.BOTH.,#3438);
#3259=SURFACE_STYLE_USAGE(.BOTH.,#3439);
#3260=SURFACE_STYLE_USAGE(.BOTH.,#3440);
#3261=SURFACE_STYLE_USAGE(.BOTH.,#3441);
#3262=SURFACE_STYLE_USAGE(.BOTH.,#3442);
#3263=SURFACE_STYLE_USAGE(.BOTH.,#3443);
#3264=SURFACE_STYLE_USAGE(.BOTH.,#3444);
#3265=SURFACE_STYLE_USAGE(.BOTH.,#3445);
#3266=SURFACE_STYLE_USAGE(.BOTH.,#3446);
#3267=SURFACE_STYLE_USAGE(.BOTH.,#3447);
#3268=SURFACE_STYLE_USAGE(.BOTH.,#3448);
#3269=SURFACE_STYLE_USAGE(.BOTH.,#3449);
#3270=SURFACE_STYLE_USAGE(.BOTH.,#3450);
#3271=SURFACE_STYLE_USAGE(.BOTH.,#3451);
#3272=SURFACE_STYLE_USAGE(.BOTH.,#3452);
#3273=SURFACE_STYLE_USAGE(.BOTH.,#3453);
#3274=SURFACE_STYLE_USAGE(.BOTH.,#3454);
#3275=SURFACE_STYLE_USAGE(.BOTH.,#3455);
#3276=SURFACE_STYLE_USAGE(.BOTH.,#3456);
#3277=SURFACE_STYLE_USAGE(.BOTH.,#3457);
#3278=SURFACE_STYLE_USAGE(.BOTH.,#3458);
#3279=SURFACE_STYLE_USAGE(.BOTH.,#3459);
#3280=SURFACE_STYLE_USAGE(.BOTH.,#3460);
#3281=SURFACE_STYLE_USAGE(.BOTH.,#3461);
#3282=SURFACE_STYLE_USAGE(.BOTH.,#3462);
#3283=SURFACE_STYLE_USAGE(.BOTH.,#3463);
#3284=SURFACE_STYLE_USAGE(.BOTH.,#3464);
#3285=SURFACE_STYLE_USAGE(.BOTH.,#3465);
#3286=SURFACE_STYLE_USAGE(.BOTH.,#3466);
#3287=SURFACE_STYLE_USAGE(.BOTH.,#3467);
#3288=SURFACE_STYLE_USAGE(.BOTH.,#3468);
#3289=SURFACE_STYLE_USAGE(.BOTH.,#3469);
#3290=SURFACE_STYLE_USAGE(.BOTH.,#3470);
#3291=SURFACE_STYLE_USAGE(.BOTH.,#3471);
#3292=SURFACE_STYLE_USAGE(.BOTH.,#3472);
#3293=SURFACE_STYLE_USAGE(.BOTH.,#3473);
#3294=SURFACE_STYLE_USAGE(.BOTH.,#3474);
#3295=SURFACE_STYLE_USAGE(.BOTH.,#3475);
#3296=SURFACE_STYLE_USAGE(.BOTH.,#3476);
#3297=SURFACE_STYLE_USAGE(.BOTH.,#3477);
#3298=SURFACE_STYLE_USAGE(.BOTH.,#3478);
#3299=SURFACE_STYLE_USAGE(.BOTH.,#3479);
#3300=SURFACE_STYLE_USAGE(.BOTH.,#3480);
#3301=SURFACE_STYLE_USAGE(.BOTH.,#3481);
#3302=SURFACE_STYLE_USAGE(.BOTH.,#3482);
#3303=SURFACE_STYLE_USAGE(.BOTH.,#3483);
#3304=SURFACE_STYLE_USAGE(.BOTH.,#3484);
#3305=SURFACE_STYLE_USAGE(.BOTH.,#3485);
#3306=SURFACE_STYLE_USAGE(.BOTH.,#3486);
#3307=SURFACE_STYLE_USAGE(.BOTH.,#3487);
#3308=SURFACE_STYLE_USAGE(.BOTH.,#3488);
#3309=SURFACE_STYLE_USAGE(.BOTH.,#3489);
#3310=SURFACE_STYLE_USAGE(.BOTH.,#3490);
#3311=SURFACE_STYLE_USAGE(.BOTH.,#3491);
#3312=SURFACE_STYLE_USAGE(.BOTH.,#3492);
#3313=SURFACE_STYLE_USAGE(.BOTH.,#3493);
#3314=SURFACE_STYLE_USAGE(.BOTH.,#3494);
#3315=SURFACE_STYLE_USAGE(.BOTH.,#3495);
#3316=SURFACE_STYLE_USAGE(.BOTH.,#3496);
#3317=SURFACE_STYLE_USAGE(.BOTH.,#3497);
#3318=SURFACE_STYLE_USAGE(.BOTH.,#3498);
#3319=SURFACE_STYLE_USAGE(.BOTH.,#3499);
#3320=SURFACE_STYLE_USAGE(.BOTH.,#3500);
#3321=SURFACE_STYLE_USAGE(.BOTH.,#3501);
#3322=SURFACE_STYLE_USAGE(.BOTH.,#3502);
#3323=SURFACE_STYLE_USAGE(.BOTH.,#3503);
#3324=SURFACE_STYLE_USAGE(.BOTH.,#3504);
#3325=SURFACE_STYLE_USAGE(.BOTH.,#3505);
#3326=SURFACE_STYLE_USAGE(.BOTH.,#3506);
#3327=SURFACE_STYLE_USAGE(.BOTH.,#3507);
#3328=SURFACE_STYLE_USAGE(.BOTH.,#3508);
#3329=SURFACE_STYLE_USAGE(.BOTH.,#3509);
#3330=SURFACE_STYLE_USAGE(.BOTH.,#3510);
#3331=SURFACE_STYLE_USAGE(.BOTH.,#3511);
#3332=SURFACE_STYLE_USAGE(.BOTH.,#3512);
#3333=SURFACE_STYLE_USAGE(.BOTH.,#3513);
#3334=SURFACE_STYLE_USAGE(.BOTH.,#3514);
#3335=SURFACE_STYLE_USAGE(.BOTH.,#3515);
#3336=SURFACE_STYLE_USAGE(.BOTH.,#3516);
#3337=SURFACE_STYLE_USAGE(.BOTH.,#3517);
#3338=SURFACE_STYLE_USAGE(.BOTH.,#3518);
#3339=SURFACE_STYLE_USAGE(.BOTH.,#3519);
#3340=SURFACE_STYLE_USAGE(.BOTH.,#3520);
#3341=SURFACE_STYLE_USAGE(.BOTH.,#3521);
#3342=SURFACE_STYLE_USAGE(.BOTH.,#3522);
#3343=SURFACE_STYLE_USAGE(.BOTH.,#3523);
#3344=SURFACE_STYLE_USAGE(.BOTH.,#3524);
#3345=SURFACE_STYLE_USAGE(.BOTH.,#3525);
#3346=SURFACE_STYLE_USAGE(.BOTH.,#3526);
#3347=SURFACE_STYLE_USAGE(.BOTH.,#3527);
#3348=SURFACE_STYLE_USAGE(.BOTH.,#3528);
#3349=SURFACE_STYLE_USAGE(.BOTH.,#3529);
#3350=SURFACE_STYLE_USAGE(.BOTH.,#3530);
#3351=SURFACE_STYLE_USAGE(.BOTH.,#3531);
#3352=SURFACE_STYLE_USAGE(.BOTH.,#3532);
#3353=SURFACE_STYLE_USAGE(.BOTH.,#3533);
#3354=SURFACE_STYLE_USAGE(.BOTH.,#3534);
#3355=SURFACE_STYLE_USAGE(.BOTH.,#3535);
#3356=SURFACE_STYLE_USAGE(.BOTH.,#3536);
#3357=SURFACE_STYLE_USAGE(.BOTH.,#3537);
#3358=SURFACE_STYLE_USAGE(.BOTH.,#3538);
#3359=SURFACE_STYLE_USAGE(.BOTH.,#3539);
#3360=SURFACE_STYLE_USAGE(.BOTH.,#3540);
#3361=SURFACE_STYLE_USAGE(.BOTH.,#3541);
#3362=SURFACE_STYLE_USAGE(.BOTH.,#3542);
#3363=SURFACE_STYLE_USAGE(.BOTH.,#3543);
#3364=SURFACE_STYLE_USAGE(.BOTH.,#3544);
#3365=SURFACE_STYLE_USAGE(.BOTH.,#3545);
#3366=SURFACE_STYLE_USAGE(.BOTH.,#3546);
#3367=SURFACE_STYLE_USAGE(.BOTH.,#3547);
#3368=SURFACE_STYLE_USAGE(.BOTH.,#3548);
#3369=SURFACE_STYLE_USAGE(.BOTH.,#3549);
#3370=SURFACE_STYLE_USAGE(.BOTH.,#3550);
#3371=SURFACE_STYLE_USAGE(.BOTH.,#3551);
#3372=SURFACE_STYLE_USAGE(.BOTH.,#3552);
#3373=SURFACE_STYLE_USAGE(.BOTH.,#3553);
#3374=SURFACE_STYLE_USAGE(.BOTH.,#3554);
#3375=SURFACE_STYLE_USAGE(.BOTH.,#3555);
#3376=SURFACE_STYLE_USAGE(.BOTH.,#3556);
#3377=SURFACE_STYLE_USAGE(.BOTH.,#3557);
#3378=SURFACE_STYLE_USAGE(.BOTH.,#3558);
#3379=SURFACE_STYLE_USAGE(.BOTH.,#3559);
#3380=SURFACE_STYLE_USAGE(.BOTH.,#3560);
#3381=SURFACE_STYLE_USAGE(.BOTH.,#3561);
#3382=SURFACE_STYLE_USAGE(.BOTH.,#3562);
#3383=SURFACE_STYLE_USAGE(.BOTH.,#3563);
#3384=SURFACE_STYLE_USAGE(.BOTH.,#3564);
#3385=SURFACE_STYLE_USAGE(.BOTH.,#3565);
#3386=SURFACE_STYLE_USAGE(.BOTH.,#3566);
#3387=SURFACE_STYLE_USAGE(.BOTH.,#3567);
#3388=SURFACE_STYLE_USAGE(.BOTH.,#3568);
#3389=SURFACE_STYLE_USAGE(.BOTH.,#3569);
#3390=SURFACE_STYLE_USAGE(.BOTH.,#3570);
#3391=SURFACE_STYLE_USAGE(.BOTH.,#3571);
#3392=SURFACE_STYLE_USAGE(.BOTH.,#3572);
#3393=SURFACE_STYLE_USAGE(.BOTH.,#3573);
#3394=SURFACE_STYLE_USAGE(.BOTH.,#3574);
#3395=SURFACE_STYLE_USAGE(.BOTH.,#3575);
#3396=SURFACE_STYLE_USAGE(.BOTH.,#3576);
#3397=SURFACE_STYLE_USAGE(.BOTH.,#3577);
#3398=SURFACE_STYLE_USAGE(.BOTH.,#3578);
#3399=SURFACE_STYLE_USAGE(.BOTH.,#3579);
#3400=SURFACE_STYLE_USAGE(.BOTH.,#3580);
#3401=SURFACE_STYLE_USAGE(.BOTH.,#3581);
#3402=SURFACE_STYLE_USAGE(.BOTH.,#3582);
#3403=SURFACE_STYLE_USAGE(.BOTH.,#3583);
#3404=SURFACE_STYLE_USAGE(.BOTH.,#3584);
#3405=SURFACE_STYLE_USAGE(.BOTH.,#3585);
#3406=SURFACE_STYLE_USAGE(.BOTH.,#3586);
#3407=SURFACE_STYLE_USAGE(.BOTH.,#3587);
#3408=SURFACE_STYLE_USAGE(.BOTH.,#3588);
#3409=SURFACE_STYLE_USAGE(.BOTH.,#3589);
#3410=SURFACE_STYLE_USAGE(.BOTH.,#3590);
#3411=SURFACE_STYLE_USAGE(.BOTH.,#3591);
#3412=SURFACE_STYLE_USAGE(.BOTH.,#3592);
#3413=SURFACE_STYLE_USAGE(.BOTH.,#3593);
#3414=SURFACE_STYLE_USAGE(.BOTH.,#3594);
#3415=SURFACE_STYLE_USAGE(.BOTH.,#3595);
#3416=SURFACE_STYLE_USAGE(.BOTH.,#3596);
#3417=SURFACE_STYLE_USAGE(.BOTH.,#3597);
#3418=SURFACE_STYLE_USAGE(.BOTH.,#3598);
#3419=SURFACE_STYLE_USAGE(.BOTH.,#3599);
#3420=SURFACE_STYLE_USAGE(.BOTH.,#3600);
#3421=SURFACE_STYLE_USAGE(.BOTH.,#3601);
#3422=SURFACE_STYLE_USAGE(.BOTH.,#3602);
#3423=SURFACE_STYLE_USAGE(.BOTH.,#3603);
#3424=SURFACE_STYLE_USAGE(.BOTH.,#3604);
#3425=SURFACE_STYLE_USAGE(.BOTH.,#3605);
#3426=SURFACE_STYLE_USAGE(.BOTH.,#3606);
#3427=SURFACE_STYLE_USAGE(.BOTH.,#3607);
#3428=SURFACE_STYLE_USAGE(.BOTH.,#3608);
#3429=SURFACE_STYLE_USAGE(.BOTH.,#3609);
#3430=SURFACE_STYLE_USAGE(.BOTH.,#3610);
#3431=SURFACE_STYLE_USAGE(.BOTH.,#3611);
#3432=SURFACE_STYLE_USAGE(.BOTH.,#3612);
#3433=SURFACE_STYLE_USAGE(.BOTH.,#3613);
#3434=SURFACE_STYLE_USAGE(.BOTH.,#3614);
#3435=SURFACE_SIDE_STYLE('',(#3615));
#3436=SURFACE_SIDE_STYLE('',(#3616));
#3437=SURFACE_SIDE_STYLE('',(#3617));
#3438=SURFACE_SIDE_STYLE('',(#3618));
#3439=SURFACE_SIDE_STYLE('',(#3619));
#3440=SURFACE_SIDE_STYLE('',(#3620));
#3441=SURFACE_SIDE_STYLE('',(#3621));
#3442=SURFACE_SIDE_STYLE('',(#3622));
#3443=SURFACE_SIDE_STYLE('',(#3623));
#3444=SURFACE_SIDE_STYLE('',(#3624));
#3445=SURFACE_SIDE_STYLE('',(#3625));
#3446=SURFACE_SIDE_STYLE('',(#3626));
#3447=SURFACE_SIDE_STYLE('',(#3627));
#3448=SURFACE_SIDE_STYLE('',(#3628));
#3449=SURFACE_SIDE_STYLE('',(#3629));
#3450=SURFACE_SIDE_STYLE('',(#3630));
#3451=SURFACE_SIDE_STYLE('',(#3631));
#3452=SURFACE_SIDE_STYLE('',(#3632));
#3453=SURFACE_SIDE_STYLE('',(#3633));
#3454=SURFACE_SIDE_STYLE('',(#3634));
#3455=SURFACE_SIDE_STYLE('',(#3635));
#3456=SURFACE_SIDE_STYLE('',(#3636));
#3457=SURFACE_SIDE_STYLE('',(#3637));
#3458=SURFACE_SIDE_STYLE('',(#3638));
#3459=SURFACE_SIDE_STYLE('',(#3639));
#3460=SURFACE_SIDE_STYLE('',(#3640));
#3461=SURFACE_SIDE_STYLE('',(#3641));
#3462=SURFACE_SIDE_STYLE('',(#3642));
#3463=SURFACE_SIDE_STYLE('',(#3643));
#3464=SURFACE_SIDE_STYLE('',(#3644));
#3465=SURFACE_SIDE_STYLE('',(#3645));
#3466=SURFACE_SIDE_STYLE('',(#3646));
#3467=SURFACE_SIDE_STYLE('',(#3647));
#3468=SURFACE_SIDE_STYLE('',(#3648));
#3469=SURFACE_SIDE_STYLE('',(#3649));
#3470=SURFACE_SIDE_STYLE('',(#3650));
#3471=SURFACE_SIDE_STYLE('',(#3651));
#3472=SURFACE_SIDE_STYLE('',(#3652));
#3473=SURFACE_SIDE_STYLE('',(#3653));
#3474=SURFACE_SIDE_STYLE('',(#3654));
#3475=SURFACE_SIDE_STYLE('',(#3655));
#3476=SURFACE_SIDE_STYLE('',(#3656));
#3477=SURFACE_SIDE_STYLE('',(#3657));
#3478=SURFACE_SIDE_STYLE('',(#3658));
#3479=SURFACE_SIDE_STYLE('',(#3659));
#3480=SURFACE_SIDE_STYLE('',(#3660));
#3481=SURFACE_SIDE_STYLE('',(#3661));
#3482=SURFACE_SIDE_STYLE('',(#3662));
#3483=SURFACE_SIDE_STYLE('',(#3663));
#3484=SURFACE_SIDE_STYLE('',(#3664));
#3485=SURFACE_SIDE_STYLE('',(#3665));
#3486=SURFACE_SIDE_STYLE('',(#3666));
#3487=SURFACE_SIDE_STYLE('',(#3667));
#3488=SURFACE_SIDE_STYLE('',(#3668));
#3489=SURFACE_SIDE_STYLE('',(#3669));
#3490=SURFACE_SIDE_STYLE('',(#3670));
#3491=SURFACE_SIDE_STYLE('',(#3671));
#3492=SURFACE_SIDE_STYLE('',(#3672));
#3493=SURFACE_SIDE_STYLE('',(#3673));
#3494=SURFACE_SIDE_STYLE('',(#3674));
#3495=SURFACE_SIDE_STYLE('',(#3675));
#3496=SURFACE_SIDE_STYLE('',(#3676));
#3497=SURFACE_SIDE_STYLE('',(#3677));
#3498=SURFACE_SIDE_STYLE('',(#3678));
#3499=SURFACE_SIDE_STYLE('',(#3679));
#3500=SURFACE_SIDE_STYLE('',(#3680));
#3501=SURFACE_SIDE_STYLE('',(#3681));
#3502=SURFACE_SIDE_STYLE('',(#3682));
#3503=SURFACE_SIDE_STYLE('',(#3683));
#3504=SURFACE_SIDE_STYLE('',(#3684));
#3505=SURFACE_SIDE_STYLE('',(#3685));
#3506=SURFACE_SIDE_STYLE('',(#3686));
#3507=SURFACE_SIDE_STYLE('',(#3687));
#3508=SURFACE_SIDE_STYLE('',(#3688));
#3509=SURFACE_SIDE_STYLE('',(#3689));
#3510=SURFACE_SIDE_STYLE('',(#3690));
#3511=SURFACE_SIDE_STYLE('',(#3691));
#3512=SURFACE_SIDE_STYLE('',(#3692));
#3513=SURFACE_SIDE_STYLE('',(#3693));
#3514=SURFACE_SIDE_STYLE('',(#3694));
#3515=SURFACE_SIDE_STYLE('',(#3695));
#3516=SURFACE_SIDE_STYLE('',(#3696));
#3517=SURFACE_SIDE_STYLE('',(#3697));
#3518=SURFACE_SIDE_STYLE('',(#3698));
#3519=SURFACE_SIDE_STYLE('',(#3699));
#3520=SURFACE_SIDE_STYLE('',(#3700));
#3521=SURFACE_SIDE_STYLE('',(#3701));
#3522=SURFACE_SIDE_STYLE('',(#3702));
#3523=SURFACE_SIDE_STYLE('',(#3703));
#3524=SURFACE_SIDE_STYLE('',(#3704));
#3525=SURFACE_SIDE_STYLE('',(#3705));
#3526=SURFACE_SIDE_STYLE('',(#3706));
#3527=SURFACE_SIDE_STYLE('',(#3707));
#3528=SURFACE_SIDE_STYLE('',(#3708));
#3529=SURFACE_SIDE_STYLE('',(#3709));
#3530=SURFACE_SIDE_STYLE('',(#3710));
#3531=SURFACE_SIDE_STYLE('',(#3711));
#3532=SURFACE_SIDE_STYLE('',(#3712));
#3533=SURFACE_SIDE_STYLE('',(#3713));
#3534=SURFACE_SIDE_STYLE('',(#3714));
#3535=SURFACE_SIDE_STYLE('',(#3715));
#3536=SURFACE_SIDE_STYLE('',(#3716));
#3537=SURFACE_SIDE_STYLE('',(#3717));
#3538=SURFACE_SIDE_STYLE('',(#3718));
#3539=SURFACE_SIDE_STYLE('',(#3719));
#3540=SURFACE_SIDE_STYLE('',(#3720));
#3541=SURFACE_SIDE_STYLE('',(#3721));
#3542=SURFACE_SIDE_STYLE('',(#3722));
#3543=SURFACE_SIDE_STYLE('',(#3723));
#3544=SURFACE_SIDE_STYLE('',(#3724));
#3545=SURFACE_SIDE_STYLE('',(#3725));
#3546=SURFACE_SIDE_STYLE('',(#3726));
#3547=SURFACE_SIDE_STYLE('',(#3727));
#3548=SURFACE_SIDE_STYLE('',(#3728));
#3549=SURFACE_SIDE_STYLE('',(#3729));
#3550=SURFACE_SIDE_STYLE('',(#3730));
#3551=SURFACE_SIDE_STYLE('',(#3731));
#3552=SURFACE_SIDE_STYLE('',(#3732));
#3553=SURFACE_SIDE_STYLE('',(#3733));
#3554=SURFACE_SIDE_STYLE('',(#3734));
#3555=SURFACE_SIDE_STYLE('',(#3735));
#3556=SURFACE_SIDE_STYLE('',(#3736));
#3557=SURFACE_SIDE_STYLE('',(#3737));
#3558=SURFACE_SIDE_STYLE('',(#3738));
#3559=SURFACE_SIDE_STYLE('',(#3739));
#3560=SURFACE_SIDE_STYLE('',(#3740));
#3561=SURFACE_SIDE_STYLE('',(#3741));
#3562=SURFACE_SIDE_STYLE('',(#3742));
#3563=SURFACE_SIDE_STYLE('',(#3743));
#3564=SURFACE_SIDE_STYLE('',(#3744));
#3565=SURFACE_SIDE_STYLE('',(#3745));
#3566=SURFACE_SIDE_STYLE('',(#3746));
#3567=SURFACE_SIDE_STYLE('',(#3747));
#3568=SURFACE_SIDE_STYLE('',(#3748));
#3569=SURFACE_SIDE_STYLE('',(#3749));
#3570=SURFACE_SIDE_STYLE('',(#3750));
#3571=SURFACE_SIDE_STYLE('',(#3751));
#3572=SURFACE_SIDE_STYLE('',(#3752));
#3573=SURFACE_SIDE_STYLE('',(#3753));
#3574=SURFACE_SIDE_STYLE('',(#3754));
#3575=SURFACE_SIDE_STYLE('',(#3755));
#3576=SURFACE_SIDE_STYLE('',(#3756));
#3577=SURFACE_SIDE_STYLE('',(#3757));
#3578=SURFACE_SIDE_STYLE('',(#3758));
#3579=SURFACE_SIDE_STYLE('',(#3759));
#3580=SURFACE_SIDE_STYLE('',(#3760));
#3581=SURFACE_SIDE_STYLE('',(#3761));
#3582=SURFACE_SIDE_STYLE('',(#3762));
#3583=SURFACE_SIDE_STYLE('',(#3763));
#3584=SURFACE_SIDE_STYLE('',(#3764));
#3585=SURFACE_SIDE_STYLE('',(#3765));
#3586=SURFACE_SIDE_STYLE('',(#3766));
#3587=SURFACE_SIDE_STYLE('',(#3767));
#3588=SURFACE_SIDE_STYLE('',(#3768));
#3589=SURFACE_SIDE_STYLE('',(#3769));
#3590=SURFACE_SIDE_STYLE('',(#3770));
#3591=SURFACE_SIDE_STYLE('',(#3771));
#3592=SURFACE_SIDE_STYLE('',(#3772));
#3593=SURFACE_SIDE_STYLE('',(#3773));
#3594=SURFACE_SIDE_STYLE('',(#3774));
#3595=SURFACE_SIDE_STYLE('',(#3775));
#3596=SURFACE_SIDE_STYLE('',(#3776));
#3597=SURFACE_SIDE_STYLE('',(#3777));
#3598=SURFACE_SIDE_STYLE('',(#3778));
#3599=SURFACE_SIDE_STYLE('',(#3779));
#3600=SURFACE_SIDE_STYLE('',(#3780));
#3601=SURFACE_SIDE_STYLE('',(#3781));
#3602=SURFACE_SIDE_STYLE('',(#3782));
#3603=SURFACE_SIDE_STYLE('',(#3783));
#3604=SURFACE_SIDE_STYLE('',(#3784));
#3605=SURFACE_SIDE_STYLE('',(#3785));
#3606=SURFACE_SIDE_STYLE('',(#3786));
#3607=SURFACE_SIDE_STYLE('',(#3787));
#3608=SURFACE_SIDE_STYLE('',(#3788));
#3609=SURFACE_SIDE_STYLE('',(#3789));
#3610=SURFACE_SIDE_STYLE('',(#3790));
#3611=SURFACE_SIDE_STYLE('',(#3791));
#3612=SURFACE_SIDE_STYLE('',(#3792));
#3613=SURFACE_SIDE_STYLE('',(#3793));
#3614=SURFACE_SIDE_STYLE('',(#3794));
#3615=SURFACE_STYLE_FILL_AREA(#3795);
#3616=SURFACE_STYLE_FILL_AREA(#3796);
#3617=SURFACE_STYLE_FILL_AREA(#3797);
#3618=SURFACE_STYLE_FILL_AREA(#3798);
#3619=SURFACE_STYLE_FILL_AREA(#3799);
#3620=SURFACE_STYLE_FILL_AREA(#3800);
#3621=SURFACE_STYLE_FILL_AREA(#3801);
#3622=SURFACE_STYLE_FILL_AREA(#3802);
#3623=SURFACE_STYLE_FILL_AREA(#3803);
#3624=SURFACE_STYLE_FILL_AREA(#3804);
#3625=SURFACE_STYLE_FILL_AREA(#3805);
#3626=SURFACE_STYLE_FILL_AREA(#3806);
#3627=SURFACE_STYLE_FILL_AREA(#3807);
#3628=SURFACE_STYLE_FILL_AREA(#3808);
#3629=SURFACE_STYLE_FILL_AREA(#3809);
#3630=SURFACE_STYLE_FILL_AREA(#3810);
#3631=SURFACE_STYLE_FILL_AREA(#3811);
#3632=SURFACE_STYLE_FILL_AREA(#3812);
#3633=SURFACE_STYLE_FILL_AREA(#3813);
#3634=SURFACE_STYLE_FILL_AREA(#3814);
#3635=SURFACE_STYLE_FILL_AREA(#3815);
#3636=SURFACE_STYLE_FILL_AREA(#3816);
#3637=SURFACE_STYLE_FILL_AREA(#3817);
#3638=SURFACE_STYLE_FILL_AREA(#3818);
#3639=SURFACE_STYLE_FILL_AREA(#3819);
#3640=SURFACE_STYLE_FILL_AREA(#3820);
#3641=SURFACE_STYLE_FILL_AREA(#3821);
#3642=SURFACE_STYLE_FILL_AREA(#3822);
#3643=SURFACE_STYLE_FILL_AREA(#3823);
#3644=SURFACE_STYLE_FILL_AREA(#3824);
#3645=SURFACE_STYLE_FILL_AREA(#3825);
#3646=SURFACE_STYLE_FILL_AREA(#3826);
#3647=SURFACE_STYLE_FILL_AREA(#3827);
#3648=SURFACE_STYLE_FILL_AREA(#3828);
#3649=SURFACE_STYLE_FILL_AREA(#3829);
#3650=SURFACE_STYLE_FILL_AREA(#3830);
#3651=SURFACE_STYLE_FILL_AREA(#3831);
#3652=SURFACE_STYLE_FILL_AREA(#3832);
#3653=SURFACE_STYLE_FILL_AREA(#3833);
#3654=SURFACE_STYLE_FILL_AREA(#3834);
#3655=SURFACE_STYLE_FILL_AREA(#3835);
#3656=SURFACE_STYLE_FILL_AREA(#3836);
#3657=SURFACE_STYLE_FILL_AREA(#3837);
#3658=SURFACE_STYLE_FILL_AREA(#3838);
#3659=SURFACE_STYLE_FILL_AREA(#3839);
#3660=SURFACE_STYLE_FILL_AREA(#3840);
#3661=SURFACE_STYLE_FILL_AREA(#3841);
#3662=SURFACE_STYLE_FILL_AREA(#3842);
#3663=SURFACE_STYLE_FILL_AREA(#3843);
#3664=SURFACE_STYLE_FILL_AREA(#3844);
#3665=SURFACE_STYLE_FILL_AREA(#3845);
#3666=SURFACE_STYLE_FILL_AREA(#3846);
#3667=SURFACE_STYLE_FILL_AREA(#3847);
#3668=SURFACE_STYLE_FILL_AREA(#3848);
#3669=SURFACE_STYLE_FILL_AREA(#3849);
#3670=SURFACE_STYLE_FILL_AREA(#3850);
#3671=SURFACE_STYLE_FILL_AREA(#3851);
#3672=SURFACE_STYLE_FILL_AREA(#3852);
#3673=SURFACE_STYLE_FILL_AREA(#3853);
#3674=SURFACE_STYLE_FILL_AREA(#3854);
#3675=SURFACE_STYLE_FILL_AREA(#3855);
#3676=SURFACE_STYLE_FILL_AREA(#3856);
#3677=SURFACE_STYLE_FILL_AREA(#3857);
#3678=SURFACE_STYLE_FILL_AREA(#3858);
#3679=SURFACE_STYLE_FILL_AREA(#3859);
#3680=SURFACE_STYLE_FILL_AREA(#3860);
#3681=SURFACE_STYLE_FILL_AREA(#3861);
#3682=SURFACE_STYLE_FILL_AREA(#3862);
#3683=SURFACE_STYLE_FILL_AREA(#3863);
#3684=SURFACE_STYLE_FILL_AREA(#3864);
#3685=SURFACE_STYLE_FILL_AREA(#3865);
#3686=SURFACE_STYLE_FILL_AREA(#3866);
#3687=SURFACE_STYLE_FILL_AREA(#3867);
#3688=SURFACE_STYLE_FILL_AREA(#3868);
#3689=SURFACE_STYLE_FILL_AREA(#3869);
#3690=SURFACE_STYLE_FILL_AREA(#3870);
#3691=SURFACE_STYLE_FILL_AREA(#3871);
#3692=SURFACE_STYLE_FILL_AREA(#3872);
#3693=SURFACE_STYLE_FILL_AREA(#3873);
#3694=SURFACE_STYLE_FILL_AREA(#3874);
#3695=SURFACE_STYLE_FILL_AREA(#3875);
#3696=SURFACE_STYLE_FILL_AREA(#3876);
#3697=SURFACE_STYLE_FILL_AREA(#3877);
#3698=SURFACE_STYLE_FILL_AREA(#3878);
#3699=SURFACE_STYLE_FILL_AREA(#3879);
#3700=SURFACE_STYLE_FILL_AREA(#3880);
#3701=SURFACE_STYLE_FILL_AREA(#3881);
#3702=SURFACE_STYLE_FILL_AREA(#3882);
#3703=SURFACE_STYLE_FILL_AREA(#3883);
#3704=SURFACE_STYLE_FILL_AREA(#3884);
#3705=SURFACE_STYLE_FILL_AREA(#3885);
#3706=SURFACE_STYLE_FILL_AREA(#3886);
#3707=SURFACE_STYLE_FILL_AREA(#3887);
#3708=SURFACE_STYLE_FILL_AREA(#3888);
#3709=SURFACE_STYLE_FILL_AREA(#3889);
#3710=SURFACE_STYLE_FILL_AREA(#3890);
#3711=SURFACE_STYLE_FILL_AREA(#3891);
#3712=SURFACE_STYLE_FILL_AREA(#3892);
#3713=SURFACE_STYLE_FILL_AREA(#3893);
#3714=SURFACE_STYLE_FILL_AREA(#3894);
#3715=SURFACE_STYLE_FILL_AREA(#3895);
#3716=SURFACE_STYLE_FILL_AREA(#3896);
#3717=SURFACE_STYLE_FILL_AREA(#3897);
#3718=SURFACE_STYLE_FILL_AREA(#3898);
#3719=SURFACE_STYLE_FILL_AREA(#3899);
#3720=SURFACE_STYLE_FILL_AREA(#3900);
#3721=SURFACE_STYLE_FILL_AREA(#3901);
#3722=SURFACE_STYLE_FILL_AREA(#3902);
#3723=SURFACE_STYLE_FILL_AREA(#3903);
#3724=SURFACE_STYLE_FILL_AREA(#3904);
#3725=SURFACE_STYLE_FILL_AREA(#3905);
#3726=SURFACE_STYLE_FILL_AREA(#3906);
#3727=SURFACE_STYLE_FILL_AREA(#3907);
#3728=SURFACE_STYLE_FILL_AREA(#3908);
#3729=SURFACE_STYLE_FILL_AREA(#3909);
#3730=SURFACE_STYLE_FILL_AREA(#3910);
#3731=SURFACE_STYLE_FILL_AREA(#3911);
#3732=SURFACE_STYLE_FILL_AREA(#3912);
#3733=SURFACE_STYLE_FILL_AREA(#3913);
#3734=SURFACE_STYLE_FILL_AREA(#3914);
#3735=SURFACE_STYLE_FILL_AREA(#3915);
#3736=SURFACE_STYLE_FILL_AREA(#3916);
#3737=SURFACE_STYLE_FILL_AREA(#3917);
#3738=SURFACE_STYLE_FILL_AREA(#3918);
#3739=SURFACE_STYLE_FILL_AREA(#3919);
#3740=SURFACE_STYLE_FILL_AREA(#3920);
#3741=SURFACE_STYLE_FILL_AREA(#3921);
#3742=SURFACE_STYLE_FILL_AREA(#3922);
#3743=SURFACE_STYLE_FILL_AREA(#3923);
#3744=SURFACE_STYLE_FILL_AREA(#3924);
#3745=SURFACE_STYLE_FILL_AREA(#3925);
#3746=SURFACE_STYLE_FILL_AREA(#3926);
#3747=SURFACE_STYLE_FILL_AREA(#3927);
#3748=SURFACE_STYLE_FILL_AREA(#3928);
#3749=SURFACE_STYLE_FILL_AREA(#3929);
#3750=SURFACE_STYLE_FILL_AREA(#3930);
#3751=SURFACE_STYLE_FILL_AREA(#3931);
#3752=SURFACE_STYLE_FILL_AREA(#3932);
#3753=SURFACE_STYLE_FILL_AREA(#3933);
#3754=SURFACE_STYLE_FILL_AREA(#3934);
#3755=SURFACE_STYLE_FILL_AREA(#3935);
#3756=SURFACE_STYLE_FILL_AREA(#3936);
#3757=SURFACE_STYLE_FILL_AREA(#3937);
#3758=SURFACE_STYLE_FILL_AREA(#3938);
#3759=SURFACE_STYLE_FILL_AREA(#3939);
#3760=SURFACE_STYLE_FILL_AREA(#3940);
#3761=SURFACE_STYLE_FILL_AREA(#3941);
#3762=SURFACE_STYLE_FILL_AREA(#3942);
#3763=SURFACE_STYLE_FILL_AREA(#3943);
#3764=SURFACE_STYLE_FILL_AREA(#3944);
#3765=SURFACE_STYLE_FILL_AREA(#3945);
#3766=SURFACE_STYLE_FILL_AREA(#3946);
#3767=SURFACE_STYLE_FILL_AREA(#3947);
#3768=SURFACE_STYLE_FILL_AREA(#3948);
#3769=SURFACE_STYLE_FILL_AREA(#3949);
#3770=SURFACE_STYLE_FILL_AREA(#3950);
#3771=SURFACE_STYLE_FILL_AREA(#3951);
#3772=SURFACE_STYLE_FILL_AREA(#3952);
#3773=SURFACE_STYLE_FILL_AREA(#3953);
#3774=SURFACE_STYLE_FILL_AREA(#3954);
#3775=SURFACE_STYLE_FILL_AREA(#3955);
#3776=SURFACE_STYLE_FILL_AREA(#3956);
#3777=SURFACE_STYLE_FILL_AREA(#3957);
#3778=SURFACE_STYLE_FILL_AREA(#3958);
#3779=SURFACE_STYLE_FILL_AREA(#3959);
#3780=SURFACE_STYLE_FILL_AREA(#3960);
#3781=SURFACE_STYLE_FILL_AREA(#3961);
#3782=SURFACE_STYLE_FILL_AREA(#3962);
#3783=SURFACE_STYLE_FILL_AREA(#3963);
#3784=SURFACE_STYLE_FILL_AREA(#3964);
#3785=SURFACE_STYLE_FILL_AREA(#3965);
#3786=SURFACE_STYLE_FILL_AREA(#3966);
#3787=SURFACE_STYLE_FILL_AREA(#3967);
#3788=SURFACE_STYLE_FILL_AREA(#3968);
#3789=SURFACE_STYLE_FILL_AREA(#3969);
#3790=SURFACE_STYLE_FILL_AREA(#3970);
#3791=SURFACE_STYLE_FILL_AREA(#3971);
#3792=SURFACE_STYLE_FILL_AREA(#3972);
#3793=SURFACE_STYLE_FILL_AREA(#3973);
#3794=SURFACE_STYLE_FILL_AREA(#3974);
#3795=FILL_AREA_STYLE('',(#3975));
#3796=FILL_AREA_STYLE('',(#3976));
#3797=FILL_AREA_STYLE('',(#3977));
#3798=FILL_AREA_STYLE('',(#3978));
#3799=FILL_AREA_STYLE('',(#3979));
#3800=FILL_AREA_STYLE('',(#3980));
#3801=FILL_AREA_STYLE('',(#3981));
#3802=FILL_AREA_STYLE('',(#3982));
#3803=FILL_AREA_STYLE('',(#3983));
#3804=FILL_AREA_STYLE('',(#3984));
#3805=FILL_AREA_STYLE('',(#3985));
#3806=FILL_AREA_STYLE('',(#3986));
#3807=FILL_AREA_STYLE('',(#3987));
#3808=FILL_AREA_STYLE('',(#3988));
#3809=FILL_AREA_STYLE('',(#3989));
#3810=FILL_AREA_STYLE('',(#3990));
#3811=FILL_AREA_STYLE('',(#3991));
#3812=FILL_AREA_STYLE('',(#3992));
#3813=FILL_AREA_STYLE('',(#3993));
#3814=FILL_AREA_STYLE('',(#3994));
#3815=FILL_AREA_STYLE('',(#3995));
#3816=FILL_AREA_STYLE('',(#3996));
#3817=FILL_AREA_STYLE('',(#3997));
#3818=FILL_AREA_STYLE('',(#3998));
#3819=FILL_AREA_STYLE('',(#3999));
#3820=FILL_AREA_STYLE('',(#4000));
#3821=FILL_AREA_STYLE('',(#4001));
#3822=FILL_AREA_STYLE('',(#4002));
#3823=FILL_AREA_STYLE('',(#4003));
#3824=FILL_AREA_STYLE('',(#4004));
#3825=FILL_AREA_STYLE('',(#4005));
#3826=FILL_AREA_STYLE('',(#4006));
#3827=FILL_AREA_STYLE('',(#4007));
#3828=FILL_AREA_STYLE('',(#4008));
#3829=FILL_AREA_STYLE('',(#4009));
#3830=FILL_AREA_STYLE('',(#4010));
#3831=FILL_AREA_STYLE('',(#4011));
#3832=FILL_AREA_STYLE('',(#4012));
#3833=FILL_AREA_STYLE('',(#4013));
#3834=FILL_AREA_STYLE('',(#4014));
#3835=FILL_AREA_STYLE('',(#4015));
#3836=FILL_AREA_STYLE('',(#4016));
#3837=FILL_AREA_STYLE('',(#4017));
#3838=FILL_AREA_STYLE('',(#4018));
#3839=FILL_AREA_STYLE('',(#4019));
#3840=FILL_AREA_STYLE('',(#4020));
#3841=FILL_AREA_STYLE('',(#4021));
#3842=FILL_AREA_STYLE('',(#4022));
#3843=FILL_AREA_STYLE('',(#4023));
#3844=FILL_AREA_STYLE('',(#4024));
#3845=FILL_AREA_STYLE('',(#4025));
#3846=FILL_AREA_STYLE('',(#4026));
#3847=FILL_AREA_STYLE('',(#4027));
#3848=FILL_AREA_STYLE('',(#4028));
#3849=FILL_AREA_STYLE('',(#4029));
#3850=FILL_AREA_STYLE('',(#4030));
#3851=FILL_AREA_STYLE('',(#4031));
#3852=FILL_AREA_STYLE('',(#4032));
#3853=FILL_AREA_STYLE('',(#4033));
#3854=FILL_AREA_STYLE('',(#4034));
#3855=FILL_AREA_STYLE('',(#4035));
#3856=FILL_AREA_STYLE('',(#4036));
#3857=FILL_AREA_STYLE('',(#4037));
#3858=FILL_AREA_STYLE('',(#4038));
#3859=FILL_AREA_STYLE('',(#4039));
#3860=FILL_AREA_STYLE('',(#4040));
#3861=FILL_AREA_STYLE('',(#4041));
#3862=FILL_AREA_STYLE('',(#4042));
#3863=FILL_AREA_STYLE('',(#4043));
#3864=FILL_AREA_STYLE('',(#4044));
#3865=FILL_AREA_STYLE('',(#4045));
#3866=FILL_AREA_STYLE('',(#4046));
#3867=FILL_AREA_STYLE('',(#4047));
#3868=FILL_AREA_STYLE('',(#4048));
#3869=FILL_AREA_STYLE('',(#4049));
#3870=FILL_AREA_STYLE('',(#4050));
#3871=FILL_AREA_STYLE('',(#4051));
#3872=FILL_AREA_STYLE('',(#4052));
#3873=FILL_AREA_STYLE('',(#4053));
#3874=FILL_AREA_STYLE('',(#4054));
#3875=FILL_AREA_STYLE('',(#4055));
#3876=FILL_AREA_STYLE('',(#4056));
#3877=FILL_AREA_STYLE('',(#4057));
#3878=FILL_AREA_STYLE('',(#4058));
#3879=FILL_AREA_STYLE('',(#4059));
#3880=FILL_AREA_STYLE('',(#4060));
#3881=FILL_AREA_STYLE('',(#4061));
#3882=FILL_AREA_STYLE('',(#4062));
#3883=FILL_AREA_STYLE('',(#4063));
#3884=FILL_AREA_STYLE('',(#4064));
#3885=FILL_AREA_STYLE('',(#4065));
#3886=FILL_AREA_STYLE('',(#4066));
#3887=FILL_AREA_STYLE('',(#4067));
#3888=FILL_AREA_STYLE('',(#4068));
#3889=FILL_AREA_STYLE('',(#4069));
#3890=FILL_AREA_STYLE('',(#4070));
#3891=FILL_AREA_STYLE('',(#4071));
#3892=FILL_AREA_STYLE('',(#4072));
#3893=FILL_AREA_STYLE('',(#4073));
#3894=FILL_AREA_STYLE('',(#4074));
#3895=FILL_AREA_STYLE('',(#4075));
#3896=FILL_AREA_STYLE('',(#4076));
#3897=FILL_AREA_STYLE('',(#4077));
#3898=FILL_AREA_STYLE('',(#4078));
#3899=FILL_AREA_STYLE('',(#4079));
#3900=FILL_AREA_STYLE('',(#4080));
#3901=FILL_AREA_STYLE('',(#4081));
#3902=FILL_AREA_STYLE('',(#4082));
#3903=FILL_AREA_STYLE('',(#4083));
#3904=FILL_AREA_STYLE('',(#4084));
#3905=FILL_AREA_STYLE('',(#4085));
#3906=FILL_AREA_STYLE('',(#4086));
#3907=FILL_AREA_STYLE('',(#4087));
#3908=FILL_AREA_STYLE('',(#4088));
#3909=FILL_AREA_STYLE('',(#4089));
#3910=FILL_AREA_STYLE('',(#4090));
#3911=FILL_AREA_STYLE('',(#4091));
#3912=FILL_AREA_STYLE('',(#4092));
#3913=FILL_AREA_STYLE('',(#4093));
#3914=FILL_AREA_STYLE('',(#4094));
#3915=FILL_AREA_STYLE('',(#4095));
#3916=FILL_AREA_STYLE('',(#4096));
#3917=FILL_AREA_STYLE('',(#4097));
#3918=FILL_AREA_STYLE('',(#4098));
#3919=FILL_AREA_STYLE('',(#4099));
#3920=FILL_AREA_STYLE('',(#4100));
#3921=FILL_AREA_STYLE('',(#4101));
#3922=FILL_AREA_STYLE('',(#4102));
#3923=FILL_AREA_STYLE('',(#4103));
#3924=FILL_AREA_STYLE('',(#4104));
#3925=FILL_AREA_STYLE('',(#4105));
#3926=FILL_AREA_STYLE('',(#4106));
#3927=FILL_AREA_STYLE('',(#4107));
#3928=FILL_AREA_STYLE('',(#4108));
#3929=FILL_AREA_STYLE('',(#4109));
#3930=FILL_AREA_STYLE('',(#4110));
#3931=FILL_AREA_STYLE('',(#4111));
#3932=FILL_AREA_STYLE('',(#4112));
#3933=FILL_AREA_STYLE('',(#4113));
#3934=FILL_AREA_STYLE('',(#4114));
#3935=FILL_AREA_STYLE('',(#4115));
#3936=FILL_AREA_STYLE('',(#4116));
#3937=FILL_AREA_STYLE('',(#4117));
#3938=FILL_AREA_STYLE('',(#4118));
#3939=FILL_AREA_STYLE('',(#4119));
#3940=FILL_AREA_STYLE('',(#4120));
#3941=FILL_AREA_STYLE('',(#4121));
#3942=FILL_AREA_STYLE('',(#4122));
#3943=FILL_AREA_STYLE('',(#4123));
#3944=FILL_AREA_STYLE('',(#4124));
#3945=FILL_AREA_STYLE('',(#4125));
#3946=FILL_AREA_STYLE('',(#4126));
#3947=FILL_AREA_STYLE('',(#4127));
#3948=FILL_AREA_STYLE('',(#4128));
#3949=FILL_AREA_STYLE('',(#4129));
#3950=FILL_AREA_STYLE('',(#4130));
#3951=FILL_AREA_STYLE('',(#4131));
#3952=FILL_AREA_STYLE('',(#4132));
#3953=FILL_AREA_STYLE('',(#4133));
#3954=FILL_AREA_STYLE('',(#4134));
#3955=FILL_AREA_STYLE('',(#4135));
#3956=FILL_AREA_STYLE('',(#4136));
#3957=FILL_AREA_STYLE('',(#4137));
#3958=FILL_AREA_STYLE('',(#4138));
#3959=FILL_AREA_STYLE('',(#4139));
#3960=FILL_AREA_STYLE('',(#4140));
#3961=FILL_AREA_STYLE('',(#4141));
#3962=FILL_AREA_STYLE('',(#4142));
#3963=FILL_AREA_STYLE('',(#4143));
#3964=FILL_AREA_STYLE('',(#4144));
#3965=FILL_AREA_STYLE('',(#4145));
#3966=FILL_AREA_STYLE('',(#4146));
#3967=FILL_AREA_STYLE('',(#4147));
#3968=FILL_AREA_STYLE('',(#4148));
#3969=FILL_AREA_STYLE('',(#4149));
#3970=FILL_AREA_STYLE('',(#4150));
#3971=FILL_AREA_STYLE('',(#4151));
#3972=FILL_AREA_STYLE('',(#4152));
#3973=FILL_AREA_STYLE('',(#4153));
#3974=FILL_AREA_STYLE('',(#4154));
#3975=FILL_AREA_STYLE_COLOUR('',#4155);
#3976=FILL_AREA_STYLE_COLOUR('',#4155);
#3977=FILL_AREA_STYLE_COLOUR('',#4155);
#3978=FILL_AREA_STYLE_COLOUR('',#4155);
#3979=FILL_AREA_STYLE_COLOUR('',#4155);
#3980=FILL_AREA_STYLE_COLOUR('',#4155);
#3981=FILL_AREA_STYLE_COLOUR('',#4155);
#3982=FILL_AREA_STYLE_COLOUR('',#4155);
#3983=FILL_AREA_STYLE_COLOUR('',#4155);
#3984=FILL_AREA_STYLE_COLOUR('',#4155);
#3985=FILL_AREA_STYLE_COLOUR('',#4155);
#3986=FILL_AREA_STYLE_COLOUR('',#4155);
#3987=FILL_AREA_STYLE_COLOUR('',#4155);
#3988=FILL_AREA_STYLE_COLOUR('',#4155);
#3989=FILL_AREA_STYLE_COLOUR('',#4155);
#3990=FILL_AREA_STYLE_COLOUR('',#4155);
#3991=FILL_AREA_STYLE_COLOUR('',#4155);
#3992=FILL_AREA_STYLE_COLOUR('',#4155);
#3993=FILL_AREA_STYLE_COLOUR('',#4155);
#3994=FILL_AREA_STYLE_COLOUR('',#4155);
#3995=FILL_AREA_STYLE_COLOUR('',#4155);
#3996=FILL_AREA_STYLE_COLOUR('',#4155);
#3997=FILL_AREA_STYLE_COLOUR('',#4155);
#3998=FILL_AREA_STYLE_COLOUR('',#4155);
#3999=FILL_AREA_STYLE_COLOUR('',#4156);
#4000=FILL_AREA_STYLE_COLOUR('',#4156);
#4001=FILL_AREA_STYLE_COLOUR('',#4156);
#4002=FILL_AREA_STYLE_COLOUR('',#4157);
#4003=FILL_AREA_STYLE_COLOUR('',#4156);
#4004=FILL_AREA_STYLE_COLOUR('',#4156);
#4005=FILL_AREA_STYLE_COLOUR('',#4156);
#4006=FILL_AREA_STYLE_COLOUR('',#4156);
#4007=FILL_AREA_STYLE_COLOUR('',#4156);
#4008=FILL_AREA_STYLE_COLOUR('',#4156);
#4009=FILL_AREA_STYLE_COLOUR('',#4156);
#4010=FILL_AREA_STYLE_COLOUR('',#4156);
#4011=FILL_AREA_STYLE_COLOUR('',#4156);
#4012=FILL_AREA_STYLE_COLOUR('',#4156);
#4013=FILL_AREA_STYLE_COLOUR('',#4156);
#4014=FILL_AREA_STYLE_COLOUR('',#4156);
#4015=FILL_AREA_STYLE_COLOUR('',#4156);
#4016=FILL_AREA_STYLE_COLOUR('',#4156);
#4017=FILL_AREA_STYLE_COLOUR('',#4156);
#4018=FILL_AREA_STYLE_COLOUR('',#4156);
#4019=FILL_AREA_STYLE_COLOUR('',#4156);
#4020=FILL_AREA_STYLE_COLOUR('',#4156);
#4021=FILL_AREA_STYLE_COLOUR('',#4156);
#4022=FILL_AREA_STYLE_COLOUR('',#4156);
#4023=FILL_AREA_STYLE_COLOUR('',#4156);
#4024=FILL_AREA_STYLE_COLOUR('',#4156);
#4025=FILL_AREA_STYLE_COLOUR('',#4156);
#4026=FILL_AREA_STYLE_COLOUR('',#4156);
#4027=FILL_AREA_STYLE_COLOUR('',#4156);
#4028=FILL_AREA_STYLE_COLOUR('',#4156);
#4029=FILL_AREA_STYLE_COLOUR('',#4156);
#4030=FILL_AREA_STYLE_COLOUR('',#4156);
#4031=FILL_AREA_STYLE_COLOUR('',#4156);
#4032=FILL_AREA_STYLE_COLOUR('',#4156);
#4033=FILL_AREA_STYLE_COLOUR('',#4156);
#4034=FILL_AREA_STYLE_COLOUR('',#4156);
#4035=FILL_AREA_STYLE_COLOUR('',#4156);
#4036=FILL_AREA_STYLE_COLOUR('',#4156);
#4037=FILL_AREA_STYLE_COLOUR('',#4156);
#4038=FILL_AREA_STYLE_COLOUR('',#4156);
#4039=FILL_AREA_STYLE_COLOUR('',#4156);
#4040=FILL_AREA_STYLE_COLOUR('',#4156);
#4041=FILL_AREA_STYLE_COLOUR('',#4156);
#4042=FILL_AREA_STYLE_COLOUR('',#4156);
#4043=FILL_AREA_STYLE_COLOUR('',#4156);
#4044=FILL_AREA_STYLE_COLOUR('',#4156);
#4045=FILL_AREA_STYLE_COLOUR('',#4156);
#4046=FILL_AREA_STYLE_COLOUR('',#4156);
#4047=FILL_AREA_STYLE_COLOUR('',#4156);
#4048=FILL_AREA_STYLE_COLOUR('',#4156);
#4049=FILL_AREA_STYLE_COLOUR('',#4156);
#4050=FILL_AREA_STYLE_COLOUR('',#4156);
#4051=FILL_AREA_STYLE_COLOUR('',#4158);
#4052=FILL_AREA_STYLE_COLOUR('',#4158);
#4053=FILL_AREA_STYLE_COLOUR('',#4158);
#4054=FILL_AREA_STYLE_COLOUR('',#4158);
#4055=FILL_AREA_STYLE_COLOUR('',#4158);
#4056=FILL_AREA_STYLE_COLOUR('',#4158);
#4057=FILL_AREA_STYLE_COLOUR('',#4158);
#4058=FILL_AREA_STYLE_COLOUR('',#4158);
#4059=FILL_AREA_STYLE_COLOUR('',#4158);
#4060=FILL_AREA_STYLE_COLOUR('',#4158);
#4061=FILL_AREA_STYLE_COLOUR('',#4158);
#4062=FILL_AREA_STYLE_COLOUR('',#4158);
#4063=FILL_AREA_STYLE_COLOUR('',#4158);
#4064=FILL_AREA_STYLE_COLOUR('',#4158);
#4065=FILL_AREA_STYLE_COLOUR('',#4158);
#4066=FILL_AREA_STYLE_COLOUR('',#4158);
#4067=FILL_AREA_STYLE_COLOUR('',#4158);
#4068=FILL_AREA_STYLE_COLOUR('',#4158);
#4069=FILL_AREA_STYLE_COLOUR('',#4158);
#4070=FILL_AREA_STYLE_COLOUR('',#4158);
#4071=FILL_AREA_STYLE_COLOUR('',#4158);
#4072=FILL_AREA_STYLE_COLOUR('',#4158);
#4073=FILL_AREA_STYLE_COLOUR('',#4158);
#4074=FILL_AREA_STYLE_COLOUR('',#4158);
#4075=FILL_AREA_STYLE_COLOUR('',#4158);
#4076=FILL_AREA_STYLE_COLOUR('',#4158);
#4077=FILL_AREA_STYLE_COLOUR('',#4156);
#4078=FILL_AREA_STYLE_COLOUR('',#4156);
#4079=FILL_AREA_STYLE_COLOUR('',#4156);
#4080=FILL_AREA_STYLE_COLOUR('',#4158);
#4081=FILL_AREA_STYLE_COLOUR('',#4158);
#4082=FILL_AREA_STYLE_COLOUR('',#4158);
#4083=FILL_AREA_STYLE_COLOUR('',#4158);
#4084=FILL_AREA_STYLE_COLOUR('',#4158);
#4085=FILL_AREA_STYLE_COLOUR('',#4158);
#4086=FILL_AREA_STYLE_COLOUR('',#4158);
#4087=FILL_AREA_STYLE_COLOUR('',#4158);
#4088=FILL_AREA_STYLE_COLOUR('',#4158);
#4089=FILL_AREA_STYLE_COLOUR('',#4158);
#4090=FILL_AREA_STYLE_COLOUR('',#4158);
#4091=FILL_AREA_STYLE_COLOUR('',#4158);
#4092=FILL_AREA_STYLE_COLOUR('',#4158);
#4093=FILL_AREA_STYLE_COLOUR('',#4158);
#4094=FILL_AREA_STYLE_COLOUR('',#4158);
#4095=FILL_AREA_STYLE_COLOUR('',#4158);
#4096=FILL_AREA_STYLE_COLOUR('',#4158);
#4097=FILL_AREA_STYLE_COLOUR('',#4158);
#4098=FILL_AREA_STYLE_COLOUR('',#4158);
#4099=FILL_AREA_STYLE_COLOUR('',#4158);
#4100=FILL_AREA_STYLE_COLOUR('',#4158);
#4101=FILL_AREA_STYLE_COLOUR('',#4158);
#4102=FILL_AREA_STYLE_COLOUR('',#4158);
#4103=FILL_AREA_STYLE_COLOUR('',#4158);
#4104=FILL_AREA_STYLE_COLOUR('',#4158);
#4105=FILL_AREA_STYLE_COLOUR('',#4158);
#4106=FILL_AREA_STYLE_COLOUR('',#4158);
#4107=FILL_AREA_STYLE_COLOUR('',#4158);
#4108=FILL_AREA_STYLE_COLOUR('',#4158);
#4109=FILL_AREA_STYLE_COLOUR('',#4158);
#4110=FILL_AREA_STYLE_COLOUR('',#4158);
#4111=FILL_AREA_STYLE_COLOUR('',#4158);
#4112=FILL_AREA_STYLE_COLOUR('',#4158);
#4113=FILL_AREA_STYLE_COLOUR('',#4158);
#4114=FILL_AREA_STYLE_COLOUR('',#4158);
#4115=FILL_AREA_STYLE_COLOUR('',#4158);
#4116=FILL_AREA_STYLE_COLOUR('',#4158);
#4117=FILL_AREA_STYLE_COLOUR('',#4158);
#4118=FILL_AREA_STYLE_COLOUR('',#4158);
#4119=FILL_AREA_STYLE_COLOUR('',#4158);
#4120=FILL_AREA_STYLE_COLOUR('',#4158);
#4121=FILL_AREA_STYLE_COLOUR('',#4158);
#4122=FILL_AREA_STYLE_COLOUR('',#4158);
#4123=FILL_AREA_STYLE_COLOUR('',#4158);
#4124=FILL_AREA_STYLE_COLOUR('',#4158);
#4125=FILL_AREA_STYLE_COLOUR('',#4158);
#4126=FILL_AREA_STYLE_COLOUR('',#4158);
#4127=FILL_AREA_STYLE_COLOUR('',#4156);
#4128=FILL_AREA_STYLE_COLOUR('',#4158);
#4129=FILL_AREA_STYLE_COLOUR('',#4158);
#4130=FILL_AREA_STYLE_COLOUR('',#4158);
#4131=FILL_AREA_STYLE_COLOUR('',#4158);
#4132=FILL_AREA_STYLE_COLOUR('',#4158);
#4133=FILL_AREA_STYLE_COLOUR('',#4158);
#4134=FILL_AREA_STYLE_COLOUR('',#4158);
#4135=FILL_AREA_STYLE_COLOUR('',#4158);
#4136=FILL_AREA_STYLE_COLOUR('',#4158);
#4137=FILL_AREA_STYLE_COLOUR('',#4158);
#4138=FILL_AREA_STYLE_COLOUR('',#4158);
#4139=FILL_AREA_STYLE_COLOUR('',#4158);
#4140=FILL_AREA_STYLE_COLOUR('',#4158);
#4141=FILL_AREA_STYLE_COLOUR('',#4158);
#4142=FILL_AREA_STYLE_COLOUR('',#4158);
#4143=FILL_AREA_STYLE_COLOUR('',#4158);
#4144=FILL_AREA_STYLE_COLOUR('',#4158);
#4145=FILL_AREA_STYLE_COLOUR('',#4158);
#4146=FILL_AREA_STYLE_COLOUR('',#4158);
#4147=FILL_AREA_STYLE_COLOUR('',#4158);
#4148=FILL_AREA_STYLE_COLOUR('',#4158);
#4149=FILL_AREA_STYLE_COLOUR('',#4158);
#4150=FILL_AREA_STYLE_COLOUR('',#4158);
#4151=FILL_AREA_STYLE_COLOUR('',#4158);
#4152=FILL_AREA_STYLE_COLOUR('',#4158);
#4153=FILL_AREA_STYLE_COLOUR('',#4158);
#4154=FILL_AREA_STYLE_COLOUR('',#4158);
#4155=COLOUR_RGB('',0.119999997317791,0.119999997317791,0.119999997317791);
#4156=COLOUR_RGB('',0.699999988079071,0.699999988079071,0.699999988079071);
#4157=COLOUR_RGB('',0.645180702209473,0.678915679454803,0.699999988079071);
#4158=COLOUR_RGB('',0.75,0.,0.);
#4159=ADVANCED_FACE('',(#2614),#2869,.F.);
#4160=ADVANCED_FACE('',(#2615,#2616),#180,.F.);
#4161=ADVANCED_FACE('',(#2617,#2618),#181,.F.);
#4162=ADVANCED_FACE('',(#2619,#2620),#182,.F.);
#4163=ADVANCED_FACE('',(#2621,#2622),#183,.F.);
#4164=ADVANCED_FACE('',(#2623,#2624),#2870,.F.);
#4165=ADVANCED_FACE('',(#2625,#2626),#2871,.T.);
#4166=ADVANCED_FACE('',(#2627,#2628),#184,.F.);
#4167=ADVANCED_FACE('',(#2629),#185,.F.);
#4168=ADVANCED_FACE('',(#2630,#2631),#2872,.F.);
#4169=ADVANCED_FACE('',(#2632,#2633),#2873,.T.);
#4170=ADVANCED_FACE('',(#2634,#2635),#186,.F.);
#4171=ADVANCED_FACE('',(#2636,#2637),#2874,.F.);
#4172=ADVANCED_FACE('',(#2638,#2639),#2875,.T.);
#4173=ADVANCED_FACE('',(#2640,#2641),#187,.F.);
#4174=ADVANCED_FACE('',(#2642),#2876,.F.);
#4175=ADVANCED_FACE('',(#2643,#2644),#2877,.T.);
#4176=ADVANCED_FACE('',(#2645,#2646),#188,.F.);
#4177=ADVANCED_FACE('',(#2647,#2648),#2878,.F.);
#4178=ADVANCED_FACE('',(#2649,#2650),#2879,.T.);
#4179=ADVANCED_FACE('',(#2651,#2652),#189,.F.);
#4180=ADVANCED_FACE('',(#2653),#190,.T.);
#4181=ADVANCED_FACE('',(#2654,#2655),#2880,.T.);
#4182=ADVANCED_FACE('',(#2656,#2657),#191,.F.);
#4183=ADVANCED_FACE('',(#2658,#2659),#2881,.T.);
#4184=ADVANCED_FACE('',(#2660,#2661),#2882,.T.);
#4185=ADVANCED_FACE('',(#2662),#192,.F.);
#4186=ADVANCED_FACE('',(#2663),#193,.F.);
#4187=ADVANCED_FACE('',(#2664,#2665),#160,.T.);
#4188=ADVANCED_FACE('',(#2666,#2667),#2883,.T.);
#4189=ADVANCED_FACE('',(#2668,#2669),#161,.T.);
#4190=ADVANCED_FACE('',(#2670),#194,.T.);
#4191=ADVANCED_FACE('',(#2671),#195,.T.);
#4192=ADVANCED_FACE('',(#2672,#2673),#2884,.F.);
#4193=ADVANCED_FACE('',(#2674,#2675),#162,.T.);
#4194=ADVANCED_FACE('',(#2676,#2677),#2885,.T.);
#4195=ADVANCED_FACE('',(#2678,#2679),#163,.T.);
#4196=ADVANCED_FACE('',(#2680,#2681),#164,.F.);
#4197=ADVANCED_FACE('',(#2682,#2683),#2886,.T.);
#4198=ADVANCED_FACE('',(#2684,#2685),#165,.F.);
#4199=ADVANCED_FACE('',(#2686,#2687,#2688,#2689,#2690,#2691,#2692,#2693,
#2694),#196,.T.);
#4200=ADVANCED_FACE('',(#2695),#197,.T.);
#4201=ADVANCED_FACE('',(#2696),#198,.F.);
#4202=ADVANCED_FACE('',(#2697),#199,.T.);
#4203=ADVANCED_FACE('',(#2698),#200,.T.);
#4204=ADVANCED_FACE('',(#2699),#201,.T.);
#4205=ADVANCED_FACE('',(#2700),#202,.T.);
#4206=ADVANCED_FACE('',(#2701),#203,.T.);
#4207=ADVANCED_FACE('',(#2702),#204,.T.);
#4208=ADVANCED_FACE('',(#2703),#205,.T.);
#4209=ADVANCED_FACE('',(#2704),#206,.T.);
#4210=ADVANCED_FACE('',(#2705),#207,.T.);
#4211=ADVANCED_FACE('',(#2706),#208,.T.);
#4212=ADVANCED_FACE('',(#2707),#209,.T.);
#4213=ADVANCED_FACE('',(#2708),#210,.T.);
#4214=ADVANCED_FACE('',(#2709),#211,.T.);
#4215=ADVANCED_FACE('',(#2710),#212,.T.);
#4216=ADVANCED_FACE('',(#2711),#213,.T.);
#4217=ADVANCED_FACE('',(#2712),#214,.T.);
#4218=ADVANCED_FACE('',(#2713),#215,.F.);
#4219=ADVANCED_FACE('',(#2714),#216,.F.);
#4220=ADVANCED_FACE('',(#2715),#217,.T.);
#4221=ADVANCED_FACE('',(#2716),#218,.T.);
#4222=ADVANCED_FACE('',(#2717,#2718),#2887,.T.);
#4223=ADVANCED_FACE('',(#2719,#2720),#166,.T.);
#4224=ADVANCED_FACE('',(#2721),#219,.T.);
#4225=ADVANCED_FACE('',(#2722,#2723),#167,.F.);
#4226=ADVANCED_FACE('',(#2724,#2725),#2888,.F.);
#4227=ADVANCED_FACE('',(#2726,#2727),#168,.F.);
#4228=ADVANCED_FACE('',(#2728,#2729),#169,.T.);
#4229=ADVANCED_FACE('',(#2730,#2731),#2889,.F.);
#4230=ADVANCED_FACE('',(#2732,#2733),#170,.T.);
#4231=ADVANCED_FACE('',(#2734,#2735),#171,.F.);
#4232=ADVANCED_FACE('',(#2736,#2737),#2890,.F.);
#4233=ADVANCED_FACE('',(#2738,#2739),#172,.F.);
#4234=ADVANCED_FACE('',(#2740,#2741),#220,.T.);
#4235=ADVANCED_FACE('',(#2742,#2743),#2891,.F.);
#4236=ADVANCED_FACE('',(#2744,#2745),#221,.T.);
#4237=ADVANCED_FACE('',(#2746,#2747),#173,.T.);
#4238=ADVANCED_FACE('',(#2748,#2749),#2892,.T.);
#4239=ADVANCED_FACE('',(#2750,#2751),#174,.T.);
#4240=ADVANCED_FACE('',(#2752,#2753),#175,.F.);
#4241=ADVANCED_FACE('',(#2754,#2755),#2893,.T.);
#4242=ADVANCED_FACE('',(#2756,#2757),#176,.F.);
#4243=ADVANCED_FACE('',(#2758,#2759),#177,.T.);
#4244=ADVANCED_FACE('',(#2760),#222,.T.);
#4245=ADVANCED_FACE('',(#2761),#223,.T.);
#4246=ADVANCED_FACE('',(#2762),#2894,.F.);
#4247=ADVANCED_FACE('',(#2763),#224,.T.);
#4248=ADVANCED_FACE('',(#2764),#225,.F.);
#4249=ADVANCED_FACE('',(#2765),#226,.T.);
#4250=ADVANCED_FACE('',(#2766),#227,.T.);
#4251=ADVANCED_FACE('',(#2767),#228,.T.);
#4252=ADVANCED_FACE('',(#2768),#229,.T.);
#4253=ADVANCED_FACE('',(#2769),#10,.T.);
#4254=ADVANCED_FACE('',(#2770),#11,.T.);
#4255=ADVANCED_FACE('',(#2771),#230,.T.);
#4256=ADVANCED_FACE('',(#2772),#231,.T.);
#4257=ADVANCED_FACE('',(#2773),#232,.T.);
#4258=ADVANCED_FACE('',(#2774),#233,.T.);
#4259=ADVANCED_FACE('',(#2775),#234,.T.);
#4260=ADVANCED_FACE('',(#2776),#235,.T.);
#4261=ADVANCED_FACE('',(#2777),#236,.T.);
#4262=ADVANCED_FACE('',(#2778),#237,.T.);
#4263=ADVANCED_FACE('',(#2779),#238,.T.);
#4264=ADVANCED_FACE('',(#2780),#12,.T.);
#4265=ADVANCED_FACE('',(#2781),#13,.T.);
#4266=ADVANCED_FACE('',(#2782),#14,.T.);
#4267=ADVANCED_FACE('',(#2783),#15,.T.);
#4268=ADVANCED_FACE('',(#2784),#16,.T.);
#4269=ADVANCED_FACE('',(#2785),#17,.T.);
#4270=ADVANCED_FACE('',(#2786),#239,.T.);
#4271=ADVANCED_FACE('',(#2787,#2788),#240,.T.);
#4272=ADVANCED_FACE('',(#2789),#241,.T.);
#4273=ADVANCED_FACE('',(#2790),#242,.F.);
#4274=ADVANCED_FACE('',(#2791),#243,.T.);
#4275=ADVANCED_FACE('',(#2792),#244,.T.);
#4276=ADVANCED_FACE('',(#2793),#245,.T.);
#4277=ADVANCED_FACE('',(#2794),#246,.T.);
#4278=ADVANCED_FACE('',(#2795),#247,.T.);
#4279=ADVANCED_FACE('',(#2796),#18,.T.);
#4280=ADVANCED_FACE('',(#2797),#248,.T.);
#4281=ADVANCED_FACE('',(#2798),#19,.T.);
#4282=ADVANCED_FACE('',(#2799),#249,.T.);
#4283=ADVANCED_FACE('',(#2800),#250,.T.);
#4284=ADVANCED_FACE('',(#2801),#251,.T.);
#4285=ADVANCED_FACE('',(#2802),#252,.T.);
#4286=ADVANCED_FACE('',(#2803),#253,.T.);
#4287=ADVANCED_FACE('',(#2804),#254,.T.);
#4288=ADVANCED_FACE('',(#2805),#255,.T.);
#4289=ADVANCED_FACE('',(#2806),#256,.T.);
#4290=ADVANCED_FACE('',(#2807),#257,.T.);
#4291=ADVANCED_FACE('',(#2808),#258,.T.);
#4292=ADVANCED_FACE('',(#2809),#259,.T.);
#4293=ADVANCED_FACE('',(#2810),#260,.T.);
#4294=ADVANCED_FACE('',(#2811),#261,.T.);
#4295=ADVANCED_FACE('',(#2812),#262,.T.);
#4296=ADVANCED_FACE('',(#2813),#263,.T.);
#4297=ADVANCED_FACE('',(#2814),#264,.T.);
#4298=ADVANCED_FACE('',(#2815),#265,.T.);
#4299=ADVANCED_FACE('',(#2816),#266,.T.);
#4300=ADVANCED_FACE('',(#2817),#267,.T.);
#4301=ADVANCED_FACE('',(#2818),#268,.T.);
#4302=ADVANCED_FACE('',(#2819),#269,.T.);
#4303=ADVANCED_FACE('',(#2820),#270,.T.);
#4304=ADVANCED_FACE('',(#2821),#271,.T.);
#4305=ADVANCED_FACE('',(#2822),#272,.T.);
#4306=ADVANCED_FACE('',(#2823),#273,.T.);
#4307=ADVANCED_FACE('',(#2824),#274,.T.);
#4308=ADVANCED_FACE('',(#2825),#275,.T.);
#4309=ADVANCED_FACE('',(#2826),#276,.T.);
#4310=ADVANCED_FACE('',(#2827),#20,.T.);
#4311=ADVANCED_FACE('',(#2828),#277,.T.);
#4312=ADVANCED_FACE('',(#2829),#21,.T.);
#4313=ADVANCED_FACE('',(#2830),#278,.T.);
#4314=ADVANCED_FACE('',(#2831),#22,.T.);
#4315=ADVANCED_FACE('',(#2832),#279,.T.);
#4316=ADVANCED_FACE('',(#2833),#23,.T.);
#4317=ADVANCED_FACE('',(#2834),#24,.T.);
#4318=ADVANCED_FACE('',(#2835),#280,.T.);
#4319=ADVANCED_FACE('',(#2836,#2837),#25,.T.);
#4320=ADVANCED_FACE('',(#2838),#281,.T.);
#4321=ADVANCED_FACE('',(#2839,#2840),#282,.T.);
#4322=ADVANCED_FACE('',(#2841),#283,.T.);
#4323=ADVANCED_FACE('',(#2842),#284,.T.);
#4324=ADVANCED_FACE('',(#2843),#285,.T.);
#4325=ADVANCED_FACE('',(#2844),#286,.T.);
#4326=ADVANCED_FACE('',(#2845),#287,.T.);
#4327=ADVANCED_FACE('',(#2846),#288,.T.);
#4328=ADVANCED_FACE('',(#2847),#289,.T.);
#4329=ADVANCED_FACE('',(#2848),#290,.T.);
#4330=ADVANCED_FACE('',(#2849),#291,.T.);
#4331=ADVANCED_FACE('',(#2850),#292,.T.);
#4332=ADVANCED_FACE('',(#2851),#293,.T.);
#4333=ADVANCED_FACE('',(#2852),#294,.T.);
#4334=ADVANCED_FACE('',(#2853),#295,.T.);
#4335=ADVANCED_FACE('',(#2854),#296,.T.);
#4336=ADVANCED_FACE('',(#2855),#297,.F.);
#4337=ADVANCED_FACE('',(#2856),#298,.F.);
#4338=ADVANCED_FACE('',(#2857),#299,.F.);
#4339=ADVANCED_FACE('',(#2858),#300,.F.);
#4340=ADVANCED_FACE('',(#2859),#301,.F.);
#4341=ADVANCED_FACE('',(#2860),#302,.F.);
#4342=ADVANCED_FACE('',(#2861),#303,.F.);
#4343=ADVANCED_FACE('',(#2862),#304,.F.);
#4344=ADVANCED_FACE('',(#2863),#305,.F.);
#4345=ADVANCED_FACE('',(#2864),#306,.F.);
#4346=ADVANCED_FACE('',(#2865),#307,.F.);
#4347=ADVANCED_FACE('',(#2866),#308,.F.);
#4348=ADVANCED_FACE('',(#2867),#309,.F.);
#4349=ADVANCED_FACE('',(#2868),#310,.T.);
#4350=CLOSED_SHELL('',(#4159,#4160,#4161,#4162,#4163,#4164,#4165,#4166,
#4167,#4168,#4169,#4170,#4171,#4172,#4173,#4174,#4175,#4176,#4177,#4178,
#4179,#4180,#4181,#4182,#4183,#4184,#4185,#4186));
#4351=CLOSED_SHELL('',(#4187,#4188,#4189,#4190,#4191,#4192,#4193,#4194,
#4195,#4196,#4197,#4198));
#4352=CLOSED_SHELL('',(#4199,#4200,#4201,#4202,#4203,#4204,#4205,#4206,
#4207,#4208,#4209,#4210,#4211,#4212,#4213,#4214,#4215,#4216,#4217,#4218,
#4219,#4220,#4221,#4222,#4223,#4224,#4225,#4226,#4227,#4228,#4229,#4230,
#4231,#4232,#4233,#4234,#4235,#4236,#4237,#4238,#4239,#4240,#4241,#4242,
#4243,#4244,#4245,#4246,#4247,#4248,#4249,#4250,#4251,#4252,#4253,#4254,
#4255,#4256,#4257,#4258,#4259,#4260,#4261,#4262,#4263,#4264,#4265,#4266,
#4267,#4268,#4269,#4270,#4271,#4272,#4273,#4274,#4275,#4276,#4277,#4278,
#4279,#4280,#4281,#4282,#4283,#4284,#4285,#4286,#4287,#4288,#4289,#4290,
#4291,#4292,#4293,#4294,#4295,#4296,#4297,#4298,#4299,#4300,#4301,#4302,
#4303,#4304,#4305,#4306,#4307,#4308,#4309,#4310,#4311,#4312,#4313,#4314,
#4315,#4316,#4317,#4318,#4319,#4320,#4321,#4322,#4323,#4324,#4325,#4326,
#4327,#4328,#4329,#4330,#4331,#4332,#4333,#4334,#4335,#4336,#4337,#4338,
#4339,#4340,#4341,#4342,#4343,#4344,#4345,#4346,#4347,#4348,#4349));
#4353=MANIFOLD_SOLID_BREP('',#4350);
#4354=MANIFOLD_SOLID_BREP('',#4351);
#4355=MANIFOLD_SOLID_BREP('',#4352);
#4356=SHAPE_DEFINITION_REPRESENTATION(#7267,#4357);
#4357=SHAPE_REPRESENTATION('10x10x5x0.6',(#4358),#7262);
#4358=AXIS2_PLACEMENT_3D('',#5299,#4599,#4600);
#4359=AXIS2_PLACEMENT_3D('',#5300,#4601,#4602);
#4360=AXIS2_PLACEMENT_3D('',#5301,#4603,#4604);
#4361=AXIS2_PLACEMENT_3D('',#5306,#4606,#4607);
#4362=AXIS2_PLACEMENT_3D('',#5309,#4609,#4610);
#4363=AXIS2_PLACEMENT_3D('',#5310,#4611,#4612);
#4364=AXIS2_PLACEMENT_3D('',#5312,#4613,#4614);
#4365=AXIS2_PLACEMENT_3D('',#5314,#4615,#4616);
#4366=AXIS2_PLACEMENT_3D('',#5315,#4617,#4618);
#4367=AXIS2_PLACEMENT_3D('',#5317,#4619,#4620);
#4368=AXIS2_PLACEMENT_3D('',#5319,#4621,#4622);
#4369=AXIS2_PLACEMENT_3D('',#5321,#4623,#4624);
#4370=AXIS2_PLACEMENT_3D('',#5322,#4625,#4626);
#4371=AXIS2_PLACEMENT_3D('',#5323,#4627,#4628);
#4372=AXIS2_PLACEMENT_3D('',#5325,#4629,#4630);
#4373=AXIS2_PLACEMENT_3D('',#5327,#4631,#4632);
#4374=AXIS2_PLACEMENT_3D('',#5328,#4633,#4634);
#4375=AXIS2_PLACEMENT_3D('',#5330,#4635,#4636);
#4376=AXIS2_PLACEMENT_3D('',#5332,#4637,#4638);
#4377=AXIS2_PLACEMENT_3D('',#5333,#4639,#4640);
#4378=AXIS2_PLACEMENT_3D('',#5335,#4641,#4642);
#4379=AXIS2_PLACEMENT_3D('',#5337,#4643,#4644);
#4380=AXIS2_PLACEMENT_3D('',#5338,#4645,#4646);
#4381=AXIS2_PLACEMENT_3D('',#5340,#4647,#4648);
#4382=AXIS2_PLACEMENT_3D('',#5341,#4649,#4650);
#4383=AXIS2_PLACEMENT_3D('',#5342,#4651,#4652);
#4384=AXIS2_PLACEMENT_3D('',#5343,#4653,#4654);
#4385=AXIS2_PLACEMENT_3D('',#5345,#4655,#4656);
#4386=AXIS2_PLACEMENT_3D('',#5346,#4657,#4658);
#4387=AXIS2_PLACEMENT_3D('',#5348,#4659,#4660);
#4388=AXIS2_PLACEMENT_3D('',#5349,#4661,#4662);
#4389=AXIS2_PLACEMENT_3D('',#5350,#4663,#4664);
#4390=AXIS2_PLACEMENT_3D('',#5352,#4665,#4666);
#4391=AXIS2_PLACEMENT_3D('',#5353,#4667,#4668);
#4392=AXIS2_PLACEMENT_3D('',#5355,#4669,#4670);
#4393=AXIS2_PLACEMENT_3D('',#5356,#4671,#4672);
#4394=AXIS2_PLACEMENT_3D('',#5359,#4674,#4675);
#4395=AXIS2_PLACEMENT_3D('',#5362,#4677,#4678);
#4396=AXIS2_PLACEMENT_3D('',#5363,#4679,#4680);
#4397=AXIS2_PLACEMENT_3D('',#5365,#4681,#4682);
#4398=AXIS2_PLACEMENT_3D('',#5366,#4683,#4684);
#4399=AXIS2_PLACEMENT_3D('',#5367,#4685,#4686);
#4400=AXIS2_PLACEMENT_3D('',#5368,#4687,#4688);
#4401=AXIS2_PLACEMENT_3D('',#5369,#4689,#4690);
#4402=AXIS2_PLACEMENT_3D('',#5371,#4691,#4692);
#4403=AXIS2_PLACEMENT_3D('',#5372,#4693,#4694);
#4404=AXIS2_PLACEMENT_3D('',#5374,#4695,#4696);
#4405=AXIS2_PLACEMENT_3D('',#5376,#4697,#4698);
#4406=AXIS2_PLACEMENT_3D('',#5377,#4699,#4700);
#4407=AXIS2_PLACEMENT_3D('',#5378,#4701,#4702);
#4408=AXIS2_PLACEMENT_3D('',#5380,#4703,#4704);
#4409=AXIS2_PLACEMENT_3D('',#5381,#4705,#4706);
#4410=AXIS2_PLACEMENT_3D('',#5383,#4707,#4708);
#4411=AXIS2_PLACEMENT_3D('',#5384,#4709,#4710);
#4412=AXIS2_PLACEMENT_3D('',#5385,#4711,#4712);
#4413=AXIS2_PLACEMENT_3D('',#5387,#4713,#4714);
#4414=AXIS2_PLACEMENT_3D('',#5388,#4715,#4716);
#4415=AXIS2_PLACEMENT_3D('',#5390,#4717,#4718);
#4416=AXIS2_PLACEMENT_3D('',#5391,#4719,#4720);
#4417=AXIS2_PLACEMENT_3D('',#5392,#4721,#4722);
#4418=AXIS2_PLACEMENT_3D('',#5393,#4723,#4724);
#4419=AXIS2_PLACEMENT_3D('',#5395,#4725,#4726);
#4420=AXIS2_PLACEMENT_3D('',#5397,#4727,#4728);
#4421=AXIS2_PLACEMENT_3D('',#5398,#4729,#4730);
#4422=AXIS2_PLACEMENT_3D('',#5400,#4731,#4732);
#4423=AXIS2_PLACEMENT_3D('',#5401,#4733,#4734);
#4424=AXIS2_PLACEMENT_3D('',#5403,#4735,#4736);
#4425=AXIS2_PLACEMENT_3D('',#5404,#4737,#4738);
#4426=AXIS2_PLACEMENT_3D('',#5405,#4739,#4740);
#4427=AXIS2_PLACEMENT_3D('',#5407,#4741,#4742);
#4428=AXIS2_PLACEMENT_3D('',#5408,#4743,#4744);
#4429=AXIS2_PLACEMENT_3D('',#5410,#4745,#4746);
#4430=AXIS2_PLACEMENT_3D('',#5411,#4747,#4748);
#4431=AXIS2_PLACEMENT_3D('',#5413,#4749,#4750);
#4432=AXIS2_PLACEMENT_3D('',#5414,#4751,#4752);
#4433=AXIS2_PLACEMENT_3D('',#5416,#4753,#4754);
#4434=AXIS2_PLACEMENT_3D('',#5417,#4755,#4756);
#4435=AXIS2_PLACEMENT_3D('',#5419,#4757,#4758);
#4436=AXIS2_PLACEMENT_3D('',#5420,#4759,#4760);
#4437=AXIS2_PLACEMENT_3D('',#5422,#4761,#4762);
#4438=AXIS2_PLACEMENT_3D('',#5423,#4763,#4764);
#4439=AXIS2_PLACEMENT_3D('',#5425,#4765,#4766);
#4440=AXIS2_PLACEMENT_3D('',#5426,#4767,#4768);
#4441=AXIS2_PLACEMENT_3D('',#5509,#4786,#4787);
#4442=AXIS2_PLACEMENT_3D('',#5845,#4806,#4807);
#4443=AXIS2_PLACEMENT_3D('',#5898,#4810,#4811);
#4444=AXIS2_PLACEMENT_3D('',#5977,#4822,#4823);
#4445=AXIS2_PLACEMENT_3D('',#5980,#4826,#4827);
#4446=AXIS2_PLACEMENT_3D('',#5983,#4830,#4831);
#4447=AXIS2_PLACEMENT_3D('',#5986,#4834,#4835);
#4448=AXIS2_PLACEMENT_3D('',#5988,#4837,#4838);
#4449=AXIS2_PLACEMENT_3D('',#6001,#4840,#4841);
#4450=AXIS2_PLACEMENT_3D('',#6011,#4844,#4845);
#4451=AXIS2_PLACEMENT_3D('',#6030,#4847,#4848);
#4452=AXIS2_PLACEMENT_3D('',#6062,#4852,#4853);
#4453=AXIS2_PLACEMENT_3D('',#6068,#4857,#4858);
#4454=AXIS2_PLACEMENT_3D('',#6074,#4862,#4863);
#4455=AXIS2_PLACEMENT_3D('',#6080,#4867,#4868);
#4456=AXIS2_PLACEMENT_3D('',#6086,#4872,#4873);
#4457=AXIS2_PLACEMENT_3D('',#6092,#4877,#4878);
#4458=AXIS2_PLACEMENT_3D('',#6098,#4882,#4883);
#4459=AXIS2_PLACEMENT_3D('',#6104,#4887,#4888);
#4460=AXIS2_PLACEMENT_3D('',#6108,#4891,#4892);
#4461=AXIS2_PLACEMENT_3D('',#6126,#4895,#4896);
#4462=AXIS2_PLACEMENT_3D('',#6135,#4903,#4904);
#4463=AXIS2_PLACEMENT_3D('',#6138,#4907,#4908);
#4464=AXIS2_PLACEMENT_3D('',#6141,#4911,#4912);
#4465=AXIS2_PLACEMENT_3D('',#6142,#4913,#4914);
#4466=AXIS2_PLACEMENT_3D('',#6144,#4915,#4916);
#4467=AXIS2_PLACEMENT_3D('',#6146,#4917,#4918);
#4468=AXIS2_PLACEMENT_3D('',#6147,#4919,#4920);
#4469=AXIS2_PLACEMENT_3D('',#6148,#4921,#4922);
#4470=AXIS2_PLACEMENT_3D('',#6149,#4923,#4924);
#4471=AXIS2_PLACEMENT_3D('',#6151,#4925,#4926);
#4472=AXIS2_PLACEMENT_3D('',#6152,#4927,#4928);
#4473=AXIS2_PLACEMENT_3D('',#6154,#4929,#4930);
#4474=AXIS2_PLACEMENT_3D('',#6155,#4931,#4932);
#4475=AXIS2_PLACEMENT_3D('',#6157,#4933,#4934);
#4476=AXIS2_PLACEMENT_3D('',#6158,#4935,#4936);
#4477=AXIS2_PLACEMENT_3D('',#6160,#4937,#4938);
#4478=AXIS2_PLACEMENT_3D('',#6161,#4939,#4940);
#4479=AXIS2_PLACEMENT_3D('',#6163,#4941,#4942);
#4480=AXIS2_PLACEMENT_3D('',#6164,#4943,#4944);
#4481=AXIS2_PLACEMENT_3D('',#6166,#4945,#4946);
#4482=AXIS2_PLACEMENT_3D('',#6167,#4947,#4948);
#4483=AXIS2_PLACEMENT_3D('',#6169,#4949,#4950);
#4484=AXIS2_PLACEMENT_3D('',#6170,#4951,#4952);
#4485=AXIS2_PLACEMENT_3D('',#6172,#4953,#4954);
#4486=AXIS2_PLACEMENT_3D('',#6173,#4955,#4956);
#4487=AXIS2_PLACEMENT_3D('',#6175,#4957,#4958);
#4488=AXIS2_PLACEMENT_3D('',#6176,#4959,#4960);
#4489=AXIS2_PLACEMENT_3D('',#6178,#4961,#4962);
#4490=AXIS2_PLACEMENT_3D('',#6179,#4963,#4964);
#4491=AXIS2_PLACEMENT_3D('',#6181,#4965,#4966);
#4492=AXIS2_PLACEMENT_3D('',#6182,#4967,#4968);
#4493=AXIS2_PLACEMENT_3D('',#6184,#4969,#4970);
#4494=AXIS2_PLACEMENT_3D('',#6185,#4971,#4972);
#4495=AXIS2_PLACEMENT_3D('',#6187,#4973,#4974);
#4496=AXIS2_PLACEMENT_3D('',#6188,#4975,#4976);
#4497=AXIS2_PLACEMENT_3D('',#6190,#4977,#4978);
#4498=AXIS2_PLACEMENT_3D('',#6191,#4979,#4980);
#4499=AXIS2_PLACEMENT_3D('',#6193,#4981,#4982);
#4500=AXIS2_PLACEMENT_3D('',#6194,#4983,#4984);
#4501=AXIS2_PLACEMENT_3D('',#6196,#4985,#4986);
#4502=AXIS2_PLACEMENT_3D('',#6197,#4987,#4988);
#4503=AXIS2_PLACEMENT_3D('',#6199,#4989,#4990);
#4504=AXIS2_PLACEMENT_3D('',#6200,#4991,#4992);
#4505=AXIS2_PLACEMENT_3D('',#6202,#4993,#4994);
#4506=AXIS2_PLACEMENT_3D('',#6203,#4995,#4996);
#4507=AXIS2_PLACEMENT_3D('',#6205,#4997,#4998);
#4508=AXIS2_PLACEMENT_3D('',#6206,#4999,#5000);
#4509=AXIS2_PLACEMENT_3D('',#6207,#5001,#5002);
#4510=AXIS2_PLACEMENT_3D('',#6208,#5003,#5004);
#4511=AXIS2_PLACEMENT_3D('',#6211,#5006,#5007);
#4512=AXIS2_PLACEMENT_3D('',#6214,#5009,#5010);
#4513=AXIS2_PLACEMENT_3D('',#6216,#5012,#5013);
#4514=AXIS2_PLACEMENT_3D('',#6217,#5014,#5015);
#4515=AXIS2_PLACEMENT_3D('',#6226,#5018,#5019);
#4516=AXIS2_PLACEMENT_3D('',#6235,#5022,#5023);
#4517=AXIS2_PLACEMENT_3D('',#6242,#5025,#5026);
#4518=AXIS2_PLACEMENT_3D('',#6291,#5030,#5031);
#4519=AXIS2_PLACEMENT_3D('',#6298,#5033,#5034);
#4520=AXIS2_PLACEMENT_3D('',#6305,#5036,#5037);
#4521=AXIS2_PLACEMENT_3D('',#6312,#5039,#5040);
#4522=AXIS2_PLACEMENT_3D('',#6319,#5042,#5043);
#4523=AXIS2_PLACEMENT_3D('',#6324,#5044,#5045);
#4524=AXIS2_PLACEMENT_3D('',#6331,#5047,#5048);
#4525=AXIS2_PLACEMENT_3D('',#6336,#5049,#5050);
#4526=AXIS2_PLACEMENT_3D('',#6337,#5051,#5052);
#4527=AXIS2_PLACEMENT_3D('',#6633,#5063,#5064);
#4528=AXIS2_PLACEMENT_3D('',#6638,#5065,#5066);
#4529=AXIS2_PLACEMENT_3D('',#6639,#5067,#5068);
#4530=AXIS2_PLACEMENT_3D('',#6642,#5071,#5072);
#4531=AXIS2_PLACEMENT_3D('',#6643,#5073,#5074);
#4532=AXIS2_PLACEMENT_3D('',#6644,#5075,#5076);
#4533=AXIS2_PLACEMENT_3D('',#6653,#5079,#5080);
#4534=AXIS2_PLACEMENT_3D('',#6660,#5082,#5083);
#4535=AXIS2_PLACEMENT_3D('',#6667,#5085,#5086);
#4536=AXIS2_PLACEMENT_3D('',#6695,#5089,#5090);
#4537=AXIS2_PLACEMENT_3D('',#6731,#5092,#5093);
#4538=AXIS2_PLACEMENT_3D('',#6732,#5094,#5095);
#4539=AXIS2_PLACEMENT_3D('',#6739,#5098,#5099);
#4540=AXIS2_PLACEMENT_3D('',#6744,#5101,#5102);
#4541=AXIS2_PLACEMENT_3D('',#6749,#5104,#5105);
#4542=AXIS2_PLACEMENT_3D('',#6754,#5107,#5108);
#4543=AXIS2_PLACEMENT_3D('',#6759,#5110,#5111);
#4544=AXIS2_PLACEMENT_3D('',#6764,#5113,#5114);
#4545=AXIS2_PLACEMENT_3D('',#6769,#5116,#5117);
#4546=AXIS2_PLACEMENT_3D('',#6774,#5119,#5120);
#4547=AXIS2_PLACEMENT_3D('',#6779,#5122,#5123);
#4548=AXIS2_PLACEMENT_3D('',#6784,#5125,#5126);
#4549=AXIS2_PLACEMENT_3D('',#6789,#5128,#5129);
#4550=AXIS2_PLACEMENT_3D('',#6792,#5130,#5131);
#4551=AXIS2_PLACEMENT_3D('',#6793,#5132,#5133);
#4552=AXIS2_PLACEMENT_3D('',#6800,#5136,#5137);
#4553=AXIS2_PLACEMENT_3D('',#6805,#5139,#5140);
#4554=AXIS2_PLACEMENT_3D('',#6810,#5142,#5143);
#4555=AXIS2_PLACEMENT_3D('',#6813,#5144,#5145);
#4556=AXIS2_PLACEMENT_3D('',#6814,#5146,#5147);
#4557=AXIS2_PLACEMENT_3D('',#6821,#5150,#5151);
#4558=AXIS2_PLACEMENT_3D('',#6826,#5153,#5154);
#4559=AXIS2_PLACEMENT_3D('',#6831,#5156,#5157);
#4560=AXIS2_PLACEMENT_3D('',#6834,#5158,#5159);
#4561=AXIS2_PLACEMENT_3D('',#6835,#5160,#5161);
#4562=AXIS2_PLACEMENT_3D('',#6844,#5164,#5165);
#4563=AXIS2_PLACEMENT_3D('',#6851,#5167,#5168);
#4564=AXIS2_PLACEMENT_3D('',#6858,#5170,#5171);
#4565=AXIS2_PLACEMENT_3D('',#6904,#5174,#5175);
#4566=AXIS2_PLACEMENT_3D('',#6954,#5177,#5178);
#4567=AXIS2_PLACEMENT_3D('',#6998,#5181,#5182);
#4568=AXIS2_PLACEMENT_3D('',#7071,#5186,#5187);
#4569=AXIS2_PLACEMENT_3D('',#7152,#5189,#5190);
#4570=AXIS2_PLACEMENT_3D('',#7157,#5191,#5192);
#4571=AXIS2_PLACEMENT_3D('',#7158,#5193,#5194);
#4572=AXIS2_PLACEMENT_3D('',#7159,#5195,#5196);
#4573=AXIS2_PLACEMENT_3D('',#7165,#5200,#5201);
#4574=AXIS2_PLACEMENT_3D('',#7169,#5204,#5205);
#4575=AXIS2_PLACEMENT_3D('',#7173,#5208,#5209);
#4576=AXIS2_PLACEMENT_3D('',#7177,#5212,#5213);
#4577=AXIS2_PLACEMENT_3D('',#7181,#5216,#5217);
#4578=AXIS2_PLACEMENT_3D('',#7185,#5220,#5221);
#4579=AXIS2_PLACEMENT_3D('',#7189,#5224,#5225);
#4580=AXIS2_PLACEMENT_3D('',#7193,#5228,#5229);
#4581=AXIS2_PLACEMENT_3D('',#7197,#5232,#5233);
#4582=AXIS2_PLACEMENT_3D('',#7201,#5236,#5237);
#4583=AXIS2_PLACEMENT_3D('',#7205,#5240,#5241);
#4584=AXIS2_PLACEMENT_3D('',#7209,#5244,#5245);
#4585=AXIS2_PLACEMENT_3D('',#7211,#5247,#5248);
#4586=AXIS2_PLACEMENT_3D('',#7212,#5249,#5250);
#4587=AXIS2_PLACEMENT_3D('',#7218,#5254,#5255);
#4588=AXIS2_PLACEMENT_3D('',#7222,#5258,#5259);
#4589=AXIS2_PLACEMENT_3D('',#7226,#5262,#5263);
#4590=AXIS2_PLACEMENT_3D('',#7230,#5266,#5267);
#4591=AXIS2_PLACEMENT_3D('',#7234,#5270,#5271);
#4592=AXIS2_PLACEMENT_3D('',#7238,#5274,#5275);
#4593=AXIS2_PLACEMENT_3D('',#7242,#5278,#5279);
#4594=AXIS2_PLACEMENT_3D('',#7246,#5282,#5283);
#4595=AXIS2_PLACEMENT_3D('',#7250,#5286,#5287);
#4596=AXIS2_PLACEMENT_3D('',#7254,#5290,#5291);
#4597=AXIS2_PLACEMENT_3D('',#7258,#5294,#5295);
#4598=AXIS2_PLACEMENT_3D('',#7260,#5297,#5298);
#4599=DIRECTION('',(0.,0.,1.));
#4600=DIRECTION('',(1.,0.,0.));
#4601=DIRECTION('',(0.,0.,1.));
#4602=DIRECTION('',(1.,0.,0.));
#4603=DIRECTION('',(0.,0.,1.));
#4604=DIRECTION('',(1.,0.,0.));
#4605=DIRECTION('',(0.,0.,1.));
#4606=DIRECTION('',(0.,0.,1.));
#4607=DIRECTION('',(1.,0.,0.));
#4608=DIRECTION('',(0.,0.,1.));
#4609=DIRECTION('',(0.,0.,1.));
#4610=DIRECTION('',(1.,0.,0.));
#4611=DIRECTION('',(0.,0.,1.));
#4612=DIRECTION('',(1.,0.,0.));
#4613=DIRECTION('',(0.,0.,1.));
#4614=DIRECTION('',(1.,0.,0.));
#4615=DIRECTION('',(0.,0.,1.));
#4616=DIRECTION('',(1.,0.,0.));
#4617=DIRECTION('',(0.,0.,1.));
#4618=DIRECTION('',(1.,0.,0.));
#4619=DIRECTION('',(0.,0.,1.));
#4620=DIRECTION('',(1.,0.,0.));
#4621=DIRECTION('',(0.,0.,1.));
#4622=DIRECTION('',(1.,0.,0.));
#4623=DIRECTION('',(0.,0.,1.));
#4624=DIRECTION('',(1.,0.,0.));
#4625=DIRECTION('',(0.,0.,1.));
#4626=DIRECTION('',(1.,0.,0.));
#4627=DIRECTION('',(0.,0.,1.));
#4628=DIRECTION('',(1.,0.,0.));
#4629=DIRECTION('',(0.,0.,1.));
#4630=DIRECTION('',(1.,0.,0.));
#4631=DIRECTION('',(0.,0.,1.));
#4632=DIRECTION('',(1.,0.,0.));
#4633=DIRECTION('',(0.,0.,1.));
#4634=DIRECTION('',(1.,0.,0.));
#4635=DIRECTION('',(0.,0.,1.));
#4636=DIRECTION('',(1.,0.,0.));
#4637=DIRECTION('',(0.,0.,1.));
#4638=DIRECTION('',(1.,0.,0.));
#4639=DIRECTION('',(0.,0.,1.));
#4640=DIRECTION('',(1.,0.,0.));
#4641=DIRECTION('',(0.,0.,1.));
#4642=DIRECTION('',(1.,0.,0.));
#4643=DIRECTION('',(0.,0.,1.));
#4644=DIRECTION('',(1.,0.,0.));
#4645=DIRECTION('',(0.,0.,1.));
#4646=DIRECTION('',(1.,0.,0.));
#4647=DIRECTION('',(0.,0.,1.));
#4648=DIRECTION('',(1.,0.,0.));
#4649=DIRECTION('',(0.,0.,1.));
#4650=DIRECTION('',(1.,0.,0.));
#4651=DIRECTION('',(0.,0.,1.));
#4652=DIRECTION('',(1.,0.,0.));
#4653=DIRECTION('',(0.,0.,1.));
#4654=DIRECTION('',(1.,0.,0.));
#4655=DIRECTION('',(0.,0.,1.));
#4656=DIRECTION('',(1.,0.,0.));
#4657=DIRECTION('',(0.,0.,1.));
#4658=DIRECTION('',(1.,0.,0.));
#4659=DIRECTION('',(0.,0.,1.));
#4660=DIRECTION('',(1.,0.,0.));
#4661=DIRECTION('',(0.,0.,1.));
#4662=DIRECTION('',(1.,0.,0.));
#4663=DIRECTION('',(0.,0.,1.));
#4664=DIRECTION('',(1.,0.,0.));
#4665=DIRECTION('',(0.,0.,1.));
#4666=DIRECTION('',(1.,0.,0.));
#4667=DIRECTION('',(0.,0.,1.));
#4668=DIRECTION('',(1.,0.,0.));
#4669=DIRECTION('',(0.,0.,1.));
#4670=DIRECTION('',(1.,0.,0.));
#4671=DIRECTION('',(0.,0.,1.));
#4672=DIRECTION('',(1.,0.,0.));
#4673=DIRECTION('',(0.,0.,1.));
#4674=DIRECTION('',(0.,0.,1.));
#4675=DIRECTION('',(1.,0.,0.));
#4676=DIRECTION('',(0.,0.,1.));
#4677=DIRECTION('',(0.,0.,1.));
#4678=DIRECTION('',(1.,0.,0.));
#4679=DIRECTION('',(0.,0.,1.));
#4680=DIRECTION('',(1.,0.,0.));
#4681=DIRECTION('',(0.,0.,1.));
#4682=DIRECTION('',(1.,0.,0.));
#4683=DIRECTION('',(0.,0.,1.));
#4684=DIRECTION('',(1.,0.,0.));
#4685=DIRECTION('',(0.,0.,1.));
#4686=DIRECTION('',(1.,0.,0.));
#4687=DIRECTION('',(0.,0.,1.));
#4688=DIRECTION('',(1.,0.,0.));
#4689=DIRECTION('',(0.,0.,1.));
#4690=DIRECTION('',(1.,0.,0.));
#4691=DIRECTION('',(0.,0.,1.));
#4692=DIRECTION('',(1.,0.,0.));
#4693=DIRECTION('',(0.,0.,1.));
#4694=DIRECTION('',(1.,0.,0.));
#4695=DIRECTION('',(0.,0.,1.));
#4696=DIRECTION('',(1.,0.,0.));
#4697=DIRECTION('',(0.,0.,1.));
#4698=DIRECTION('',(1.,0.,0.));
#4699=DIRECTION('',(0.,0.,1.));
#4700=DIRECTION('',(1.,0.,0.));
#4701=DIRECTION('',(0.,0.,1.));
#4702=DIRECTION('',(1.,0.,0.));
#4703=DIRECTION('',(0.,0.,1.));
#4704=DIRECTION('',(1.,0.,0.));
#4705=DIRECTION('',(0.,0.,1.));
#4706=DIRECTION('',(1.,0.,0.));
#4707=DIRECTION('',(0.,0.,1.));
#4708=DIRECTION('',(1.,0.,0.));
#4709=DIRECTION('',(0.,0.,1.));
#4710=DIRECTION('',(1.,0.,0.));
#4711=DIRECTION('',(0.,0.,1.));
#4712=DIRECTION('',(1.,0.,0.));
#4713=DIRECTION('',(0.,0.,1.));
#4714=DIRECTION('',(1.,0.,0.));
#4715=DIRECTION('',(0.,0.,1.));
#4716=DIRECTION('',(1.,0.,0.));
#4717=DIRECTION('',(0.,0.,1.));
#4718=DIRECTION('',(1.,0.,0.));
#4719=DIRECTION('',(0.,0.,1.));
#4720=DIRECTION('',(1.,0.,0.));
#4721=DIRECTION('',(0.,0.,-1.));
#4722=DIRECTION('',(-1.,0.,0.));
#4723=DIRECTION('',(0.,0.,-1.));
#4724=DIRECTION('',(-1.,0.,0.));
#4725=DIRECTION('',(0.,0.,-1.));
#4726=DIRECTION('',(-1.,0.,0.));
#4727=DIRECTION('',(0.,0.,-1.));
#4728=DIRECTION('',(-1.,0.,0.));
#4729=DIRECTION('',(0.,0.,-1.));
#4730=DIRECTION('',(-1.,0.,0.));
#4731=DIRECTION('',(0.,0.,-1.));
#4732=DIRECTION('',(-1.,0.,0.));
#4733=DIRECTION('',(0.,0.,-1.));
#4734=DIRECTION('',(-1.,0.,0.));
#4735=DIRECTION('',(0.,0.,1.));
#4736=DIRECTION('',(1.,0.,0.));
#4737=DIRECTION('',(0.,0.,-1.));
#4738=DIRECTION('',(-1.,0.,0.));
#4739=DIRECTION('',(0.,0.,-1.));
#4740=DIRECTION('',(-1.,0.,0.));
#4741=DIRECTION('',(0.,0.,-1.));
#4742=DIRECTION('',(-1.,0.,0.));
#4743=DIRECTION('',(0.,0.,-1.));
#4744=DIRECTION('',(-1.,0.,0.));
#4745=DIRECTION('',(0.,0.,-1.));
#4746=DIRECTION('',(-1.,0.,0.));
#4747=DIRECTION('',(0.,0.,-1.));
#4748=DIRECTION('',(-1.,0.,0.));
#4749=DIRECTION('',(0.,0.,-1.));
#4750=DIRECTION('',(-1.,0.,0.));
#4751=DIRECTION('',(0.,0.,-1.));
#4752=DIRECTION('',(-1.,0.,0.));
#4753=DIRECTION('',(0.,0.,-1.));
#4754=DIRECTION('',(-1.,0.,0.));
#4755=DIRECTION('',(0.,0.,-1.));
#4756=DIRECTION('',(-1.,0.,0.));
#4757=DIRECTION('',(0.,0.,-1.));
#4758=DIRECTION('',(-1.,0.,0.));
#4759=DIRECTION('',(0.,0.,-1.));
#4760=DIRECTION('',(-1.,0.,0.));
#4761=DIRECTION('',(0.,0.,-1.));
#4762=DIRECTION('',(-1.,0.,0.));
#4763=DIRECTION('',(0.,0.,-1.));
#4764=DIRECTION('',(-1.,0.,0.));
#4765=DIRECTION('',(0.,0.,-1.));
#4766=DIRECTION('',(-1.,0.,0.));
#4767=DIRECTION('',(0.,0.,1.));
#4768=DIRECTION('',(1.,0.,0.));
#4769=DIRECTION('',(-1.,0.,0.));
#4770=DIRECTION('',(0.507254689190441,0.861796194174881,0.));
#4771=DIRECTION('',(1.,-6.1802680762134E-16,0.));
#4772=DIRECTION('',(0.519661496168014,0.854372242878022,0.));
#4773=DIRECTION('',(-1.,0.,0.));
#4774=DIRECTION('',(0.504988503037565,0.863126069470665,0.));
#4775=DIRECTION('',(1.,6.13366381441807E-16,0.));
#4776=DIRECTION('',(0.507261555133471,0.86179215283244,0.));
#4777=DIRECTION('',(-1.,0.,0.));
#4778=DIRECTION('',(0.509202702893944,0.860646621654615,0.));
#4779=DIRECTION('',(1.,-1.83381591824904E-16,0.));
#4780=DIRECTION('',(-0.503548846457896,-0.863966758174713,0.));
#4781=DIRECTION('',(0.707106781186549,-0.707106781186546,0.));
#4782=DIRECTION('',(-0.707106781186545,-0.70710678118655,0.));
#4783=DIRECTION('',(-0.707106781186549,0.707106781186546,0.));
#4784=DIRECTION('',(-0.707106781186543,-0.707106781186552,0.));
#4785=DIRECTION('',(0.,-1.,0.));
#4786=DIRECTION('',(0.,0.,-1.));
#4787=DIRECTION('',(-1.,0.,0.));
#4788=DIRECTION('',(0.,-1.,0.));
#4789=DIRECTION('',(0.707106781186548,-0.707106781186547,0.));
#4790=DIRECTION('',(0.707106781186543,0.707106781186552,0.));
#4791=DIRECTION('',(0.707106781186552,-0.707106781186543,0.));
#4792=DIRECTION('',(-0.707106781186543,-0.707106781186552,0.));
#4793=DIRECTION('',(-1.,-5.49627462055395E-16,0.));
#4794=DIRECTION('',(-0.0520731194826533,0.998643274761987,0.));
#4795=DIRECTION('',(1.,0.,0.));
#4796=DIRECTION('',(0.0472575567111548,-0.998882737529132,0.));
#4797=DIRECTION('',(0.583264946769653,0.812281971897564,0.));
#4798=DIRECTION('',(1.,0.,0.));
#4799=DIRECTION('',(0.170573603889969,-0.985344937398061,0.));
#4800=DIRECTION('',(0.512281584109717,0.858817546736231,0.));
#4801=DIRECTION('',(1.,9.20049572162464E-16,0.));
#4802=DIRECTION('',(-0.505523561430526,-0.862812800576462,0.));
#4803=DIRECTION('',(-1.,0.,0.));
#4804=DIRECTION('',(-0.141458864167963,0.98994413466029,0.));
#4805=DIRECTION('',(-0.551256329818762,-0.834335938836838,0.));
#4806=DIRECTION('',(0.,0.,1.));
#4807=DIRECTION('',(1.,0.,0.));
#4808=DIRECTION('',(-0.707106781186543,-0.707106781186552,0.));
#4809=DIRECTION('',(0.707106781186549,-0.707106781186546,0.));
#4810=DIRECTION('',(0.,0.,-1.));
#4811=DIRECTION('',(-1.,0.,0.));
#4812=DIRECTION('',(0.707106781186549,-0.707106781186546,0.));
#4813=DIRECTION('',(-0.707106781186543,-0.707106781186552,0.));
#4814=DIRECTION('',(0.990492273177752,-0.137568371274688,0.));
#4815=DIRECTION('',(-0.707106781186543,-0.707106781186552,0.));
#4816=DIRECTION('',(0.707106781186552,-0.707106781186543,0.));
#4817=DIRECTION('',(0.707106781186543,0.707106781186552,0.));
#4818=DIRECTION('',(0.,1.,0.));
#4819=DIRECTION('',(-0.707106781186549,0.707106781186546,0.));
#4820=DIRECTION('',(-0.707106781186545,-0.70710678118655,0.));
#4821=DIRECTION('',(0.707106781186549,-0.707106781186546,0.));
#4822=DIRECTION('',(-0.707106781186552,0.707106781186543,0.));
#4823=DIRECTION('',(-0.707106781186543,-0.707106781186552,0.));
#4824=DIRECTION('',(0.,0.,-1.));
#4825=DIRECTION('',(0.,0.,1.));
#4826=DIRECTION('',(-0.707106781186552,0.707106781186543,0.));
#4827=DIRECTION('',(-0.707106781186543,-0.707106781186552,0.));
#4828=DIRECTION('',(0.,0.,1.));
#4829=DIRECTION('',(0.,0.,1.));
#4830=DIRECTION('',(-0.707106781186546,-0.707106781186549,0.));
#4831=DIRECTION('',(0.707106781186549,-0.707106781186546,0.));
#4832=DIRECTION('',(0.,0.,1.));
#4833=DIRECTION('',(0.,0.,1.));
#4834=DIRECTION('',(-0.707106781186546,-0.707106781186549,0.));
#4835=DIRECTION('',(0.707106781186549,-0.707106781186546,0.));
#4836=DIRECTION('',(0.,0.,1.));
#4837=DIRECTION('',(0.,0.,1.));
#4838=DIRECTION('',(1.,0.,0.));
#4839=DIRECTION('',(0.707106781186548,-0.707106781186547,0.));
#4840=DIRECTION('',(0.,0.,1.));
#4841=DIRECTION('',(1.,0.,0.));
#4842=DIRECTION('',(-0.707106781186549,0.707106781186546,0.));
#4843=DIRECTION('',(0.707106781186543,0.707106781186552,0.));
#4844=DIRECTION('',(0.,0.,1.));
#4845=DIRECTION('',(1.,0.,0.));
#4846=DIRECTION('',(-0.707106781186549,0.707106781186546,0.));
#4847=DIRECTION('',(0.,0.,1.));
#4848=DIRECTION('',(1.,0.,0.));
#4849=DIRECTION('',(0.707106781186543,0.707106781186552,0.));
#4850=DIRECTION('',(-0.707106781186549,0.707106781186546,0.));
#4851=DIRECTION('',(0.,-1.,0.));
#4852=DIRECTION('',(-0.707106781186547,-0.707106781186548,0.));
#4853=DIRECTION('',(0.707106781186548,-0.707106781186547,0.));
#4854=DIRECTION('',(0.707106781186548,-0.707106781186547,0.));
#4855=DIRECTION('',(0.,0.,1.));
#4856=DIRECTION('',(0.,0.,-1.));
#4857=DIRECTION('',(-0.707106781186547,-0.707106781186548,0.));
#4858=DIRECTION('',(0.707106781186548,-0.707106781186547,0.));
#4859=DIRECTION('',(0.707106781186548,-0.707106781186547,0.));
#4860=DIRECTION('',(0.,0.,1.));
#4861=DIRECTION('',(0.,0.,-1.));
#4862=DIRECTION('',(-0.707106781186552,0.707106781186543,0.));
#4863=DIRECTION('',(-0.707106781186543,-0.707106781186552,0.));
#4864=DIRECTION('',(0.,0.,-1.));
#4865=DIRECTION('',(-0.707106781186543,-0.707106781186552,0.));
#4866=DIRECTION('',(0.,0.,1.));
#4867=DIRECTION('',(0.707106781186552,-0.707106781186543,0.));
#4868=DIRECTION('',(0.707106781186543,0.707106781186552,0.));
#4869=DIRECTION('',(0.,0.,-1.));
#4870=DIRECTION('',(0.707106781186543,0.707106781186552,0.));
#4871=DIRECTION('',(0.,0.,1.));
#4872=DIRECTION('',(0.707106781186552,-0.707106781186543,0.));
#4873=DIRECTION('',(0.707106781186543,0.707106781186552,0.));
#4874=DIRECTION('',(0.707106781186543,0.707106781186552,0.));
#4875=DIRECTION('',(0.,0.,1.));
#4876=DIRECTION('',(0.,0.,-1.));
#4877=DIRECTION('',(0.707106781186546,0.707106781186549,0.));
#4878=DIRECTION('',(-0.707106781186549,0.707106781186546,0.));
#4879=DIRECTION('',(0.,0.,-1.));
#4880=DIRECTION('',(-0.707106781186549,0.707106781186546,0.));
#4881=DIRECTION('',(0.,0.,1.));
#4882=DIRECTION('',(0.707106781186546,0.707106781186549,0.));
#4883=DIRECTION('',(-0.707106781186549,0.707106781186546,0.));
#4884=DIRECTION('',(-0.707106781186549,0.707106781186546,0.));
#4885=DIRECTION('',(0.,0.,1.));
#4886=DIRECTION('',(0.,0.,1.));
#4887=DIRECTION('',(0.707106781186546,0.707106781186549,0.));
#4888=DIRECTION('',(-0.707106781186549,0.707106781186546,0.));
#4889=DIRECTION('',(-0.707106781186549,0.707106781186546,0.));
#4890=DIRECTION('',(0.,0.,1.));
#4891=DIRECTION('',(0.,0.,-1.));
#4892=DIRECTION('',(-1.,0.,0.));
#4893=DIRECTION('',(-1.,0.,0.));
#4894=DIRECTION('',(0.,1.,0.));
#4895=DIRECTION('',(0.,0.,-1.));
#4896=DIRECTION('',(-1.,0.,0.));
#4897=DIRECTION('',(0.,-1.,0.));
#4898=DIRECTION('',(0.328578817028667,0.944476553970527,0.));
#4899=DIRECTION('',(0.328578817028667,0.944476553970527,0.));
#4900=DIRECTION('',(1.,0.,0.));
#4901=DIRECTION('',(0.321106767222403,-0.94704300010294,0.));
#4902=DIRECTION('',(0.,1.,0.));
#4903=DIRECTION('',(0.707106781186552,-0.707106781186543,0.));
#4904=DIRECTION('',(0.707106781186543,0.707106781186552,0.));
#4905=DIRECTION('',(0.,0.,-1.));
#4906=DIRECTION('',(0.,0.,1.));
#4907=DIRECTION('',(0.707106781186546,0.707106781186549,0.));
#4908=DIRECTION('',(-0.707106781186549,0.707106781186546,0.));
#4909=DIRECTION('',(0.,0.,1.));
#4910=DIRECTION('',(0.,0.,1.));
#4911=DIRECTION('',(0.,0.,-1.));
#4912=DIRECTION('',(-1.,0.,0.));
#4913=DIRECTION('',(0.,0.,-1.));
#4914=DIRECTION('',(-1.,0.,0.));
#4915=DIRECTION('',(0.,0.,-1.));
#4916=DIRECTION('',(-1.,0.,0.));
#4917=DIRECTION('',(0.,0.,-1.));
#4918=DIRECTION('',(-1.,0.,0.));
#4919=DIRECTION('',(0.,0.,-1.));
#4920=DIRECTION('',(1.,0.,0.));
#4921=DIRECTION('',(0.,0.,-1.));
#4922=DIRECTION('',(-1.,0.,0.));
#4923=DIRECTION('',(0.,0.,-1.));
#4924=DIRECTION('',(-1.,0.,0.));
#4925=DIRECTION('',(0.,0.,-1.));
#4926=DIRECTION('',(-1.,0.,0.));
#4927=DIRECTION('',(0.,0.,-1.));
#4928=DIRECTION('',(-1.,0.,0.));
#4929=DIRECTION('',(0.,0.,-1.));
#4930=DIRECTION('',(-1.,0.,0.));
#4931=DIRECTION('',(0.,0.,-1.));
#4932=DIRECTION('',(-1.,0.,0.));
#4933=DIRECTION('',(0.,0.,-1.));
#4934=DIRECTION('',(-1.,0.,0.));
#4935=DIRECTION('',(0.,0.,-1.));
#4936=DIRECTION('',(-1.,0.,0.));
#4937=DIRECTION('',(0.,0.,-1.));
#4938=DIRECTION('',(-1.,0.,0.));
#4939=DIRECTION('',(0.,0.,-1.));
#4940=DIRECTION('',(-1.,0.,0.));
#4941=DIRECTION('',(0.,0.,-1.));
#4942=DIRECTION('',(-1.,0.,0.));
#4943=DIRECTION('',(0.,0.,-1.));
#4944=DIRECTION('',(-1.,0.,0.));
#4945=DIRECTION('',(0.,0.,-1.));
#4946=DIRECTION('',(-1.,0.,0.));
#4947=DIRECTION('',(0.,0.,-1.));
#4948=DIRECTION('',(-1.,0.,0.));
#4949=DIRECTION('',(0.,0.,-1.));
#4950=DIRECTION('',(-1.,0.,0.));
#4951=DIRECTION('',(0.,0.,-1.));
#4952=DIRECTION('',(-1.,0.,0.));
#4953=DIRECTION('',(0.,0.,-1.));
#4954=DIRECTION('',(-1.,0.,0.));
#4955=DIRECTION('',(0.,0.,-1.));
#4956=DIRECTION('',(-1.,0.,0.));
#4957=DIRECTION('',(0.,0.,-1.));
#4958=DIRECTION('',(-1.,0.,0.));
#4959=DIRECTION('',(0.,0.,-1.));
#4960=DIRECTION('',(-1.,0.,0.));
#4961=DIRECTION('',(0.,0.,1.));
#4962=DIRECTION('',(1.,0.,0.));
#4963=DIRECTION('',(0.,0.,-1.));
#4964=DIRECTION('',(-1.,0.,0.));
#4965=DIRECTION('',(0.,0.,-1.));
#4966=DIRECTION('',(-1.,0.,0.));
#4967=DIRECTION('',(0.,0.,-1.));
#4968=DIRECTION('',(-1.,0.,0.));
#4969=DIRECTION('',(0.,0.,-1.));
#4970=DIRECTION('',(-1.,0.,0.));
#4971=DIRECTION('',(0.,0.,-1.));
#4972=DIRECTION('',(-1.,0.,0.));
#4973=DIRECTION('',(0.,0.,-1.));
#4974=DIRECTION('',(-1.,0.,0.));
#4975=DIRECTION('',(0.,0.,-1.));
#4976=DIRECTION('',(-1.,0.,0.));
#4977=DIRECTION('',(0.,0.,-1.));
#4978=DIRECTION('',(-1.,0.,0.));
#4979=DIRECTION('',(0.,0.,-1.));
#4980=DIRECTION('',(-1.,0.,0.));
#4981=DIRECTION('',(0.,0.,-1.));
#4982=DIRECTION('',(-1.,0.,0.));
#4983=DIRECTION('',(0.,0.,-1.));
#4984=DIRECTION('',(-1.,0.,0.));
#4985=DIRECTION('',(0.,0.,-1.));
#4986=DIRECTION('',(-1.,0.,0.));
#4987=DIRECTION('',(0.,0.,-1.));
#4988=DIRECTION('',(-1.,0.,0.));
#4989=DIRECTION('',(0.,0.,-1.));
#4990=DIRECTION('',(-1.,0.,0.));
#4991=DIRECTION('',(0.,0.,-1.));
#4992=DIRECTION('',(-1.,0.,0.));
#4993=DIRECTION('',(0.,0.,-1.));
#4994=DIRECTION('',(-1.,0.,0.));
#4995=DIRECTION('',(0.,0.,-1.));
#4996=DIRECTION('',(-1.,0.,0.));
#4997=DIRECTION('',(0.,0.,-1.));
#4998=DIRECTION('',(-1.,0.,0.));
#4999=DIRECTION('',(-0.707106781186543,-0.707106781186552,0.));
#5000=DIRECTION('',(0.707106781186552,-0.707106781186543,0.));
#5001=DIRECTION('',(-0.70710678118655,0.707106781186545,0.));
#5002=DIRECTION('',(-0.707106781186545,-0.70710678118655,0.));
#5003=DIRECTION('',(0.,0.,1.));
#5004=DIRECTION('',(1.,0.,0.));
#5005=DIRECTION('',(0.,0.,1.));
#5006=DIRECTION('',(0.,0.,-1.));
#5007=DIRECTION('',(1.,0.,0.));
#5008=DIRECTION('',(0.,0.,1.));
#5009=DIRECTION('',(-1.,0.,0.));
#5010=DIRECTION('',(0.,0.,1.));
#5011=DIRECTION('',(0.,-1.,0.));
#5012=DIRECTION('',(0.,0.,-1.));
#5013=DIRECTION('',(-1.,0.,0.));
#5014=DIRECTION('',(0.,1.,0.));
#5015=DIRECTION('',(0.,0.,1.));
#5016=DIRECTION('',(0.,0.,1.));
#5017=DIRECTION('',(0.,0.,1.));
#5018=DIRECTION('',(0.,1.,0.));
#5019=DIRECTION('',(0.,0.,1.));
#5020=DIRECTION('',(0.,0.,1.));
#5021=DIRECTION('',(0.,0.,1.));
#5022=DIRECTION('',(1.,0.,0.));
#5023=DIRECTION('',(0.,0.,-1.));
#5024=DIRECTION('',(0.,0.,1.));
#5025=DIRECTION('',(0.,-1.,0.));
#5026=DIRECTION('',(0.,0.,-1.));
#5027=DIRECTION('',(0.,0.,1.));
#5028=DIRECTION('',(0.,0.,1.));
#5029=DIRECTION('',(0.,0.,1.));
#5030=DIRECTION('',(0.,-1.,0.));
#5031=DIRECTION('',(0.,0.,-1.));
#5032=DIRECTION('',(0.,0.,1.));
#5033=DIRECTION('',(-1.,0.,0.));
#5034=DIRECTION('',(0.,0.,1.));
#5035=DIRECTION('',(0.,0.,1.));
#5036=DIRECTION('',(0.,1.,0.));
#5037=DIRECTION('',(0.,0.,1.));
#5038=DIRECTION('',(0.,0.,1.));
#5039=DIRECTION('',(1.,0.,0.));
#5040=DIRECTION('',(0.,0.,-1.));
#5041=DIRECTION('',(0.,0.,1.));
#5042=DIRECTION('',(-0.944476553970527,0.328578817028667,0.));
#5043=DIRECTION('',(-0.328578817028667,-0.944476553970527,0.));
#5044=DIRECTION('',(0.94704300010294,0.321106767222403,0.));
#5045=DIRECTION('',(-0.321106767222403,0.94704300010294,0.));
#5046=DIRECTION('',(0.,0.,1.));
#5047=DIRECTION('',(-1.,0.,0.));
#5048=DIRECTION('',(0.,0.,1.));
#5049=DIRECTION('',(0.,0.,1.));
#5050=DIRECTION('',(1.,0.,0.));
#5051=DIRECTION('',(0.137568371274688,0.990492273177752,0.));
#5052=DIRECTION('',(-0.990492273177752,0.137568371274688,0.));
#5053=DIRECTION('',(0.,0.,1.));
#5054=DIRECTION('',(0.,0.,1.));
#5055=DIRECTION('',(0.,0.,1.));
#5056=DIRECTION('',(0.,0.,1.));
#5057=DIRECTION('',(0.,0.,1.));
#5058=DIRECTION('',(0.,0.,1.));
#5059=DIRECTION('',(0.,0.,1.));
#5060=DIRECTION('',(0.,0.,1.));
#5061=DIRECTION('',(0.,0.,1.));
#5062=DIRECTION('',(0.,0.,1.));
#5063=DIRECTION('',(0.,1.,0.));
#5064=DIRECTION('',(0.,0.,1.));
#5065=DIRECTION('',(0.,0.,1.));
#5066=DIRECTION('',(1.,0.,0.));
#5067=DIRECTION('',(-0.707106781186546,-0.707106781186549,0.));
#5068=DIRECTION('',(0.707106781186549,-0.707106781186546,0.));
#5069=DIRECTION('',(0.707106781186549,-0.707106781186546,0.));
#5070=DIRECTION('',(0.707106781186549,-0.707106781186546,0.));
#5071=DIRECTION('',(0.,0.,-1.));
#5072=DIRECTION('',(-1.,0.,0.));
#5073=DIRECTION('',(0.,0.,1.));
#5074=DIRECTION('',(1.,0.,0.));
#5075=DIRECTION('',(0.,1.,0.));
#5076=DIRECTION('',(0.,0.,1.));
#5077=DIRECTION('',(0.,0.,1.));
#5078=DIRECTION('',(0.,0.,1.));
#5079=DIRECTION('',(1.,0.,0.));
#5080=DIRECTION('',(0.,0.,-1.));
#5081=DIRECTION('',(0.,0.,1.));
#5082=DIRECTION('',(0.,-1.,0.));
#5083=DIRECTION('',(0.,0.,-1.));
#5084=DIRECTION('',(0.,0.,1.));
#5085=DIRECTION('',(-1.,0.,0.));
#5086=DIRECTION('',(0.,0.,1.));
#5087=DIRECTION('',(0.,0.,1.));
#5088=DIRECTION('',(0.,0.,1.));
#5089=DIRECTION('',(-0.936554064276759,0.350523158559724,0.));
#5090=DIRECTION('',(-0.350523158559724,-0.936554064276759,0.));
#5091=DIRECTION('',(0.,0.,1.));
#5092=DIRECTION('',(0.,0.,1.));
#5093=DIRECTION('',(1.,0.,0.));
#5094=DIRECTION('',(0.,1.,0.));
#5095=DIRECTION('',(0.,0.,1.));
#5096=DIRECTION('',(0.,0.,1.));
#5097=DIRECTION('',(0.,0.,1.));
#5098=DIRECTION('',(1.,0.,0.));
#5099=DIRECTION('',(0.,0.,-1.));
#5100=DIRECTION('',(0.,0.,1.));
#5101=DIRECTION('',(0.,-1.,0.));
#5102=DIRECTION('',(0.,0.,-1.));
#5103=DIRECTION('',(0.,0.,1.));
#5104=DIRECTION('',(-1.,0.,0.));
#5105=DIRECTION('',(0.,0.,1.));
#5106=DIRECTION('',(0.,0.,1.));
#5107=DIRECTION('',(0.711911416450098,-0.702269275369509,0.));
#5108=DIRECTION('',(0.702269275369509,0.711911416450098,0.));
#5109=DIRECTION('',(0.,0.,1.));
#5110=DIRECTION('',(0.,-1.,0.));
#5111=DIRECTION('',(0.,0.,-1.));
#5112=DIRECTION('',(0.,0.,1.));
#5113=DIRECTION('',(-0.696709817925406,0.71735307178986,0.));
#5114=DIRECTION('',(-0.71735307178986,-0.696709817925406,0.));
#5115=DIRECTION('',(0.,0.,1.));
#5116=DIRECTION('',(-0.831302721389527,-0.555819921746573,0.));
#5117=DIRECTION('',(0.555819921746573,-0.831302721389527,0.));
#5118=DIRECTION('',(0.,0.,1.));
#5119=DIRECTION('',(0.,1.,0.));
#5120=DIRECTION('',(0.,0.,1.));
#5121=DIRECTION('',(0.,0.,1.));
#5122=DIRECTION('',(0.838478007433636,0.544935437506242,0.));
#5123=DIRECTION('',(-0.544935437506242,0.838478007433636,0.));
#5124=DIRECTION('',(0.,0.,1.));
#5125=DIRECTION('',(-0.6986729989855,0.715441150961145,0.));
#5126=DIRECTION('',(-0.715441150961145,-0.6986729989855,0.));
#5127=DIRECTION('',(0.,0.,1.));
#5128=DIRECTION('',(-1.,0.,0.));
#5129=DIRECTION('',(0.,0.,1.));
#5130=DIRECTION('',(0.,0.,1.));
#5131=DIRECTION('',(1.,0.,0.));
#5132=DIRECTION('',(0.,1.,0.));
#5133=DIRECTION('',(0.,0.,1.));
#5134=DIRECTION('',(0.,0.,1.));
#5135=DIRECTION('',(0.,0.,1.));
#5136=DIRECTION('',(1.,0.,0.));
#5137=DIRECTION('',(0.,0.,-1.));
#5138=DIRECTION('',(0.,0.,1.));
#5139=DIRECTION('',(0.,-1.,0.));
#5140=DIRECTION('',(0.,0.,-1.));
#5141=DIRECTION('',(0.,0.,1.));
#5142=DIRECTION('',(-1.,0.,0.));
#5143=DIRECTION('',(0.,0.,1.));
#5144=DIRECTION('',(0.,0.,1.));
#5145=DIRECTION('',(1.,0.,0.));
#5146=DIRECTION('',(0.,1.,0.));
#5147=DIRECTION('',(0.,0.,1.));
#5148=DIRECTION('',(0.,0.,1.));
#5149=DIRECTION('',(0.,0.,1.));
#5150=DIRECTION('',(1.,0.,0.));
#5151=DIRECTION('',(0.,0.,-1.));
#5152=DIRECTION('',(0.,0.,1.));
#5153=DIRECTION('',(0.,-1.,0.));
#5154=DIRECTION('',(0.,0.,-1.));
#5155=DIRECTION('',(0.,0.,1.));
#5156=DIRECTION('',(-1.,0.,0.));
#5157=DIRECTION('',(0.,0.,1.));
#5158=DIRECTION('',(0.,0.,1.));
#5159=DIRECTION('',(1.,0.,0.));
#5160=DIRECTION('',(0.,1.,0.));
#5161=DIRECTION('',(0.,0.,1.));
#5162=DIRECTION('',(0.,0.,1.));
#5163=DIRECTION('',(0.,0.,1.));
#5164=DIRECTION('',(1.,0.,0.));
#5165=DIRECTION('',(0.,0.,-1.));
#5166=DIRECTION('',(0.,0.,1.));
#5167=DIRECTION('',(0.,-1.,0.));
#5168=DIRECTION('',(0.,0.,-1.));
#5169=DIRECTION('',(0.,0.,1.));
#5170=DIRECTION('',(-1.,0.,0.));
#5171=DIRECTION('',(0.,0.,1.));
#5172=DIRECTION('',(0.,0.,1.));
#5173=DIRECTION('',(0.,0.,1.));
#5174=DIRECTION('',(0.,1.,0.));
#5175=DIRECTION('',(0.,0.,1.));
#5176=DIRECTION('',(0.,0.,1.));
#5177=DIRECTION('',(0.,0.,1.));
#5178=DIRECTION('',(1.,0.,0.));
#5179=DIRECTION('',(0.,0.,1.));
#5180=DIRECTION('',(0.,0.,1.));
#5181=DIRECTION('',(-0.142960762655237,-0.989728356843954,0.));
#5182=DIRECTION('',(0.989728356843954,-0.142960762655237,0.));
#5183=DIRECTION('',(0.,0.,1.));
#5184=DIRECTION('',(0.,0.,1.));
#5185=DIRECTION('',(0.,0.,1.));
#5186=DIRECTION('',(1.,0.,0.));
#5187=DIRECTION('',(0.,0.,-1.));
#5188=DIRECTION('',(0.,0.,1.));
#5189=DIRECTION('',(0.,-1.,0.));
#5190=DIRECTION('',(0.,0.,-1.));
#5191=DIRECTION('',(0.,0.,1.));
#5192=DIRECTION('',(1.,0.,0.));
#5193=DIRECTION('',(0.,0.,1.));
#5194=DIRECTION('',(1.,0.,0.));
#5195=DIRECTION('',(0.998643274761987,0.0520731194826533,0.));
#5196=DIRECTION('',(-0.0520731194826533,0.998643274761987,0.));
#5197=DIRECTION('',(0.,0.,1.));
#5198=DIRECTION('',(-0.0520731194826533,0.998643274761987,0.));
#5199=DIRECTION('',(0.,0.,1.));
#5200=DIRECTION('',(0.,-1.,0.));
#5201=DIRECTION('',(0.,0.,-1.));
#5202=DIRECTION('',(1.,0.,0.));
#5203=DIRECTION('',(0.,0.,1.));
#5204=DIRECTION('',(-0.998882737529132,-0.0472575567111548,0.));
#5205=DIRECTION('',(0.0472575567111548,-0.998882737529132,0.));
#5206=DIRECTION('',(0.0472575567111548,-0.998882737529132,0.));
#5207=DIRECTION('',(0.,0.,1.));
#5208=DIRECTION('',(0.812281971897564,-0.583264946769653,0.));
#5209=DIRECTION('',(0.583264946769653,0.812281971897564,0.));
#5210=DIRECTION('',(0.583264946769653,0.812281971897564,0.));
#5211=DIRECTION('',(0.,0.,1.));
#5212=DIRECTION('',(0.,-1.,0.));
#5213=DIRECTION('',(0.,0.,-1.));
#5214=DIRECTION('',(1.,0.,0.));
#5215=DIRECTION('',(0.,0.,1.));
#5216=DIRECTION('',(-0.985344937398061,-0.170573603889969,0.));
#5217=DIRECTION('',(0.170573603889969,-0.985344937398061,0.));
#5218=DIRECTION('',(0.170573603889969,-0.985344937398061,0.));
#5219=DIRECTION('',(0.,0.,1.));
#5220=DIRECTION('',(0.858817546736231,-0.512281584109717,0.));
#5221=DIRECTION('',(0.512281584109717,0.858817546736231,0.));
#5222=DIRECTION('',(0.512281584109717,0.858817546736231,0.));
#5223=DIRECTION('',(0.,0.,1.));
#5224=DIRECTION('',(9.20049572162464E-16,-1.,0.));
#5225=DIRECTION('',(1.,9.20049572162464E-16,0.));
#5226=DIRECTION('',(1.,9.20049572162464E-16,0.));
#5227=DIRECTION('',(0.,0.,1.));
#5228=DIRECTION('',(-0.862812800576462,0.505523561430526,0.));
#5229=DIRECTION('',(-0.505523561430526,-0.862812800576462,0.));
#5230=DIRECTION('',(-0.505523561430526,-0.862812800576462,0.));
#5231=DIRECTION('',(0.,0.,1.));
#5232=DIRECTION('',(0.,1.,0.));
#5233=DIRECTION('',(0.,0.,1.));
#5234=DIRECTION('',(-1.,0.,0.));
#5235=DIRECTION('',(0.,0.,1.));
#5236=DIRECTION('',(0.98994413466029,0.141458864167963,0.));
#5237=DIRECTION('',(-0.141458864167963,0.98994413466029,0.));
#5238=DIRECTION('',(-0.141458864167963,0.98994413466029,0.));
#5239=DIRECTION('',(0.,0.,1.));
#5240=DIRECTION('',(-0.834335938836838,0.551256329818763,0.));
#5241=DIRECTION('',(-0.551256329818763,-0.834335938836838,0.));
#5242=DIRECTION('',(-0.551256329818762,-0.834335938836838,0.));
#5243=DIRECTION('',(0.,0.,1.));
#5244=DIRECTION('',(-5.49627462055395E-16,1.,0.));
#5245=DIRECTION('',(-1.,-5.49627462055395E-16,0.));
#5246=DIRECTION('',(-1.,-5.49627462055395E-16,0.));
#5247=DIRECTION('',(0.,0.,-1.));
#5248=DIRECTION('',(-1.,0.,0.));
#5249=DIRECTION('',(0.,1.,0.));
#5250=DIRECTION('',(0.,0.,1.));
#5251=DIRECTION('',(0.,0.,1.));
#5252=DIRECTION('',(-1.,0.,0.));
#5253=DIRECTION('',(0.,0.,1.));
#5254=DIRECTION('',(-0.863966758174713,0.503548846457896,0.));
#5255=DIRECTION('',(-0.503548846457896,-0.863966758174713,0.));
#5256=DIRECTION('',(0.,0.,1.));
#5257=DIRECTION('',(-0.503548846457896,-0.863966758174713,0.));
#5258=DIRECTION('',(-1.83381591824904E-16,-1.,0.));
#5259=DIRECTION('',(1.,-1.83381591824904E-16,0.));
#5260=DIRECTION('',(0.,0.,1.));
#5261=DIRECTION('',(1.,-1.83381591824904E-16,0.));
#5262=DIRECTION('',(0.860646621654615,-0.509202702893944,0.));
#5263=DIRECTION('',(0.509202702893944,0.860646621654615,0.));
#5264=DIRECTION('',(0.,0.,1.));
#5265=DIRECTION('',(0.509202702893944,0.860646621654615,0.));
#5266=DIRECTION('',(0.,1.,0.));
#5267=DIRECTION('',(0.,0.,1.));
#5268=DIRECTION('',(0.,0.,1.));
#5269=DIRECTION('',(-1.,0.,0.));
#5270=DIRECTION('',(0.86179215283244,-0.507261555133471,0.));
#5271=DIRECTION('',(0.507261555133471,0.86179215283244,0.));
#5272=DIRECTION('',(0.,0.,1.));
#5273=DIRECTION('',(0.507261555133471,0.86179215283244,0.));
#5274=DIRECTION('',(6.13366381441807E-16,-1.,0.));
#5275=DIRECTION('',(1.,6.13366381441807E-16,0.));
#5276=DIRECTION('',(0.,0.,1.));
#5277=DIRECTION('',(1.,6.13366381441807E-16,0.));
#5278=DIRECTION('',(0.863126069470665,-0.504988503037565,0.));
#5279=DIRECTION('',(0.504988503037565,0.863126069470665,0.));
#5280=DIRECTION('',(0.,0.,1.));
#5281=DIRECTION('',(0.504988503037565,0.863126069470665,0.));
#5282=DIRECTION('',(0.,1.,0.));
#5283=DIRECTION('',(0.,0.,1.));
#5284=DIRECTION('',(0.,0.,1.));
#5285=DIRECTION('',(-1.,0.,0.));
#5286=DIRECTION('',(0.854372242878022,-0.519661496168013,0.));
#5287=DIRECTION('',(0.519661496168014,0.854372242878022,0.));
#5288=DIRECTION('',(0.,0.,1.));
#5289=DIRECTION('',(0.519661496168014,0.854372242878022,0.));
#5290=DIRECTION('',(-6.1802680762134E-16,-1.,0.));
#5291=DIRECTION('',(1.,-6.1802680762134E-16,0.));
#5292=DIRECTION('',(0.,0.,1.));
#5293=DIRECTION('',(1.,-6.1802680762134E-16,0.));
#5294=DIRECTION('',(0.861796194174881,-0.507254689190441,0.));
#5295=DIRECTION('',(0.507254689190441,0.861796194174881,0.));
#5296=DIRECTION('',(0.507254689190441,0.861796194174881,0.));
#5297=DIRECTION('',(0.,0.,1.));
#5298=DIRECTION('',(1.,0.,0.));
#5299=CARTESIAN_POINT('',(0.,0.,0.));
#5300=CARTESIAN_POINT('',(-1.29916557784866E-16,0.,-0.00999999999999836));
#5301=CARTESIAN_POINT('',(-1.29916557784866E-16,0.,-0.00999999999999836));
#5302=CARTESIAN_POINT('',(2.76120987654321,0.30293464707141,-0.00999999999999972));
#5303=CARTESIAN_POINT('',(-2.76120987654321,0.30293464707141,-0.00999999999999972));
#5304=CARTESIAN_POINT('',(2.76120987654321,0.302934647071412,-10.01));
#5305=CARTESIAN_POINT('',(2.76120987654321,0.302934647071413,0.0900000000000016));
#5306=CARTESIAN_POINT('',(-1.29916557784866E-16,0.,0.0900000000000016));
#5307=CARTESIAN_POINT('',(-2.76120987654321,0.302934647071412,0.0900000000000016));
#5308=CARTESIAN_POINT('',(-2.76120987654321,0.302934647071411,-10.01));
#5309=CARTESIAN_POINT('',(-1.30215821434461E-16,0.,0.0900000000000016));
#5310=CARTESIAN_POINT('',(-1.29916557784866E-16,0.,0.0900000000000016));
#5311=CARTESIAN_POINT('',(2.91666666666667,0.,0.0900000000000016));
#5312=CARTESIAN_POINT('',(-1.29916557784866E-16,0.,0.0900000000000016));
#5313=CARTESIAN_POINT('',(3.33333333333333,0.,0.0900000000000016));
#5314=CARTESIAN_POINT('',(-1.30215821434461E-16,0.,0.0900000000000016));
#5315=CARTESIAN_POINT('',(-1.29916557784866E-16,0.,0.0900000000000016));
#5316=CARTESIAN_POINT('',(2.08333333333333,0.,0.0900000000000016));
#5317=CARTESIAN_POINT('',(2.5,2.14313189850787E-16,0.0900000000000016));
#5318=CARTESIAN_POINT('',(2.76120987654321,-0.302934647071412,0.0900000000000016));
#5319=CARTESIAN_POINT('',(-1.29916557784866E-16,0.,0.0900000000000016));
#5320=CARTESIAN_POINT('',(-2.76120987654321,-0.302934647071412,0.0900000000000016));
#5321=CARTESIAN_POINT('',(-2.5,2.16840434497101E-16,0.0900000000000016));
#5322=CARTESIAN_POINT('',(-1.30215821434461E-16,0.,0.0900000000000016));
#5323=CARTESIAN_POINT('',(-1.29916557784866E-16,0.,0.0900000000000016));
#5324=CARTESIAN_POINT('',(1.25,0.,0.0900000000000016));
#5325=CARTESIAN_POINT('',(-1.29916557784866E-16,0.,0.0900000000000016));
#5326=CARTESIAN_POINT('',(1.94444444444444,0.,0.0900000000000016));
#5327=CARTESIAN_POINT('',(-1.30215821434461E-16,0.,0.0900000000000016));
#5328=CARTESIAN_POINT('',(-1.29916557784866E-16,0.,0.0900000000000016));
#5329=CARTESIAN_POINT('',(0.694444444444444,0.,0.0900000000000016));
#5330=CARTESIAN_POINT('',(-1.29916557784866E-16,0.,0.0900000000000016));
#5331=CARTESIAN_POINT('',(1.11111111111111,0.,0.0900000000000016));
#5332=CARTESIAN_POINT('',(-1.29916557784866E-16,0.,-0.00999999999999836));
#5333=CARTESIAN_POINT('',(-1.29916557784866E-16,0.,-0.00999999999999836));
#5334=CARTESIAN_POINT('',(0.555555555555555,0.,-0.00999999999999836));
#5335=CARTESIAN_POINT('',(-1.29916557784866E-16,0.,0.0900000000000016));
#5336=CARTESIAN_POINT('',(0.555555555555555,0.,0.0900000000000016));
#5337=CARTESIAN_POINT('',(-1.29916557784866E-16,0.,-0.00999999999999836));
#5338=CARTESIAN_POINT('',(-1.29916557784866E-16,0.,-0.00999999999999836));
#5339=CARTESIAN_POINT('',(0.694444444444444,0.,-0.00999999999999836));
#5340=CARTESIAN_POINT('',(-1.29916557784866E-16,0.,-0.00999999999999836));
#5341=CARTESIAN_POINT('',(-1.30215821434461E-16,0.,0.0900000000000016));
#5342=CARTESIAN_POINT('',(-1.29916557784866E-16,0.,-0.00999999999999836));
#5343=CARTESIAN_POINT('',(-1.29916557784866E-16,0.,-0.00999999999999836));
#5344=CARTESIAN_POINT('',(1.11111111111111,0.,-0.00999999999999836));
#5345=CARTESIAN_POINT('',(-1.29916557784866E-16,0.,-0.00999999999999836));
#5346=CARTESIAN_POINT('',(-1.29916557784866E-16,0.,-0.00999999999999836));
#5347=CARTESIAN_POINT('',(1.25,0.,-0.00999999999999836));
#5348=CARTESIAN_POINT('',(-1.29916557784866E-16,0.,-0.00999999999999836));
#5349=CARTESIAN_POINT('',(-1.29916557784866E-16,0.,-0.00999999999999836));
#5350=CARTESIAN_POINT('',(-1.29916557784866E-16,0.,-0.00999999999999836));
#5351=CARTESIAN_POINT('',(1.94444444444444,0.,-0.00999999999999836));
#5352=CARTESIAN_POINT('',(-1.29916557784866E-16,0.,-0.00999999999999836));
#5353=CARTESIAN_POINT('',(-1.29916557784866E-16,0.,-0.00999999999999836));
#5354=CARTESIAN_POINT('',(2.08333333333333,0.,-0.00999999999999836));
#5355=CARTESIAN_POINT('',(-1.29916557784866E-16,0.,-0.00999999999999836));
#5356=CARTESIAN_POINT('',(-1.29916557784866E-16,0.,-0.00999999999999836));
#5357=CARTESIAN_POINT('',(2.76120987654321,-0.302934647071411,-10.01));
#5358=CARTESIAN_POINT('',(2.76120987654321,-0.30293464707141,-0.00999999999999972));
#5359=CARTESIAN_POINT('',(-1.29916557784866E-16,0.,-0.00999999999999836));
#5360=CARTESIAN_POINT('',(-2.76120987654321,-0.30293464707141,-0.00999999999999972));
#5361=CARTESIAN_POINT('',(-2.76120987654321,-0.302934647071411,-10.01));
#5362=CARTESIAN_POINT('',(-1.29916557784866E-16,0.,-0.00999999999999836));
#5363=CARTESIAN_POINT('',(-1.29916557784866E-16,0.,-0.00999999999999836));
#5364=CARTESIAN_POINT('',(2.91666666666667,0.,-0.00999999999999836));
#5365=CARTESIAN_POINT('',(-1.29916557784866E-16,0.,-0.00999999999999836));
#5366=CARTESIAN_POINT('',(2.5,2.14313189850787E-16,-0.00999999999999959));
#5367=CARTESIAN_POINT('',(-2.5,2.16840434497101E-16,-0.00999999999999959));
#5368=CARTESIAN_POINT('',(-1.29916557784866E-16,0.,-0.00999999999999836));
#5369=CARTESIAN_POINT('',(-1.29916557784866E-16,0.,-0.00999999999999836));
#5370=CARTESIAN_POINT('',(3.33333333333333,0.,-0.00999999999999836));
#5371=CARTESIAN_POINT('',(-1.29916557784866E-16,0.,-0.00999999999999836));
#5372=CARTESIAN_POINT('',(-1.29916557784866E-16,0.,-0.00999999999999836));
#5373=CARTESIAN_POINT('',(3.47222222222222,0.,-0.00999999999999836));
#5374=CARTESIAN_POINT('',(-1.29916557784866E-16,0.,0.0900000000000016));
#5375=CARTESIAN_POINT('',(3.47222222222222,0.,0.0900000000000016));
#5376=CARTESIAN_POINT('',(-1.29916557784866E-16,0.,-0.00999999999999836));
#5377=CARTESIAN_POINT('',(-1.30215821434461E-16,0.,0.290000000000002));
#5378=CARTESIAN_POINT('',(-1.30215821434461E-16,0.,0.290000000000002));
#5379=CARTESIAN_POINT('',(4.13888888888889,0.,0.290000000000002));
#5380=CARTESIAN_POINT('',(-1.30215821434461E-16,0.,0.0900000000000016));
#5381=CARTESIAN_POINT('',(-1.30215821434461E-16,0.,0.0900000000000016));
#5382=CARTESIAN_POINT('',(4.13888888888889,0.,0.0900000000000016));
#5383=CARTESIAN_POINT('',(-1.30215821434461E-16,0.,0.0900000000000016));
#5384=CARTESIAN_POINT('',(-2.5,2.16840434497101E-16,-20.11));
#5385=CARTESIAN_POINT('',(-2.5,2.16840434497101E-16,-15.11));
#5386=CARTESIAN_POINT('',(-2.1,2.16840434497101E-16,-15.11));
#5387=CARTESIAN_POINT('',(2.5,2.14313189850787E-16,-20.11));
#5388=CARTESIAN_POINT('',(2.5,2.14313189850787E-16,-20.11));
#5389=CARTESIAN_POINT('',(2.9,2.14313189850787E-16,-20.11));
#5390=CARTESIAN_POINT('',(2.5,2.14313189850787E-16,-20.11));
#5391=CARTESIAN_POINT('',(-2.23838028169014,0.,-15.11));
#5392=CARTESIAN_POINT('',(0.,0.,1.37746478873239));
#5393=CARTESIAN_POINT('',(0.,0.,1.37746478873239));
#5394=CARTESIAN_POINT('',(-4.89000000000001,0.,1.37746478873239));
#5395=CARTESIAN_POINT('',(0.,0.,1.29954361329572));
#5396=CARTESIAN_POINT('',(-4.83490140845071,0.,1.29954361329572));
#5397=CARTESIAN_POINT('',(0.,0.,30.));
#5398=CARTESIAN_POINT('',(0.,0.,9.36676056338028));
#5399=CARTESIAN_POINT('',(-4.89,0.,9.36676056338028));
#5400=CARTESIAN_POINT('',(0.,0.,9.36676056338028));
#5401=CARTESIAN_POINT('',(0.,0.,9.78));
#5402=CARTESIAN_POINT('',(-4.47676056338028,0.,9.78));
#5403=CARTESIAN_POINT('',(-4.47676056338028,0.,9.78));
#5404=CARTESIAN_POINT('',(-4.47676056338028,0.,0.300000000000002));
#5405=CARTESIAN_POINT('',(0.,0.,0.300000000000002));
#5406=CARTESIAN_POINT('',(-4.47676056338028,0.,0.300000000000002));
#5407=CARTESIAN_POINT('',(0.,0.,30.));
#5408=CARTESIAN_POINT('',(0.,0.,0.));
#5409=CARTESIAN_POINT('',(-4.47676056338028,0.,0.));
#5410=CARTESIAN_POINT('',(0.,0.,0.413239436619715));
#5411=CARTESIAN_POINT('',(0.,0.,0.413239436619715));
#5412=CARTESIAN_POINT('',(-4.89,0.,0.413239436619715));
#5413=CARTESIAN_POINT('',(0.,0.,30.));
#5414=CARTESIAN_POINT('',(0.,0.,0.827289848788437));
#5415=CARTESIAN_POINT('',(-4.89000000000001,0.,0.827289848788437));
#5416=CARTESIAN_POINT('',(0.,0.,0.827289848788437));
#5417=CARTESIAN_POINT('',(0.,0.,0.905211024225108));
#5418=CARTESIAN_POINT('',(-4.83490140845071,0.,0.905211024225108));
#5419=CARTESIAN_POINT('',(0.,0.,1.06105337509844));
#5420=CARTESIAN_POINT('',(0.,0.,1.06105337509844));
#5421=CARTESIAN_POINT('',(-4.72470422535212,0.,1.06105337509844));
#5422=CARTESIAN_POINT('',(0.,0.,30.));
#5423=CARTESIAN_POINT('',(0.,0.,1.14370126242239));
#5424=CARTESIAN_POINT('',(-4.72470422535212,0.,1.14370126242239));
#5425=CARTESIAN_POINT('',(0.,0.,1.14370126242239));
#5426=CARTESIAN_POINT('',(-4.47676056338028,0.,9.89));
#5427=CARTESIAN_POINT('',(2.21456452901858,3.54263990460385,9.89));
#5428=CARTESIAN_POINT('',(2.21456452901858,3.54263990460385,9.89));
#5429=CARTESIAN_POINT('',(1.02144630656437,3.54263990460385,9.89));
#5430=CARTESIAN_POINT('',(1.96997762281457,3.12710098618,9.89));
#5431=CARTESIAN_POINT('',(1.96997762281457,3.12710098618,9.89));
#5432=CARTESIAN_POINT('',(1.26825908302606,3.12710098618,9.89));
#5433=CARTESIAN_POINT('',(1.26825908302606,3.12710098618,9.89));
#5434=CARTESIAN_POINT('',(1.15015854831613,2.93293262953001,9.89));
#5435=CARTESIAN_POINT('',(1.15015854831613,2.93293262953001,9.89));
#5436=CARTESIAN_POINT('',(1.85412884057451,2.93293262953001,9.89));
#5437=CARTESIAN_POINT('',(1.85412884057452,2.93293262953,9.89));
#5438=CARTESIAN_POINT('',(1.61132780701899,2.5179372375644,9.89));
#5439=CARTESIAN_POINT('',(1.61132780701899,2.5179372375644,9.89));
#5440=CARTESIAN_POINT('',(0.904277531497246,2.5179372375644,9.89));
#5441=CARTESIAN_POINT('',(0.904277531497245,2.51793723756441,9.89));
#5442=CARTESIAN_POINT('',(0.764073587485911,2.27974323779769,9.89));
#5443=CARTESIAN_POINT('',(0.764073587485913,2.27974323779769,9.89));
#5444=CARTESIAN_POINT('',(1.4714344495552,2.27974323779769,9.89));
#5445=CARTESIAN_POINT('',(1.4714344495552,2.27974323779769,9.89));
#5446=CARTESIAN_POINT('',(1.23041928864814,1.87238309845961,9.89));
#5447=CARTESIAN_POINT('',(1.23041928864814,1.87238309845961,9.89));
#5448=CARTESIAN_POINT('',(0.0479645376601346,1.87238309845961,9.89));
#5449=CARTESIAN_POINT('',(0.0479645376601346,1.87238309845961,9.89));
#5450=CARTESIAN_POINT('',(1.02144630656437,3.54263990460385,9.89));
#5451=CARTESIAN_POINT('',(0.752027027027028,-0.358783783783783,9.89));
#5452=CARTESIAN_POINT('',(0.739864864864866,-0.333108108108107,9.89));
#5453=CARTESIAN_POINT('',(0.732432432432433,-0.302027027027026,9.89));
#5454=CARTESIAN_POINT('',(0.729054054054055,-0.266891891891891,9.89));
#5455=CARTESIAN_POINT('',(0.752027027027028,-0.358783783783783,9.89));
#5456=CARTESIAN_POINT('',(0.729054054054055,-0.266891891891891,9.89));
#5457=CARTESIAN_POINT('',(0.729054054054055,-0.266891891891891,9.89));
#5458=CARTESIAN_POINT('',(0.682432432432433,-0.306756756756756,9.89));
#5459=CARTESIAN_POINT('',(0.637837837837839,-0.334459459459458,9.89));
#5460=CARTESIAN_POINT('',(0.595270270270271,-0.350675675675675,9.89));
#5461=CARTESIAN_POINT('',(0.552112657211668,-0.367116671126571,9.89));
#5462=CARTESIAN_POINT('',(0.506081081081082,-0.374999999999999,9.89));
#5463=CARTESIAN_POINT('',(0.375675675675676,-0.374999999999999,9.89));
#5464=CARTESIAN_POINT('',(0.313513513513514,-0.355405405405404,9.89));
#5465=CARTESIAN_POINT('',(0.269594594594595,-0.31554054054054,9.89));
#5466=CARTESIAN_POINT('',(0.226382390695913,-0.276317155463274,9.89));
#5467=CARTESIAN_POINT('',(0.20472972972973,-0.225675675675675,9.89));
#5468=CARTESIAN_POINT('',(0.20472972972973,-0.128378378378377,9.89));
#5469=CARTESIAN_POINT('',(0.212837837837839,-0.0959459459459449,9.89));
#5470=CARTESIAN_POINT('',(0.229054054054054,-0.0662162162162153,9.89));
#5471=CARTESIAN_POINT('',(0.245425202272336,-0.0362024444826981,9.89));
#5472=CARTESIAN_POINT('',(0.267567567567568,-0.0121621621621611,9.89));
#5473=CARTESIAN_POINT('',(0.293918918918919,0.0054054054054064,9.89));
#5474=CARTESIAN_POINT('',(0.320582120582121,0.0231808731808743,9.89));
#5475=CARTESIAN_POINT('',(0.350675675675676,0.0371621621621632,9.89));
#5476=CARTESIAN_POINT('',(0.383783783783784,0.0466216216216226,9.89));
#5477=CARTESIAN_POINT('',(0.408503314635391,0.0536843447220815,9.89));
#5478=CARTESIAN_POINT('',(0.445945945945947,0.0594594594594605,9.89));
#5479=CARTESIAN_POINT('',(0.495270270270271,0.0655405405405416,9.89));
#5480=CARTESIAN_POINT('',(0.596499100764351,0.0780208073137843,9.89));
#5481=CARTESIAN_POINT('',(0.670945945945947,0.0912162162162172,9.89));
#5482=CARTESIAN_POINT('',(0.718243243243244,0.108108108108109,9.89));
#5483=CARTESIAN_POINT('',(0.51280825441171,-0.371386871118962,9.89));
#5484=CARTESIAN_POINT('',(0.141421356237311,2.63508022725547E-15,9.89));
#5485=CARTESIAN_POINT('',(2.1920310216783,-2.05060966544098,9.89));
#5486=CARTESIAN_POINT('',(2.1920310216783,-2.05060966544098,9.89));
#5487=CARTESIAN_POINT('',(2.05060966544099,-2.19203102167829,9.89));
#5488=CARTESIAN_POINT('',(6.02546153811791E-16,-0.141421356237308,9.89));
#5489=CARTESIAN_POINT('',(0.0466216216216224,-0.188042977858929,9.89));
#5490=CARTESIAN_POINT('',(0.0466216216216224,0.656756756756758,9.89));
#5491=CARTESIAN_POINT('',(0.0466216216216224,0.318243243243244,9.89));
#5492=CARTESIAN_POINT('',(0.0466216216216223,-0.0202702702702692,9.89));
#5493=CARTESIAN_POINT('',(0.0466216216216224,-0.358783783783783,9.89));
#5494=CARTESIAN_POINT('',(0.0466216216216224,-0.358783783783783,9.89));
#5495=CARTESIAN_POINT('',(0.0466216216216224,-0.358783783783783,9.89));
#5496=CARTESIAN_POINT('',(0.00337837837837915,-0.358783783783783,9.89));
#5497=CARTESIAN_POINT('',(-0.039864864864864,-0.358783783783783,9.89));
#5498=CARTESIAN_POINT('',(-0.0831081081081072,-0.358783783783783,9.89));
#5499=CARTESIAN_POINT('',(-0.0831081081081072,-0.358783783783783,9.89));
#5500=CARTESIAN_POINT('',(-0.0831081081081072,-0.358783783783783,9.89));
#5501=CARTESIAN_POINT('',(-0.0831081081081072,-0.0752252252252242,9.89));
#5502=CARTESIAN_POINT('',(-0.0831081081081072,0.208333333333334,9.89));
#5503=CARTESIAN_POINT('',(-0.0831081081081072,0.491891891891893,9.89));
#5504=CARTESIAN_POINT('',(-0.0831081081081072,-0.224529464345417,9.88999999999999));
#5505=CARTESIAN_POINT('',(-2.05060966544097,-2.19203102167831,9.89));
#5506=CARTESIAN_POINT('',(-1.5,-1.64142135623733,9.89));
#5507=CARTESIAN_POINT('',(-1.5,4.21798353977786,9.89));
#5508=CARTESIAN_POINT('',(-1.5,-4.21798353977786,9.89));
#5509=CARTESIAN_POINT('',(0.,0.,9.89));
#5510=CARTESIAN_POINT('',(-1.5,4.21798353977786,9.89));
#5511=CARTESIAN_POINT('',(-1.5,4.21798353977786,9.89));
#5512=CARTESIAN_POINT('',(-1.5,1.64142135623731,9.89));
#5513=CARTESIAN_POINT('',(-2.05060966544099,2.1920310216783,9.89));
#5514=CARTESIAN_POINT('',(-0.232713483800734,0.374134853786699,9.89));
#5515=CARTESIAN_POINT('',(-0.432432432432432,-0.212837837837837,9.89));
#5516=CARTESIAN_POINT('',(-0.420945945945945,-0.175675675675675,9.89));
#5517=CARTESIAN_POINT('',(-0.402702702702702,-0.121621621621621,9.89));
#5518=CARTESIAN_POINT('',(-0.378378378378378,-0.0499999999999989,9.89));
#5519=CARTESIAN_POINT('',(-0.29825743394208,0.185911669729098,9.89));
#5520=CARTESIAN_POINT('',(-0.216216216216216,0.421171171171172,9.89));
#5521=CARTESIAN_POINT('',(-0.135135135135135,0.656756756756758,9.89));
#5522=CARTESIAN_POINT('',(-0.135135135135135,0.656756756756758,9.89));
#5523=CARTESIAN_POINT('',(-0.135135135135135,0.656756756756758,9.89));
#5524=CARTESIAN_POINT('',(-0.0745495495495489,0.656756756756758,9.89));
#5525=CARTESIAN_POINT('',(-0.0139639639639633,0.656756756756758,9.89));
#5526=CARTESIAN_POINT('',(0.0466216216216224,0.656756756756758,9.89));
#5527=CARTESIAN_POINT('',(0.0466216216216224,0.656756756756758,9.89));
#5528=CARTESIAN_POINT('',(0.0466216216216224,0.656756756756758,9.89));
#5529=CARTESIAN_POINT('',(0.0466216216216224,0.318243243243244,9.89));
#5530=CARTESIAN_POINT('',(0.0466216216216223,-0.0202702702702692,9.89));
#5531=CARTESIAN_POINT('',(0.0466216216216224,-0.358783783783783,9.89));
#5532=CARTESIAN_POINT('',(0.0466216216216223,0.188042977858933,9.89));
#5533=CARTESIAN_POINT('',(5.58491011943024E-16,0.141421356237311,9.89));
#5534=CARTESIAN_POINT('',(2.05060966544098,2.19203102167831,9.89));
#5535=CARTESIAN_POINT('',(2.05060966544098,2.19203102167831,9.89));
#5536=CARTESIAN_POINT('',(2.19203102167829,2.050609665441,9.89));
#5537=CARTESIAN_POINT('',(0.141421356237311,2.63508022725547E-15,9.89));
#5538=CARTESIAN_POINT('',(0.534230909059343,0.39280956674523,9.89));
#5539=CARTESIAN_POINT('',(0.226351351351352,0.166216216216217,9.89));
#5540=CARTESIAN_POINT('',(0.237162162162163,0.21891891891892,9.89));
#5541=CARTESIAN_POINT('',(0.255405405405406,0.260810810810812,9.89));
#5542=CARTESIAN_POINT('',(0.281081081081082,0.293243243243244,9.89));
#5543=CARTESIAN_POINT('',(0.306427932735297,0.32526031901699,9.89));
#5544=CARTESIAN_POINT('',(0.343243243243244,0.350000000000001,9.89));
#5545=CARTESIAN_POINT('',(0.391891891891892,0.367567567567569,9.89));
#5546=CARTESIAN_POINT('',(0.439726962457339,0.384841343049535,9.89));
#5547=CARTESIAN_POINT('',(0.495270270270271,0.393243243243244,9.89));
#5548=CARTESIAN_POINT('',(0.621621621621623,0.393243243243244,9.89));
#5549=CARTESIAN_POINT('',(0.672972972972973,0.385810810810812,9.89));
#5550=CARTESIAN_POINT('',(0.712162162162163,0.370945945945947,9.89));
#5551=CARTESIAN_POINT('',(0.751942040793393,0.355857026465136,9.89));
#5552=CARTESIAN_POINT('',(0.780405405405406,0.337837837837839,9.89));
#5553=CARTESIAN_POINT('',(0.799324324324325,0.315540540540542,9.89));
#5554=CARTESIAN_POINT('',(0.818293747564971,0.293183720292637,9.89));
#5555=CARTESIAN_POINT('',(0.830405405405406,0.26418918918919,9.89));
#5556=CARTESIAN_POINT('',(0.837837837837839,0.230405405405406,9.89));
#5557=CARTESIAN_POINT('',(0.842593346876064,0.208789455231654,9.89));
#5558=CARTESIAN_POINT('',(0.844594594594595,0.170270270270271,9.89));
#5559=CARTESIAN_POINT('',(0.844594594594595,0.115540540540542,9.89));
#5560=CARTESIAN_POINT('',(0.844594594594595,0.0601351351351362,9.89));
#5561=CARTESIAN_POINT('',(0.844594594594595,0.00472972972973083,9.89));
#5562=CARTESIAN_POINT('',(0.844594594594595,-0.0506756756756746,9.89));
#5563=CARTESIAN_POINT('',(0.844594594594595,-0.166891891891891,9.89));
#5564=CARTESIAN_POINT('',(0.846621621621622,-0.239864864864864,9.89));
#5565=CARTESIAN_POINT('',(0.852027027027028,-0.270945945945945,9.89));
#5566=CARTESIAN_POINT('',(0.85729853706918,-0.30125712868832,9.89));
#5567=CARTESIAN_POINT('',(0.866891891891893,-0.33108108108108,9.89));
#5568=CARTESIAN_POINT('',(0.881756756756758,-0.358783783783783,9.89));
#5569=CARTESIAN_POINT('',(0.881756756756758,-0.358783783783783,9.89));
#5570=CARTESIAN_POINT('',(0.881756756756758,-0.358783783783783,9.89));
#5571=CARTESIAN_POINT('',(0.838513513513514,-0.358783783783783,9.89));
#5572=CARTESIAN_POINT('',(0.795270270270271,-0.358783783783783,9.89));
#5573=CARTESIAN_POINT('',(0.752027027027028,-0.358783783783783,9.89));
#5574=CARTESIAN_POINT('',(1.39121621621622,0.238513513513515,9.89));
#5575=CARTESIAN_POINT('',(1.36081081081081,0.256081081081082,9.89));
#5576=CARTESIAN_POINT('',(1.33040540540541,0.264864864864866,9.89));
#5577=CARTESIAN_POINT('',(1.27297297297297,0.264864864864866,9.89));
#5578=CARTESIAN_POINT('',(1.24864864864865,0.256756756756758,9.89));
#5579=CARTESIAN_POINT('',(1.22702702702703,0.239864864864866,9.89));
#5580=CARTESIAN_POINT('',(1.20573320439906,0.223229065936769,9.89));
#5581=CARTESIAN_POINT('',(1.18986486486487,0.200675675675677,9.89));
#5582=CARTESIAN_POINT('',(1.18040540540541,0.171621621621623,9.89));
#5583=CARTESIAN_POINT('',(1.16598262076257,0.127323068790063,9.89));
#5584=CARTESIAN_POINT('',(1.16013513513514,0.0790540540540551,9.89));
#5585=CARTESIAN_POINT('',(1.16013513513514,0.0263513513513524,9.89));
#5586=CARTESIAN_POINT('',(1.16013513513514,-0.102027027027026,9.89));
#5587=CARTESIAN_POINT('',(1.16013513513514,-0.230405405405404,9.89));
#5588=CARTESIAN_POINT('',(1.16013513513514,-0.358783783783783,9.89));
#5589=CARTESIAN_POINT('',(1.39121621621622,0.238513513513515,9.89));
#5590=CARTESIAN_POINT('',(1.16013513513514,-0.358783783783783,9.89));
#5591=CARTESIAN_POINT('',(1.16013513513514,-0.358783783783783,9.89));
#5592=CARTESIAN_POINT('',(1.11846846846847,-0.358783783783783,9.89));
#5593=CARTESIAN_POINT('',(1.0768018018018,-0.358783783783783,9.89));
#5594=CARTESIAN_POINT('',(1.03513513513514,-0.358783783783783,9.89));
#5595=CARTESIAN_POINT('',(1.03513513513514,-0.358783783783783,9.89));
#5596=CARTESIAN_POINT('',(1.03513513513514,-0.358783783783783,9.89));
#5597=CARTESIAN_POINT('',(1.03513513513514,-0.113288288288287,9.89));
#5598=CARTESIAN_POINT('',(1.03513513513514,0.132207207207208,9.89));
#5599=CARTESIAN_POINT('',(1.03513513513514,0.377702702702704,9.89));
#5600=CARTESIAN_POINT('',(1.03513513513514,0.377702702702704,9.89));
#5601=CARTESIAN_POINT('',(1.03513513513514,0.377702702702704,9.89));
#5602=CARTESIAN_POINT('',(1.07274774774775,0.377702702702704,9.89));
#5603=CARTESIAN_POINT('',(1.11036036036036,0.377702702702704,9.89));
#5604=CARTESIAN_POINT('',(1.14797297297297,0.377702702702704,9.89));
#5605=CARTESIAN_POINT('',(1.14797297297297,0.377702702702704,9.89));
#5606=CARTESIAN_POINT('',(1.14797297297297,0.377702702702704,9.89));
#5607=CARTESIAN_POINT('',(1.14797297297297,0.340315315315317,9.89));
#5608=CARTESIAN_POINT('',(1.14797297297297,0.302927927927929,9.89));
#5609=CARTESIAN_POINT('',(1.14797297297297,0.265540540540542,9.89));
#5610=CARTESIAN_POINT('',(1.14797297297297,0.265540540540542,9.89));
#5611=CARTESIAN_POINT('',(1.14797297297297,0.265540540540542,9.89));
#5612=CARTESIAN_POINT('',(1.17635135135135,0.317567567567569,9.89));
#5613=CARTESIAN_POINT('',(1.2027027027027,0.352027027027028,9.89));
#5614=CARTESIAN_POINT('',(1.22702702702703,0.368243243243244,9.89));
#5615=CARTESIAN_POINT('',(1.2516632016632,0.38466735966736,9.89));
#5616=CARTESIAN_POINT('',(1.2777027027027,0.393243243243244,9.89));
#5617=CARTESIAN_POINT('',(1.34864864864865,0.393243243243244,9.89));
#5618=CARTESIAN_POINT('',(1.39121621621622,0.380405405405407,9.89));
#5619=CARTESIAN_POINT('',(1.43445945945946,0.354054054054055,9.89));
#5620=CARTESIAN_POINT('',(1.43445945945946,0.354054054054055,9.89));
#5621=CARTESIAN_POINT('',(1.43445945945946,0.354054054054055,9.89));
#5622=CARTESIAN_POINT('',(1.42004504504505,0.315540540540541,9.89));
#5623=CARTESIAN_POINT('',(1.40563063063063,0.277027027027028,9.89));
#5624=CARTESIAN_POINT('',(1.39121621621622,0.238513513513515,9.89));
#5625=CARTESIAN_POINT('',(1.63445945945946,-0.066891891891891,9.89));
#5626=CARTESIAN_POINT('',(1.63445945945946,-0.358783783783783,9.89));
#5627=CARTESIAN_POINT('',(1.63445945945946,-0.066891891891891,9.89));
#5628=CARTESIAN_POINT('',(1.63445945945946,-0.358783783783783,9.89));
#5629=CARTESIAN_POINT('',(1.63445945945946,-0.358783783783783,9.89));
#5630=CARTESIAN_POINT('',(1.50945945945946,-0.358783783783783,9.89));
#5631=CARTESIAN_POINT('',(1.50945945945946,-0.358783783783783,9.89));
#5632=CARTESIAN_POINT('',(1.50945945945946,-0.358783783783783,9.89));
#5633=CARTESIAN_POINT('',(1.50945945945946,0.656756756756758,9.89));
#5634=CARTESIAN_POINT('',(1.50945945945946,0.656756756756758,9.89));
#5635=CARTESIAN_POINT('',(1.50945945945946,0.656756756756758,9.89));
#5636=CARTESIAN_POINT('',(1.63445945945946,0.656756756756758,9.89));
#5637=CARTESIAN_POINT('',(1.63445945945946,0.656756756756758,9.89));
#5638=CARTESIAN_POINT('',(1.63445945945946,0.656756756756758,9.89));
#5639=CARTESIAN_POINT('',(1.63445945945946,0.0783783783783795,9.89));
#5640=CARTESIAN_POINT('',(1.63445945945946,0.0783783783783795,9.89));
#5641=CARTESIAN_POINT('',(1.63445945945946,0.0783783783783795,9.89));
#5642=CARTESIAN_POINT('',(1.92972972972973,0.377702702702704,9.89));
#5643=CARTESIAN_POINT('',(1.92972972972973,0.377702702702704,9.89));
#5644=CARTESIAN_POINT('',(1.92972972972973,0.377702702702704,9.89));
#5645=CARTESIAN_POINT('',(2.09121621621622,0.377702702702704,9.89));
#5646=CARTESIAN_POINT('',(2.09121621621622,0.377702702702704,9.89));
#5647=CARTESIAN_POINT('',(2.09121621621622,0.377702702702704,9.89));
#5648=CARTESIAN_POINT('',(1.80945945945946,0.104054054054055,9.89));
#5649=CARTESIAN_POINT('',(1.80945945945946,0.104054054054055,9.89));
#5650=CARTESIAN_POINT('',(1.80945945945946,0.104054054054055,9.89));
#5651=CARTESIAN_POINT('',(2.11891891891892,-0.358783783783783,9.89));
#5652=CARTESIAN_POINT('',(2.11891891891892,-0.358783783783783,9.89));
#5653=CARTESIAN_POINT('',(2.11891891891892,-0.358783783783783,9.89));
#5654=CARTESIAN_POINT('',(1.96554054054054,-0.358783783783783,9.89));
#5655=CARTESIAN_POINT('',(1.96554054054054,-0.358783783783783,9.89));
#5656=CARTESIAN_POINT('',(1.96554054054054,-0.358783783783783,9.89));
#5657=CARTESIAN_POINT('',(1.72094594594595,0.0175675675675686,9.89));
#5658=CARTESIAN_POINT('',(1.72094594594595,0.0175675675675686,9.89));
#5659=CARTESIAN_POINT('',(1.72094594594595,0.0175675675675686,9.89));
#5660=CARTESIAN_POINT('',(1.63445945945946,-0.066891891891891,9.89));
#5661=CARTESIAN_POINT('',(2.34527027027027,0.656756756756758,9.89));
#5662=CARTESIAN_POINT('',(2.34527027027027,0.514864864864866,9.89));
#5663=CARTESIAN_POINT('',(2.34527027027027,0.656756756756758,9.89));
#5664=CARTESIAN_POINT('',(2.34527027027027,0.514864864864866,9.89));
#5665=CARTESIAN_POINT('',(2.34527027027027,0.514864864864866,9.89));
#5666=CARTESIAN_POINT('',(2.2195945945946,0.514864864864866,9.89));
#5667=CARTESIAN_POINT('',(2.2195945945946,0.514864864864866,9.89));
#5668=CARTESIAN_POINT('',(2.2195945945946,0.514864864864866,9.89));
#5669=CARTESIAN_POINT('',(2.2195945945946,0.656756756756758,9.89));
#5670=CARTESIAN_POINT('',(2.2195945945946,0.656756756756758,9.89));
#5671=CARTESIAN_POINT('',(2.2195945945946,0.656756756756758,9.89));
#5672=CARTESIAN_POINT('',(2.34527027027027,0.656756756756758,9.89));
#5673=CARTESIAN_POINT('',(2.34527027027027,0.377702702702704,9.89));
#5674=CARTESIAN_POINT('',(2.34527027027027,-0.358783783783783,9.89));
#5675=CARTESIAN_POINT('',(2.34527027027027,0.377702702702704,9.89));
#5676=CARTESIAN_POINT('',(2.34527027027027,-0.358783783783783,9.89));
#5677=CARTESIAN_POINT('',(2.34527027027027,-0.358783783783783,9.89));
#5678=CARTESIAN_POINT('',(2.2195945945946,-0.358783783783783,9.89));
#5679=CARTESIAN_POINT('',(2.2195945945946,-0.358783783783783,9.89));
#5680=CARTESIAN_POINT('',(2.2195945945946,-0.358783783783783,9.89));
#5681=CARTESIAN_POINT('',(2.2195945945946,0.377702702702704,9.89));
#5682=CARTESIAN_POINT('',(2.2195945945946,0.377702702702704,9.89));
#5683=CARTESIAN_POINT('',(2.2195945945946,0.377702702702704,9.89));
#5684=CARTESIAN_POINT('',(2.34527027027027,0.377702702702704,9.89));
#5685=CARTESIAN_POINT('',(3.00810810810811,-0.358783783783783,9.89));
#5686=CARTESIAN_POINT('',(3.00810810810811,-0.209684684684684,9.89));
#5687=CARTESIAN_POINT('',(3.00810810810811,-0.0605855855855846,9.89));
#5688=CARTESIAN_POINT('',(3.00810810810811,0.0885135135135145,9.89));
#5689=CARTESIAN_POINT('',(3.00810810810811,0.13918918918919,9.89));
#5690=CARTESIAN_POINT('',(3.0027027027027,0.177027027027028,9.89));
#5691=CARTESIAN_POINT('',(2.99324324324324,0.202702702702704,9.89));
#5692=CARTESIAN_POINT('',(2.98400296638102,0.227783454185894,9.89));
#5693=CARTESIAN_POINT('',(2.96621621621622,0.247972972972974,9.89));
#5694=CARTESIAN_POINT('',(2.94189189189189,0.262837837837839,9.89));
#5695=CARTESIAN_POINT('',(2.91707561494078,0.278003340419072,9.89));
#5696=CARTESIAN_POINT('',(2.88783783783784,0.285135135135136,9.89));
#5697=CARTESIAN_POINT('',(2.80135135135135,0.285135135135136,9.89));
#5698=CARTESIAN_POINT('',(2.75608108108108,0.268243243243244,9.89));
#5699=CARTESIAN_POINT('',(2.71689189189189,0.234459459459461,9.89));
#5700=CARTESIAN_POINT('',(2.67809031746617,0.201009826333839,9.89));
#5701=CARTESIAN_POINT('',(2.65945945945946,0.137162162162163,9.89));
#5702=CARTESIAN_POINT('',(2.65945945945946,0.0425675675675685,9.89));
#5703=CARTESIAN_POINT('',(2.65945945945946,-0.0912162162162152,9.89));
#5704=CARTESIAN_POINT('',(2.65945945945946,-0.224999999999999,9.89));
#5705=CARTESIAN_POINT('',(2.65945945945946,-0.358783783783783,9.89));
#5706=CARTESIAN_POINT('',(3.00810810810811,-0.358783783783783,9.89));
#5707=CARTESIAN_POINT('',(2.65945945945946,-0.358783783783783,9.89));
#5708=CARTESIAN_POINT('',(2.65945945945946,-0.358783783783783,9.89));
#5709=CARTESIAN_POINT('',(2.61779279279279,-0.358783783783783,9.89));
#5710=CARTESIAN_POINT('',(2.57612612612613,-0.358783783783783,9.89));
#5711=CARTESIAN_POINT('',(2.53445945945946,-0.358783783783783,9.89));
#5712=CARTESIAN_POINT('',(2.53445945945946,-0.358783783783783,9.89));
#5713=CARTESIAN_POINT('',(2.53445945945946,-0.358783783783783,9.89));
#5714=CARTESIAN_POINT('',(2.53445945945946,-0.113288288288287,9.89));
#5715=CARTESIAN_POINT('',(2.53445945945946,0.132207207207208,9.89));
#5716=CARTESIAN_POINT('',(2.53445945945946,0.377702702702704,9.89));
#5717=CARTESIAN_POINT('',(2.53445945945946,0.377702702702704,9.89));
#5718=CARTESIAN_POINT('',(2.53445945945946,0.377702702702704,9.89));
#5719=CARTESIAN_POINT('',(2.57207207207207,0.377702702702704,9.89));
#5720=CARTESIAN_POINT('',(2.60968468468469,0.377702702702704,9.89));
#5721=CARTESIAN_POINT('',(2.6472972972973,0.377702702702704,9.89));
#5722=CARTESIAN_POINT('',(2.6472972972973,0.377702702702704,9.89));
#5723=CARTESIAN_POINT('',(2.6472972972973,0.377702702702704,9.89));
#5724=CARTESIAN_POINT('',(2.6472972972973,0.342792792792794,9.89));
#5725=CARTESIAN_POINT('',(2.6472972972973,0.307882882882884,9.89));
#5726=CARTESIAN_POINT('',(2.6472972972973,0.272972972972974,9.89));
#5727=CARTESIAN_POINT('',(2.6472972972973,0.272972972972974,9.89));
#5728=CARTESIAN_POINT('',(2.6472972972973,0.272972972972974,9.89));
#5729=CARTESIAN_POINT('',(2.70135135135135,0.35337837837838,9.89));
#5730=CARTESIAN_POINT('',(2.77905405405405,0.393243243243244,9.89));
#5731=CARTESIAN_POINT('',(2.92567567567568,0.393243243243244,9.89));
#5732=CARTESIAN_POINT('',(2.96621621621622,0.385135135135136,9.89));
#5733=CARTESIAN_POINT('',(3.00337837837838,0.369594594594596,9.89));
#5734=CARTESIAN_POINT('',(3.04078103849488,0.35395348218224,9.89));
#5735=CARTESIAN_POINT('',(3.06891891891892,0.332432432432434,9.89));
#5736=CARTESIAN_POINT('',(3.10540540540541,0.281081081081082,9.89));
#5737=CARTESIAN_POINT('',(3.11824324324324,0.250000000000001,9.89));
#5738=CARTESIAN_POINT('',(3.12567567567568,0.214864864864866,9.89));
#5739=CARTESIAN_POINT('',(3.13066658694092,0.191271466156423,9.89));
#5740=CARTESIAN_POINT('',(3.13310810810811,0.150675675675677,9.89));
#5741=CARTESIAN_POINT('',(3.13310810810811,0.0932432432432442,9.89));
#5742=CARTESIAN_POINT('',(3.13310810810811,-0.0574324324324315,9.89));
#5743=CARTESIAN_POINT('',(3.13310810810811,-0.208108108108107,9.89));
#5744=CARTESIAN_POINT('',(3.13310810810811,-0.358783783783783,9.89));
#5745=CARTESIAN_POINT('',(3.13310810810811,-0.358783783783783,9.89));
#5746=CARTESIAN_POINT('',(3.13310810810811,-0.358783783783783,9.89));
#5747=CARTESIAN_POINT('',(3.09144144144144,-0.358783783783783,9.89));
#5748=CARTESIAN_POINT('',(3.04977477477478,-0.358783783783783,9.89));
#5749=CARTESIAN_POINT('',(3.00810810810811,-0.358783783783783,9.89));
#5750=CARTESIAN_POINT('',(3.80945945945946,0.377702702702704,9.89));
#5751=CARTESIAN_POINT('',(3.84752252252252,0.377702702702704,9.89));
#5752=CARTESIAN_POINT('',(3.88558558558559,0.377702702702704,9.89));
#5753=CARTESIAN_POINT('',(3.92364864864865,0.377702702702704,9.89));
#5754=CARTESIAN_POINT('',(3.80945945945946,0.377702702702704,9.89));
#5755=CARTESIAN_POINT('',(3.92364864864865,0.377702702702704,9.89));
#5756=CARTESIAN_POINT('',(3.92364864864865,0.377702702702704,9.89));
#5757=CARTESIAN_POINT('',(3.92364864864865,0.165765765765767,9.89));
#5758=CARTESIAN_POINT('',(3.92364864864865,-0.04617117117117,9.89));
#5759=CARTESIAN_POINT('',(3.92364864864865,-0.258108108108107,9.89));
#5760=CARTESIAN_POINT('',(3.92364864864865,-0.372972972972972,9.89));
#5761=CARTESIAN_POINT('',(3.91216216216216,-0.454054054054053,9.89));
#5762=CARTESIAN_POINT('',(3.88851351351351,-0.502027027027026,9.89));
#5763=CARTESIAN_POINT('',(3.86526492180019,-0.549188455931193,9.89));
#5764=CARTESIAN_POINT('',(3.82837837837838,-0.587162162162161,9.89));
#5765=CARTESIAN_POINT('',(3.72702702702703,-0.642567567567567,9.89));
#5766=CARTESIAN_POINT('',(3.66554054054054,-0.656756756756756,9.89));
#5767=CARTESIAN_POINT('',(3.50405405405406,-0.656756756756756,9.89));
#5768=CARTESIAN_POINT('',(3.43310810810811,-0.636486486486486,9.89));
#5769=CARTESIAN_POINT('',(3.37905405405406,-0.597297297297296,9.89));
#5770=CARTESIAN_POINT('',(3.32467890873258,-0.557875316939224,9.89));
#5771=CARTESIAN_POINT('',(3.29864864864865,-0.497972972972972,9.89));
#5772=CARTESIAN_POINT('',(3.30067567567568,-0.418243243243242,9.89));
#5773=CARTESIAN_POINT('',(3.30067567567568,-0.418243243243242,9.89));
#5774=CARTESIAN_POINT('',(3.30067567567568,-0.418243243243242,9.89));
#5775=CARTESIAN_POINT('',(3.34121621621622,-0.424099099099098,9.89));
#5776=CARTESIAN_POINT('',(3.38175675675676,-0.429954954954954,9.89));
#5777=CARTESIAN_POINT('',(3.4222972972973,-0.43581081081081,9.89));
#5778=CARTESIAN_POINT('',(3.4222972972973,-0.43581081081081,9.89));
#5779=CARTESIAN_POINT('',(3.4222972972973,-0.43581081081081,9.89));
#5780=CARTESIAN_POINT('',(3.42702702702703,-0.473648648648648,9.89));
#5781=CARTESIAN_POINT('',(3.44121621621622,-0.50135135135135,9.89));
#5782=CARTESIAN_POINT('',(3.46418918918919,-0.518243243243242,9.89));
#5783=CARTESIAN_POINT('',(3.4956496502117,-0.541375935171553,9.89));
#5784=CARTESIAN_POINT('',(3.53716216216216,-0.553378378378377,9.89));
#5785=CARTESIAN_POINT('',(3.64864864864865,-0.553378378378377,9.89));
#5786=CARTESIAN_POINT('',(3.69324324324324,-0.541891891891891,9.89));
#5787=CARTESIAN_POINT('',(3.72432432432432,-0.518918918918918,9.89));
#5788=CARTESIAN_POINT('',(3.75584236436926,-0.495622976277009,9.89));
#5789=CARTESIAN_POINT('',(3.77702702702703,-0.463513513513513,9.89));
#5790=CARTESIAN_POINT('',(3.78851351351351,-0.422297297297296,9.89));
#5791=CARTESIAN_POINT('',(3.79541686324729,-0.397526454134932,9.89));
#5792=CARTESIAN_POINT('',(3.79797297297297,-0.343918918918918,9.89));
#5793=CARTESIAN_POINT('',(3.7972972972973,-0.263513513513512,9.89));
#5794=CARTESIAN_POINT('',(3.7972972972973,-0.263513513513512,9.89));
#5795=CARTESIAN_POINT('',(3.7972972972973,-0.263513513513512,9.89));
#5796=CARTESIAN_POINT('',(3.74256756756757,-0.327027027027026,9.89));
#5797=CARTESIAN_POINT('',(3.675,-0.358783783783783,9.89));
#5798=CARTESIAN_POINT('',(3.49189189189189,-0.358783783783783,9.89));
#5799=CARTESIAN_POINT('',(3.41418918918919,-0.322972972972972,9.89));
#5800=CARTESIAN_POINT('',(3.35810810810811,-0.249999999999999,9.89));
#5801=CARTESIAN_POINT('',(3.30227791527851,-0.177353484028953,9.89));
#5802=CARTESIAN_POINT('',(3.275,-0.0891891891891881,9.89));
#5803=CARTESIAN_POINT('',(3.275,0.0831081081081091,9.89));
#5804=CARTESIAN_POINT('',(3.28783783783784,0.147972972972974,9.89));
#5805=CARTESIAN_POINT('',(3.31351351351351,0.207432432432434,9.89));
#5806=CARTESIAN_POINT('',(3.33908299897634,0.266645977714764,9.89));
#5807=CARTESIAN_POINT('',(3.37567567567568,0.312162162162163,9.89));
#5808=CARTESIAN_POINT('',(3.42432432432432,0.344594594594596,9.89));
#5809=CARTESIAN_POINT('',(3.4725051975052,0.376715176715178,9.89));
#5810=CARTESIAN_POINT('',(3.52905405405405,0.393243243243244,9.89));
#5811=CARTESIAN_POINT('',(3.68108108108108,0.393243243243244,9.89));
#5812=CARTESIAN_POINT('',(3.7527027027027,0.357432432432434,9.89));
#5813=CARTESIAN_POINT('',(3.80945945945946,0.286486486486488,9.89));
#5814=CARTESIAN_POINT('',(3.80945945945946,0.286486486486488,9.89));
#5815=CARTESIAN_POINT('',(3.80945945945946,0.286486486486488,9.89));
#5816=CARTESIAN_POINT('',(3.80945945945946,0.316891891891893,9.89));
#5817=CARTESIAN_POINT('',(3.80945945945946,0.347297297297298,9.89));
#5818=CARTESIAN_POINT('',(3.80945945945946,0.377702702702704,9.89));
#5819=CARTESIAN_POINT('',(-0.736033555019601,1.87238309845961,9.89));
#5820=CARTESIAN_POINT('',(-0.736033555019601,1.8723830984596,9.89));
#5821=CARTESIAN_POINT('',(-1.13055611705863,1.87238309845961,9.89));
#5822=CARTESIAN_POINT('',(-1.13055611705863,1.87238309845961,9.89));
#5823=CARTESIAN_POINT('',(-1.21764976143709,3.54263990460385,9.89));
#5824=CARTESIAN_POINT('',(-1.21764976143709,3.54263990460385,9.89));
#5825=CARTESIAN_POINT('',(-0.797529691436728,3.54263990460385,9.89));
#5826=CARTESIAN_POINT('',(-0.797529691436727,3.54263990460385,9.89));
#5827=CARTESIAN_POINT('',(-0.756532267158723,2.67607755469737,9.89));
#5828=CARTESIAN_POINT('',(-0.756532267158723,2.67607755469738,9.89));
#5829=CARTESIAN_POINT('',(-0.572095622332304,2.93293262953002,9.89));
#5830=CARTESIAN_POINT('',(-0.572095622332305,2.93293262953001,9.89));
#5831=CARTESIAN_POINT('',(-0.136601518227677,2.93293262953001,9.89));
#5832=CARTESIAN_POINT('',(-0.136601518227674,2.93293262953001,9.89));
#5833=CARTESIAN_POINT('',(-0.0904794159149448,2.66650113614772,9.89));
#5834=CARTESIAN_POINT('',(-0.090479415914943,2.66650113614772,9.89));
#5835=CARTESIAN_POINT('',(0.432134214780341,3.54263990460384,9.89));
#5836=CARTESIAN_POINT('',(0.432134214780338,3.54263990460385,9.89));
#5837=CARTESIAN_POINT('',(0.90350106512829,3.54263990460385,9.89));
#5838=CARTESIAN_POINT('',(0.903501065128292,3.54263990460385,9.89));
#5839=CARTESIAN_POINT('',(-0.0751053818106979,1.87238309845961,9.89));
#5840=CARTESIAN_POINT('',(-0.0751053818106993,1.87238309845961,9.89));
#5841=CARTESIAN_POINT('',(-0.505474807880531,1.87238309845961,9.89));
#5842=CARTESIAN_POINT('',(-0.505474807880533,1.87238309845961,9.89));
#5843=CARTESIAN_POINT('',(-0.546472232158517,2.15928742176861,9.89));
#5844=CARTESIAN_POINT('',(-0.546472232158516,2.1592874217686,9.89));
#5845=CARTESIAN_POINT('',(-4.47676056338028,0.,9.89));
#5846=CARTESIAN_POINT('',(0.718243243243244,0.108108108108109,9.89));
#5847=CARTESIAN_POINT('',(0.718918918918919,0.125000000000001,9.89));
#5848=CARTESIAN_POINT('',(0.719594594594596,0.135810810810812,9.89));
#5849=CARTESIAN_POINT('',(0.719594594594596,0.191216216216217,9.89));
#5850=CARTESIAN_POINT('',(0.707432432432433,0.227027027027028,9.89));
#5851=CARTESIAN_POINT('',(0.683783783783784,0.247972972972974,9.89));
#5852=CARTESIAN_POINT('',(0.651523824831236,0.276546079473802,9.89));
#5853=CARTESIAN_POINT('',(0.604054054054055,0.289864864864866,9.89));
#5854=CARTESIAN_POINT('',(0.540540540540542,0.290540540540542,9.89));
#5855=CARTESIAN_POINT('',(0.481770595989223,0.29116575271662,9.89));
#5856=CARTESIAN_POINT('',(0.438513513513514,0.279729729729731,9.89));
#5857=CARTESIAN_POINT('',(0.410135135135136,0.25945945945946,9.89));
#5858=CARTESIAN_POINT('',(0.381437180423668,0.23896092037984,9.89));
#5859=CARTESIAN_POINT('',(0.361486486486487,0.202027027027028,9.89));
#5860=CARTESIAN_POINT('',(0.347972972972974,0.149324324324325,9.89));
#5861=CARTESIAN_POINT('',(0.718243243243244,0.108108108108109,9.89));
#5862=CARTESIAN_POINT('',(0.347972972972974,0.149324324324325,9.89));
#5863=CARTESIAN_POINT('',(0.347972972972974,0.149324324324325,9.89));
#5864=CARTESIAN_POINT('',(0.307432432432433,0.154954954954956,9.89));
#5865=CARTESIAN_POINT('',(0.266891891891892,0.160585585585587,9.89));
#5866=CARTESIAN_POINT('',(0.226351351351352,0.166216216216217,9.89));
#5867=CARTESIAN_POINT('',(0.297724618660575,0.15630326242327,9.89));
#5868=CARTESIAN_POINT('',(0.141421356237311,2.63508022725547E-15,9.89));
#5869=CARTESIAN_POINT('',(0.141421356237311,2.63508022725547E-15,9.89));
#5870=CARTESIAN_POINT('',(0.141421356237311,2.63508022725547E-15,9.89));
#5871=CARTESIAN_POINT('',(0.221963208225523,-0.0805418519882093,9.89));
#5872=CARTESIAN_POINT('',(0.729054054054055,-0.266891891891891,9.89));
#5873=CARTESIAN_POINT('',(0.682432432432433,-0.306756756756756,9.89));
#5874=CARTESIAN_POINT('',(0.637837837837839,-0.334459459459458,9.89));
#5875=CARTESIAN_POINT('',(0.595270270270271,-0.350675675675675,9.89));
#5876=CARTESIAN_POINT('',(0.552112657211668,-0.367116671126571,9.89));
#5877=CARTESIAN_POINT('',(0.506081081081082,-0.374999999999999,9.89));
#5878=CARTESIAN_POINT('',(0.375675675675676,-0.374999999999999,9.89));
#5879=CARTESIAN_POINT('',(0.313513513513514,-0.355405405405404,9.89));
#5880=CARTESIAN_POINT('',(0.269594594594595,-0.31554054054054,9.89));
#5881=CARTESIAN_POINT('',(0.226382390695913,-0.276317155463274,9.89));
#5882=CARTESIAN_POINT('',(0.20472972972973,-0.225675675675675,9.89));
#5883=CARTESIAN_POINT('',(0.20472972972973,-0.128378378378377,9.89));
#5884=CARTESIAN_POINT('',(0.212837837837839,-0.0959459459459449,9.89));
#5885=CARTESIAN_POINT('',(0.229054054054054,-0.0662162162162153,9.89));
#5886=CARTESIAN_POINT('',(0.245425202272336,-0.0362024444826981,9.89));
#5887=CARTESIAN_POINT('',(0.267567567567568,-0.0121621621621611,9.89));
#5888=CARTESIAN_POINT('',(0.293918918918919,0.0054054054054064,9.89));
#5889=CARTESIAN_POINT('',(0.320582120582121,0.0231808731808743,9.89));
#5890=CARTESIAN_POINT('',(0.350675675675676,0.0371621621621632,9.89));
#5891=CARTESIAN_POINT('',(0.383783783783784,0.0466216216216226,9.89));
#5892=CARTESIAN_POINT('',(0.408503314635391,0.0536843447220815,9.89));
#5893=CARTESIAN_POINT('',(0.445945945945947,0.0594594594594605,9.89));
#5894=CARTESIAN_POINT('',(0.495270270270271,0.0655405405405416,9.89));
#5895=CARTESIAN_POINT('',(0.596499100764351,0.0780208073137843,9.89));
#5896=CARTESIAN_POINT('',(0.670945945945947,0.0912162162162172,9.89));
#5897=CARTESIAN_POINT('',(0.718243243243244,0.108108108108109,9.89));
#5898=CARTESIAN_POINT('',(0.,0.,9.88099999999999));
#5899=CARTESIAN_POINT('',(0.729054054054055,-0.266891891891891,9.88099999999999));
#5900=CARTESIAN_POINT('',(0.682432432432433,-0.306756756756756,9.88099999999999));
#5901=CARTESIAN_POINT('',(0.637837837837839,-0.334459459459458,9.88099999999999));
#5902=CARTESIAN_POINT('',(0.595270270270271,-0.350675675675675,9.88099999999999));
#5903=CARTESIAN_POINT('',(0.552112657211668,-0.367116671126571,9.88099999999999));
#5904=CARTESIAN_POINT('',(0.506081081081082,-0.374999999999999,9.88099999999999));
#5905=CARTESIAN_POINT('',(0.375675675675676,-0.374999999999999,9.88099999999999));
#5906=CARTESIAN_POINT('',(0.313513513513514,-0.355405405405404,9.88099999999999));
#5907=CARTESIAN_POINT('',(0.269594594594595,-0.31554054054054,9.88099999999999));
#5908=CARTESIAN_POINT('',(0.226382390695913,-0.276317155463274,9.88099999999999));
#5909=CARTESIAN_POINT('',(0.20472972972973,-0.225675675675675,9.88099999999999));
#5910=CARTESIAN_POINT('',(0.20472972972973,-0.128378378378377,9.88099999999999));
#5911=CARTESIAN_POINT('',(0.212837837837839,-0.0959459459459449,9.88099999999999));
#5912=CARTESIAN_POINT('',(0.229054054054054,-0.0662162162162153,9.88099999999999));
#5913=CARTESIAN_POINT('',(0.245425202272336,-0.0362024444826981,9.88099999999999));
#5914=CARTESIAN_POINT('',(0.267567567567568,-0.0121621621621611,9.88099999999999));
#5915=CARTESIAN_POINT('',(0.293918918918919,0.0054054054054064,9.88099999999999));
#5916=CARTESIAN_POINT('',(0.320582120582121,0.0231808731808743,9.88099999999999));
#5917=CARTESIAN_POINT('',(0.350675675675676,0.0371621621621632,9.88099999999999));
#5918=CARTESIAN_POINT('',(0.383783783783784,0.0466216216216226,9.88099999999999));
#5919=CARTESIAN_POINT('',(0.408503314635391,0.0536843447220815,9.88099999999999));
#5920=CARTESIAN_POINT('',(0.445945945945947,0.0594594594594605,9.88099999999999));
#5921=CARTESIAN_POINT('',(0.495270270270271,0.0655405405405416,9.88099999999999));
#5922=CARTESIAN_POINT('',(0.596499100764351,0.0780208073137843,9.88099999999999));
#5923=CARTESIAN_POINT('',(0.670945945945947,0.0912162162162172,9.88099999999999));
#5924=CARTESIAN_POINT('',(0.718243243243244,0.108108108108109,9.88099999999999));
#5925=CARTESIAN_POINT('',(0.221963206765794,-0.0805418505284809,9.88099999999999));
#5926=CARTESIAN_POINT('',(0.51280825441171,-0.371386871118962,9.88099999999999));
#5927=CARTESIAN_POINT('',(0.141421356237311,2.63508022725547E-15,9.88099999999999));
#5928=CARTESIAN_POINT('',(0.141421356237311,2.63508022725547E-15,9.88099999999999));
#5929=CARTESIAN_POINT('',(0.141421356237311,2.63508022725547E-15,9.88099999999999));
#5930=CARTESIAN_POINT('',(0.297724618660576,0.15630326242327,9.88099999999999));
#5931=CARTESIAN_POINT('',(0.0269324017431513,0.19391329255069,9.88099999999999));
#5932=CARTESIAN_POINT('',(0.226351351351352,0.166216216216217,9.88099999999999));
#5933=CARTESIAN_POINT('',(0.226351351351352,0.166216216216217,9.88099999999999));
#5934=CARTESIAN_POINT('',(0.237162162162163,0.21891891891892,9.88099999999999));
#5935=CARTESIAN_POINT('',(0.255405405405406,0.260810810810812,9.88099999999999));
#5936=CARTESIAN_POINT('',(0.281081081081082,0.293243243243244,9.88099999999999));
#5937=CARTESIAN_POINT('',(0.306427932735297,0.32526031901699,9.88099999999999));
#5938=CARTESIAN_POINT('',(0.343243243243244,0.350000000000001,9.88099999999999));
#5939=CARTESIAN_POINT('',(0.391891891891892,0.367567567567569,9.88099999999999));
#5940=CARTESIAN_POINT('',(0.439726962457339,0.384841343049535,9.88099999999999));
#5941=CARTESIAN_POINT('',(0.495270270270271,0.393243243243244,9.88099999999999));
#5942=CARTESIAN_POINT('',(0.621621621621623,0.393243243243244,9.88099999999999));
#5943=CARTESIAN_POINT('',(0.672972972972973,0.385810810810812,9.88099999999999));
#5944=CARTESIAN_POINT('',(0.712162162162163,0.370945945945947,9.88099999999999));
#5945=CARTESIAN_POINT('',(0.751942040793393,0.355857026465136,9.88099999999999));
#5946=CARTESIAN_POINT('',(0.780405405405406,0.337837837837839,9.88099999999999));
#5947=CARTESIAN_POINT('',(0.799324324324325,0.315540540540542,9.88099999999999));
#5948=CARTESIAN_POINT('',(0.818293747564971,0.293183720292637,9.88099999999999));
#5949=CARTESIAN_POINT('',(0.830405405405406,0.26418918918919,9.88099999999999));
#5950=CARTESIAN_POINT('',(0.837837837837839,0.230405405405406,9.88099999999999));
#5951=CARTESIAN_POINT('',(0.842593346876064,0.208789455231654,9.88099999999999));
#5952=CARTESIAN_POINT('',(0.844594594594595,0.170270270270271,9.88099999999999));
#5953=CARTESIAN_POINT('',(0.844594594594595,0.115540540540542,9.88099999999999));
#5954=CARTESIAN_POINT('',(0.844594594594595,0.0601351351351362,9.88099999999999));
#5955=CARTESIAN_POINT('',(0.844594594594595,0.00472972972973083,9.88099999999999));
#5956=CARTESIAN_POINT('',(0.844594594594595,-0.0506756756756746,9.88099999999999));
#5957=CARTESIAN_POINT('',(0.844594594594595,-0.166891891891891,9.88099999999999));
#5958=CARTESIAN_POINT('',(0.846621621621622,-0.239864864864864,9.88099999999999));
#5959=CARTESIAN_POINT('',(0.852027027027028,-0.270945945945945,9.88099999999999));
#5960=CARTESIAN_POINT('',(0.85729853706918,-0.30125712868832,9.88099999999999));
#5961=CARTESIAN_POINT('',(0.866891891891893,-0.33108108108108,9.88099999999999));
#5962=CARTESIAN_POINT('',(0.881756756756758,-0.358783783783783,9.88099999999999));
#5963=CARTESIAN_POINT('',(0.534230923502001,0.392809567264709,9.88099999999999));
#5964=CARTESIAN_POINT('',(0.141421356237311,2.63508022725547E-15,9.88099999999999));
#5965=CARTESIAN_POINT('',(2.19203102167829,2.050609665441,9.88099999999999));
#5966=CARTESIAN_POINT('',(2.05060966544098,2.19203102167831,9.88099999999999));
#5967=CARTESIAN_POINT('',(2.05060966544098,2.19203102167831,9.88099999999999));
#5968=CARTESIAN_POINT('',(5.58491011943024E-16,0.141421356237311,9.88099999999999));
#5969=CARTESIAN_POINT('',(0.0466216216216224,0.188042977858933,9.88099999999999));
#5970=CARTESIAN_POINT('',(0.0466216216216224,0.,9.88099999999999));
#5971=CARTESIAN_POINT('',(0.0466216216216224,-0.188042977858929,9.88099999999999));
#5972=CARTESIAN_POINT('',(6.02546153811791E-16,-0.141421356237308,9.88099999999999));
#5973=CARTESIAN_POINT('',(2.05060966544099,-2.19203102167829,9.88099999999999));
#5974=CARTESIAN_POINT('',(2.1920310216783,-2.05060966544098,9.88099999999999));
#5975=CARTESIAN_POINT('',(2.1920310216783,-2.05060966544098,9.88099999999999));
#5976=CARTESIAN_POINT('',(0.141421356237311,2.63508022725547E-15,9.88099999999999));
#5977=CARTESIAN_POINT('',(0.141421356237311,2.63508022725547E-15,9.88099999999999));
#5978=CARTESIAN_POINT('',(0.297724618660576,0.15630326242327,9.88099999999999));
#5979=CARTESIAN_POINT('',(0.141421356237311,2.63508022725547E-15,9.88099999999999));
#5980=CARTESIAN_POINT('',(0.141421356237311,2.63508022725547E-15,9.88099999999999));
#5981=CARTESIAN_POINT('',(0.534230923502001,0.392809567264709,9.88));
#5982=CARTESIAN_POINT('',(2.19203102167829,2.050609665441,9.88099999999999));
#5983=CARTESIAN_POINT('',(0.141421356237311,2.63508022725547E-15,9.88099999999999));
#5984=CARTESIAN_POINT('',(0.512808230533399,-0.371386874296084,9.88));
#5985=CARTESIAN_POINT('',(2.1920310216783,-2.05060966544098,9.88099999999999));
#5986=CARTESIAN_POINT('',(0.141421356237311,2.63508022725547E-15,9.88099999999999));
#5987=CARTESIAN_POINT('',(0.221963206765794,-0.0805418505284809,9.88));
#5988=CARTESIAN_POINT('',(-4.47676056338028,0.,9.89));
#5989=CARTESIAN_POINT('',(-0.0831081081081072,-0.358783783783783,9.89));
#5990=CARTESIAN_POINT('',(-0.0831081081081072,-0.0752252252252242,9.89));
#5991=CARTESIAN_POINT('',(-0.0831081081081072,0.208333333333334,9.89));
#5992=CARTESIAN_POINT('',(-0.0831081081081072,0.491891891891893,9.89));
#5993=CARTESIAN_POINT('',(-0.0831081081081072,0.224529464345417,9.89));
#5994=CARTESIAN_POINT('',(-0.0831081081081072,0.491891891891893,9.89));
#5995=CARTESIAN_POINT('',(-0.0831081081081072,0.491891891891893,9.89));
#5996=CARTESIAN_POINT('',(-0.181756756756756,0.208333333333334,9.89));
#5997=CARTESIAN_POINT('',(-0.280405405405405,-0.0752252252252243,9.89));
#5998=CARTESIAN_POINT('',(-0.379054054054054,-0.358783783783783,9.89));
#5999=CARTESIAN_POINT('',(-0.152115028123049,0.293536384360359,9.89));
#6000=CARTESIAN_POINT('',(-2.05060966544099,2.1920310216783,9.89));
#6001=CARTESIAN_POINT('',(-4.47676056338028,0.,9.89));
#6002=CARTESIAN_POINT('',(-2.1920310216783,2.05060966544098,9.89));
#6003=CARTESIAN_POINT('',(-0.141421356237309,4.33680868994202E-16,9.89));
#6004=CARTESIAN_POINT('',(-0.225117448903181,0.0836960926658714,9.89));
#6005=CARTESIAN_POINT('',(-0.0831081081081072,0.491891891891893,9.89));
#6006=CARTESIAN_POINT('',(-0.181756756756756,0.208333333333334,9.89));
#6007=CARTESIAN_POINT('',(-0.280405405405405,-0.0752252252252243,9.89));
#6008=CARTESIAN_POINT('',(-0.379054054054054,-0.358783783783783,9.89));
#6009=CARTESIAN_POINT('',(-0.314420466169081,-0.172999109931773,9.89));
#6010=CARTESIAN_POINT('',(-2.19203102167828,-2.050609665441,9.89));
#6011=CARTESIAN_POINT('',(-4.47676056338028,0.,9.89));
#6012=CARTESIAN_POINT('',(-0.72027027027027,0.656756756756758,9.89));
#6013=CARTESIAN_POINT('',(-0.640315315315315,0.417117117117118,9.89));
#6014=CARTESIAN_POINT('',(-0.56036036036036,0.177477477477478,9.89));
#6015=CARTESIAN_POINT('',(-0.480405405405405,-0.0621621621621612,9.89));
#6016=CARTESIAN_POINT('',(-0.457954078000102,-0.129452901202279,9.89));
#6017=CARTESIAN_POINT('',(-0.442567567567567,-0.179729729729729,9.89));
#6018=CARTESIAN_POINT('',(-0.432432432432432,-0.212837837837837,9.89));
#6019=CARTESIAN_POINT('',(-0.681261406847211,0.539840050609899,9.89));
#6020=CARTESIAN_POINT('',(-0.432432432432432,-0.212837837837837,9.89));
#6021=CARTESIAN_POINT('',(-0.432432432432432,-0.212837837837837,9.89));
#6022=CARTESIAN_POINT('',(-0.420945945945945,-0.175675675675675,9.89));
#6023=CARTESIAN_POINT('',(-0.402702702702702,-0.121621621621621,9.89));
#6024=CARTESIAN_POINT('',(-0.378378378378378,-0.0499999999999989,9.89));
#6025=CARTESIAN_POINT('',(-0.29825743394208,0.185911669729098,9.89));
#6026=CARTESIAN_POINT('',(-0.216216216216216,0.421171171171172,9.89));
#6027=CARTESIAN_POINT('',(-0.135135135135135,0.656756756756758,9.89));
#6028=CARTESIAN_POINT('',(-0.305256524976831,0.163835165404246,9.89));
#6029=CARTESIAN_POINT('',(-2.1920310216783,2.05060966544098,9.89));
#6030=CARTESIAN_POINT('',(-4.47676056338028,0.,9.89));
#6031=CARTESIAN_POINT('',(-2.19203102167828,-2.050609665441,9.89));
#6032=CARTESIAN_POINT('',(-1.5,-1.35857864376271,9.89));
#6033=CARTESIAN_POINT('',(-0.500047883758311,-0.358704521513052,9.89));
#6034=CARTESIAN_POINT('',(-0.499999999999999,-0.358783783783783,9.89));
#6035=CARTESIAN_POINT('',(-0.597747747747747,-0.0704954954954944,9.89));
#6036=CARTESIAN_POINT('',(-0.695495495495495,0.217792792792794,9.89));
#6037=CARTESIAN_POINT('',(-0.793243243243243,0.506081081081082,9.89));
#6038=CARTESIAN_POINT('',(-0.793243243243243,0.506081081081082,9.89));
#6039=CARTESIAN_POINT('',(-0.793243243243243,0.506081081081082,9.89));
#6040=CARTESIAN_POINT('',(-0.793243243243243,0.217792792792794,9.89));
#6041=CARTESIAN_POINT('',(-0.793243243243243,-0.0704954954954944,9.89));
#6042=CARTESIAN_POINT('',(-0.793243243243243,-0.358783783783783,9.89));
#6043=CARTESIAN_POINT('',(-0.793243243243243,-0.358783783783783,9.89));
#6044=CARTESIAN_POINT('',(-0.793243243243243,-0.358783783783783,9.89));
#6045=CARTESIAN_POINT('',(-0.836711711711711,-0.358783783783783,9.89));
#6046=CARTESIAN_POINT('',(-0.88018018018018,-0.358783783783783,9.89));
#6047=CARTESIAN_POINT('',(-0.923648648648648,-0.358783783783783,9.89));
#6048=CARTESIAN_POINT('',(-0.923648648648648,-0.358783783783783,9.89));
#6049=CARTESIAN_POINT('',(-0.923648648648648,-0.358783783783783,9.89));
#6050=CARTESIAN_POINT('',(-0.923648648648648,-0.0202702702702692,9.89));
#6051=CARTESIAN_POINT('',(-0.923648648648648,0.318243243243244,9.89));
#6052=CARTESIAN_POINT('',(-0.923648648648648,0.656756756756758,9.89));
#6053=CARTESIAN_POINT('',(-0.923648648648648,0.656756756756758,9.89));
#6054=CARTESIAN_POINT('',(-0.923648648648648,0.656756756756758,9.89));
#6055=CARTESIAN_POINT('',(-0.855855855855855,0.656756756756758,9.89));
#6056=CARTESIAN_POINT('',(-0.788063063063063,0.656756756756758,9.89));
#6057=CARTESIAN_POINT('',(-0.72027027027027,0.656756756756758,9.89));
#6058=CARTESIAN_POINT('',(-0.79817811299407,0.656756756756758,9.89));
#6059=CARTESIAN_POINT('',(-2.1920310216783,2.05060966544098,9.89));
#6060=CARTESIAN_POINT('',(-1.5,1.35857864376268,9.89));
#6061=CARTESIAN_POINT('',(-1.5,4.21798353977786,9.89));
#6062=CARTESIAN_POINT('',(-2.05060966544099,2.1920310216783,9.88099999999999));
#6063=CARTESIAN_POINT('',(-2.05060966544099,2.1920310216783,9.88099999999999));
#6064=CARTESIAN_POINT('',(-1.5,1.64142135623731,9.88099999999999));
#6065=CARTESIAN_POINT('',(-0.232713483800734,0.374134853786699,9.88099999999999));
#6066=CARTESIAN_POINT('',(-0.232713487332092,0.374134843569402,9.88));
#6067=CARTESIAN_POINT('',(-1.5,1.64142135623731,9.88099999999999));
#6068=CARTESIAN_POINT('',(-2.05060966544099,2.1920310216783,9.88099999999999));
#6069=CARTESIAN_POINT('',(-2.05060966544099,2.1920310216783,9.88099999999999));
#6070=CARTESIAN_POINT('',(-0.152115028123049,0.29353638436036,9.88099999999999));
#6071=CARTESIAN_POINT('',(-0.0831081081081075,0.224529464345418,9.88099999999999));
#6072=CARTESIAN_POINT('',(-0.0831081081081072,0.224529464345418,9.88099999999999));
#6073=CARTESIAN_POINT('',(-0.152115028123049,0.293536384360359,9.88099999999999));
#6074=CARTESIAN_POINT('',(-2.05060966544097,-2.19203102167831,9.88099999999999));
#6075=CARTESIAN_POINT('',(-0.0831081081081072,-0.224529464345417,9.88099999999999));
#6076=CARTESIAN_POINT('',(-0.083108108108107,-0.224529464345417,9.88099999999999));
#6077=CARTESIAN_POINT('',(-2.05060966544097,-2.19203102167831,9.88099999999999));
#6078=CARTESIAN_POINT('',(-1.5,-1.64142135623733,9.88099999999999));
#6079=CARTESIAN_POINT('',(-1.5,-1.64142135623733,9.88099999999999));
#6080=CARTESIAN_POINT('',(-2.19203102167828,-2.050609665441,9.88099999999999));
#6081=CARTESIAN_POINT('',(-0.314420466169081,-0.172999109931774,9.88099999999999));
#6082=CARTESIAN_POINT('',(-0.314420466169084,-0.172999109931778,9.88099999999999));
#6083=CARTESIAN_POINT('',(-2.19203102167828,-2.050609665441,9.88099999999999));
#6084=CARTESIAN_POINT('',(-0.141421356237309,4.33680868994202E-16,9.88099999999999));
#6085=CARTESIAN_POINT('',(-0.141421356237309,4.33680868994202E-16,9.88099999999999));
#6086=CARTESIAN_POINT('',(-2.19203102167828,-2.050609665441,9.88099999999999));
#6087=CARTESIAN_POINT('',(-2.19203102167828,-2.050609665441,9.88099999999999));
#6088=CARTESIAN_POINT('',(-1.5,-1.35857864376271,9.88099999999999));
#6089=CARTESIAN_POINT('',(-0.50005194327255,-0.358630587035245,9.88099999999999));
#6090=CARTESIAN_POINT('',(-0.50005194327255,-0.358630587035245,9.88099999999999));
#6091=CARTESIAN_POINT('',(-1.5,-1.35857864376271,9.88099999999999));
#6092=CARTESIAN_POINT('',(-2.1920310216783,2.05060966544098,9.88099999999999));
#6093=CARTESIAN_POINT('',(-0.79817811299407,0.656756756756758,9.88099999999999));
#6094=CARTESIAN_POINT('',(-0.79817811299407,0.656756756756758,9.88099999999999));
#6095=CARTESIAN_POINT('',(-2.1920310216783,2.05060966544098,9.88099999999999));
#6096=CARTESIAN_POINT('',(-1.5,1.35857864376268,9.88099999999999));
#6097=CARTESIAN_POINT('',(-1.5,1.35857864376268,9.88099999999999));
#6098=CARTESIAN_POINT('',(-2.1920310216783,2.05060966544098,9.88099999999999));
#6099=CARTESIAN_POINT('',(-2.1920310216783,2.05060966544098,9.88099999999999));
#6100=CARTESIAN_POINT('',(-0.305256524976831,0.163835165404246,9.88099999999999));
#6101=CARTESIAN_POINT('',(-0.681261406847211,0.539840050609899,9.88099999999999));
#6102=CARTESIAN_POINT('',(-0.681261406847211,0.539840050609899,9.88));
#6103=CARTESIAN_POINT('',(-0.305256524123394,0.163835167886084,9.88));
#6104=CARTESIAN_POINT('',(-2.1920310216783,2.05060966544098,9.88099999999999));
#6105=CARTESIAN_POINT('',(-2.1920310216783,2.05060966544098,9.88099999999999));
#6106=CARTESIAN_POINT('',(-0.225117448903181,0.0836960926658721,9.88099999999999));
#6107=CARTESIAN_POINT('',(-0.225117448903181,0.0836960926658718,9.88099999999999));
#6108=CARTESIAN_POINT('',(0.,0.,9.88099999999999));
#6109=CARTESIAN_POINT('',(0.,0.656756756756758,9.88099999999999));
#6110=CARTESIAN_POINT('',(-0.72027027027027,0.656756756756758,9.88099999999999));
#6111=CARTESIAN_POINT('',(-0.72027027027027,0.656756756756758,9.88099999999999));
#6112=CARTESIAN_POINT('',(-0.640315315315315,0.417117117117118,9.88099999999999));
#6113=CARTESIAN_POINT('',(-0.56036036036036,0.177477477477478,9.88099999999999));
#6114=CARTESIAN_POINT('',(-0.480405405405405,-0.0621621621621612,9.88099999999999));
#6115=CARTESIAN_POINT('',(-0.457954078000102,-0.129452901202279,9.88099999999999));
#6116=CARTESIAN_POINT('',(-0.442567567567567,-0.179729729729729,9.88099999999999));
#6117=CARTESIAN_POINT('',(-0.432432432432432,-0.212837837837837,9.88099999999999));
#6118=CARTESIAN_POINT('',(-0.432432432432432,-0.212837837837837,9.88099999999999));
#6119=CARTESIAN_POINT('',(-0.420945945945945,-0.175675675675675,9.88099999999999));
#6120=CARTESIAN_POINT('',(-0.402702702702702,-0.121621621621621,9.88099999999999));
#6121=CARTESIAN_POINT('',(-0.378378378378378,-0.0499999999999989,9.88099999999999));
#6122=CARTESIAN_POINT('',(-0.29825743394208,0.185911669729098,9.88099999999999));
#6123=CARTESIAN_POINT('',(-0.216216216216216,0.421171171171172,9.88099999999999));
#6124=CARTESIAN_POINT('',(-0.135135135135135,0.656756756756758,9.88099999999999));
#6125=CARTESIAN_POINT('',(-1.5,0.,9.88099999999999));
#6126=CARTESIAN_POINT('',(0.,0.,9.88099999999999));
#6127=CARTESIAN_POINT('',(-0.0831081081081072,0.,9.88099999999999));
#6128=CARTESIAN_POINT('',(-0.226786685851545,0.0788979892001404,9.88099999999999));
#6129=CARTESIAN_POINT('',(-0.226786685851545,0.0788979892001404,9.88099999999999));
#6130=CARTESIAN_POINT('',(-0.379054054054054,-0.358783783783783,9.88099999999999));
#6131=CARTESIAN_POINT('',(0.,-0.358783783783783,9.88099999999999));
#6132=CARTESIAN_POINT('',(-0.499999999999999,-0.358783783783783,9.88099999999999));
#6133=CARTESIAN_POINT('',(-0.557552058166261,-0.189044994721998,9.88099999999999));
#6134=CARTESIAN_POINT('',(-1.5,0.,9.88099999999999));
#6135=CARTESIAN_POINT('',(5.58491011943024E-16,0.141421356237311,9.88099999999999));
#6136=CARTESIAN_POINT('',(0.0466216216216224,0.188042977858933,9.88099999999999));
#6137=CARTESIAN_POINT('',(2.05060966544098,2.19203102167831,9.88099999999999));
#6138=CARTESIAN_POINT('',(6.02546153811791E-16,-0.141421356237308,9.88099999999999));
#6139=CARTESIAN_POINT('',(0.0466216216216224,-0.188042977858929,9.88099999999999));
#6140=CARTESIAN_POINT('',(2.05060966544099,-2.19203102167829,9.88099999999999));
#6141=CARTESIAN_POINT('',(0.,0.,30.));
#6142=CARTESIAN_POINT('',(0.,0.,9.36676056338028));
#6143=CARTESIAN_POINT('',(-5.,0.,9.36676056338028));
#6144=CARTESIAN_POINT('',(0.,0.,1.37746478873239));
#6145=CARTESIAN_POINT('',(-5.00000000000001,0.,1.37746478873239));
#6146=CARTESIAN_POINT('',(0.,0.,9.36676056338028));
#6147=CARTESIAN_POINT('',(0.,0.,9.89));
#6148=CARTESIAN_POINT('',(-4.47676056338028,0.,9.78999999999999));
#6149=CARTESIAN_POINT('',(0.,0.,9.78999999999999));
#6150=CARTESIAN_POINT('',(-4.47676056338028,0.,9.78999999999999));
#6151=CARTESIAN_POINT('',(0.,0.,9.36676056338028));
#6152=CARTESIAN_POINT('',(0.,0.,9.36676056338028));
#6153=CARTESIAN_POINT('',(-4.9,0.,9.36676056338028));
#6154=CARTESIAN_POINT('',(0.,0.,30.));
#6155=CARTESIAN_POINT('',(0.,0.,1.37746478873239));
#6156=CARTESIAN_POINT('',(-4.9,0.,1.37746478873239));
#6157=CARTESIAN_POINT('',(0.,0.,1.37746478873239));
#6158=CARTESIAN_POINT('',(0.,0.,1.29011552287991));
#6159=CARTESIAN_POINT('',(-4.83823474178405,0.,1.29011552287991));
#6160=CARTESIAN_POINT('',(0.,0.,1.14370126242239));
#6161=CARTESIAN_POINT('',(0.,0.,1.14370126242239));
#6162=CARTESIAN_POINT('',(-4.73470422535211,0.,1.14370126242239));
#6163=CARTESIAN_POINT('',(0.,0.,30.));
#6164=CARTESIAN_POINT('',(0.,0.,1.06105337509844));
#6165=CARTESIAN_POINT('',(-4.7347042253521,0.,1.06105337509844));
#6166=CARTESIAN_POINT('',(0.,0.,1.06105337509844));
#6167=CARTESIAN_POINT('',(0.,0.,0.91463911464092));
#6168=CARTESIAN_POINT('',(-4.83823474178405,0.,0.91463911464092));
#6169=CARTESIAN_POINT('',(0.,0.,0.827289848788437));
#6170=CARTESIAN_POINT('',(0.,0.,0.827289848788437));
#6171=CARTESIAN_POINT('',(-4.9,0.,0.827289848788437));
#6172=CARTESIAN_POINT('',(0.,0.,30.));
#6173=CARTESIAN_POINT('',(0.,0.,0.413239436619715));
#6174=CARTESIAN_POINT('',(-4.9,0.,0.413239436619715));
#6175=CARTESIAN_POINT('',(0.,0.,0.413239436619715));
#6176=CARTESIAN_POINT('',(0.,0.,-0.00999999999999959));
#6177=CARTESIAN_POINT('',(-4.47676056338028,0.,-0.00999999999999959));
#6178=CARTESIAN_POINT('',(-4.47676056338028,0.,-0.00999999999999759));
#6179=CARTESIAN_POINT('',(0.,0.,-0.00999999999999612));
#6180=CARTESIAN_POINT('',(-3.61111111111111,0.,-0.00999999999999612));
#6181=CARTESIAN_POINT('',(0.,0.,30.));
#6182=CARTESIAN_POINT('',(0.,0.,-0.109999999999999));
#6183=CARTESIAN_POINT('',(-3.61111111111111,0.,-0.109999999999999));
#6184=CARTESIAN_POINT('',(-4.47676056338028,0.,-0.109999999999999));
#6185=CARTESIAN_POINT('',(0.,0.,-0.109999999999999));
#6186=CARTESIAN_POINT('',(-4.47676056338028,0.,-0.109999999999999));
#6187=CARTESIAN_POINT('',(0.,0.,0.413239436619715));
#6188=CARTESIAN_POINT('',(0.,0.,0.413239436619715));
#6189=CARTESIAN_POINT('',(-5.,0.,0.413239436619715));
#6190=CARTESIAN_POINT('',(0.,0.,30.));
#6191=CARTESIAN_POINT('',(0.,0.,0.827289848788437));
#6192=CARTESIAN_POINT('',(-5.,0.,0.827289848788437));
#6193=CARTESIAN_POINT('',(0.,0.,0.827289848788437));
#6194=CARTESIAN_POINT('',(0.,0.,1.00892001879913));
#6195=CARTESIAN_POINT('',(-4.87156807511738,0.,1.00892001879913));
#6196=CARTESIAN_POINT('',(0.,0.,1.06105337509844));
#6197=CARTESIAN_POINT('',(0.,0.,1.06105337509844));
#6198=CARTESIAN_POINT('',(-4.83470422535212,0.,1.06105337509844));
#6199=CARTESIAN_POINT('',(0.,0.,30.));
#6200=CARTESIAN_POINT('',(0.,0.,1.14370126242239));
#6201=CARTESIAN_POINT('',(-4.83470422535212,0.,1.14370126242239));
#6202=CARTESIAN_POINT('',(0.,0.,1.14370126242239));
#6203=CARTESIAN_POINT('',(0.,0.,1.1958346187217));
#6204=CARTESIAN_POINT('',(-4.87156807511738,0.,1.1958346187217));
#6205=CARTESIAN_POINT('',(0.,0.,1.37746478873239));
#6206=CARTESIAN_POINT('',(2.05060966544098,2.19203102167831,9.88099999999999));
#6207=CARTESIAN_POINT('',(2.1920310216783,-2.05060966544098,9.88099999999999));
#6208=CARTESIAN_POINT('',(0.,0.,9.88));
#6209=CARTESIAN_POINT('',(-1.5,-4.21798353977786,9.88));
#6210=CARTESIAN_POINT('',(-1.5,-4.21798353977786,9.88));
#6211=CARTESIAN_POINT('',(0.,0.,9.88));
#6212=CARTESIAN_POINT('',(-1.5,4.21798353977786,9.88));
#6213=CARTESIAN_POINT('',(-1.5,4.21798353977786,9.88));
#6214=CARTESIAN_POINT('',(-1.5,4.21798353977786,9.88));
#6215=CARTESIAN_POINT('',(-1.5,4.21798353977786,9.88));
#6216=CARTESIAN_POINT('',(0.,0.,9.88));
#6217=CARTESIAN_POINT('',(-0.379054054054054,-0.358783783783783,9.88));
#6218=CARTESIAN_POINT('',(-0.379054054054054,-0.358783783783783,9.88));
#6219=CARTESIAN_POINT('',(-0.379054054054054,-0.358783783783783,9.88));
#6220=CARTESIAN_POINT('',(-0.379054054054054,-0.358783783783783,9.88));
#6221=CARTESIAN_POINT('',(-0.419369369369369,-0.358783783783783,9.88));
#6222=CARTESIAN_POINT('',(-0.459684684684684,-0.358783783783783,9.88));
#6223=CARTESIAN_POINT('',(-0.499999999999999,-0.358783783783783,9.88));
#6224=CARTESIAN_POINT('',(-0.499999999999999,-0.358783783783783,9.88));
#6225=CARTESIAN_POINT('',(-0.499999999999999,-0.358783783783783,9.88));
#6226=CARTESIAN_POINT('',(-0.793243243243243,-0.358783783783783,9.88));
#6227=CARTESIAN_POINT('',(-0.793243243243243,-0.358783783783783,9.88));
#6228=CARTESIAN_POINT('',(-0.793243243243243,-0.358783783783783,9.88));
#6229=CARTESIAN_POINT('',(-0.793243243243243,-0.358783783783783,9.88));
#6230=CARTESIAN_POINT('',(-0.836711711711711,-0.358783783783783,9.88));
#6231=CARTESIAN_POINT('',(-0.88018018018018,-0.358783783783783,9.88));
#6232=CARTESIAN_POINT('',(-0.923648648648648,-0.358783783783783,9.88));
#6233=CARTESIAN_POINT('',(-0.923648648648648,-0.358783783783783,9.88));
#6234=CARTESIAN_POINT('',(-0.923648648648648,-0.358783783783783,9.88));
#6235=CARTESIAN_POINT('',(-0.923648648648648,-0.358783783783783,9.88));
#6236=CARTESIAN_POINT('',(-0.923648648648648,-0.358783783783783,9.88));
#6237=CARTESIAN_POINT('',(-0.923648648648648,-0.0202702702702692,9.88));
#6238=CARTESIAN_POINT('',(-0.923648648648648,0.318243243243244,9.88));
#6239=CARTESIAN_POINT('',(-0.923648648648648,0.656756756756758,9.88));
#6240=CARTESIAN_POINT('',(-0.923648648648648,0.656756756756758,9.88));
#6241=CARTESIAN_POINT('',(-0.923648648648648,0.656756756756758,9.88));
#6242=CARTESIAN_POINT('',(-0.923648648648648,0.656756756756758,9.88));
#6243=CARTESIAN_POINT('',(-0.923648648648648,0.656756756756758,9.88));
#6244=CARTESIAN_POINT('',(-0.855855855855855,0.656756756756758,9.88));
#6245=CARTESIAN_POINT('',(-0.788063063063063,0.656756756756758,9.88));
#6246=CARTESIAN_POINT('',(-0.72027027027027,0.656756756756758,9.88));
#6247=CARTESIAN_POINT('',(-0.72027027027027,0.656756756756758,9.88));
#6248=CARTESIAN_POINT('',(-0.72027027027027,0.656756756756758,9.88));
#6249=CARTESIAN_POINT('',(-0.72027027027027,0.656756756756758,9.88));
#6250=CARTESIAN_POINT('',(-0.72027027027027,0.656756756756758,9.89));
#6251=CARTESIAN_POINT('',(-0.671951401731525,0.511936260629367,9.88));
#6252=CARTESIAN_POINT('',(-0.671951401731525,0.511936260629367,9.89));
#6253=CARTESIAN_POINT('',(-0.597453088483826,0.287850288295399,9.88));
#6254=CARTESIAN_POINT('',(-0.597453088483826,0.287850288295399,9.88999999999999));
#6255=CARTESIAN_POINT('',(-0.506202045911893,0.0164899044216341,9.88));
#6256=CARTESIAN_POINT('',(-0.506202045911893,0.0164899044216341,9.89));
#6257=CARTESIAN_POINT('',(-0.447109788362038,-0.164891808467788,9.88));
#6258=CARTESIAN_POINT('',(-0.447109788362038,-0.164891808467788,9.89));
#6259=CARTESIAN_POINT('',(-0.432432432432432,-0.212837837837837,9.88));
#6260=CARTESIAN_POINT('',(-0.432432432432432,-0.212837837837837,9.89));
#6261=CARTESIAN_POINT('',(-0.72027027027027,0.656756756756758,9.88));
#6262=CARTESIAN_POINT('',(-0.640315315315315,0.417117117117118,9.88));
#6263=CARTESIAN_POINT('',(-0.56036036036036,0.177477477477478,9.88));
#6264=CARTESIAN_POINT('',(-0.480405405405405,-0.0621621621621612,9.88));
#6265=CARTESIAN_POINT('',(-0.457954078000102,-0.129452901202279,9.88));
#6266=CARTESIAN_POINT('',(-0.442567567567567,-0.179729729729729,9.88));
#6267=CARTESIAN_POINT('',(-0.432432432432432,-0.212837837837837,9.88));
#6268=CARTESIAN_POINT('',(-0.432432432432432,-0.212837837837837,9.88));
#6269=CARTESIAN_POINT('',(-0.432432432432432,-0.212837837837837,9.88));
#6270=CARTESIAN_POINT('',(-0.432432432432432,-0.212837837837837,9.88));
#6271=CARTESIAN_POINT('',(-0.432432432432432,-0.212837837837837,9.89));
#6272=CARTESIAN_POINT('',(-0.417051284657783,-0.163075300919857,9.88));
#6273=CARTESIAN_POINT('',(-0.417051284657783,-0.163075300919857,9.88999999999999));
#6274=CARTESIAN_POINT('',(-0.35609421869363,0.0156383060280661,9.88000000000001));
#6275=CARTESIAN_POINT('',(-0.35609421869363,0.0156383060280661,9.89000000000001));
#6276=CARTESIAN_POINT('',(-0.262518000548968,0.288554199219195,9.87999999999999));
#6277=CARTESIAN_POINT('',(-0.262518000548968,0.288554199219195,9.88999999999999));
#6278=CARTESIAN_POINT('',(-0.184981950857032,0.511924064409246,9.88));
#6279=CARTESIAN_POINT('',(-0.184981950857032,0.511924064409246,9.88999999999999));
#6280=CARTESIAN_POINT('',(-0.135135135135135,0.656756756756758,9.88));
#6281=CARTESIAN_POINT('',(-0.135135135135135,0.656756756756758,9.89));
#6282=CARTESIAN_POINT('',(-0.432432432432432,-0.212837837837837,9.88));
#6283=CARTESIAN_POINT('',(-0.420945945945945,-0.175675675675675,9.88));
#6284=CARTESIAN_POINT('',(-0.402702702702702,-0.121621621621621,9.88));
#6285=CARTESIAN_POINT('',(-0.378378378378378,-0.0499999999999989,9.88));
#6286=CARTESIAN_POINT('',(-0.29825743394208,0.185911669729098,9.88));
#6287=CARTESIAN_POINT('',(-0.216216216216216,0.421171171171172,9.88));
#6288=CARTESIAN_POINT('',(-0.135135135135135,0.656756756756758,9.88));
#6289=CARTESIAN_POINT('',(-0.135135135135135,0.656756756756758,9.88));
#6290=CARTESIAN_POINT('',(-0.135135135135135,0.656756756756758,9.88));
#6291=CARTESIAN_POINT('',(-0.135135135135135,0.656756756756758,9.88));
#6292=CARTESIAN_POINT('',(-0.135135135135135,0.656756756756758,9.88));
#6293=CARTESIAN_POINT('',(-0.0745495495495489,0.656756756756758,9.88));
#6294=CARTESIAN_POINT('',(-0.0139639639639633,0.656756756756758,9.88));
#6295=CARTESIAN_POINT('',(0.0466216216216224,0.656756756756758,9.88));
#6296=CARTESIAN_POINT('',(0.0466216216216224,0.656756756756758,9.88));
#6297=CARTESIAN_POINT('',(0.0466216216216224,0.656756756756758,9.88));
#6298=CARTESIAN_POINT('',(0.0466216216216224,0.656756756756758,9.88));
#6299=CARTESIAN_POINT('',(0.0466216216216224,0.656756756756758,9.88));
#6300=CARTESIAN_POINT('',(0.0466216216216224,0.318243243243244,9.88));
#6301=CARTESIAN_POINT('',(0.0466216216216223,-0.0202702702702692,9.88));
#6302=CARTESIAN_POINT('',(0.0466216216216224,-0.358783783783783,9.88));
#6303=CARTESIAN_POINT('',(0.0466216216216224,-0.358783783783783,9.88));
#6304=CARTESIAN_POINT('',(0.0466216216216224,-0.358783783783783,9.88));
#6305=CARTESIAN_POINT('',(0.0466216216216224,-0.358783783783783,9.88));
#6306=CARTESIAN_POINT('',(0.0466216216216224,-0.358783783783783,9.88));
#6307=CARTESIAN_POINT('',(0.00337837837837915,-0.358783783783783,9.88));
#6308=CARTESIAN_POINT('',(-0.039864864864864,-0.358783783783783,9.88));
#6309=CARTESIAN_POINT('',(-0.0831081081081072,-0.358783783783783,9.88));
#6310=CARTESIAN_POINT('',(-0.0831081081081072,-0.358783783783783,9.88));
#6311=CARTESIAN_POINT('',(-0.0831081081081072,-0.358783783783783,9.88));
#6312=CARTESIAN_POINT('',(-0.0831081081081072,-0.358783783783783,9.88));
#6313=CARTESIAN_POINT('',(-0.0831081081081072,-0.358783783783783,9.88));
#6314=CARTESIAN_POINT('',(-0.0831081081081072,-0.0752252252252242,9.88));
#6315=CARTESIAN_POINT('',(-0.0831081081081072,0.208333333333334,9.88));
#6316=CARTESIAN_POINT('',(-0.0831081081081072,0.491891891891893,9.88));
#6317=CARTESIAN_POINT('',(-0.0831081081081072,0.491891891891893,9.88));
#6318=CARTESIAN_POINT('',(-0.0831081081081072,0.491891891891893,9.88));
#6319=CARTESIAN_POINT('',(-0.0831081081081072,0.491891891891893,9.88));
#6320=CARTESIAN_POINT('',(-0.0831081081081072,0.491891891891893,9.88));
#6321=CARTESIAN_POINT('',(-0.181756756756756,0.208333333333334,9.88));
#6322=CARTESIAN_POINT('',(-0.280405405405405,-0.0752252252252243,9.88));
#6323=CARTESIAN_POINT('',(-0.379054054054054,-0.358783783783783,9.88));
#6324=CARTESIAN_POINT('',(-0.499999999999999,-0.358783783783783,9.88));
#6325=CARTESIAN_POINT('',(-0.499999999999999,-0.358783783783783,9.88));
#6326=CARTESIAN_POINT('',(-0.597747747747747,-0.0704954954954944,9.88));
#6327=CARTESIAN_POINT('',(-0.695495495495495,0.217792792792794,9.88));
#6328=CARTESIAN_POINT('',(-0.793243243243243,0.506081081081082,9.88));
#6329=CARTESIAN_POINT('',(-0.793243243243243,0.506081081081082,9.88));
#6330=CARTESIAN_POINT('',(-0.793243243243243,0.506081081081082,9.88));
#6331=CARTESIAN_POINT('',(-0.793243243243243,0.506081081081082,9.88));
#6332=CARTESIAN_POINT('',(-0.793243243243243,0.506081081081082,9.88));
#6333=CARTESIAN_POINT('',(-0.793243243243243,0.217792792792794,9.88));
#6334=CARTESIAN_POINT('',(-0.793243243243243,-0.0704954954954944,9.88));
#6335=CARTESIAN_POINT('',(-0.793243243243243,-0.358783783783783,9.88));
#6336=CARTESIAN_POINT('',(-0.575313664654037,0.222295268374585,9.88));
#6337=CARTESIAN_POINT('',(0.347972972972974,0.149324324324325,9.88));
#6338=CARTESIAN_POINT('',(0.347972972972974,0.149324324324325,9.88));
#6339=CARTESIAN_POINT('',(0.347972972972974,0.149324324324325,9.88));
#6340=CARTESIAN_POINT('',(0.347972972972974,0.149324324324325,9.88));
#6341=CARTESIAN_POINT('',(0.307432432432433,0.154954954954956,9.88));
#6342=CARTESIAN_POINT('',(0.266891891891892,0.160585585585587,9.88));
#6343=CARTESIAN_POINT('',(0.226351351351352,0.166216216216217,9.88));
#6344=CARTESIAN_POINT('',(0.226351351351352,0.166216216216217,9.88));
#6345=CARTESIAN_POINT('',(0.226351351351352,0.166216216216217,9.88));
#6346=CARTESIAN_POINT('',(0.226351351351352,0.166216216216217,9.88));
#6347=CARTESIAN_POINT('',(0.226351351351352,0.166216216216217,9.89));
#6348=CARTESIAN_POINT('',(0.253344448795901,0.297807566258396,9.88));
#6349=CARTESIAN_POINT('',(0.253344448795901,0.297807566258396,9.89));
#6350=CARTESIAN_POINT('',(0.434413075100017,0.41759707770832,9.87999999999999));
#6351=CARTESIAN_POINT('',(0.434413075100017,0.41759707770832,9.88999999999999));
#6352=CARTESIAN_POINT('',(0.759180470615208,0.408213087142072,9.88));
#6353=CARTESIAN_POINT('',(0.759180470615208,0.408213087142072,9.89));
#6354=CARTESIAN_POINT('',(0.839978237919428,0.243034098745252,9.88));
#6355=CARTESIAN_POINT('',(0.839978237919428,0.243034098745252,9.89));
#6356=CARTESIAN_POINT('',(0.844411003364024,0.17795236403863,9.88));
#6357=CARTESIAN_POINT('',(0.844411003364024,0.17795236403863,9.89));
#6358=CARTESIAN_POINT('',(0.844717159607411,0.0645610784337455,9.88));
#6359=CARTESIAN_POINT('',(0.844717159607411,0.0645610784337455,9.89));
#6360=CARTESIAN_POINT('',(0.8441448478294,-0.0325974787618732,9.88));
#6361=CARTESIAN_POINT('',(0.8441448478294,-0.0325974787618732,9.89));
#6362=CARTESIAN_POINT('',(0.847252561899697,-0.219886308672073,9.88));
#6363=CARTESIAN_POINT('',(0.847252561899697,-0.219886308672073,9.89));
#6364=CARTESIAN_POINT('',(0.848368883443761,-0.26574872230447,9.88));
#6365=CARTESIAN_POINT('',(0.848368883443761,-0.26574872230447,9.89));
#6366=CARTESIAN_POINT('',(0.867849092681251,-0.332864955279428,9.88));
#6367=CARTESIAN_POINT('',(0.867849092681251,-0.332864955279428,9.89));
#6368=CARTESIAN_POINT('',(0.881756756756758,-0.358783783783783,9.88));
#6369=CARTESIAN_POINT('',(0.881756756756758,-0.358783783783783,9.89));
#6370=CARTESIAN_POINT('',(0.226351351351352,0.166216216216217,9.88));
#6371=CARTESIAN_POINT('',(0.237162162162163,0.21891891891892,9.88));
#6372=CARTESIAN_POINT('',(0.255405405405406,0.260810810810812,9.88));
#6373=CARTESIAN_POINT('',(0.281081081081082,0.293243243243244,9.88));
#6374=CARTESIAN_POINT('',(0.306427932735297,0.32526031901699,9.88));
#6375=CARTESIAN_POINT('',(0.343243243243244,0.350000000000001,9.88));
#6376=CARTESIAN_POINT('',(0.391891891891892,0.367567567567569,9.88));
#6377=CARTESIAN_POINT('',(0.439726962457339,0.384841343049535,9.88));
#6378=CARTESIAN_POINT('',(0.495270270270271,0.393243243243244,9.88));
#6379=CARTESIAN_POINT('',(0.621621621621623,0.393243243243244,9.88));
#6380=CARTESIAN_POINT('',(0.672972972972973,0.385810810810812,9.88));
#6381=CARTESIAN_POINT('',(0.712162162162163,0.370945945945947,9.88));
#6382=CARTESIAN_POINT('',(0.751942040793393,0.355857026465136,9.88));
#6383=CARTESIAN_POINT('',(0.780405405405406,0.337837837837839,9.88));
#6384=CARTESIAN_POINT('',(0.799324324324325,0.315540540540542,9.88));
#6385=CARTESIAN_POINT('',(0.818293747564971,0.293183720292637,9.88));
#6386=CARTESIAN_POINT('',(0.830405405405406,0.26418918918919,9.88));
#6387=CARTESIAN_POINT('',(0.837837837837839,0.230405405405406,9.88));
#6388=CARTESIAN_POINT('',(0.842593346876064,0.208789455231654,9.88));
#6389=CARTESIAN_POINT('',(0.844594594594595,0.170270270270271,9.88));
#6390=CARTESIAN_POINT('',(0.844594594594595,0.115540540540542,9.88));
#6391=CARTESIAN_POINT('',(0.844594594594595,0.0601351351351362,9.88));
#6392=CARTESIAN_POINT('',(0.844594594594595,0.00472972972973083,9.88));
#6393=CARTESIAN_POINT('',(0.844594594594595,-0.0506756756756746,9.88));
#6394=CARTESIAN_POINT('',(0.844594594594595,-0.166891891891891,9.88));
#6395=CARTESIAN_POINT('',(0.846621621621622,-0.239864864864864,9.88));
#6396=CARTESIAN_POINT('',(0.852027027027028,-0.270945945945945,9.88));
#6397=CARTESIAN_POINT('',(0.85729853706918,-0.30125712868832,9.88));
#6398=CARTESIAN_POINT('',(0.866891891891893,-0.33108108108108,9.88));
#6399=CARTESIAN_POINT('',(0.881756756756758,-0.358783783783783,9.88));
#6400=CARTESIAN_POINT('',(0.881756756756758,-0.358783783783783,9.88));
#6401=CARTESIAN_POINT('',(0.881756756756758,-0.358783783783783,9.88));
#6402=CARTESIAN_POINT('',(0.375675675675676,-0.244594594594594,9.88));
#6403=CARTESIAN_POINT('',(0.375675675675676,-0.244594594594594,9.89));
#6404=CARTESIAN_POINT('',(0.430351645189746,-0.29335964848552,9.88));
#6405=CARTESIAN_POINT('',(0.430351645189746,-0.29335964848552,9.89));
#6406=CARTESIAN_POINT('',(0.694684861593826,-0.282555520943538,9.88));
#6407=CARTESIAN_POINT('',(0.694684861593826,-0.282555520943538,9.89));
#6408=CARTESIAN_POINT('',(0.718243243243244,-0.0804412548983142,9.88));
#6409=CARTESIAN_POINT('',(0.718243243243244,-0.0804412548983142,9.89));
#6410=CARTESIAN_POINT('',(0.718243243243244,0.0108108108108118,9.88));
#6411=CARTESIAN_POINT('',(0.718243243243244,0.0108108108108118,9.89));
#6412=CARTESIAN_POINT('',(0.375675675675676,-0.244594594594594,9.88099999999999));
#6413=CARTESIAN_POINT('',(0.401051997888858,-0.267227530622566,9.88099999999999));
#6414=CARTESIAN_POINT('',(0.438513513513514,-0.277702702702702,9.88099999999999));
#6415=CARTESIAN_POINT('',(0.535135135135136,-0.277702702702702,9.88099999999999));
#6416=CARTESIAN_POINT('',(0.578378378378379,-0.267567567567567,9.88099999999999));
#6417=CARTESIAN_POINT('',(0.615540540540541,-0.246621621621621,9.88099999999999));
#6418=CARTESIAN_POINT('',(0.653215477142974,-0.225386657354794,9.88099999999999));
#6419=CARTESIAN_POINT('',(0.681081081081082,-0.196621621621621,9.88099999999999));
#6420=CARTESIAN_POINT('',(0.69864864864865,-0.160135135135134,9.88099999999999));
#6421=CARTESIAN_POINT('',(0.712156895202553,-0.132079546138566,9.88099999999999));
#6422=CARTESIAN_POINT('',(0.718243243243244,-0.0898648648648638,9.88099999999999));
#6423=CARTESIAN_POINT('',(0.718243243243244,-0.0351351351351341,9.88099999999999));
#6424=CARTESIAN_POINT('',(0.718243243243244,-0.0198198198198188,9.88099999999999));
#6425=CARTESIAN_POINT('',(0.718243243243244,-0.0045045045045034,9.88099999999999));
#6426=CARTESIAN_POINT('',(0.718243243243244,0.0108108108108118,9.88099999999999));
#6427=CARTESIAN_POINT('',(0.404347118452366,-0.262925762215057,9.88099999999999));
#6428=CARTESIAN_POINT('',(0.375675675675676,-0.244594594594594,9.88099999999999));
#6429=CARTESIAN_POINT('',(0.375675675675676,-0.244594594594594,9.88));
#6430=CARTESIAN_POINT('',(0.375675675675676,-0.244594594594594,9.88));
#6431=CARTESIAN_POINT('',(0.375675675675676,-0.244594594594594,9.88));
#6432=CARTESIAN_POINT('',(0.401051997888858,-0.267227530622566,9.88));
#6433=CARTESIAN_POINT('',(0.438513513513514,-0.277702702702702,9.88));
#6434=CARTESIAN_POINT('',(0.535135135135136,-0.277702702702702,9.88));
#6435=CARTESIAN_POINT('',(0.578378378378379,-0.267567567567567,9.88));
#6436=CARTESIAN_POINT('',(0.615540540540541,-0.246621621621621,9.88));
#6437=CARTESIAN_POINT('',(0.653215477142974,-0.225386657354794,9.88));
#6438=CARTESIAN_POINT('',(0.681081081081082,-0.196621621621621,9.88));
#6439=CARTESIAN_POINT('',(0.69864864864865,-0.160135135135134,9.88));
#6440=CARTESIAN_POINT('',(0.712156895202553,-0.132079546138566,9.88));
#6441=CARTESIAN_POINT('',(0.718243243243244,-0.0898648648648638,9.88));
#6442=CARTESIAN_POINT('',(0.718243243243244,-0.0351351351351341,9.88));
#6443=CARTESIAN_POINT('',(0.718243243243244,-0.0198198198198188,9.88));
#6444=CARTESIAN_POINT('',(0.718243243243244,-0.0045045045045034,9.88));
#6445=CARTESIAN_POINT('',(0.718243243243244,0.0108108108108118,9.88));
#6446=CARTESIAN_POINT('',(0.718243243243244,0.0108108108108118,9.88));
#6447=CARTESIAN_POINT('',(0.718243243243244,0.0108108108108118,9.88));
#6448=CARTESIAN_POINT('',(0.718243243243244,0.0108108108108118,9.89));
#6449=CARTESIAN_POINT('',(0.375675675675676,-0.244594594594594,9.89));
#6450=CARTESIAN_POINT('',(0.401051997888858,-0.267227530622566,9.89));
#6451=CARTESIAN_POINT('',(0.438513513513514,-0.277702702702702,9.89));
#6452=CARTESIAN_POINT('',(0.535135135135136,-0.277702702702702,9.89));
#6453=CARTESIAN_POINT('',(0.578378378378379,-0.267567567567567,9.89));
#6454=CARTESIAN_POINT('',(0.615540540540541,-0.246621621621621,9.89));
#6455=CARTESIAN_POINT('',(0.653215477142974,-0.225386657354794,9.89));
#6456=CARTESIAN_POINT('',(0.681081081081082,-0.196621621621621,9.89));
#6457=CARTESIAN_POINT('',(0.69864864864865,-0.160135135135134,9.89));
#6458=CARTESIAN_POINT('',(0.712156895202553,-0.132079546138566,9.89));
#6459=CARTESIAN_POINT('',(0.718243243243244,-0.0898648648648638,9.89));
#6460=CARTESIAN_POINT('',(0.718243243243244,-0.0351351351351341,9.89));
#6461=CARTESIAN_POINT('',(0.718243243243244,-0.0198198198198188,9.89));
#6462=CARTESIAN_POINT('',(0.718243243243244,-0.0045045045045034,9.89));
#6463=CARTESIAN_POINT('',(0.718243243243244,0.0108108108108118,9.89));
#6464=CARTESIAN_POINT('',(0.40434709157687,-0.262925750159959,9.89));
#6465=CARTESIAN_POINT('',(0.404347118452366,-0.262925762215057,9.88));
#6466=CARTESIAN_POINT('',(0.718243243243244,0.0108108108108118,9.88));
#6467=CARTESIAN_POINT('',(0.718243243243244,0.0108108108108118,9.89));
#6468=CARTESIAN_POINT('',(0.688978959018897,-0.000982258951238367,9.88));
#6469=CARTESIAN_POINT('',(0.688978959018897,-0.000982258951238367,9.89));
#6470=CARTESIAN_POINT('',(0.615883042272538,-0.0220116396440135,9.88));
#6471=CARTESIAN_POINT('',(0.615883042272538,-0.0220116396440135,9.88999999999999));
#6472=CARTESIAN_POINT('',(0.453351344641883,-0.0450537593792295,9.88));
#6473=CARTESIAN_POINT('',(0.453351344641883,-0.0450537593792295,9.88999999999999));
#6474=CARTESIAN_POINT('',(0.38845110824609,-0.0631839474831017,9.88));
#6475=CARTESIAN_POINT('',(0.38845110824609,-0.0631839474831017,9.89));
#6476=CARTESIAN_POINT('',(0.321657752502737,-0.136246131229311,9.88));
#6477=CARTESIAN_POINT('',(0.321657752502737,-0.136246131229311,9.88999999999999));
#6478=CARTESIAN_POINT('',(0.339439139170249,-0.212275521495158,9.88));
#6479=CARTESIAN_POINT('',(0.339439139170249,-0.212275521495158,9.89));
#6480=CARTESIAN_POINT('',(0.375675675675676,-0.244594594594594,9.88));
#6481=CARTESIAN_POINT('',(0.375675675675676,-0.244594594594594,9.89));
#6482=CARTESIAN_POINT('',(0.718243243243244,0.0108108108108118,9.88099999999999));
#6483=CARTESIAN_POINT('',(0.672972972972973,-0.00743243243243137,9.88099999999999));
#6484=CARTESIAN_POINT('',(0.60472972972973,-0.0229729729729719,9.88099999999999));
#6485=CARTESIAN_POINT('',(0.513513513513514,-0.0364864864864855,9.88099999999999));
#6486=CARTESIAN_POINT('',(0.462187556684202,-0.04409033194268,9.88099999999999));
#6487=CARTESIAN_POINT('',(0.426351351351352,-0.0520270270270261,9.88099999999999));
#6488=CARTESIAN_POINT('',(0.404729729729731,-0.0614864864864856,9.88099999999999));
#6489=CARTESIAN_POINT('',(0.383356225077537,-0.0708373947718201,9.88099999999999));
#6490=CARTESIAN_POINT('',(0.366891891891893,-0.0837837837837827,9.88099999999999));
#6491=CARTESIAN_POINT('',(0.355405405405406,-0.102027027027026,9.88099999999999));
#6492=CARTESIAN_POINT('',(0.344223570328679,-0.119786412148887,9.88099999999999));
#6493=CARTESIAN_POINT('',(0.337837837837838,-0.139189189189188,9.88099999999999));
#6494=CARTESIAN_POINT('',(0.337837837837838,-0.194594594594594,9.88099999999999));
#6495=CARTESIAN_POINT('',(0.350675675675676,-0.222297297297296,9.88099999999999));
#6496=CARTESIAN_POINT('',(0.375675675675676,-0.244594594594594,9.88099999999999));
#6497=CARTESIAN_POINT('',(0.346475415833672,-0.205054059596359,9.88099999999999));
#6498=CARTESIAN_POINT('',(0.346475415833672,-0.205054059596359,9.88));
#6499=CARTESIAN_POINT('',(0.346475427989842,-0.205054087791832,9.89));
#6500=CARTESIAN_POINT('',(0.718243243243244,0.0108108108108118,9.89));
#6501=CARTESIAN_POINT('',(0.672972972972973,-0.00743243243243137,9.89));
#6502=CARTESIAN_POINT('',(0.60472972972973,-0.0229729729729719,9.89));
#6503=CARTESIAN_POINT('',(0.513513513513514,-0.0364864864864855,9.89));
#6504=CARTESIAN_POINT('',(0.462187556684202,-0.04409033194268,9.89));
#6505=CARTESIAN_POINT('',(0.426351351351352,-0.0520270270270261,9.89));
#6506=CARTESIAN_POINT('',(0.404729729729731,-0.0614864864864856,9.89));
#6507=CARTESIAN_POINT('',(0.383356225077537,-0.0708373947718201,9.89));
#6508=CARTESIAN_POINT('',(0.366891891891893,-0.0837837837837827,9.89));
#6509=CARTESIAN_POINT('',(0.355405405405406,-0.102027027027026,9.89));
#6510=CARTESIAN_POINT('',(0.344223570328679,-0.119786412148887,9.89));
#6511=CARTESIAN_POINT('',(0.337837837837838,-0.139189189189188,9.89));
#6512=CARTESIAN_POINT('',(0.337837837837838,-0.194594594594594,9.89));
#6513=CARTESIAN_POINT('',(0.350675675675676,-0.222297297297296,9.89));
#6514=CARTESIAN_POINT('',(0.375675675675676,-0.244594594594594,9.89));
#6515=CARTESIAN_POINT('',(0.718243243243244,0.0108108108108118,9.88));
#6516=CARTESIAN_POINT('',(0.672972972972973,-0.00743243243243137,9.88));
#6517=CARTESIAN_POINT('',(0.60472972972973,-0.0229729729729719,9.88));
#6518=CARTESIAN_POINT('',(0.513513513513514,-0.0364864864864855,9.88));
#6519=CARTESIAN_POINT('',(0.462187556684202,-0.04409033194268,9.88));
#6520=CARTESIAN_POINT('',(0.426351351351352,-0.0520270270270261,9.88));
#6521=CARTESIAN_POINT('',(0.404729729729731,-0.0614864864864856,9.88));
#6522=CARTESIAN_POINT('',(0.383356225077537,-0.0708373947718201,9.88));
#6523=CARTESIAN_POINT('',(0.366891891891893,-0.0837837837837827,9.88));
#6524=CARTESIAN_POINT('',(0.355405405405406,-0.102027027027026,9.88));
#6525=CARTESIAN_POINT('',(0.344223570328679,-0.119786412148887,9.88));
#6526=CARTESIAN_POINT('',(0.337837837837838,-0.139189189189188,9.88));
#6527=CARTESIAN_POINT('',(0.337837837837838,-0.194594594594594,9.88));
#6528=CARTESIAN_POINT('',(0.350675675675676,-0.222297297297296,9.88));
#6529=CARTESIAN_POINT('',(0.375675675675676,-0.244594594594594,9.88));
#6530=CARTESIAN_POINT('',(0.752027027027028,-0.358783783783783,9.88));
#6531=CARTESIAN_POINT('',(0.752027027027028,-0.358783783783783,9.89));
#6532=CARTESIAN_POINT('',(0.739864864864866,-0.333108108108107,9.88));
#6533=CARTESIAN_POINT('',(0.739864864864866,-0.333108108108107,9.89));
#6534=CARTESIAN_POINT('',(0.732432432432433,-0.302027027027026,9.88));
#6535=CARTESIAN_POINT('',(0.732432432432433,-0.302027027027026,9.89));
#6536=CARTESIAN_POINT('',(0.729054054054055,-0.266891891891891,9.88));
#6537=CARTESIAN_POINT('',(0.729054054054055,-0.266891891891891,9.89));
#6538=CARTESIAN_POINT('',(0.752027027027028,-0.358783783783783,9.88));
#6539=CARTESIAN_POINT('',(0.752027027027028,-0.358783783783783,9.88));
#6540=CARTESIAN_POINT('',(0.752027027027028,-0.358783783783783,9.88));
#6541=CARTESIAN_POINT('',(0.739864864864866,-0.333108108108107,9.88));
#6542=CARTESIAN_POINT('',(0.732432432432433,-0.302027027027026,9.88));
#6543=CARTESIAN_POINT('',(0.729054054054055,-0.266891891891891,9.88));
#6544=CARTESIAN_POINT('',(0.729054054054055,-0.266891891891891,9.88));
#6545=CARTESIAN_POINT('',(0.729054054054055,-0.266891891891891,9.88));
#6546=CARTESIAN_POINT('',(0.729054054054055,-0.266891891891891,9.88));
#6547=CARTESIAN_POINT('',(0.729054054054055,-0.266891891891891,9.89));
#6548=CARTESIAN_POINT('',(0.680911087843947,-0.308057616622273,9.88));
#6549=CARTESIAN_POINT('',(0.680911087843947,-0.308057616622273,9.89));
#6550=CARTESIAN_POINT('',(0.604802970314114,-0.362718212102612,9.88));
#6551=CARTESIAN_POINT('',(0.604802970314114,-0.362718212102612,9.89));
#6552=CARTESIAN_POINT('',(0.402315668398896,-0.384035218862203,9.88));
#6553=CARTESIAN_POINT('',(0.402315668398896,-0.384035218862203,9.89));
#6554=CARTESIAN_POINT('',(0.267664544169351,-0.339000797763527,9.88));
#6555=CARTESIAN_POINT('',(0.267664544169351,-0.339000797763527,9.88999999999999));
#6556=CARTESIAN_POINT('',(0.181095261223044,-0.18497548114668,9.88));
#6557=CARTESIAN_POINT('',(0.181095261223044,-0.18497548114668,9.89));
#6558=CARTESIAN_POINT('',(0.239703965920645,-0.0105047439236012,9.88));
#6559=CARTESIAN_POINT('',(0.239703965920645,-0.0105047439236012,9.89));
#6560=CARTESIAN_POINT('',(0.369518318582402,0.0484347579243605,9.88));
#6561=CARTESIAN_POINT('',(0.369518318582402,0.0484347579243605,9.88999999999999));
#6562=CARTESIAN_POINT('',(0.465255782457318,0.0619184241485602,9.88));
#6563=CARTESIAN_POINT('',(0.465255782457318,0.0619184241485602,9.89));
#6564=CARTESIAN_POINT('',(0.61703320701299,0.0808987633195202,9.88));
#6565=CARTESIAN_POINT('',(0.61703320701299,0.0808987633195202,9.89));
#6566=CARTESIAN_POINT('',(0.684171868867179,0.0959397601166573,9.88));
#6567=CARTESIAN_POINT('',(0.684171868867179,0.0959397601166573,9.89));
#6568=CARTESIAN_POINT('',(0.718243243243244,0.108108108108109,9.88));
#6569=CARTESIAN_POINT('',(0.718243243243244,0.108108108108109,9.89));
#6570=CARTESIAN_POINT('',(0.729054054054055,-0.266891891891891,9.88));
#6571=CARTESIAN_POINT('',(0.682432432432433,-0.306756756756756,9.88));
#6572=CARTESIAN_POINT('',(0.637837837837839,-0.334459459459458,9.88));
#6573=CARTESIAN_POINT('',(0.595270270270271,-0.350675675675675,9.88));
#6574=CARTESIAN_POINT('',(0.552112657211668,-0.367116671126571,9.88));
#6575=CARTESIAN_POINT('',(0.506081081081082,-0.374999999999999,9.88));
#6576=CARTESIAN_POINT('',(0.375675675675676,-0.374999999999999,9.88));
#6577=CARTESIAN_POINT('',(0.313513513513514,-0.355405405405404,9.88));
#6578=CARTESIAN_POINT('',(0.269594594594595,-0.31554054054054,9.88));
#6579=CARTESIAN_POINT('',(0.226382390695913,-0.276317155463274,9.88));
#6580=CARTESIAN_POINT('',(0.20472972972973,-0.225675675675675,9.88));
#6581=CARTESIAN_POINT('',(0.20472972972973,-0.128378378378377,9.88));
#6582=CARTESIAN_POINT('',(0.212837837837839,-0.0959459459459449,9.88));
#6583=CARTESIAN_POINT('',(0.229054054054054,-0.0662162162162153,9.88));
#6584=CARTESIAN_POINT('',(0.245425202272336,-0.0362024444826981,9.88));
#6585=CARTESIAN_POINT('',(0.267567567567568,-0.0121621621621611,9.88));
#6586=CARTESIAN_POINT('',(0.293918918918919,0.0054054054054064,9.88));
#6587=CARTESIAN_POINT('',(0.320582120582121,0.0231808731808743,9.88));
#6588=CARTESIAN_POINT('',(0.350675675675676,0.0371621621621632,9.88));
#6589=CARTESIAN_POINT('',(0.383783783783784,0.0466216216216226,9.88));
#6590=CARTESIAN_POINT('',(0.408503314635391,0.0536843447220815,9.88));
#6591=CARTESIAN_POINT('',(0.445945945945947,0.0594594594594605,9.88));
#6592=CARTESIAN_POINT('',(0.495270270270271,0.0655405405405416,9.88));
#6593=CARTESIAN_POINT('',(0.596499100764351,0.0780208073137843,9.88));
#6594=CARTESIAN_POINT('',(0.670945945945947,0.0912162162162172,9.88));
#6595=CARTESIAN_POINT('',(0.718243243243244,0.108108108108109,9.88));
#6596=CARTESIAN_POINT('',(0.718243243243244,0.108108108108109,9.88));
#6597=CARTESIAN_POINT('',(0.718243243243244,0.108108108108109,9.88));
#6598=CARTESIAN_POINT('',(0.718243243243244,0.108108108108109,9.88));
#6599=CARTESIAN_POINT('',(0.718243243243244,0.108108108108109,9.89));
#6600=CARTESIAN_POINT('',(0.720124312598879,0.155134841998989,9.88));
#6601=CARTESIAN_POINT('',(0.720124312598879,0.155134841998989,9.89));
#6602=CARTESIAN_POINT('',(0.719331603337978,0.158657719541454,9.88));
#6603=CARTESIAN_POINT('',(0.719331603337978,0.158657719541454,9.89));
#6604=CARTESIAN_POINT('',(0.711782676588031,0.213381481260575,9.88));
#6605=CARTESIAN_POINT('',(0.711782676588031,0.213381481260575,9.88999999999999));
#6606=CARTESIAN_POINT('',(0.692520716234149,0.245033500919274,9.88));
#6607=CARTESIAN_POINT('',(0.692520716234149,0.245033500919274,9.89));
#6608=CARTESIAN_POINT('',(0.639359572420332,0.279521265023215,9.88));
#6609=CARTESIAN_POINT('',(0.639359572420332,0.279521265023215,9.89));
#6610=CARTESIAN_POINT('',(0.538084068789055,0.296558925678113,9.88));
#6611=CARTESIAN_POINT('',(0.538084068789055,0.296558925678113,9.88999999999999));
#6612=CARTESIAN_POINT('',(0.400287598288571,0.279616597228299,9.88));
#6613=CARTESIAN_POINT('',(0.400287598288571,0.279616597228299,9.89));
#6614=CARTESIAN_POINT('',(0.362819399800683,0.207225388952391,9.88));
#6615=CARTESIAN_POINT('',(0.362819399800683,0.207225388952391,9.89));
#6616=CARTESIAN_POINT('',(0.347972972972974,0.149324324324325,9.88));
#6617=CARTESIAN_POINT('',(0.347972972972974,0.149324324324325,9.89));
#6618=CARTESIAN_POINT('',(0.718243243243244,0.108108108108109,9.88));
#6619=CARTESIAN_POINT('',(0.718918918918919,0.125000000000001,9.88));
#6620=CARTESIAN_POINT('',(0.719594594594596,0.135810810810812,9.88));
#6621=CARTESIAN_POINT('',(0.719594594594596,0.191216216216217,9.88));
#6622=CARTESIAN_POINT('',(0.707432432432433,0.227027027027028,9.88));
#6623=CARTESIAN_POINT('',(0.683783783783784,0.247972972972974,9.88));
#6624=CARTESIAN_POINT('',(0.651523824831236,0.276546079473802,9.88));
#6625=CARTESIAN_POINT('',(0.604054054054055,0.289864864864866,9.88));
#6626=CARTESIAN_POINT('',(0.540540540540542,0.290540540540542,9.88));
#6627=CARTESIAN_POINT('',(0.481770595989223,0.29116575271662,9.88));
#6628=CARTESIAN_POINT('',(0.438513513513514,0.279729729729731,9.88));
#6629=CARTESIAN_POINT('',(0.410135135135136,0.25945945945946,9.88));
#6630=CARTESIAN_POINT('',(0.381437180423668,0.23896092037984,9.88));
#6631=CARTESIAN_POINT('',(0.361486486486487,0.202027027027028,9.88));
#6632=CARTESIAN_POINT('',(0.347972972972974,0.149324324324325,9.88));
#6633=CARTESIAN_POINT('',(0.881756756756758,-0.358783783783783,9.88));
#6634=CARTESIAN_POINT('',(0.881756756756758,-0.358783783783783,9.88));
#6635=CARTESIAN_POINT('',(0.838513513513514,-0.358783783783783,9.88));
#6636=CARTESIAN_POINT('',(0.795270270270271,-0.358783783783783,9.88));
#6637=CARTESIAN_POINT('',(0.752027027027028,-0.358783783783783,9.88));
#6638=CARTESIAN_POINT('',(0.737246621621622,-0.316385135135134,9.88));
#6639=CARTESIAN_POINT('',(0.141421356237311,2.63508022725547E-15,9.88099999999999));
#6640=CARTESIAN_POINT('',(0.141421356237311,2.63508022725547E-15,9.88099999999999));
#6641=CARTESIAN_POINT('',(0.141421356237311,2.63508022725547E-15,9.89));
#6642=CARTESIAN_POINT('',(0.,0.,9.88099999999999));
#6643=CARTESIAN_POINT('',(-4.47676056338028,0.,9.89));
#6644=CARTESIAN_POINT('',(1.16013513513514,-0.358783783783783,9.88));
#6645=CARTESIAN_POINT('',(1.16013513513514,-0.358783783783783,9.88));
#6646=CARTESIAN_POINT('',(1.16013513513514,-0.358783783783783,9.88));
#6647=CARTESIAN_POINT('',(1.16013513513514,-0.358783783783783,9.88));
#6648=CARTESIAN_POINT('',(1.11846846846847,-0.358783783783783,9.88));
#6649=CARTESIAN_POINT('',(1.0768018018018,-0.358783783783783,9.88));
#6650=CARTESIAN_POINT('',(1.03513513513514,-0.358783783783783,9.88));
#6651=CARTESIAN_POINT('',(1.03513513513514,-0.358783783783783,9.88));
#6652=CARTESIAN_POINT('',(1.03513513513514,-0.358783783783783,9.88));
#6653=CARTESIAN_POINT('',(1.03513513513514,-0.358783783783783,9.88));
#6654=CARTESIAN_POINT('',(1.03513513513514,-0.358783783783783,9.88));
#6655=CARTESIAN_POINT('',(1.03513513513514,-0.113288288288287,9.88));
#6656=CARTESIAN_POINT('',(1.03513513513514,0.132207207207208,9.88));
#6657=CARTESIAN_POINT('',(1.03513513513514,0.377702702702704,9.88));
#6658=CARTESIAN_POINT('',(1.03513513513514,0.377702702702704,9.88));
#6659=CARTESIAN_POINT('',(1.03513513513514,0.377702702702704,9.88));
#6660=CARTESIAN_POINT('',(1.03513513513514,0.377702702702704,9.88));
#6661=CARTESIAN_POINT('',(1.03513513513514,0.377702702702704,9.88));
#6662=CARTESIAN_POINT('',(1.07274774774775,0.377702702702704,9.88));
#6663=CARTESIAN_POINT('',(1.11036036036036,0.377702702702704,9.88));
#6664=CARTESIAN_POINT('',(1.14797297297297,0.377702702702704,9.88));
#6665=CARTESIAN_POINT('',(1.14797297297297,0.377702702702704,9.88));
#6666=CARTESIAN_POINT('',(1.14797297297297,0.377702702702704,9.88));
#6667=CARTESIAN_POINT('',(1.14797297297297,0.377702702702704,9.88));
#6668=CARTESIAN_POINT('',(1.14797297297297,0.377702702702704,9.88));
#6669=CARTESIAN_POINT('',(1.14797297297297,0.340315315315317,9.88));
#6670=CARTESIAN_POINT('',(1.14797297297297,0.302927927927929,9.88));
#6671=CARTESIAN_POINT('',(1.14797297297297,0.265540540540542,9.88));
#6672=CARTESIAN_POINT('',(1.14797297297297,0.265540540540542,9.88));
#6673=CARTESIAN_POINT('',(1.14797297297297,0.265540540540542,9.88));
#6674=CARTESIAN_POINT('',(1.14797297297297,0.265540540540542,9.88));
#6675=CARTESIAN_POINT('',(1.14797297297297,0.265540540540542,9.89));
#6676=CARTESIAN_POINT('',(1.1860626142973,0.335371549635132,9.88));
#6677=CARTESIAN_POINT('',(1.1860626142973,0.335371549635132,9.89));
#6678=CARTESIAN_POINT('',(1.24876727357098,0.411113704833227,9.88));
#6679=CARTESIAN_POINT('',(1.24876727357098,0.411113704833227,9.88999999999999));
#6680=CARTESIAN_POINT('',(1.37610330853344,0.389614833524597,9.88));
#6681=CARTESIAN_POINT('',(1.37610330853344,0.389614833524597,9.89));
#6682=CARTESIAN_POINT('',(1.43445945945946,0.354054054054055,9.88));
#6683=CARTESIAN_POINT('',(1.43445945945946,0.354054054054055,9.89));
#6684=CARTESIAN_POINT('',(1.14797297297297,0.265540540540542,9.88));
#6685=CARTESIAN_POINT('',(1.17635135135135,0.317567567567569,9.88));
#6686=CARTESIAN_POINT('',(1.2027027027027,0.352027027027028,9.88));
#6687=CARTESIAN_POINT('',(1.22702702702703,0.368243243243244,9.88));
#6688=CARTESIAN_POINT('',(1.2516632016632,0.38466735966736,9.88));
#6689=CARTESIAN_POINT('',(1.2777027027027,0.393243243243244,9.88));
#6690=CARTESIAN_POINT('',(1.34864864864865,0.393243243243244,9.88));
#6691=CARTESIAN_POINT('',(1.39121621621622,0.380405405405407,9.88));
#6692=CARTESIAN_POINT('',(1.43445945945946,0.354054054054055,9.88));
#6693=CARTESIAN_POINT('',(1.43445945945946,0.354054054054055,9.88));
#6694=CARTESIAN_POINT('',(1.43445945945946,0.354054054054055,9.88));
#6695=CARTESIAN_POINT('',(1.43445945945946,0.354054054054055,9.88));
#6696=CARTESIAN_POINT('',(1.43445945945946,0.354054054054055,9.88));
#6697=CARTESIAN_POINT('',(1.42004504504505,0.315540540540541,9.88));
#6698=CARTESIAN_POINT('',(1.40563063063063,0.277027027027028,9.88));
#6699=CARTESIAN_POINT('',(1.39121621621622,0.238513513513515,9.88));
#6700=CARTESIAN_POINT('',(1.39121621621622,0.238513513513515,9.88));
#6701=CARTESIAN_POINT('',(1.39121621621622,0.238513513513515,9.88));
#6702=CARTESIAN_POINT('',(1.39121621621622,0.238513513513515,9.88));
#6703=CARTESIAN_POINT('',(1.39121621621622,0.238513513513515,9.89));
#6704=CARTESIAN_POINT('',(1.32620375656712,0.27607626797744,9.88));
#6705=CARTESIAN_POINT('',(1.32620375656712,0.27607626797744,9.89));
#6706=CARTESIAN_POINT('',(1.17693646305679,0.258068065094241,9.88));
#6707=CARTESIAN_POINT('',(1.17693646305679,0.258068065094241,9.89));
#6708=CARTESIAN_POINT('',(1.15575267275009,0.0314378328113104,9.88));
#6709=CARTESIAN_POINT('',(1.15575267275009,0.0314378328113104,9.89));
#6710=CARTESIAN_POINT('',(1.16138726724515,-0.15955538411981,9.88));
#6711=CARTESIAN_POINT('',(1.16138726724515,-0.15955538411981,9.88999999999999));
#6712=CARTESIAN_POINT('',(1.16013513513514,-0.292873419212934,9.88));
#6713=CARTESIAN_POINT('',(1.16013513513514,-0.292873419212934,9.89));
#6714=CARTESIAN_POINT('',(1.16013513513514,-0.358783783783783,9.88));
#6715=CARTESIAN_POINT('',(1.16013513513514,-0.358783783783783,9.89));
#6716=CARTESIAN_POINT('',(1.39121621621622,0.238513513513515,9.88));
#6717=CARTESIAN_POINT('',(1.36081081081081,0.256081081081082,9.88));
#6718=CARTESIAN_POINT('',(1.33040540540541,0.264864864864866,9.88));
#6719=CARTESIAN_POINT('',(1.27297297297297,0.264864864864866,9.88));
#6720=CARTESIAN_POINT('',(1.24864864864865,0.256756756756758,9.88));
#6721=CARTESIAN_POINT('',(1.22702702702703,0.239864864864866,9.88));
#6722=CARTESIAN_POINT('',(1.20573320439906,0.223229065936769,9.88));
#6723=CARTESIAN_POINT('',(1.18986486486487,0.200675675675677,9.88));
#6724=CARTESIAN_POINT('',(1.18040540540541,0.171621621621623,9.88));
#6725=CARTESIAN_POINT('',(1.16598262076257,0.127323068790063,9.88));
#6726=CARTESIAN_POINT('',(1.16013513513514,0.0790540540540551,9.88));
#6727=CARTESIAN_POINT('',(1.16013513513514,0.0263513513513524,9.88));
#6728=CARTESIAN_POINT('',(1.16013513513514,-0.102027027027026,9.88));
#6729=CARTESIAN_POINT('',(1.16013513513514,-0.230405405405404,9.88));
#6730=CARTESIAN_POINT('',(1.16013513513514,-0.358783783783783,9.88));
#6731=CARTESIAN_POINT('',(1.26492511749318,0.386803448206546,9.88));
#6732=CARTESIAN_POINT('',(1.63445945945946,-0.358783783783783,9.88));
#6733=CARTESIAN_POINT('',(1.63445945945946,-0.358783783783783,9.88));
#6734=CARTESIAN_POINT('',(1.63445945945946,-0.358783783783783,9.88));
#6735=CARTESIAN_POINT('',(1.63445945945946,-0.358783783783783,9.88));
#6736=CARTESIAN_POINT('',(1.50945945945946,-0.358783783783783,9.88));
#6737=CARTESIAN_POINT('',(1.50945945945946,-0.358783783783783,9.88));
#6738=CARTESIAN_POINT('',(1.50945945945946,-0.358783783783783,9.88));
#6739=CARTESIAN_POINT('',(1.50945945945946,-0.358783783783783,9.88));
#6740=CARTESIAN_POINT('',(1.50945945945946,-0.358783783783783,9.88));
#6741=CARTESIAN_POINT('',(1.50945945945946,0.656756756756758,9.88));
#6742=CARTESIAN_POINT('',(1.50945945945946,0.656756756756758,9.88));
#6743=CARTESIAN_POINT('',(1.50945945945946,0.656756756756758,9.88));
#6744=CARTESIAN_POINT('',(1.50945945945946,0.656756756756758,9.88));
#6745=CARTESIAN_POINT('',(1.50945945945946,0.656756756756758,9.88));
#6746=CARTESIAN_POINT('',(1.63445945945946,0.656756756756758,9.88));
#6747=CARTESIAN_POINT('',(1.63445945945946,0.656756756756758,9.88));
#6748=CARTESIAN_POINT('',(1.63445945945946,0.656756756756758,9.88));
#6749=CARTESIAN_POINT('',(1.63445945945946,0.656756756756758,9.88));
#6750=CARTESIAN_POINT('',(1.63445945945946,0.656756756756758,9.88));
#6751=CARTESIAN_POINT('',(1.63445945945946,0.0783783783783795,9.88));
#6752=CARTESIAN_POINT('',(1.63445945945946,0.0783783783783795,9.88));
#6753=CARTESIAN_POINT('',(1.63445945945946,0.0783783783783795,9.88));
#6754=CARTESIAN_POINT('',(1.63445945945946,0.0783783783783795,9.88));
#6755=CARTESIAN_POINT('',(1.63445945945946,0.0783783783783795,9.88));
#6756=CARTESIAN_POINT('',(1.92972972972973,0.377702702702704,9.88));
#6757=CARTESIAN_POINT('',(1.92972972972973,0.377702702702704,9.88));
#6758=CARTESIAN_POINT('',(1.92972972972973,0.377702702702704,9.88));
#6759=CARTESIAN_POINT('',(1.92972972972973,0.377702702702704,9.88));
#6760=CARTESIAN_POINT('',(1.92972972972973,0.377702702702704,9.88));
#6761=CARTESIAN_POINT('',(2.09121621621622,0.377702702702704,9.88));
#6762=CARTESIAN_POINT('',(2.09121621621622,0.377702702702704,9.88));
#6763=CARTESIAN_POINT('',(2.09121621621622,0.377702702702704,9.88));
#6764=CARTESIAN_POINT('',(2.09121621621622,0.377702702702704,9.88));
#6765=CARTESIAN_POINT('',(2.09121621621622,0.377702702702704,9.88));
#6766=CARTESIAN_POINT('',(1.80945945945946,0.104054054054055,9.88));
#6767=CARTESIAN_POINT('',(1.80945945945946,0.104054054054055,9.88));
#6768=CARTESIAN_POINT('',(1.80945945945946,0.104054054054055,9.88));
#6769=CARTESIAN_POINT('',(1.80945945945946,0.104054054054055,9.88));
#6770=CARTESIAN_POINT('',(1.80945945945946,0.104054054054055,9.88));
#6771=CARTESIAN_POINT('',(2.11891891891892,-0.358783783783783,9.88));
#6772=CARTESIAN_POINT('',(2.11891891891892,-0.358783783783783,9.88));
#6773=CARTESIAN_POINT('',(2.11891891891892,-0.358783783783783,9.88));
#6774=CARTESIAN_POINT('',(2.11891891891892,-0.358783783783783,9.88));
#6775=CARTESIAN_POINT('',(2.11891891891892,-0.358783783783783,9.88));
#6776=CARTESIAN_POINT('',(1.96554054054054,-0.358783783783783,9.88));
#6777=CARTESIAN_POINT('',(1.96554054054054,-0.358783783783783,9.88));
#6778=CARTESIAN_POINT('',(1.96554054054054,-0.358783783783783,9.88));
#6779=CARTESIAN_POINT('',(1.96554054054054,-0.358783783783783,9.88));
#6780=CARTESIAN_POINT('',(1.96554054054054,-0.358783783783783,9.88));
#6781=CARTESIAN_POINT('',(1.72094594594595,0.0175675675675686,9.88));
#6782=CARTESIAN_POINT('',(1.72094594594595,0.0175675675675686,9.88));
#6783=CARTESIAN_POINT('',(1.72094594594595,0.0175675675675686,9.88));
#6784=CARTESIAN_POINT('',(1.72094594594595,0.0175675675675686,9.88));
#6785=CARTESIAN_POINT('',(1.72094594594595,0.0175675675675686,9.88));
#6786=CARTESIAN_POINT('',(1.63445945945946,-0.066891891891891,9.88));
#6787=CARTESIAN_POINT('',(1.63445945945946,-0.066891891891891,9.88));
#6788=CARTESIAN_POINT('',(1.63445945945946,-0.066891891891891,9.88));
#6789=CARTESIAN_POINT('',(1.63445945945946,-0.066891891891891,9.88));
#6790=CARTESIAN_POINT('',(1.63445945945946,-0.066891891891891,9.88));
#6791=CARTESIAN_POINT('',(1.63445945945946,-0.358783783783783,9.88));
#6792=CARTESIAN_POINT('',(1.57195945945946,-0.358783783783783,9.88));
#6793=CARTESIAN_POINT('',(2.34527027027027,0.514864864864866,9.88));
#6794=CARTESIAN_POINT('',(2.34527027027027,0.514864864864866,9.88));
#6795=CARTESIAN_POINT('',(2.34527027027027,0.514864864864866,9.88));
#6796=CARTESIAN_POINT('',(2.34527027027027,0.514864864864866,9.88));
#6797=CARTESIAN_POINT('',(2.2195945945946,0.514864864864866,9.88));
#6798=CARTESIAN_POINT('',(2.2195945945946,0.514864864864866,9.88));
#6799=CARTESIAN_POINT('',(2.2195945945946,0.514864864864866,9.88));
#6800=CARTESIAN_POINT('',(2.2195945945946,0.514864864864866,9.88));
#6801=CARTESIAN_POINT('',(2.2195945945946,0.514864864864866,9.88));
#6802=CARTESIAN_POINT('',(2.2195945945946,0.656756756756758,9.88));
#6803=CARTESIAN_POINT('',(2.2195945945946,0.656756756756758,9.88));
#6804=CARTESIAN_POINT('',(2.2195945945946,0.656756756756758,9.88));
#6805=CARTESIAN_POINT('',(2.2195945945946,0.656756756756758,9.88));
#6806=CARTESIAN_POINT('',(2.2195945945946,0.656756756756758,9.88));
#6807=CARTESIAN_POINT('',(2.34527027027027,0.656756756756758,9.88));
#6808=CARTESIAN_POINT('',(2.34527027027027,0.656756756756758,9.88));
#6809=CARTESIAN_POINT('',(2.34527027027027,0.656756756756758,9.88));
#6810=CARTESIAN_POINT('',(2.34527027027027,0.656756756756758,9.88));
#6811=CARTESIAN_POINT('',(2.34527027027027,0.656756756756758,9.88));
#6812=CARTESIAN_POINT('',(2.34527027027027,0.514864864864866,9.88));
#6813=CARTESIAN_POINT('',(2.28243243243243,0.514864864864866,9.88));
#6814=CARTESIAN_POINT('',(2.34527027027027,-0.358783783783783,9.88));
#6815=CARTESIAN_POINT('',(2.34527027027027,-0.358783783783783,9.88));
#6816=CARTESIAN_POINT('',(2.34527027027027,-0.358783783783783,9.88));
#6817=CARTESIAN_POINT('',(2.34527027027027,-0.358783783783783,9.88));
#6818=CARTESIAN_POINT('',(2.2195945945946,-0.358783783783783,9.88));
#6819=CARTESIAN_POINT('',(2.2195945945946,-0.358783783783783,9.88));
#6820=CARTESIAN_POINT('',(2.2195945945946,-0.358783783783783,9.88));
#6821=CARTESIAN_POINT('',(2.2195945945946,-0.358783783783783,9.88));
#6822=CARTESIAN_POINT('',(2.2195945945946,-0.358783783783783,9.88));
#6823=CARTESIAN_POINT('',(2.2195945945946,0.377702702702704,9.88));
#6824=CARTESIAN_POINT('',(2.2195945945946,0.377702702702704,9.88));
#6825=CARTESIAN_POINT('',(2.2195945945946,0.377702702702704,9.88));
#6826=CARTESIAN_POINT('',(2.2195945945946,0.377702702702704,9.88));
#6827=CARTESIAN_POINT('',(2.2195945945946,0.377702702702704,9.88));
#6828=CARTESIAN_POINT('',(2.34527027027027,0.377702702702704,9.88));
#6829=CARTESIAN_POINT('',(2.34527027027027,0.377702702702704,9.88));
#6830=CARTESIAN_POINT('',(2.34527027027027,0.377702702702704,9.88));
#6831=CARTESIAN_POINT('',(2.34527027027027,0.377702702702704,9.88));
#6832=CARTESIAN_POINT('',(2.34527027027027,0.377702702702704,9.88));
#6833=CARTESIAN_POINT('',(2.34527027027027,-0.358783783783783,9.88));
#6834=CARTESIAN_POINT('',(2.28243243243243,-0.358783783783783,9.88));
#6835=CARTESIAN_POINT('',(2.65945945945946,-0.358783783783783,9.88));
#6836=CARTESIAN_POINT('',(2.65945945945946,-0.358783783783783,9.88));
#6837=CARTESIAN_POINT('',(2.65945945945946,-0.358783783783783,9.88));
#6838=CARTESIAN_POINT('',(2.65945945945946,-0.358783783783783,9.88));
#6839=CARTESIAN_POINT('',(2.61779279279279,-0.358783783783783,9.88));
#6840=CARTESIAN_POINT('',(2.57612612612613,-0.358783783783783,9.88));
#6841=CARTESIAN_POINT('',(2.53445945945946,-0.358783783783783,9.88));
#6842=CARTESIAN_POINT('',(2.53445945945946,-0.358783783783783,9.88));
#6843=CARTESIAN_POINT('',(2.53445945945946,-0.358783783783783,9.88));
#6844=CARTESIAN_POINT('',(2.53445945945946,-0.358783783783783,9.88));
#6845=CARTESIAN_POINT('',(2.53445945945946,-0.358783783783783,9.88));
#6846=CARTESIAN_POINT('',(2.53445945945946,-0.113288288288287,9.88));
#6847=CARTESIAN_POINT('',(2.53445945945946,0.132207207207208,9.88));
#6848=CARTESIAN_POINT('',(2.53445945945946,0.377702702702704,9.88));
#6849=CARTESIAN_POINT('',(2.53445945945946,0.377702702702704,9.88));
#6850=CARTESIAN_POINT('',(2.53445945945946,0.377702702702704,9.88));
#6851=CARTESIAN_POINT('',(2.53445945945946,0.377702702702704,9.88));
#6852=CARTESIAN_POINT('',(2.53445945945946,0.377702702702704,9.88));
#6853=CARTESIAN_POINT('',(2.57207207207207,0.377702702702704,9.88));
#6854=CARTESIAN_POINT('',(2.60968468468469,0.377702702702704,9.88));
#6855=CARTESIAN_POINT('',(2.6472972972973,0.377702702702704,9.88));
#6856=CARTESIAN_POINT('',(2.6472972972973,0.377702702702704,9.88));
#6857=CARTESIAN_POINT('',(2.6472972972973,0.377702702702704,9.88));
#6858=CARTESIAN_POINT('',(2.6472972972973,0.377702702702704,9.88));
#6859=CARTESIAN_POINT('',(2.6472972972973,0.377702702702704,9.88));
#6860=CARTESIAN_POINT('',(2.6472972972973,0.342792792792794,9.88));
#6861=CARTESIAN_POINT('',(2.6472972972973,0.307882882882884,9.88));
#6862=CARTESIAN_POINT('',(2.6472972972973,0.272972972972974,9.88));
#6863=CARTESIAN_POINT('',(2.6472972972973,0.272972972972974,9.88));
#6864=CARTESIAN_POINT('',(2.6472972972973,0.272972972972974,9.88));
#6865=CARTESIAN_POINT('',(2.6472972972973,0.272972972972974,9.88));
#6866=CARTESIAN_POINT('',(2.6472972972973,0.272972972972974,9.89));
#6867=CARTESIAN_POINT('',(2.70420929839832,0.357629574610746,9.88));
#6868=CARTESIAN_POINT('',(2.70420929839832,0.357629574610746,9.89));
#6869=CARTESIAN_POINT('',(2.83953502702095,0.416906089178541,9.88));
#6870=CARTESIAN_POINT('',(2.83953502702095,0.416906089178541,9.89));
#6871=CARTESIAN_POINT('',(3.05971489019908,0.364564708525285,9.88));
#6872=CARTESIAN_POINT('',(3.05971489019908,0.364564708525285,9.89));
#6873=CARTESIAN_POINT('',(3.12297979295754,0.245973141976933,9.88));
#6874=CARTESIAN_POINT('',(3.12297979295754,0.245973141976933,9.89));
#6875=CARTESIAN_POINT('',(3.13193102816014,0.177987555397677,9.88));
#6876=CARTESIAN_POINT('',(3.13193102816014,0.177987555397677,9.88999999999999));
#6877=CARTESIAN_POINT('',(3.13378072522124,0.0478251646763987,9.88));
#6878=CARTESIAN_POINT('',(3.13378072522124,0.0478251646763987,9.89));
#6879=CARTESIAN_POINT('',(3.13260364527326,-0.104141150755536,9.88));
#6880=CARTESIAN_POINT('',(3.13260364527326,-0.104141150755536,9.89));
#6881=CARTESIAN_POINT('',(3.13310810810811,-0.260392690267584,9.88));
#6882=CARTESIAN_POINT('',(3.13310810810811,-0.260392690267584,9.89));
#6883=CARTESIAN_POINT('',(3.13310810810811,-0.358783783783783,9.88));
#6884=CARTESIAN_POINT('',(3.13310810810811,-0.358783783783783,9.89));
#6885=CARTESIAN_POINT('',(2.6472972972973,0.272972972972974,9.88));
#6886=CARTESIAN_POINT('',(2.70135135135135,0.35337837837838,9.88));
#6887=CARTESIAN_POINT('',(2.77905405405405,0.393243243243244,9.88));
#6888=CARTESIAN_POINT('',(2.92567567567568,0.393243243243244,9.88));
#6889=CARTESIAN_POINT('',(2.96621621621622,0.385135135135136,9.88));
#6890=CARTESIAN_POINT('',(3.00337837837838,0.369594594594596,9.88));
#6891=CARTESIAN_POINT('',(3.04078103849488,0.35395348218224,9.88));
#6892=CARTESIAN_POINT('',(3.06891891891892,0.332432432432434,9.88));
#6893=CARTESIAN_POINT('',(3.10540540540541,0.281081081081082,9.88));
#6894=CARTESIAN_POINT('',(3.11824324324324,0.250000000000001,9.88));
#6895=CARTESIAN_POINT('',(3.12567567567568,0.214864864864866,9.88));
#6896=CARTESIAN_POINT('',(3.13066658694092,0.191271466156423,9.88));
#6897=CARTESIAN_POINT('',(3.13310810810811,0.150675675675677,9.88));
#6898=CARTESIAN_POINT('',(3.13310810810811,0.0932432432432442,9.88));
#6899=CARTESIAN_POINT('',(3.13310810810811,-0.0574324324324315,9.88));
#6900=CARTESIAN_POINT('',(3.13310810810811,-0.208108108108107,9.88));
#6901=CARTESIAN_POINT('',(3.13310810810811,-0.358783783783783,9.88));
#6902=CARTESIAN_POINT('',(3.13310810810811,-0.358783783783783,9.88));
#6903=CARTESIAN_POINT('',(3.13310810810811,-0.358783783783783,9.88));
#6904=CARTESIAN_POINT('',(3.13310810810811,-0.358783783783783,9.88));
#6905=CARTESIAN_POINT('',(3.13310810810811,-0.358783783783783,9.88));
#6906=CARTESIAN_POINT('',(3.09144144144144,-0.358783783783783,9.88));
#6907=CARTESIAN_POINT('',(3.04977477477478,-0.358783783783783,9.88));
#6908=CARTESIAN_POINT('',(3.00810810810811,-0.358783783783783,9.88));
#6909=CARTESIAN_POINT('',(3.00810810810811,-0.358783783783783,9.88));
#6910=CARTESIAN_POINT('',(3.00810810810811,-0.358783783783783,9.88));
#6911=CARTESIAN_POINT('',(3.00810810810811,-0.358783783783783,9.88));
#6912=CARTESIAN_POINT('',(3.00810810810811,-0.358783783783783,9.89));
#6913=CARTESIAN_POINT('',(3.00810810810811,-0.296598250585012,9.88));
#6914=CARTESIAN_POINT('',(3.00810810810811,-0.296598250585012,9.89));
#6915=CARTESIAN_POINT('',(3.00979143757743,-0.170790851637183,9.88));
#6916=CARTESIAN_POINT('',(3.00979143757743,-0.170790851637183,9.89));
#6917=CARTESIAN_POINT('',(3.00221645496549,0.00930225148283219,9.88));
#6918=CARTESIAN_POINT('',(3.00221645496549,0.00930225148283219,9.89));
#6919=CARTESIAN_POINT('',(3.02999139120925,0.219558338158925,9.88));
#6920=CARTESIAN_POINT('',(3.02999139120925,0.219558338158925,9.89));
#6921=CARTESIAN_POINT('',(2.84210479305981,0.315233581009874,9.88));
#6922=CARTESIAN_POINT('',(2.84210479305981,0.315233581009874,9.89));
#6923=CARTESIAN_POINT('',(2.66462322326251,0.22888214120392,9.88));
#6924=CARTESIAN_POINT('',(2.66462322326251,0.22888214120392,9.89));
#6925=CARTESIAN_POINT('',(2.65806921535864,0.00671015723230598,9.88));
#6926=CARTESIAN_POINT('',(2.65806921535864,0.00671015723230598,9.89));
#6927=CARTESIAN_POINT('',(2.6598566720597,-0.17009605782232,9.88));
#6928=CARTESIAN_POINT('',(2.6598566720597,-0.17009605782232,9.89));
#6929=CARTESIAN_POINT('',(2.65945945945946,-0.296607966700074,9.88));
#6930=CARTESIAN_POINT('',(2.65945945945946,-0.296607966700074,9.89));
#6931=CARTESIAN_POINT('',(2.65945945945946,-0.358783783783783,9.88));
#6932=CARTESIAN_POINT('',(2.65945945945946,-0.358783783783783,9.89));
#6933=CARTESIAN_POINT('',(3.00810810810811,-0.358783783783783,9.88));
#6934=CARTESIAN_POINT('',(3.00810810810811,-0.209684684684684,9.88));
#6935=CARTESIAN_POINT('',(3.00810810810811,-0.0605855855855846,9.88));
#6936=CARTESIAN_POINT('',(3.00810810810811,0.0885135135135145,9.88));
#6937=CARTESIAN_POINT('',(3.00810810810811,0.13918918918919,9.88));
#6938=CARTESIAN_POINT('',(3.0027027027027,0.177027027027028,9.88));
#6939=CARTESIAN_POINT('',(2.99324324324324,0.202702702702704,9.88));
#6940=CARTESIAN_POINT('',(2.98400296638102,0.227783454185894,9.88));
#6941=CARTESIAN_POINT('',(2.96621621621622,0.247972972972974,9.88));
#6942=CARTESIAN_POINT('',(2.94189189189189,0.262837837837839,9.88));
#6943=CARTESIAN_POINT('',(2.91707561494078,0.278003340419072,9.88));
#6944=CARTESIAN_POINT('',(2.88783783783784,0.285135135135136,9.88));
#6945=CARTESIAN_POINT('',(2.80135135135135,0.285135135135136,9.88));
#6946=CARTESIAN_POINT('',(2.75608108108108,0.268243243243244,9.88));
#6947=CARTESIAN_POINT('',(2.71689189189189,0.234459459459461,9.88));
#6948=CARTESIAN_POINT('',(2.67809031746617,0.201009826333839,9.88));
#6949=CARTESIAN_POINT('',(2.65945945945946,0.137162162162163,9.88));
#6950=CARTESIAN_POINT('',(2.65945945945946,0.0425675675675685,9.88));
#6951=CARTESIAN_POINT('',(2.65945945945946,-0.0912162162162152,9.88));
#6952=CARTESIAN_POINT('',(2.65945945945946,-0.224999999999999,9.88));
#6953=CARTESIAN_POINT('',(2.65945945945946,-0.358783783783783,9.88));
#6954=CARTESIAN_POINT('',(3.12174587784117,0.231217384220404,9.88));
#6955=CARTESIAN_POINT('',(3.92364864864865,0.377702702702704,9.88));
#6956=CARTESIAN_POINT('',(3.92364864864865,0.377702702702704,9.89));
#6957=CARTESIAN_POINT('',(3.92364864864865,0.238870590128482,9.88));
#6958=CARTESIAN_POINT('',(3.92364864864865,0.238870590128482,9.89));
#6959=CARTESIAN_POINT('',(3.92244189202521,0.0175606524999466,9.88));
#6960=CARTESIAN_POINT('',(3.92244189202521,0.0175606524999466,9.89));
#6961=CARTESIAN_POINT('',(3.9252576574799,-0.194918084048131,9.87999999999999));
#6962=CARTESIAN_POINT('',(3.9252576574799,-0.194918084048131,9.88999999999999));
#6963=CARTESIAN_POINT('',(3.92083288319396,-0.38164334876877,9.88));
#6964=CARTESIAN_POINT('',(3.92083288319396,-0.38164334876877,9.89));
#6965=CARTESIAN_POINT('',(3.89990746466271,-0.499876158777782,9.88));
#6966=CARTESIAN_POINT('',(3.89990746466271,-0.499876158777782,9.89));
#6967=CARTESIAN_POINT('',(3.82017252915181,-0.616222174307149,9.88));
#6968=CARTESIAN_POINT('',(3.82017252915181,-0.616222174307149,9.89));
#6969=CARTESIAN_POINT('',(3.58999920422244,-0.675913992367951,9.88));
#6970=CARTESIAN_POINT('',(3.58999920422244,-0.675913992367951,9.89));
#6971=CARTESIAN_POINT('',(3.35880879791989,-0.620652119053502,9.88));
#6972=CARTESIAN_POINT('',(3.35880879791989,-0.620652119053502,9.89));
#6973=CARTESIAN_POINT('',(3.29860655576457,-0.499628626413325,9.88));
#6974=CARTESIAN_POINT('',(3.29860655576457,-0.499628626413325,9.89));
#6975=CARTESIAN_POINT('',(3.30067567567568,-0.418243243243242,9.88));
#6976=CARTESIAN_POINT('',(3.30067567567568,-0.418243243243242,9.89));
#6977=CARTESIAN_POINT('',(3.92364864864865,0.377702702702704,9.88));
#6978=CARTESIAN_POINT('',(3.92364864864865,0.377702702702704,9.88));
#6979=CARTESIAN_POINT('',(3.92364864864865,0.377702702702704,9.88));
#6980=CARTESIAN_POINT('',(3.92364864864865,0.165765765765767,9.88));
#6981=CARTESIAN_POINT('',(3.92364864864865,-0.04617117117117,9.88));
#6982=CARTESIAN_POINT('',(3.92364864864865,-0.258108108108107,9.88));
#6983=CARTESIAN_POINT('',(3.92364864864865,-0.372972972972972,9.88));
#6984=CARTESIAN_POINT('',(3.91216216216216,-0.454054054054053,9.88));
#6985=CARTESIAN_POINT('',(3.88851351351351,-0.502027027027026,9.88));
#6986=CARTESIAN_POINT('',(3.86526492180019,-0.549188455931193,9.88));
#6987=CARTESIAN_POINT('',(3.82837837837838,-0.587162162162161,9.88));
#6988=CARTESIAN_POINT('',(3.72702702702703,-0.642567567567567,9.88));
#6989=CARTESIAN_POINT('',(3.66554054054054,-0.656756756756756,9.88));
#6990=CARTESIAN_POINT('',(3.50405405405406,-0.656756756756756,9.88));
#6991=CARTESIAN_POINT('',(3.43310810810811,-0.636486486486486,9.88));
#6992=CARTESIAN_POINT('',(3.37905405405406,-0.597297297297296,9.88));
#6993=CARTESIAN_POINT('',(3.32467890873258,-0.557875316939224,9.88));
#6994=CARTESIAN_POINT('',(3.29864864864865,-0.497972972972972,9.88));
#6995=CARTESIAN_POINT('',(3.30067567567568,-0.418243243243242,9.88));
#6996=CARTESIAN_POINT('',(3.30067567567568,-0.418243243243242,9.88));
#6997=CARTESIAN_POINT('',(3.30067567567568,-0.418243243243242,9.88));
#6998=CARTESIAN_POINT('',(3.30067567567568,-0.418243243243242,9.88));
#6999=CARTESIAN_POINT('',(3.30067567567568,-0.418243243243242,9.88));
#7000=CARTESIAN_POINT('',(3.34121621621622,-0.424099099099098,9.88));
#7001=CARTESIAN_POINT('',(3.38175675675676,-0.429954954954954,9.88));
#7002=CARTESIAN_POINT('',(3.4222972972973,-0.43581081081081,9.88));
#7003=CARTESIAN_POINT('',(3.4222972972973,-0.43581081081081,9.88));
#7004=CARTESIAN_POINT('',(3.4222972972973,-0.43581081081081,9.88));
#7005=CARTESIAN_POINT('',(3.4222972972973,-0.43581081081081,9.88));
#7006=CARTESIAN_POINT('',(3.4222972972973,-0.43581081081081,9.89));
#7007=CARTESIAN_POINT('',(3.4303340851616,-0.500105113725223,9.88));
#7008=CARTESIAN_POINT('',(3.4303340851616,-0.500105113725223,9.89));
#7009=CARTESIAN_POINT('',(3.50381144068229,-0.558590138608343,9.88));
#7010=CARTESIAN_POINT('',(3.50381144068229,-0.558590138608343,9.89));
#7011=CARTESIAN_POINT('',(3.70725833998329,-0.561891085695109,9.88));
#7012=CARTESIAN_POINT('',(3.70725833998329,-0.561891085695109,9.89));
#7013=CARTESIAN_POINT('',(3.80650463726829,-0.419607459775178,9.88));
#7014=CARTESIAN_POINT('',(3.80650463726829,-0.419607459775178,9.89));
#7015=CARTESIAN_POINT('',(3.7979827132042,-0.345078006434978,9.88));
#7016=CARTESIAN_POINT('',(3.7979827132042,-0.345078006434978,9.89));
#7017=CARTESIAN_POINT('',(3.7972972972973,-0.263513513513512,9.88));
#7018=CARTESIAN_POINT('',(3.7972972972973,-0.263513513513512,9.89));
#7019=CARTESIAN_POINT('',(3.4222972972973,-0.43581081081081,9.88));
#7020=CARTESIAN_POINT('',(3.42702702702703,-0.473648648648648,9.88));
#7021=CARTESIAN_POINT('',(3.44121621621622,-0.50135135135135,9.88));
#7022=CARTESIAN_POINT('',(3.46418918918919,-0.518243243243242,9.88));
#7023=CARTESIAN_POINT('',(3.4956496502117,-0.541375935171553,9.88));
#7024=CARTESIAN_POINT('',(3.53716216216216,-0.553378378378377,9.88));
#7025=CARTESIAN_POINT('',(3.64864864864865,-0.553378378378377,9.88));
#7026=CARTESIAN_POINT('',(3.69324324324324,-0.541891891891891,9.88));
#7027=CARTESIAN_POINT('',(3.72432432432432,-0.518918918918918,9.88));
#7028=CARTESIAN_POINT('',(3.75584236436926,-0.495622976277009,9.88));
#7029=CARTESIAN_POINT('',(3.77702702702703,-0.463513513513513,9.88));
#7030=CARTESIAN_POINT('',(3.78851351351351,-0.422297297297296,9.88));
#7031=CARTESIAN_POINT('',(3.79541686324729,-0.397526454134932,9.88));
#7032=CARTESIAN_POINT('',(3.79797297297297,-0.343918918918918,9.88));
#7033=CARTESIAN_POINT('',(3.7972972972973,-0.263513513513512,9.88));
#7034=CARTESIAN_POINT('',(3.7972972972973,-0.263513513513512,9.88));
#7035=CARTESIAN_POINT('',(3.7972972972973,-0.263513513513512,9.88));
#7036=CARTESIAN_POINT('',(3.7972972972973,-0.263513513513513,9.88));
#7037=CARTESIAN_POINT('',(3.7972972972973,-0.263513513513513,9.89));
#7038=CARTESIAN_POINT('',(3.7002495494224,-0.376136825862156,9.88));
#7039=CARTESIAN_POINT('',(3.7002495494224,-0.376136825862156,9.89));
#7040=CARTESIAN_POINT('',(3.37581329716715,-0.387369604205977,9.88));
#7041=CARTESIAN_POINT('',(3.37581329716715,-0.387369604205977,9.89));
#7042=CARTESIAN_POINT('',(3.2185070059055,0.0200355460536179,9.88));
#7043=CARTESIAN_POINT('',(3.2185070059055,0.0200355460536179,9.89));
#7044=CARTESIAN_POINT('',(3.40058076344031,0.438134916864915,9.88));
#7045=CARTESIAN_POINT('',(3.40058076344031,0.438134916864915,9.89));
#7046=CARTESIAN_POINT('',(3.71691767717126,0.402163714346741,9.88));
#7047=CARTESIAN_POINT('',(3.71691767717126,0.402163714346741,9.89));
#7048=CARTESIAN_POINT('',(3.80945945945946,0.286486486486488,9.88));
#7049=CARTESIAN_POINT('',(3.80945945945946,0.286486486486488,9.89));
#7050=CARTESIAN_POINT('',(3.7972972972973,-0.263513513513512,9.88));
#7051=CARTESIAN_POINT('',(3.74256756756757,-0.327027027027026,9.88));
#7052=CARTESIAN_POINT('',(3.675,-0.358783783783783,9.88));
#7053=CARTESIAN_POINT('',(3.49189189189189,-0.358783783783783,9.88));
#7054=CARTESIAN_POINT('',(3.41418918918919,-0.322972972972972,9.88));
#7055=CARTESIAN_POINT('',(3.35810810810811,-0.249999999999999,9.88));
#7056=CARTESIAN_POINT('',(3.30227791527851,-0.177353484028953,9.88));
#7057=CARTESIAN_POINT('',(3.275,-0.0891891891891881,9.88));
#7058=CARTESIAN_POINT('',(3.275,0.0831081081081091,9.88));
#7059=CARTESIAN_POINT('',(3.28783783783784,0.147972972972974,9.88));
#7060=CARTESIAN_POINT('',(3.31351351351351,0.207432432432434,9.88));
#7061=CARTESIAN_POINT('',(3.33908299897634,0.266645977714764,9.88));
#7062=CARTESIAN_POINT('',(3.37567567567568,0.312162162162163,9.88));
#7063=CARTESIAN_POINT('',(3.42432432432432,0.344594594594596,9.88));
#7064=CARTESIAN_POINT('',(3.4725051975052,0.376715176715178,9.88));
#7065=CARTESIAN_POINT('',(3.52905405405405,0.393243243243244,9.88));
#7066=CARTESIAN_POINT('',(3.68108108108108,0.393243243243244,9.88));
#7067=CARTESIAN_POINT('',(3.7527027027027,0.357432432432434,9.88));
#7068=CARTESIAN_POINT('',(3.80945945945946,0.286486486486488,9.88));
#7069=CARTESIAN_POINT('',(3.80945945945946,0.286486486486488,9.88));
#7070=CARTESIAN_POINT('',(3.80945945945946,0.286486486486488,9.88));
#7071=CARTESIAN_POINT('',(3.80945945945946,0.286486486486488,9.88));
#7072=CARTESIAN_POINT('',(3.80945945945946,0.286486486486488,9.88));
#7073=CARTESIAN_POINT('',(3.80945945945946,0.316891891891893,9.88));
#7074=CARTESIAN_POINT('',(3.80945945945946,0.347297297297298,9.88));
#7075=CARTESIAN_POINT('',(3.80945945945946,0.377702702702704,9.88));
#7076=CARTESIAN_POINT('',(3.80945945945946,0.377702702702704,9.88));
#7077=CARTESIAN_POINT('',(3.80945945945946,0.377702702702704,9.88));
#7078=CARTESIAN_POINT('',(3.43045000453781,0.231151639295305,9.87999999999999));
#7079=CARTESIAN_POINT('',(3.43045000453781,0.231151639295305,9.88999999999999));
#7080=CARTESIAN_POINT('',(3.39523404212621,0.073430058574728,9.88));
#7081=CARTESIAN_POINT('',(3.39523404212621,0.073430058574728,9.89));
#7082=CARTESIAN_POINT('',(3.41365153427496,-0.107165391321387,9.88));
#7083=CARTESIAN_POINT('',(3.41365153427496,-0.107165391321387,9.89));
#7084=CARTESIAN_POINT('',(3.45259759616543,-0.197353679434093,9.87999999999999));
#7085=CARTESIAN_POINT('',(3.45259759616543,-0.197353679434093,9.88999999999999));
#7086=CARTESIAN_POINT('',(3.58849230265606,-0.283574348276293,9.88));
#7087=CARTESIAN_POINT('',(3.58849230265606,-0.283574348276293,9.89));
#7088=CARTESIAN_POINT('',(3.77481153619386,-0.204908554467416,9.88));
#7089=CARTESIAN_POINT('',(3.77481153619386,-0.204908554467416,9.89));
#7090=CARTESIAN_POINT('',(3.81368552777058,-0.0629406824992876,9.88));
#7091=CARTESIAN_POINT('',(3.81368552777058,-0.0629406824992876,9.88999999999999));
#7092=CARTESIAN_POINT('',(3.80361933415983,0.122149519426373,9.88));
#7093=CARTESIAN_POINT('',(3.80361933415983,0.122149519426373,9.89));
#7094=CARTESIAN_POINT('',(3.76075757826466,0.227593700772193,9.87999999999999));
#7095=CARTESIAN_POINT('',(3.76075757826466,0.227593700772193,9.88999999999999));
#7096=CARTESIAN_POINT('',(3.620049452165,0.321436878558129,9.88));
#7097=CARTESIAN_POINT('',(3.620049452165,0.321436878558129,9.89));
#7098=CARTESIAN_POINT('',(3.43045000453781,0.231151639295305,9.87999999999999));
#7099=CARTESIAN_POINT('',(3.43045000453781,0.231151639295305,9.88999999999999));
#7100=CARTESIAN_POINT('',(3.39523404212621,0.073430058574728,9.88));
#7101=CARTESIAN_POINT('',(3.39523404212621,0.073430058574728,9.89));
#7102=CARTESIAN_POINT('',(3.41365153427496,-0.107165391321387,9.88));
#7103=CARTESIAN_POINT('',(3.41365153427496,-0.107165391321387,9.89));
#7104=CARTESIAN_POINT('',(3.40405405405405,0.0222972972972983,9.88));
#7105=CARTESIAN_POINT('',(3.40405405405405,-0.0743243243243232,9.88));
#7106=CARTESIAN_POINT('',(3.42297297297297,-0.145270270270269,9.88));
#7107=CARTESIAN_POINT('',(3.46148648648649,-0.189189189189188,9.88));
#7108=CARTESIAN_POINT('',(3.5003349449262,-0.233490062848504,9.88));
#7109=CARTESIAN_POINT('',(3.54797297297297,-0.25608108108108,9.88));
#7110=CARTESIAN_POINT('',(3.66283783783784,-0.25608108108108,9.88));
#7111=CARTESIAN_POINT('',(3.71081081081081,-0.233783783783783,9.88));
#7112=CARTESIAN_POINT('',(3.75,-0.189864864864864,9.88));
#7113=CARTESIAN_POINT('',(3.7888896802983,-0.146281602461599,9.88));
#7114=CARTESIAN_POINT('',(3.80810810810811,-0.0763513513513503,9.88));
#7115=CARTESIAN_POINT('',(3.80810810810811,0.108108108108109,9.88));
#7116=CARTESIAN_POINT('',(3.78851351351351,0.175675675675677,9.88));
#7117=CARTESIAN_POINT('',(3.74797297297297,0.221621621621623,9.88));
#7118=CARTESIAN_POINT('',(3.70772820485856,0.267232358817964,9.88));
#7119=CARTESIAN_POINT('',(3.66013513513513,0.289864864864866,9.88));
#7120=CARTESIAN_POINT('',(3.60337837837838,0.290540540540542,9.88));
#7121=CARTESIAN_POINT('',(3.5479888667185,0.291199939488874,9.88));
#7122=CARTESIAN_POINT('',(3.50067567567568,0.267567567567569,9.88));
#7123=CARTESIAN_POINT('',(3.46216216216216,0.222297297297298,9.88));
#7124=CARTESIAN_POINT('',(3.423698420571,0.177085530865578,9.88));
#7125=CARTESIAN_POINT('',(3.40405405405405,0.110810810810812,9.88));
#7126=CARTESIAN_POINT('',(3.40405405405405,0.0222972972972983,9.88));
#7127=CARTESIAN_POINT('',(3.40405405405405,0.0222972972972983,9.88));
#7128=CARTESIAN_POINT('',(3.40405405405405,0.0222972972972983,9.89));
#7129=CARTESIAN_POINT('',(3.40405405405405,-0.0743243243243232,9.89));
#7130=CARTESIAN_POINT('',(3.42297297297297,-0.145270270270269,9.89));
#7131=CARTESIAN_POINT('',(3.46148648648649,-0.189189189189188,9.89));
#7132=CARTESIAN_POINT('',(3.5003349449262,-0.233490062848504,9.89));
#7133=CARTESIAN_POINT('',(3.54797297297297,-0.25608108108108,9.89));
#7134=CARTESIAN_POINT('',(3.66283783783784,-0.25608108108108,9.89));
#7135=CARTESIAN_POINT('',(3.71081081081081,-0.233783783783783,9.89));
#7136=CARTESIAN_POINT('',(3.75,-0.189864864864864,9.89));
#7137=CARTESIAN_POINT('',(3.7888896802983,-0.146281602461599,9.89));
#7138=CARTESIAN_POINT('',(3.80810810810811,-0.0763513513513503,9.89));
#7139=CARTESIAN_POINT('',(3.80810810810811,0.108108108108109,9.89));
#7140=CARTESIAN_POINT('',(3.78851351351351,0.175675675675677,9.89));
#7141=CARTESIAN_POINT('',(3.74797297297297,0.221621621621623,9.89));
#7142=CARTESIAN_POINT('',(3.70772820485856,0.267232358817964,9.89));
#7143=CARTESIAN_POINT('',(3.66013513513513,0.289864864864866,9.89));
#7144=CARTESIAN_POINT('',(3.60337837837838,0.290540540540542,9.89));
#7145=CARTESIAN_POINT('',(3.5479888667185,0.291199939488874,9.89));
#7146=CARTESIAN_POINT('',(3.50067567567568,0.267567567567569,9.89));
#7147=CARTESIAN_POINT('',(3.46216216216216,0.222297297297298,9.89));
#7148=CARTESIAN_POINT('',(3.423698420571,0.177085530865578,9.89));
#7149=CARTESIAN_POINT('',(3.40405405405405,0.110810810810812,9.89));
#7150=CARTESIAN_POINT('',(3.40405405405405,0.0222972972972983,9.89));
#7151=CARTESIAN_POINT('',(3.40405405405405,0.0222972972972983,9.89));
#7152=CARTESIAN_POINT('',(3.80945945945946,0.377702702702704,9.88));
#7153=CARTESIAN_POINT('',(3.80945945945946,0.377702702702704,9.88));
#7154=CARTESIAN_POINT('',(3.84752252252252,0.377702702702704,9.88));
#7155=CARTESIAN_POINT('',(3.88558558558559,0.377702702702704,9.88));
#7156=CARTESIAN_POINT('',(3.92364864864865,0.377702702702704,9.88));
#7157=CARTESIAN_POINT('',(3.90156694180573,-0.468221623143404,9.88));
#7158=CARTESIAN_POINT('',(-4.47676056338028,0.,9.89));
#7159=CARTESIAN_POINT('',(-1.13055611705863,1.87238309845961,9.88));
#7160=CARTESIAN_POINT('',(-1.13055611705863,1.87238309845961,9.88));
#7161=CARTESIAN_POINT('',(-1.13055611705863,1.87238309845961,9.88));
#7162=CARTESIAN_POINT('',(-1.13055611705863,1.87238309845961,9.88));
#7163=CARTESIAN_POINT('',(-1.21764976143709,3.54263990460385,9.88));
#7164=CARTESIAN_POINT('',(-1.21764976143709,3.54263990460385,9.88));
#7165=CARTESIAN_POINT('',(-1.21764976143709,3.54263990460385,9.88));
#7166=CARTESIAN_POINT('',(-1.21764976143709,3.54263990460385,9.88));
#7167=CARTESIAN_POINT('',(-0.797529691436728,3.54263990460385,9.88));
#7168=CARTESIAN_POINT('',(-0.797529691436728,3.54263990460385,9.88));
#7169=CARTESIAN_POINT('',(-0.797529691436727,3.54263990460385,9.88));
#7170=CARTESIAN_POINT('',(-0.797529691436727,3.54263990460385,9.88));
#7171=CARTESIAN_POINT('',(-0.756532267158723,2.67607755469737,9.88));
#7172=CARTESIAN_POINT('',(-0.756532267158723,2.67607755469737,9.88));
#7173=CARTESIAN_POINT('',(-0.756532267158723,2.67607755469738,9.88));
#7174=CARTESIAN_POINT('',(-0.756532267158723,2.67607755469738,9.88));
#7175=CARTESIAN_POINT('',(-0.572095622332304,2.93293262953002,9.88));
#7176=CARTESIAN_POINT('',(-0.572095622332304,2.93293262953002,9.88));
#7177=CARTESIAN_POINT('',(-0.572095622332305,2.93293262953001,9.88));
#7178=CARTESIAN_POINT('',(-0.572095622332305,2.93293262953001,9.88));
#7179=CARTESIAN_POINT('',(-0.136601518227677,2.93293262953001,9.88));
#7180=CARTESIAN_POINT('',(-0.136601518227677,2.93293262953001,9.88));
#7181=CARTESIAN_POINT('',(-0.136601518227674,2.93293262953001,9.88));
#7182=CARTESIAN_POINT('',(-0.136601518227674,2.93293262953001,9.88));
#7183=CARTESIAN_POINT('',(-0.0904794159149448,2.66650113614772,9.88));
#7184=CARTESIAN_POINT('',(-0.0904794159149448,2.66650113614772,9.88));
#7185=CARTESIAN_POINT('',(-0.090479415914943,2.66650113614772,9.88));
#7186=CARTESIAN_POINT('',(-0.090479415914943,2.66650113614772,9.88));
#7187=CARTESIAN_POINT('',(0.432134214780341,3.54263990460384,9.88));
#7188=CARTESIAN_POINT('',(0.432134214780341,3.54263990460384,9.88));
#7189=CARTESIAN_POINT('',(0.432134214780338,3.54263990460385,9.88));
#7190=CARTESIAN_POINT('',(0.432134214780338,3.54263990460385,9.88));
#7191=CARTESIAN_POINT('',(0.90350106512829,3.54263990460385,9.88));
#7192=CARTESIAN_POINT('',(0.90350106512829,3.54263990460385,9.88));
#7193=CARTESIAN_POINT('',(0.903501065128292,3.54263990460385,9.88));
#7194=CARTESIAN_POINT('',(0.903501065128292,3.54263990460385,9.88));
#7195=CARTESIAN_POINT('',(-0.0751053818106979,1.87238309845961,9.88));
#7196=CARTESIAN_POINT('',(-0.0751053818106979,1.87238309845961,9.88));
#7197=CARTESIAN_POINT('',(-0.0751053818106993,1.87238309845961,9.88));
#7198=CARTESIAN_POINT('',(-0.0751053818106993,1.87238309845961,9.88));
#7199=CARTESIAN_POINT('',(-0.505474807880531,1.87238309845961,9.88));
#7200=CARTESIAN_POINT('',(-0.505474807880531,1.87238309845961,9.88));
#7201=CARTESIAN_POINT('',(-0.505474807880533,1.87238309845961,9.88));
#7202=CARTESIAN_POINT('',(-0.505474807880533,1.87238309845961,9.88));
#7203=CARTESIAN_POINT('',(-0.546472232158517,2.15928742176861,9.88));
#7204=CARTESIAN_POINT('',(-0.546472232158517,2.15928742176861,9.88));
#7205=CARTESIAN_POINT('',(-0.546472232158516,2.1592874217686,9.88));
#7206=CARTESIAN_POINT('',(-0.546472232158516,2.1592874217686,9.88));
#7207=CARTESIAN_POINT('',(-0.736033555019601,1.8723830984596,9.88));
#7208=CARTESIAN_POINT('',(-0.736033555019601,1.8723830984596,9.88));
#7209=CARTESIAN_POINT('',(-0.736033555019601,1.87238309845961,9.88));
#7210=CARTESIAN_POINT('',(-0.736033555019601,1.87238309845961,9.88));
#7211=CARTESIAN_POINT('',(0.,0.,9.88));
#7212=CARTESIAN_POINT('',(2.21456452901858,3.54263990460385,9.88));
#7213=CARTESIAN_POINT('',(1.02144630656437,3.54263990460385,9.88));
#7214=CARTESIAN_POINT('',(1.02144630656437,3.54263990460385,9.88));
#7215=CARTESIAN_POINT('',(2.21456452901858,3.54263990460385,9.88));
#7216=CARTESIAN_POINT('',(2.21456452901858,3.54263990460385,9.88));
#7217=CARTESIAN_POINT('',(2.21456452901858,3.54263990460385,9.88));
#7218=CARTESIAN_POINT('',(1.02144630656437,3.54263990460385,9.88));
#7219=CARTESIAN_POINT('',(0.0479645376601346,1.87238309845961,9.88));
#7220=CARTESIAN_POINT('',(0.0479645376601346,1.87238309845961,9.88));
#7221=CARTESIAN_POINT('',(1.02144630656437,3.54263990460385,9.88));
#7222=CARTESIAN_POINT('',(0.0479645376601346,1.87238309845961,9.88));
#7223=CARTESIAN_POINT('',(1.23041928864814,1.87238309845961,9.88));
#7224=CARTESIAN_POINT('',(1.23041928864814,1.87238309845961,9.88));
#7225=CARTESIAN_POINT('',(0.0479645376601346,1.87238309845961,9.88));
#7226=CARTESIAN_POINT('',(1.23041928864814,1.87238309845961,9.88));
#7227=CARTESIAN_POINT('',(1.4714344495552,2.27974323779769,9.88));
#7228=CARTESIAN_POINT('',(1.4714344495552,2.27974323779769,9.88));
#7229=CARTESIAN_POINT('',(1.23041928864814,1.87238309845961,9.88));
#7230=CARTESIAN_POINT('',(1.4714344495552,2.27974323779769,9.88));
#7231=CARTESIAN_POINT('',(0.764073587485913,2.27974323779769,9.88));
#7232=CARTESIAN_POINT('',(0.764073587485913,2.27974323779769,9.88));
#7233=CARTESIAN_POINT('',(1.4714344495552,2.27974323779769,9.88));
#7234=CARTESIAN_POINT('',(0.764073587485911,2.27974323779769,9.88));
#7235=CARTESIAN_POINT('',(0.904277531497245,2.51793723756441,9.88));
#7236=CARTESIAN_POINT('',(0.904277531497245,2.51793723756441,9.88));
#7237=CARTESIAN_POINT('',(0.764073587485911,2.27974323779769,9.88));
#7238=CARTESIAN_POINT('',(0.904277531497246,2.5179372375644,9.88));
#7239=CARTESIAN_POINT('',(1.61132780701899,2.5179372375644,9.88));
#7240=CARTESIAN_POINT('',(1.61132780701899,2.5179372375644,9.88));
#7241=CARTESIAN_POINT('',(0.904277531497246,2.5179372375644,9.88));
#7242=CARTESIAN_POINT('',(1.61132780701899,2.5179372375644,9.88));
#7243=CARTESIAN_POINT('',(1.85412884057452,2.93293262953,9.88));
#7244=CARTESIAN_POINT('',(1.85412884057452,2.93293262953,9.88));
#7245=CARTESIAN_POINT('',(1.61132780701899,2.5179372375644,9.88));
#7246=CARTESIAN_POINT('',(1.85412884057451,2.93293262953001,9.88));
#7247=CARTESIAN_POINT('',(1.15015854831613,2.93293262953001,9.88));
#7248=CARTESIAN_POINT('',(1.15015854831613,2.93293262953001,9.88));
#7249=CARTESIAN_POINT('',(1.85412884057451,2.93293262953001,9.88));
#7250=CARTESIAN_POINT('',(1.15015854831613,2.93293262953001,9.88));
#7251=CARTESIAN_POINT('',(1.26825908302606,3.12710098618,9.88));
#7252=CARTESIAN_POINT('',(1.26825908302606,3.12710098618,9.88));
#7253=CARTESIAN_POINT('',(1.15015854831613,2.93293262953001,9.88));
#7254=CARTESIAN_POINT('',(1.26825908302606,3.12710098618,9.88));
#7255=CARTESIAN_POINT('',(1.96997762281457,3.12710098618,9.88));
#7256=CARTESIAN_POINT('',(1.96997762281457,3.12710098618,9.88));
#7257=CARTESIAN_POINT('',(1.26825908302606,3.12710098618,9.88));
#7258=CARTESIAN_POINT('',(1.96997762281457,3.12710098618,9.88));
#7259=CARTESIAN_POINT('',(1.96997762281457,3.12710098618,9.88));
#7260=CARTESIAN_POINT('',(0.,0.,9.88));
#7261=MECHANICAL_DESIGN_GEOMETRIC_PRESENTATION_REPRESENTATION('',(#2895,
#2896,#2897,#2898,#2899,#2900,#2901,#2902,#2903,#2904,#2905,#2906,#2907,
#2908,#2909,#2910,#2911,#2912,#2913,#2914,#2915,#2916,#2917,#2918,#2919,
#2920,#2921,#2922,#2923,#2924,#2925,#2926,#2927,#2928,#2929,#2930,#2931,
#2932,#2933,#2934,#2935,#2936,#2937,#2938,#2939,#2940,#2941,#2942,#2943,
#2944,#2945,#2946,#2947,#2948,#2949,#2950,#2951,#2952,#2953,#2954,#2955,
#2956,#2957,#2958,#2959,#2960,#2961,#2962,#2963,#2964,#2965,#2966,#2967,
#2968,#2969,#2970,#2971,#2972,#2973,#2974,#2975,#2976,#2977,#2978,#2979,
#2980,#2981,#2982,#2983,#2984,#2985,#2986,#2987,#2988,#2989,#2990,#2991,
#2992,#2993,#2994,#2995,#2996,#2997,#2998,#2999,#3000,#3001,#3002,#3003,
#3004,#3005,#3006,#3007,#3008,#3009,#3010,#3011,#3012,#3013,#3014,#3015,
#3016,#3017,#3018,#3019,#3020,#3021,#3022,#3023,#3024,#3025,#3026,#3027,
#3028,#3029,#3030,#3031,#3032,#3033,#3034,#3035,#3036,#3037,#3038,#3039,
#3040,#3041,#3042,#3043,#3044,#3045,#3046,#3047,#3048,#3049,#3050,#3051,
#3052,#3053,#3054,#3055,#3056,#3057,#3058,#3059,#3060,#3061,#3062,#3063,
#3064,#3065,#3066,#3067,#3068,#3069,#3070,#3071,#3072,#3073,#3074),#7262);
#7262=(
GEOMETRIC_REPRESENTATION_CONTEXT(3)
GLOBAL_UNCERTAINTY_ASSIGNED_CONTEXT((#7263))
GLOBAL_UNIT_ASSIGNED_CONTEXT((#7266,#7265,#7264))
REPRESENTATION_CONTEXT('10x10x5x0.6','TOP_LEVEL_ASSEMBLY_PART')
);
#7263=UNCERTAINTY_MEASURE_WITH_UNIT(LENGTH_MEASURE(0.005),#7266,
'DISTANCE_ACCURACY_VALUE','Maximum Tolerance applied to model');
#7264=(
NAMED_UNIT(*)
SI_UNIT($,.STERADIAN.)
SOLID_ANGLE_UNIT()
);
#7265=(
NAMED_UNIT(*)
PLANE_ANGLE_UNIT()
SI_UNIT($,.RADIAN.)
);
#7266=(
LENGTH_UNIT()
NAMED_UNIT(*)
SI_UNIT(.MILLI.,.METRE.)
);
#7267=PRODUCT_DEFINITION_SHAPE('','',#7268);
#7268=PRODUCT_DEFINITION('','',#7270,#7269);
#7269=PRODUCT_DEFINITION_CONTEXT('',#7276,'design');
#7270=PRODUCT_DEFINITION_FORMATION_WITH_SPECIFIED_SOURCE('','',#7272,
 .NOT_KNOWN.);
#7271=PRODUCT_RELATED_PRODUCT_CATEGORY('','',(#7272));
#7272=PRODUCT('10x10x5x0.6','10x10x5x0.6','10x10x5x0.6',(#7274));
#7273=PRODUCT_CATEGORY('','');
#7274=PRODUCT_CONTEXT('',#7276,'mechanical');
#7275=APPLICATION_PROTOCOL_DEFINITION('international standard',
'ap242_managed_model_based_3d_engineering',2011,#7276);
#7276=APPLICATION_CONTEXT('managed model based 3d engineering');
ENDSEC;
END-ISO-10303-21;
