ISO-10303-21;
HEADER;
/* Generated by software containing ST-Developer
 * from STEP Tools, Inc. (www.steptools.com) 
 */

FILE_DESCRIPTION(
/* description */ (''),
/* implementation_level */ '2;1');

FILE_NAME(
/* name */ 'board_housing_u.step',
/* time_stamp */ '2026-01-22T12:52:51+01:00',
/* author */ (''),
/* organization */ (''),
/* preprocessor_version */ 'ST-DEVELOPER v20.1',
/* originating_system */ 'Autodesk Translation Framework v14.21.0.0',
/* authorisation */ '');

FILE_SCHEMA (('AUTOMOTIVE_DESIGN { 1 0 10303 214 3 1 1 }'));
ENDSEC;

DATA;
#10=MECHANICAL_DESIGN_GEOMETRIC_PRESENTATION_REPRESENTATION('',(#17),#6296);
#11=SHAPE_REPRESENTATION_RELATIONSHIP('SRR','None',#6305,#12);
#12=ADVANCED_BREP_SHAPE_REPRESENTATION('',(#18),#6294);
#13=ITEM_DEFINED_TRANSFORMATION($,$,#3336,#3547);
#14=(
REPRESENTATION_RELATIONSHIP($,$,#6306,#6305)
REPRESENTATION_RELATIONSHIP_WITH_TRANSFORMATION(#13)
SHAPE_REPRESENTATION_RELATIONSHIP()
);
#15=CONTEXT_DEPENDENT_SHAPE_REPRESENTATION(#14,#6304);
#16=NEXT_ASSEMBLY_USAGE_OCCURRENCE('uC_Agri-PV v1:2','uC_Agri-PV v1:2',
'uC_Agri-PV v1:2',#6308,#6309,'uC_Agri-PV v1:2');
#17=STYLED_ITEM('',(#6319),#18);
#18=MANIFOLD_SOLID_BREP('Gehoaeuse',#3334);
#19=TOROIDAL_SURFACE('',#3518,6.,3.);
#20=TOROIDAL_SURFACE('',#3525,6.,3.);
#21=TOROIDAL_SURFACE('',#3528,6.00000000000001,3.);
#22=TOROIDAL_SURFACE('',#3531,6.00000000000001,3.);
#23=B_SPLINE_SURFACE_WITH_KNOTS('',3,3,((#4605,#4606,#4607,#4608),(#4609,
#4610,#4611,#4612),(#4613,#4614,#4615,#4616),(#4617,#4618,#4619,#4620)),
 .UNSPECIFIED.,.F.,.F.,.F.,(4,4),(4,4),(-0.200000000000003,0.),(0.,4.79685038000549),
 .UNSPECIFIED.);
#24=B_SPLINE_SURFACE_WITH_KNOTS('',3,3,((#4635,#4636,#4637,#4638),(#4639,
#4640,#4641,#4642),(#4643,#4644,#4645,#4646),(#4647,#4648,#4649,#4650)),
 .UNSPECIFIED.,.F.,.F.,.F.,(4,4),(4,4),(-0.115470053837926,-1.20185167898972E-17),
(0.47531947171939,4.79685038000549),.UNSPECIFIED.);
#25=B_SPLINE_SURFACE_WITH_KNOTS('',3,3,((#4663,#4664,#4665,#4666),(#4667,
#4668,#4669,#4670),(#4671,#4672,#4673,#4674),(#4675,#4676,#4677,#4678)),
 .UNSPECIFIED.,.F.,.F.,.F.,(4,4),(4,4),(-0.115470053837926,-1.20185167898972E-17),
(6.08740259292946,7.82943165242535),.UNSPECIFIED.);
#26=B_SPLINE_SURFACE_WITH_KNOTS('',3,3,((#4695,#4696,#4697,#4698),(#4699,
#4700,#4701,#4702),(#4703,#4704,#4705,#4706),(#4707,#4708,#4709,#4710)),
 .UNSPECIFIED.,.F.,.F.,.F.,(4,4),(4,4),(-0.200350644844271,0.),(0.,4.79685038000549),
 .UNSPECIFIED.);
#27=B_SPLINE_SURFACE_WITH_KNOTS('',3,3,((#4718,#4719,#4720,#4721),(#4722,
#4723,#4724,#4725),(#4726,#4727,#4728,#4729),(#4730,#4731,#4732,#4733)),
 .UNSPECIFIED.,.F.,.F.,.F.,(4,4),(4,4),(-0.200350644844271,0.),(5.87552735794165,
7.73739438494592),.UNSPECIFIED.);
#28=B_SPLINE_SURFACE_WITH_KNOTS('',3,3,((#5023,#5024,#5025,#5026),(#5027,
#5028,#5029,#5030),(#5031,#5032,#5033,#5034),(#5035,#5036,#5037,#5038)),
 .UNSPECIFIED.,.F.,.F.,.F.,(4,4),(4,4),(0.,0.115470994895421),(6.0261930681585,
7.82943165242535),.UNSPECIFIED.);
#29=B_SPLINE_SURFACE_WITH_KNOTS('',3,3,((#5049,#5050,#5051,#5052),(#5053,
#5054,#5055,#5056),(#5057,#5058,#5059,#5060),(#5061,#5062,#5063,#5064)),
 .UNSPECIFIED.,.F.,.F.,.F.,(4,4),(4,4),(0.,0.199998117885006),(5.81456554565136,
7.73731603724381),.UNSPECIFIED.);
#30=B_SPLINE_SURFACE_WITH_KNOTS('',3,3,((#5074,#5075,#5076,#5077),(#5078,
#5079,#5080,#5081),(#5082,#5083,#5084,#5085),(#5086,#5087,#5088,#5089)),
 .UNSPECIFIED.,.F.,.F.,.F.,(4,4),(4,4),(0.,0.200001629959395),(5.75347286930627,
7.82943165242535),.UNSPECIFIED.);
#31=B_SPLINE_SURFACE_WITH_KNOTS('',3,3,((#5101,#5102,#5103,#5104),(#5105,
#5106,#5107,#5108),(#5109,#5110,#5111,#5112),(#5113,#5114,#5115,#5116)),
 .UNSPECIFIED.,.F.,.F.,.F.,(4,4),(4,4),(0.,0.115470994895421),(0.474509963897322,
4.85204304950696),.UNSPECIFIED.);
#32=B_SPLINE_SURFACE_WITH_KNOTS('',3,3,((#5128,#5129,#5130,#5131),(#5132,
#5133,#5134,#5135),(#5136,#5137,#5138,#5139),(#5140,#5141,#5142,#5143)),
 .UNSPECIFIED.,.F.,.F.,.F.,(4,4),(4,4),(0.,0.200001629959395),(0.,4.85204304950696),
 .UNSPECIFIED.);
#33=B_SPLINE_SURFACE_WITH_KNOTS('',3,3,((#5158,#5159,#5160,#5161),(#5162,
#5163,#5164,#5165),(#5166,#5167,#5168,#5169),(#5170,#5171,#5172,#5173)),
 .UNSPECIFIED.,.F.,.F.,.F.,(4,4),(4,4),(0.,0.199998117885006),(0.,4.85204304950696),
 .UNSPECIFIED.);
#34=B_SPLINE_SURFACE_WITH_KNOTS('',3,3,((#5178,#5179,#5180,#5181),(#5182,
#5183,#5184,#5185),(#5186,#5187,#5188,#5189),(#5190,#5191,#5192,#5193)),
 .UNSPECIFIED.,.F.,.F.,.F.,(4,4),(4,4),(-0.200000000904263,0.),(0.0999999999998935,
7.1),.UNSPECIFIED.);
#35=B_SPLINE_SURFACE_WITH_KNOTS('',3,3,((#5207,#5208,#5209,#5210),(#5211,
#5212,#5213,#5214),(#5215,#5216,#5217,#5218),(#5219,#5220,#5221,#5222)),
 .UNSPECIFIED.,.F.,.F.,.F.,(4,4),(4,4),(-0.200000000000002,0.),(0.,6.66969791764793),
 .UNSPECIFIED.);
#36=B_SPLINE_SURFACE_WITH_KNOTS('',3,3,((#5291,#5292,#5293,#5294),(#5295,
#5296,#5297,#5298),(#5299,#5300,#5301,#5302),(#5303,#5304,#5305,#5306)),
 .UNSPECIFIED.,.F.,.F.,.F.,(4,4),(4,4),(-0.200000000000003,0.),(5.81446955942334,
7.82943165242535),.UNSPECIFIED.);
#37=B_SPLINE_SURFACE_WITH_KNOTS('',3,3,((#5387,#5388,#5389,#5390),(#5391,
#5392,#5393,#5394),(#5395,#5396,#5397,#5398),(#5399,#5400,#5401,#5402)),
 .UNSPECIFIED.,.F.,.F.,.F.,(4,4),(4,4),(0.,0.103778955945343),(0.,11.9000000000636),
 .UNSPECIFIED.);
#38=B_SPLINE_SURFACE_WITH_KNOTS('',3,3,((#5434,#5435,#5436,#5437),(#5438,
#5439,#5440,#5441),(#5442,#5443,#5444,#5445),(#5446,#5447,#5448,#5449)),
 .UNSPECIFIED.,.F.,.F.,.F.,(4,4),(4,4),(0.,0.200006554639248),(0.,11.7999921254407),
 .UNSPECIFIED.);
#39=B_SPLINE_SURFACE_WITH_KNOTS('',3,3,((#5473,#5474,#5475,#5476),(#5477,
#5478,#5479,#5480),(#5481,#5482,#5483,#5484),(#5485,#5486,#5487,#5488)),
 .UNSPECIFIED.,.F.,.F.,.F.,(4,4),(4,4),(0.,0.226460298965133),(0.,11.9000000000636),
 .UNSPECIFIED.);
#40=B_SPLINE_SURFACE_WITH_KNOTS('',3,3,((#5501,#5502,#5503,#5504),(#5505,
#5506,#5507,#5508),(#5509,#5510,#5511,#5512),(#5513,#5514,#5515,#5516)),
 .UNSPECIFIED.,.F.,.F.,.F.,(4,4),(4,4),(-0.200000000904263,0.),(0.,10.2315274588631),
 .UNSPECIFIED.);
#41=B_SPLINE_SURFACE_WITH_KNOTS('',3,3,((#5525,#5526,#5527,#5528),(#5529,
#5530,#5531,#5532),(#5533,#5534,#5535,#5536),(#5537,#5538,#5539,#5540)),
 .UNSPECIFIED.,.F.,.F.,.F.,(4,4),(4,4),(-0.200000000000002,0.),(0.,10.3359034438214),
 .UNSPECIFIED.);
#42=B_SPLINE_SURFACE_WITH_KNOTS('',3,3,((#5553,#5554,#5555,#5556),(#5557,
#5558,#5559,#5560),(#5561,#5562,#5563,#5564),(#5565,#5566,#5567,#5568)),
 .UNSPECIFIED.,.F.,.F.,.F.,(4,4),(4,4),(0.,0.2),(0.,10.3359034438214),
 .UNSPECIFIED.);
#43=B_SPLINE_SURFACE_WITH_KNOTS('',3,3,((#5578,#5579,#5580,#5581),(#5582,
#5583,#5584,#5585),(#5586,#5587,#5588,#5589),(#5590,#5591,#5592,#5593)),
 .UNSPECIFIED.,.F.,.F.,.F.,(4,4),(4,4),(-0.103778955945343,-2.93348978951366E-5),
(0.,0.0999999999363954),.UNSPECIFIED.);
#44=B_SPLINE_SURFACE_WITH_KNOTS('',3,3,((#5602,#5603,#5604,#5605),(#5606,
#5607,#5608,#5609),(#5610,#5611,#5612,#5613),(#5614,#5615,#5616,#5617)),
 .UNSPECIFIED.,.F.,.F.,.F.,(4,4),(4,4),(-0.226460298965133,0.),(0.,0.0999999999363954),
 .UNSPECIFIED.);
#45=B_SPLINE_SURFACE_WITH_KNOTS('',3,3,((#5618,#5619,#5620,#5621),(#5622,
#5623,#5624,#5625),(#5626,#5627,#5628,#5629),(#5630,#5631,#5632,#5633)),
 .UNSPECIFIED.,.F.,.F.,.F.,(4,4),(4,4),(0.,0.200000000000008),(0.,10.2315059399136),
 .UNSPECIFIED.);
#46=B_SPLINE_SURFACE_WITH_KNOTS('',3,3,((#5643,#5644,#5645,#5646),(#5647,
#5648,#5649,#5650),(#5651,#5652,#5653,#5654),(#5655,#5656,#5657,#5658)),
 .UNSPECIFIED.,.F.,.F.,.F.,(4,4),(4,4),(0.,0.11547005383792),(0.,10.3359034438214),
 .UNSPECIFIED.);
#47=B_SPLINE_SURFACE_WITH_KNOTS('',3,3,((#5664,#5665,#5666,#5667),(#5668,
#5669,#5670,#5671),(#5672,#5673,#5674,#5675),(#5676,#5677,#5678,#5679)),
 .UNSPECIFIED.,.F.,.F.,.F.,(4,4),(4,4),(0.,0.11547005383792),(0.,7.1),
 .UNSPECIFIED.);
#48=B_SPLINE_SURFACE_WITH_KNOTS('',3,3,((#5692,#5693,#5694,#5695),(#5696,
#5697,#5698,#5699),(#5700,#5701,#5702,#5703),(#5704,#5705,#5706,#5707)),
 .UNSPECIFIED.,.F.,.F.,.F.,(4,4),(4,4),(0.,0.2),(0.,7.1),.UNSPECIFIED.);
#49=B_SPLINE_SURFACE_WITH_KNOTS('',3,3,((#5712,#5713,#5714,#5715),(#5716,
#5717,#5718,#5719),(#5720,#5721,#5722,#5723),(#5724,#5725,#5726,#5727)),
 .UNSPECIFIED.,.F.,.F.,.F.,(4,4),(4,4),(0.,0.200000000000008),(0.0999982947125252,
7.1),.UNSPECIFIED.);
#50=B_SPLINE_SURFACE_WITH_KNOTS('',3,3,((#5729,#5730,#5731,#5732),(#5733,
#5734,#5735,#5736),(#5737,#5738,#5739,#5740),(#5741,#5742,#5743,#5744)),
 .UNSPECIFIED.,.F.,.F.,.F.,(4,4),(4,4),(-0.115470053837926,0.),(0.,10.3359034438214),
 .UNSPECIFIED.);
#51=B_SPLINE_SURFACE_WITH_KNOTS('',3,3,((#5750,#5751,#5752,#5753),(#5754,
#5755,#5756,#5757),(#5758,#5759,#5760,#5761),(#5762,#5763,#5764,#5765)),
 .UNSPECIFIED.,.F.,.F.,.F.,(4,4),(4,4),(-0.115470053837926,0.),(0.,7.1),
 .UNSPECIFIED.);
#52=B_SPLINE_SURFACE_WITH_KNOTS('',3,3,((#5810,#5811,#5812,#5813),(#5814,
#5815,#5816,#5817),(#5818,#5819,#5820,#5821),(#5822,#5823,#5824,#5825),
(#5826,#5827,#5828,#5829),(#5830,#5831,#5832,#5833),(#5834,#5835,#5836,
#5837),(#5838,#5839,#5840,#5841),(#5842,#5843,#5844,#5845),(#5846,#5847,
#5848,#5849),(#5850,#5851,#5852,#5853),(#5854,#5855,#5856,#5857),(#5858,
#5859,#5860,#5861),(#5862,#5863,#5864,#5865),(#5866,#5867,#5868,#5869),
(#5870,#5871,#5872,#5873),(#5874,#5875,#5876,#5877),(#5878,#5879,#5880,
#5881),(#5882,#5883,#5884,#5885),(#5886,#5887,#5888,#5889),(#5890,#5891,
#5892,#5893),(#5894,#5895,#5896,#5897),(#5898,#5899,#5900,#5901),(#5902,
#5903,#5904,#5905),(#5906,#5907,#5908,#5909),(#5910,#5911,#5912,#5913),
(#5914,#5915,#5916,#5917),(#5918,#5919,#5920,#5921),(#5922,#5923,#5924,
#5925),(#5926,#5927,#5928,#5929),(#5930,#5931,#5932,#5933),(#5934,#5935,
#5936,#5937),(#5938,#5939,#5940,#5941),(#5942,#5943,#5944,#5945),(#5946,
#5947,#5948,#5949)),.UNSPECIFIED.,.T.,.F.,.F.,(4,1,1,1,2,1,1,2,1,1,1,2,
1,2,1,1,1,2,1,1,2,1,1,1,2,4),(4,4),(0.,0.0286291258208301,0.0572582516416601,
0.0858873774624902,0.11451650328332,0.17044801261866,0.226379521954,0.338242540624679,
0.366871666445509,0.39550079226634,0.42412991808717,0.452759043908,0.476379521954,
0.5,0.52862912582083,0.55725825164166,0.58588737746249,0.614516503283321,
0.726379521954,0.782311031289339,0.838242540624679,0.866871666445509,0.895500792266339,
0.92412991808717,0.952759043908,1.),(0.,1.),.UNSPECIFIED.);
#53=B_SPLINE_CURVE_WITH_KNOTS('',3,(#4508,#4509,#4510,#4511,#4512,#4513),
 .UNSPECIFIED.,.F.,.F.,(4,2,4),(-0.189802181366402,-0.0948828303375108,
0.),.UNSPECIFIED.);
#54=B_SPLINE_CURVE_WITH_KNOTS('',3,(#4515,#4516,#4517,#4518,#4519,#4520),
 .UNSPECIFIED.,.F.,.F.,(4,2,4),(-0.200250848647411,-0.100125424323706,0.),
 .UNSPECIFIED.);
#55=B_SPLINE_CURVE_WITH_KNOTS('',3,(#4522,#4523,#4524,#4525,#4526,#4527),
 .UNSPECIFIED.,.F.,.F.,(4,2,4),(-0.175584170418355,-0.0877718673760788,
0.),.UNSPECIFIED.);
#56=B_SPLINE_CURVE_WITH_KNOTS('',3,(#4560,#4561,#4562,#4563,#4564,#4565),
 .UNSPECIFIED.,.F.,.F.,(4,2,4),(-0.186468833810918,-0.0932284513627983,
0.),.UNSPECIFIED.);
#57=B_SPLINE_CURVE_WITH_KNOTS('',3,(#4572,#4573,#4574,#4575,#4576,#4577),
 .UNSPECIFIED.,.F.,.F.,(4,2,4),(-0.194822206504904,-0.0973497910599994,
0.),.UNSPECIFIED.);
#58=B_SPLINE_CURVE_WITH_KNOTS('',3,(#4578,#4579,#4580,#4581,#4582,#4583),
 .UNSPECIFIED.,.F.,.F.,(4,2,4),(-0.221858049493845,-0.110844689296964,0.),
 .UNSPECIFIED.);
#59=B_SPLINE_CURVE_WITH_KNOTS('',3,(#4590,#4591,#4592,#4593),
 .UNSPECIFIED.,.F.,.F.,(4,4),(-4.68663162293067,-1.02315233517823),
 .UNSPECIFIED.);
#60=B_SPLINE_CURVE_WITH_KNOTS('',3,(#4595,#4596,#4597,#4598),
 .UNSPECIFIED.,.F.,.F.,(4,4),(-6.17216999876164,0.),.UNSPECIFIED.);
#61=B_SPLINE_CURVE_WITH_KNOTS('',3,(#4601,#4602,#4603,#4604),
 .UNSPECIFIED.,.F.,.F.,(4,4),(-7.82943165242535,-6.27056327565002),
 .UNSPECIFIED.);
#62=B_SPLINE_CURVE_WITH_KNOTS('',3,(#4622,#4623,#4624,#4625),
 .UNSPECIFIED.,.F.,.F.,(4,4),(0.,4.68663162293067),.UNSPECIFIED.);
#63=B_SPLINE_CURVE_WITH_KNOTS('',3,(#4627,#4628,#4629,#4630),
 .UNSPECIFIED.,.F.,.F.,(4,4),(0.000162602533081832,0.2),.UNSPECIFIED.);
#64=B_SPLINE_CURVE_WITH_KNOTS('',3,(#4631,#4632,#4633,#4634),
 .UNSPECIFIED.,.F.,.F.,(4,4),(0.,4.79685038000549),.UNSPECIFIED.);
#65=B_SPLINE_CURVE_WITH_KNOTS('',3,(#4652,#4653,#4654,#4655),
 .UNSPECIFIED.,.F.,.F.,(4,4),(0.47531947171939,4.79685038000549),
 .UNSPECIFIED.);
#66=B_SPLINE_CURVE_WITH_KNOTS('',3,(#4656,#4657,#4658,#4659,#4660,#4661,
#4662),.UNSPECIFIED.,.F.,.F.,(4,3,4),(0.,0.266452587122219,0.535529328824518),
 .UNSPECIFIED.);
#67=B_SPLINE_CURVE_WITH_KNOTS('',3,(#4680,#4681,#4682,#4683,#4684,#4685),
 .UNSPECIFIED.,.F.,.F.,(4,2,4),(0.0259407419787798,0.0780337297580878,0.156110915963745),
 .UNSPECIFIED.);
#68=B_SPLINE_CURVE_WITH_KNOTS('',3,(#4687,#4688,#4689,#4690),
 .UNSPECIFIED.,.F.,.F.,(4,4),(0.,0.0191719046259336),.UNSPECIFIED.);
#69=B_SPLINE_CURVE_WITH_KNOTS('',3,(#4691,#4692,#4693,#4694),
 .UNSPECIFIED.,.F.,.F.,(4,4),(6.08740259292946,7.71915796717992),
 .UNSPECIFIED.);
#70=B_SPLINE_CURVE_WITH_KNOTS('',3,(#4711,#4712,#4713,#4714,#4715,#4716,
#4717),.UNSPECIFIED.,.F.,.F.,(4,3,4),(0.,0.214721424415072,0.431036172320018),
 .UNSPECIFIED.);
#71=B_SPLINE_CURVE_WITH_KNOTS('',3,(#4735,#4736,#4737,#4738,#4739,#4740),
 .UNSPECIFIED.,.F.,.F.,(4,2,4),(0.0209578560368653,0.100095025712101,0.200190051424202),
 .UNSPECIFIED.);
#72=B_SPLINE_CURVE_WITH_KNOTS('',3,(#4742,#4743,#4744,#4745),
 .UNSPECIFIED.,.F.,.F.,(4,4),(0.,0.0330749419009521),.UNSPECIFIED.);
#73=B_SPLINE_CURVE_WITH_KNOTS('',3,(#4746,#4747,#4748,#4749),
 .UNSPECIFIED.,.F.,.F.,(4,4),(5.87552735794165,7.73739438494592),
 .UNSPECIFIED.);
#74=B_SPLINE_CURVE_WITH_KNOTS('',3,(#4756,#4757,#4758,#4759,#4760,#4761),
 .UNSPECIFIED.,.F.,.F.,(4,2,4),(0.,0.124312603517139,0.248660752672036),
 .UNSPECIFIED.);
#75=B_SPLINE_CURVE_WITH_KNOTS('',3,(#4770,#4771,#4772,#4773,#4774,#4775),
 .UNSPECIFIED.,.F.,.F.,(4,2,4),(0.,0.100000000620993,0.200000001241986),
 .UNSPECIFIED.);
#76=B_SPLINE_CURVE_WITH_KNOTS('',3,(#4781,#4782,#4783,#4784),
 .UNSPECIFIED.,.F.,.F.,(4,4),(0.0962055928297822,0.115470994895421),
 .UNSPECIFIED.);
#77=B_SPLINE_CURVE_WITH_KNOTS('',3,(#4793,#4794,#4795,#4796,#4797,#4798),
 .UNSPECIFIED.,.F.,.F.,(4,2,4),(0.,0.0763611136380055,0.152752523423137),
 .UNSPECIFIED.);
#78=B_SPLINE_CURVE_WITH_KNOTS('',3,(#4926,#4927,#4928,#4929,#4930,#4931),
 .UNSPECIFIED.,.F.,.F.,(4,2,4),(-0.175673105518451,-0.0878168116107457,
0.),.UNSPECIFIED.);
#79=B_SPLINE_CURVE_WITH_KNOTS('',3,(#4933,#4934,#4935,#4936,#4937,#4938),
 .UNSPECIFIED.,.F.,.F.,(4,2,4),(-0.199998117885005,-0.0999990589425028,
0.),.UNSPECIFIED.);
#80=B_SPLINE_CURVE_WITH_KNOTS('',3,(#4940,#4941,#4942,#4943,#4944,#4945),
 .UNSPECIFIED.,.F.,.F.,(4,2,4),(-0.189895022130322,-0.0949286794391452,
0.),.UNSPECIFIED.);
#81=B_SPLINE_CURVE_WITH_KNOTS('',3,(#4968,#4969,#4970,#4971,#4972,#4973),
 .UNSPECIFIED.,.F.,.F.,(4,2,4),(-0.194947024056462,-0.0974130222874349,
0.),.UNSPECIFIED.);
#82=B_SPLINE_CURVE_WITH_KNOTS('',3,(#4982,#4983,#4984,#4985,#4986,#4987),
 .UNSPECIFIED.,.F.,.F.,(4,2,4),(-0.186582214288221,-0.0932854273625539,
0.),.UNSPECIFIED.);
#83=B_SPLINE_CURVE_WITH_KNOTS('',3,(#4988,#4989,#4990,#4991,#4992,#4993),
 .UNSPECIFIED.,.F.,.F.,(4,2,4),(-0.221599934409556,-0.110717138956344,0.),
 .UNSPECIFIED.);
#84=B_SPLINE_CURVE_WITH_KNOTS('',3,(#5008,#5009,#5010,#5011),
 .UNSPECIFIED.,.F.,.F.,(4,4),(6.20947109719383,7.82943165242535),
 .UNSPECIFIED.);
#85=B_SPLINE_CURVE_WITH_KNOTS('',3,(#5015,#5016,#5017,#5018),
 .UNSPECIFIED.,.F.,.F.,(4,4),(0.,6.17282573035016),.UNSPECIFIED.);
#86=B_SPLINE_CURVE_WITH_KNOTS('',3,(#5019,#5020,#5021,#5022),
 .UNSPECIFIED.,.F.,.F.,(4,4),(1.02242923579026,4.74176846555341),
 .UNSPECIFIED.);
#87=B_SPLINE_CURVE_WITH_KNOTS('',3,(#5039,#5040,#5041,#5042),
 .UNSPECIFIED.,.F.,.F.,(4,4),(6.0261930681585,7.71915796717992),
 .UNSPECIFIED.);
#88=B_SPLINE_CURVE_WITH_KNOTS('',3,(#5043,#5044,#5045,#5046,#5047,#5048),
 .UNSPECIFIED.,.F.,.F.,(4,2,4),(0.,0.0780962145203961,0.130170173984966),
 .UNSPECIFIED.);
#89=B_SPLINE_CURVE_WITH_KNOTS('',3,(#5066,#5067,#5068,#5069),
 .UNSPECIFIED.,.F.,.F.,(4,4),(5.81456554565136,7.73731603724381),
 .UNSPECIFIED.);
#90=B_SPLINE_CURVE_WITH_KNOTS('',3,(#5070,#5071,#5072,#5073),
 .UNSPECIFIED.,.F.,.F.,(4,4),(0.282705398639223,0.315638133268467),
 .UNSPECIFIED.);
#91=B_SPLINE_CURVE_WITH_KNOTS('',3,(#5091,#5092,#5093,#5094),
 .UNSPECIFIED.,.F.,.F.,(4,4),(-7.82943165242535,-5.75347286930627),
 .UNSPECIFIED.);
#92=B_SPLINE_CURVE_WITH_KNOTS('',3,(#5095,#5096,#5097,#5098,#5099,#5100),
 .UNSPECIFIED.,.F.,.F.,(4,2,4),(0.,0.124417090745042,0.248868625688062),
 .UNSPECIFIED.);
#93=B_SPLINE_CURVE_WITH_KNOTS('',3,(#5118,#5119,#5120,#5121,#5122,#5123),
 .UNSPECIFIED.,.F.,.F.,(4,2,4),(0.,0.266503302211559,0.535612720306756),
 .UNSPECIFIED.);
#94=B_SPLINE_CURVE_WITH_KNOTS('',3,(#5124,#5125,#5126,#5127),
 .UNSPECIFIED.,.F.,.F.,(4,4),(0.474509963897322,4.85204304950696),
 .UNSPECIFIED.);
#95=B_SPLINE_CURVE_WITH_KNOTS('',3,(#5145,#5146,#5147,#5148),
 .UNSPECIFIED.,.F.,.F.,(4,4),(0.,4.85204304950696),.UNSPECIFIED.);
#96=B_SPLINE_CURVE_WITH_KNOTS('',3,(#5150,#5151,#5152,#5153),
 .UNSPECIFIED.,.F.,.F.,(4,4),(-0.200000000000002,0.),.UNSPECIFIED.);
#97=B_SPLINE_CURVE_WITH_KNOTS('',3,(#5154,#5155,#5156,#5157),
 .UNSPECIFIED.,.F.,.F.,(4,4),(-4.74176846555339,-2.21576907934283E-8),
 .UNSPECIFIED.);
#98=B_SPLINE_CURVE_WITH_KNOTS('',3,(#5174,#5175,#5176,#5177),
 .UNSPECIFIED.,.F.,.F.,(4,4),(6.66969791764793,7.1),.UNSPECIFIED.);
#99=B_SPLINE_CURVE_WITH_KNOTS('',3,(#5194,#5195,#5196,#5197),
 .UNSPECIFIED.,.F.,.F.,(4,4),(0.0999999999998936,6.66969791764793),
 .UNSPECIFIED.);
#100=B_SPLINE_CURVE_WITH_KNOTS('',3,(#5199,#5200,#5201,#5202),
 .UNSPECIFIED.,.F.,.F.,(4,4),(0.0999999999998935,7.1),.UNSPECIFIED.);
#101=B_SPLINE_CURVE_WITH_KNOTS('',3,(#5203,#5204,#5205,#5206),
 .UNSPECIFIED.,.F.,.F.,(4,4),(-0.200000000904263,0.),.UNSPECIFIED.);
#102=B_SPLINE_CURVE_WITH_KNOTS('',3,(#5223,#5224,#5225,#5226,#5227,#5228,
#5229),.UNSPECIFIED.,.F.,.F.,(4,3,4),(0.,0.111781224367803,0.223606797142529),
 .UNSPECIFIED.);
#103=B_SPLINE_CURVE_WITH_KNOTS('',3,(#5234,#5235,#5236,#5237),
 .UNSPECIFIED.,.F.,.F.,(4,4),(0.,10.3359034438214),.UNSPECIFIED.);
#104=B_SPLINE_CURVE_WITH_KNOTS('',3,(#5256,#5257,#5258,#5259,#5260,#5261,
#5262,#5263,#5264,#5265,#5266,#5267,#5268,#5269,#5270,#5271,#5272,#5273,
#5274,#5275,#5276,#5277,#5278,#5279,#5280,#5281,#5282,#5283,#5284,#5285,
#5286,#5287,#5288,#5289,#5290),.UNSPECIFIED.,.T.,.F.,(4,2,1,1,1,2,1,1,2,
1,1,1,2,1,2,1,1,1,2,1,1,2,1,1,1,4),(-1.,-0.952759043908,-0.92412991808717,
-0.895500792266339,-0.866871666445509,-0.838242540624679,-0.782311031289339,
-0.726379521954,-0.614516503283321,-0.58588737746249,-0.55725825164166,
-0.52862912582083,-0.5,-0.476379521954,-0.452759043908,-0.42412991808717,
-0.39550079226634,-0.366871666445509,-0.338242540624679,-0.226379521954,
-0.17044801261866,-0.11451650328332,-0.0858873774624902,-0.0572582516416601,
-0.0286291258208301,0.),.UNSPECIFIED.);
#105=B_SPLINE_CURVE_WITH_KNOTS('',3,(#5307,#5308,#5309,#5310),
 .UNSPECIFIED.,.F.,.F.,(4,4),(5.81446955942334,7.82943165242535),
 .UNSPECIFIED.);
#106=B_SPLINE_CURVE_WITH_KNOTS('',3,(#5317,#5318,#5319,#5320,#5321,#5322),
 .UNSPECIFIED.,.F.,.F.,(4,2,4),(2.95369492597786E-6,0.100001146019993,0.200002292039987),
 .UNSPECIFIED.);
#107=B_SPLINE_CURVE_WITH_KNOTS('',3,(#5343,#5344,#5345,#5346),
 .UNSPECIFIED.,.F.,.F.,(4,4),(-10.3359034438214,0.),.UNSPECIFIED.);
#108=B_SPLINE_CURVE_WITH_KNOTS('',3,(#5358,#5359,#5360,#5361,#5362,#5363),
 .UNSPECIFIED.,.F.,.F.,(4,2,4),(0.,0.111779316230978,0.223604259760519),
 .UNSPECIFIED.);
#109=B_SPLINE_CURVE_WITH_KNOTS('',3,(#5364,#5365,#5366,#5367),
 .UNSPECIFIED.,.F.,.F.,(4,4),(0.,3.41057495961766E-6),.UNSPECIFIED.);
#110=B_SPLINE_CURVE_WITH_KNOTS('',3,(#5405,#5406,#5407,#5408),
 .UNSPECIFIED.,.F.,.F.,(4,4),(0.,2.69184956162665E-5),.UNSPECIFIED.);
#111=B_SPLINE_CURVE_WITH_KNOTS('',3,(#5410,#5411,#5412,#5413),
 .UNSPECIFIED.,.F.,.F.,(4,4),(-3.35609260983365E-6,0.),.UNSPECIFIED.);
#112=B_SPLINE_CURVE_WITH_KNOTS('',3,(#5419,#5420,#5421,#5422,#5423,#5424),
 .UNSPECIFIED.,.F.,.F.,(4,2,4),(0.,0.0720772419547196,0.144128772342311),
 .UNSPECIFIED.);
#113=B_SPLINE_CURVE_WITH_KNOTS('',3,(#5426,#5427,#5428,#5429),
 .UNSPECIFIED.,.F.,.F.,(4,4),(0.,2.59347161823835E-5),.UNSPECIFIED.);
#114=B_SPLINE_CURVE_WITH_KNOTS('',3,(#5430,#5431,#5432,#5433),
 .UNSPECIFIED.,.F.,.F.,(4,4),(2.32967600986876E-6,11.7999814261541),
 .UNSPECIFIED.);
#115=B_SPLINE_CURVE_WITH_KNOTS('',3,(#5451,#5452,#5453,#5454,#5455,#5456),
 .UNSPECIFIED.,.F.,.F.,(4,2,4),(0.,0.100003277323506,0.19998557061025),
 .UNSPECIFIED.);
#116=B_SPLINE_CURVE_WITH_KNOTS('',3,(#5458,#5459,#5460,#5461,#5462,#5463),
 .UNSPECIFIED.,.F.,.F.,(4,2,4),(0.,0.100022941426689,0.200027351190996),
 .UNSPECIFIED.);
#117=B_SPLINE_CURVE_WITH_KNOTS('',3,(#5465,#5466,#5467,#5468),
 .UNSPECIFIED.,.F.,.F.,(4,4),(0.,2.13985689625019E-5),.UNSPECIFIED.);
#118=B_SPLINE_CURVE_WITH_KNOTS('',3,(#5469,#5470,#5471,#5472),
 .UNSPECIFIED.,.F.,.F.,(4,4),(0.,11.7999921254407),.UNSPECIFIED.);
#119=B_SPLINE_CURVE_WITH_KNOTS('',3,(#5489,#5490,#5491,#5492,#5493,#5494),
 .UNSPECIFIED.,.F.,.F.,(4,2,4),(0.,0.123792377717027,0.247602035504),
 .UNSPECIFIED.);
#120=B_SPLINE_CURVE_WITH_KNOTS('',3,(#5496,#5497,#5498,#5499),
 .UNSPECIFIED.,.F.,.F.,(4,4),(0.,11.9000000000636),.UNSPECIFIED.);
#121=B_SPLINE_CURVE_WITH_KNOTS('',3,(#5517,#5518,#5519,#5520),
 .UNSPECIFIED.,.F.,.F.,(4,4),(0.,10.2315003784844),.UNSPECIFIED.);
#122=B_SPLINE_CURVE_WITH_KNOTS('',3,(#5521,#5522,#5523,#5524),
 .UNSPECIFIED.,.F.,.F.,(4,4),(0.,10.2315274588631),.UNSPECIFIED.);
#123=B_SPLINE_CURVE_WITH_KNOTS('',3,(#5541,#5542,#5543,#5544,#5545,#5546),
 .UNSPECIFIED.,.F.,.F.,(4,2,4),(-0.247551115368106,-0.123777924218671,0.),
 .UNSPECIFIED.);
#124=B_SPLINE_CURVE_WITH_KNOTS('',3,(#5549,#5550,#5551,#5552),
 .UNSPECIFIED.,.F.,.F.,(4,4),(-0.0999999999363954,0.),.UNSPECIFIED.);
#125=B_SPLINE_CURVE_WITH_KNOTS('',3,(#5570,#5571,#5572,#5573),
 .UNSPECIFIED.,.F.,.F.,(4,4),(0.,10.2314798492309),.UNSPECIFIED.);
#126=B_SPLINE_CURVE_WITH_KNOTS('',3,(#5574,#5575,#5576,#5577),
 .UNSPECIFIED.,.F.,.F.,(4,4),(0.,0.000162602533081832),.UNSPECIFIED.);
#127=B_SPLINE_CURVE_WITH_KNOTS('',3,(#5595,#5596,#5597,#5598,#5599,#5600),
 .UNSPECIFIED.,.F.,.F.,(4,2,4),(-0.144095525472556,-0.0720420936114499,
0.),.UNSPECIFIED.);
#128=B_SPLINE_CURVE_WITH_KNOTS('',3,(#5635,#5636,#5637,#5638),
 .UNSPECIFIED.,.F.,.F.,(4,4),(0.,10.2315059399136),.UNSPECIFIED.);
#129=B_SPLINE_CURVE_WITH_KNOTS('',3,(#5639,#5640,#5641,#5642),
 .UNSPECIFIED.,.F.,.F.,(4,4),(0.,0.200000000000008),.UNSPECIFIED.);
#130=B_SPLINE_CURVE_WITH_KNOTS('',3,(#5660,#5661,#5662,#5663),
 .UNSPECIFIED.,.F.,.F.,(4,4),(0.,0.11547005383792),.UNSPECIFIED.);
#131=B_SPLINE_CURVE_WITH_KNOTS('',3,(#5681,#5682,#5683,#5684,#5685,#5686),
 .UNSPECIFIED.,.F.,.F.,(4,2,4),(1.75059448452126E-6,0.0763624257397333,
0.152754273759692),.UNSPECIFIED.);
#132=B_SPLINE_CURVE_WITH_KNOTS('',3,(#5688,#5689,#5690,#5691),
 .UNSPECIFIED.,.F.,.F.,(4,4),(0.0999999999999998,7.1),.UNSPECIFIED.);
#133=B_SPLINE_CURVE_WITH_KNOTS('',3,(#5708,#5709,#5710,#5711),
 .UNSPECIFIED.,.F.,.F.,(4,4),(0.0999982947125252,7.1),.UNSPECIFIED.);
#134=B_SPLINE_CURVE_WITH_KNOTS('',3,(#5745,#5746,#5747,#5748),
 .UNSPECIFIED.,.F.,.F.,(4,4),(-0.115470053837926,0.),.UNSPECIFIED.);
#135=B_SPLINE_CURVE_WITH_KNOTS('',3,(#5768,#5769,#5770,#5771,#5772,#5773,
#5774,#5775,#5776,#5777,#5778,#5779,#5780,#5781,#5782,#5783,#5784,#5785,
#5786,#5787,#5788,#5789,#5790,#5791,#5792,#5793,#5794,#5795,#5796,#5797,
#5798,#5799,#5800,#5801,#5802),.UNSPECIFIED.,.T.,.F.,(4,1,1,1,2,1,1,2,1,
1,1,2,1,2,1,1,1,2,1,1,2,1,1,1,2,4),(0.,0.0286291258208301,0.0572582516416601,
0.0858873774624902,0.11451650328332,0.17044801261866,0.226379521954,0.338242540624679,
0.366871666445509,0.39550079226634,0.42412991808717,0.452759043908,0.476379521954,
0.5,0.52862912582083,0.55725825164166,0.58588737746249,0.614516503283321,
0.726379521954,0.782311031289339,0.838242540624679,0.866871666445509,0.895500792266339,
0.92412991808717,0.952759043908,1.),.UNSPECIFIED.);
#136=B_SPLINE_CURVE_WITH_KNOTS('',3,(#6123,#6124,#6125,#6126,#6127,#6128,
#6129,#6130,#6131,#6132),.UNSPECIFIED.,.F.,.F.,(4,2,2,2,4),(0.898289414857624,
1.00759812359437,1.12068874525299,1.23545063388278,1.34960645269565),
 .UNSPECIFIED.);
#137=B_SPLINE_CURVE_WITH_KNOTS('',3,(#6138,#6139,#6140,#6141,#6142,#6143,
#6144,#6145,#6146,#6147),.UNSPECIFIED.,.F.,.F.,(4,2,2,2,4),(0.446972377019595,
0.56112819583247,0.675890084462259,0.788980706120873,0.898289414857623),
 .UNSPECIFIED.);
#138=B_SPLINE_CURVE_WITH_KNOTS('',3,(#6156,#6157,#6158,#6159,#6160,#6161,
#6162,#6163,#6164,#6165),.UNSPECIFIED.,.F.,.F.,(4,2,2,2,4),(0.446972377019594,
0.56112819583247,0.675890084462258,0.788980706120873,0.898289414857623),
 .UNSPECIFIED.);
#139=B_SPLINE_CURVE_WITH_KNOTS('',3,(#6172,#6173,#6174,#6175,#6176,#6177,
#6178,#6179,#6180,#6181),.UNSPECIFIED.,.F.,.F.,(4,2,2,2,4),(0.898289414857623,
1.00759812359437,1.12068874525299,1.23545063388278,1.34960645269565),
 .UNSPECIFIED.);
#140=B_SPLINE_CURVE_WITH_KNOTS('',3,(#6194,#6195,#6196,#6197,#6198,#6199,
#6200,#6201,#6202,#6203),.UNSPECIFIED.,.F.,.F.,(4,2,2,2,4),(0.446972377019594,
0.56112819583247,0.675890084462259,0.788980706120873,0.898289414857623),
 .UNSPECIFIED.);
#141=B_SPLINE_CURVE_WITH_KNOTS('',3,(#6210,#6211,#6212,#6213,#6214,#6215,
#6216,#6217,#6218,#6219),.UNSPECIFIED.,.F.,.F.,(4,2,2,2,4),(0.898289414857623,
1.00759812359437,1.12068874525299,1.23545063388278,1.34960645269565),
 .UNSPECIFIED.);
#142=B_SPLINE_CURVE_WITH_KNOTS('',3,(#6234,#6235,#6236,#6237,#6238,#6239,
#6240,#6241,#6242,#6243),.UNSPECIFIED.,.F.,.F.,(4,2,2,2,4),(0.898289414857623,
1.00759812359437,1.12068874525299,1.23545063388278,1.34960645269565),
 .UNSPECIFIED.);
#143=B_SPLINE_CURVE_WITH_KNOTS('',3,(#6247,#6248,#6249,#6250,#6251,#6252,
#6253,#6254,#6255,#6256),.UNSPECIFIED.,.F.,.F.,(4,2,2,2,4),(0.446972377019594,
0.56112819583247,0.675890084462259,0.788980706120873,0.898289414857623),
 .UNSPECIFIED.);
#144=FACE_BOUND('',#450,.T.);
#145=FACE_BOUND('',#451,.T.);
#146=FACE_BOUND('',#457,.T.);
#147=FACE_BOUND('',#465,.T.);
#148=FACE_BOUND('',#468,.T.);
#149=FACE_BOUND('',#492,.T.);
#150=FACE_BOUND('',#504,.T.);
#151=FACE_BOUND('',#507,.T.);
#152=FACE_BOUND('',#524,.T.);
#153=FACE_BOUND('',#533,.T.);
#154=FACE_BOUND('',#553,.T.);
#155=FACE_BOUND('',#556,.T.);
#156=FACE_BOUND('',#562,.T.);
#157=FACE_BOUND('',#566,.T.);
#158=FACE_BOUND('',#570,.T.);
#159=FACE_BOUND('',#574,.T.);
#160=FACE_BOUND('',#605,.T.);
#161=FACE_BOUND('',#607,.T.);
#162=FACE_BOUND('',#609,.T.);
#163=FACE_BOUND('',#616,.T.);
#164=FACE_BOUND('',#640,.T.);
#165=FACE_BOUND('',#641,.T.);
#166=FACE_BOUND('',#642,.T.);
#167=FACE_BOUND('',#643,.T.);
#168=CYLINDRICAL_SURFACE('',#3353,2.);
#169=CYLINDRICAL_SURFACE('',#3356,2.00000000000001);
#170=CYLINDRICAL_SURFACE('',#3363,2.);
#171=CYLINDRICAL_SURFACE('',#3368,2.);
#172=CYLINDRICAL_SURFACE('',#3404,10.);
#173=CYLINDRICAL_SURFACE('',#3468,1.75000000000001);
#174=CYLINDRICAL_SURFACE('',#3472,1.75);
#175=CYLINDRICAL_SURFACE('',#3477,1.75000000000001);
#176=CYLINDRICAL_SURFACE('',#3482,1.75);
#177=CYLINDRICAL_SURFACE('',#3486,1.99999999999999);
#178=CYLINDRICAL_SURFACE('',#3488,1.99999999999999);
#179=CYLINDRICAL_SURFACE('',#3490,6.99999999999999);
#180=CYLINDRICAL_SURFACE('',#3524,3.);
#181=CYLINDRICAL_SURFACE('',#3527,3.);
#182=CYLINDRICAL_SURFACE('',#3530,3.00000000000001);
#183=CYLINDRICAL_SURFACE('',#3533,3.00000000000001);
#184=CYLINDRICAL_SURFACE('',#3534,1.09999999999999);
#185=CYLINDRICAL_SURFACE('',#3536,1.09999999999999);
#186=CYLINDRICAL_SURFACE('',#3539,1.1);
#187=CYLINDRICAL_SURFACE('',#3542,1.1);
#188=CIRCLE('',#3339,3.00000000000001);
#189=CIRCLE('',#3340,2.00000000000001);
#190=CIRCLE('',#3343,3.);
#191=CIRCLE('',#3344,2.);
#192=CIRCLE('',#3347,2.99999999999999);
#193=CIRCLE('',#3348,1.99999999999999);
#194=CIRCLE('',#3351,2.99999999999999);
#195=CIRCLE('',#3352,1.99999999999999);
#196=CIRCLE('',#3354,2.);
#197=CIRCLE('',#3357,2.00000000000001);
#198=CIRCLE('',#3360,2.5);
#199=CIRCLE('',#3362,2.);
#200=CIRCLE('',#3364,2.);
#201=CIRCLE('',#3366,2.5);
#202=CIRCLE('',#3367,2.);
#203=CIRCLE('',#3369,2.);
#204=CIRCLE('',#3398,16.3301270189222);
#205=CIRCLE('',#3399,10.5980762113535);
#206=CIRCLE('',#3401,12.);
#207=CIRCLE('',#3403,10.);
#208=CIRCLE('',#3405,10.);
#209=CIRCLE('',#3407,11.);
#210=CIRCLE('',#3432,6.99999999999999);
#211=CIRCLE('',#3437,1.99999999999999);
#212=CIRCLE('',#3438,1.99999999999999);
#213=CIRCLE('',#3440,7.99999999999999);
#214=CIRCLE('',#3441,6.99999999999999);
#215=CIRCLE('',#3447,1.75000000000001);
#216=CIRCLE('',#3451,1.75);
#217=CIRCLE('',#3455,1.75);
#218=CIRCLE('',#3459,1.75000000000001);
#219=CIRCLE('',#3469,1.75000000000001);
#220=CIRCLE('',#3473,1.75);
#221=CIRCLE('',#3478,1.75000000000001);
#222=CIRCLE('',#3483,1.75);
#223=CIRCLE('',#3494,3.00000000000001);
#224=CIRCLE('',#3495,1.09999999999999);
#225=CIRCLE('',#3497,3.00000000000001);
#226=CIRCLE('',#3498,1.09999999999999);
#227=CIRCLE('',#3500,3.);
#228=CIRCLE('',#3501,1.1);
#229=CIRCLE('',#3505,6.00000000000001);
#230=CIRCLE('',#3509,3.);
#231=CIRCLE('',#3510,1.1);
#232=CIRCLE('',#3514,6.00000000000001);
#233=CIRCLE('',#3515,6.);
#234=CIRCLE('',#3516,6.);
#235=CIRCLE('',#3517,6.00000000000001);
#236=CIRCLE('',#3519,6.);
#237=CIRCLE('',#3520,3.);
#238=CIRCLE('',#3526,3.);
#239=CIRCLE('',#3529,3.00000000000001);
#240=CIRCLE('',#3532,3.00000000000001);
#241=CIRCLE('',#3535,1.09999999999999);
#242=CIRCLE('',#3537,1.09999999999999);
#243=CIRCLE('',#3540,1.1);
#244=CIRCLE('',#3543,1.1);
#245=CONICAL_SURFACE('',#3338,2.50000000000001,0.785398163397449);
#246=CONICAL_SURFACE('',#3342,2.5,0.785398163397449);
#247=CONICAL_SURFACE('',#3346,2.49999999999999,0.785398163397448);
#248=CONICAL_SURFACE('',#3350,2.49999999999999,0.785398163397448);
#249=CONICAL_SURFACE('',#3361,2.25,0.785398163397442);
#250=CONICAL_SURFACE('',#3365,2.25,0.785398163397447);
#251=CONICAL_SURFACE('',#3400,14.1650635094611,1.04719755119659);
#252=CONICAL_SURFACE('',#3406,10.5,0.785398163397447);
#253=CONICAL_SURFACE('',#3442,9.29903810567676,1.04719755119663);
#254=FACE_OUTER_BOUND('',#437,.T.);
#255=FACE_OUTER_BOUND('',#438,.T.);
#256=FACE_OUTER_BOUND('',#439,.T.);
#257=FACE_OUTER_BOUND('',#440,.T.);
#258=FACE_OUTER_BOUND('',#441,.T.);
#259=FACE_OUTER_BOUND('',#442,.T.);
#260=FACE_OUTER_BOUND('',#443,.T.);
#261=FACE_OUTER_BOUND('',#444,.T.);
#262=FACE_OUTER_BOUND('',#445,.T.);
#263=FACE_OUTER_BOUND('',#446,.T.);
#264=FACE_OUTER_BOUND('',#447,.T.);
#265=FACE_OUTER_BOUND('',#448,.T.);
#266=FACE_OUTER_BOUND('',#449,.T.);
#267=FACE_OUTER_BOUND('',#452,.T.);
#268=FACE_OUTER_BOUND('',#453,.T.);
#269=FACE_OUTER_BOUND('',#454,.T.);
#270=FACE_OUTER_BOUND('',#455,.T.);
#271=FACE_OUTER_BOUND('',#456,.T.);
#272=FACE_OUTER_BOUND('',#458,.T.);
#273=FACE_OUTER_BOUND('',#459,.T.);
#274=FACE_OUTER_BOUND('',#460,.T.);
#275=FACE_OUTER_BOUND('',#461,.T.);
#276=FACE_OUTER_BOUND('',#462,.T.);
#277=FACE_OUTER_BOUND('',#463,.T.);
#278=FACE_OUTER_BOUND('',#464,.T.);
#279=FACE_OUTER_BOUND('',#466,.T.);
#280=FACE_OUTER_BOUND('',#467,.T.);
#281=FACE_OUTER_BOUND('',#469,.T.);
#282=FACE_OUTER_BOUND('',#470,.T.);
#283=FACE_OUTER_BOUND('',#471,.T.);
#284=FACE_OUTER_BOUND('',#472,.T.);
#285=FACE_OUTER_BOUND('',#473,.T.);
#286=FACE_OUTER_BOUND('',#474,.T.);
#287=FACE_OUTER_BOUND('',#475,.T.);
#288=FACE_OUTER_BOUND('',#476,.T.);
#289=FACE_OUTER_BOUND('',#477,.T.);
#290=FACE_OUTER_BOUND('',#478,.T.);
#291=FACE_OUTER_BOUND('',#479,.T.);
#292=FACE_OUTER_BOUND('',#480,.T.);
#293=FACE_OUTER_BOUND('',#481,.T.);
#294=FACE_OUTER_BOUND('',#482,.T.);
#295=FACE_OUTER_BOUND('',#483,.T.);
#296=FACE_OUTER_BOUND('',#484,.T.);
#297=FACE_OUTER_BOUND('',#485,.T.);
#298=FACE_OUTER_BOUND('',#486,.T.);
#299=FACE_OUTER_BOUND('',#487,.T.);
#300=FACE_OUTER_BOUND('',#488,.T.);
#301=FACE_OUTER_BOUND('',#489,.T.);
#302=FACE_OUTER_BOUND('',#490,.T.);
#303=FACE_OUTER_BOUND('',#491,.T.);
#304=FACE_OUTER_BOUND('',#493,.T.);
#305=FACE_OUTER_BOUND('',#494,.T.);
#306=FACE_OUTER_BOUND('',#495,.T.);
#307=FACE_OUTER_BOUND('',#496,.T.);
#308=FACE_OUTER_BOUND('',#497,.T.);
#309=FACE_OUTER_BOUND('',#498,.T.);
#310=FACE_OUTER_BOUND('',#499,.T.);
#311=FACE_OUTER_BOUND('',#500,.T.);
#312=FACE_OUTER_BOUND('',#501,.T.);
#313=FACE_OUTER_BOUND('',#502,.T.);
#314=FACE_OUTER_BOUND('',#503,.T.);
#315=FACE_OUTER_BOUND('',#505,.T.);
#316=FACE_OUTER_BOUND('',#506,.T.);
#317=FACE_OUTER_BOUND('',#508,.T.);
#318=FACE_OUTER_BOUND('',#509,.T.);
#319=FACE_OUTER_BOUND('',#510,.T.);
#320=FACE_OUTER_BOUND('',#511,.T.);
#321=FACE_OUTER_BOUND('',#512,.T.);
#322=FACE_OUTER_BOUND('',#513,.T.);
#323=FACE_OUTER_BOUND('',#514,.T.);
#324=FACE_OUTER_BOUND('',#515,.T.);
#325=FACE_OUTER_BOUND('',#516,.T.);
#326=FACE_OUTER_BOUND('',#517,.T.);
#327=FACE_OUTER_BOUND('',#518,.T.);
#328=FACE_OUTER_BOUND('',#519,.T.);
#329=FACE_OUTER_BOUND('',#520,.T.);
#330=FACE_OUTER_BOUND('',#521,.T.);
#331=FACE_OUTER_BOUND('',#522,.T.);
#332=FACE_OUTER_BOUND('',#523,.T.);
#333=FACE_OUTER_BOUND('',#525,.T.);
#334=FACE_OUTER_BOUND('',#526,.T.);
#335=FACE_OUTER_BOUND('',#527,.T.);
#336=FACE_OUTER_BOUND('',#528,.T.);
#337=FACE_OUTER_BOUND('',#529,.T.);
#338=FACE_OUTER_BOUND('',#530,.T.);
#339=FACE_OUTER_BOUND('',#531,.T.);
#340=FACE_OUTER_BOUND('',#532,.T.);
#341=FACE_OUTER_BOUND('',#534,.T.);
#342=FACE_OUTER_BOUND('',#535,.T.);
#343=FACE_OUTER_BOUND('',#536,.T.);
#344=FACE_OUTER_BOUND('',#537,.T.);
#345=FACE_OUTER_BOUND('',#538,.T.);
#346=FACE_OUTER_BOUND('',#539,.T.);
#347=FACE_OUTER_BOUND('',#540,.T.);
#348=FACE_OUTER_BOUND('',#541,.T.);
#349=FACE_OUTER_BOUND('',#542,.T.);
#350=FACE_OUTER_BOUND('',#543,.T.);
#351=FACE_OUTER_BOUND('',#544,.T.);
#352=FACE_OUTER_BOUND('',#545,.T.);
#353=FACE_OUTER_BOUND('',#546,.T.);
#354=FACE_OUTER_BOUND('',#547,.T.);
#355=FACE_OUTER_BOUND('',#548,.T.);
#356=FACE_OUTER_BOUND('',#549,.T.);
#357=FACE_OUTER_BOUND('',#550,.T.);
#358=FACE_OUTER_BOUND('',#551,.T.);
#359=FACE_OUTER_BOUND('',#552,.T.);
#360=FACE_OUTER_BOUND('',#554,.T.);
#361=FACE_OUTER_BOUND('',#555,.T.);
#362=FACE_OUTER_BOUND('',#557,.T.);
#363=FACE_OUTER_BOUND('',#558,.T.);
#364=FACE_OUTER_BOUND('',#559,.T.);
#365=FACE_OUTER_BOUND('',#560,.T.);
#366=FACE_OUTER_BOUND('',#561,.T.);
#367=FACE_OUTER_BOUND('',#563,.T.);
#368=FACE_OUTER_BOUND('',#564,.T.);
#369=FACE_OUTER_BOUND('',#565,.T.);
#370=FACE_OUTER_BOUND('',#567,.T.);
#371=FACE_OUTER_BOUND('',#568,.T.);
#372=FACE_OUTER_BOUND('',#569,.T.);
#373=FACE_OUTER_BOUND('',#571,.T.);
#374=FACE_OUTER_BOUND('',#572,.T.);
#375=FACE_OUTER_BOUND('',#573,.T.);
#376=FACE_OUTER_BOUND('',#575,.T.);
#377=FACE_OUTER_BOUND('',#576,.T.);
#378=FACE_OUTER_BOUND('',#577,.T.);
#379=FACE_OUTER_BOUND('',#578,.T.);
#380=FACE_OUTER_BOUND('',#579,.T.);
#381=FACE_OUTER_BOUND('',#580,.T.);
#382=FACE_OUTER_BOUND('',#581,.T.);
#383=FACE_OUTER_BOUND('',#582,.T.);
#384=FACE_OUTER_BOUND('',#583,.T.);
#385=FACE_OUTER_BOUND('',#584,.T.);
#386=FACE_OUTER_BOUND('',#585,.T.);
#387=FACE_OUTER_BOUND('',#586,.T.);
#388=FACE_OUTER_BOUND('',#587,.T.);
#389=FACE_OUTER_BOUND('',#588,.T.);
#390=FACE_OUTER_BOUND('',#589,.T.);
#391=FACE_OUTER_BOUND('',#590,.T.);
#392=FACE_OUTER_BOUND('',#591,.T.);
#393=FACE_OUTER_BOUND('',#592,.T.);
#394=FACE_OUTER_BOUND('',#593,.T.);
#395=FACE_OUTER_BOUND('',#594,.T.);
#396=FACE_OUTER_BOUND('',#595,.T.);
#397=FACE_OUTER_BOUND('',#596,.T.);
#398=FACE_OUTER_BOUND('',#597,.T.);
#399=FACE_OUTER_BOUND('',#598,.T.);
#400=FACE_OUTER_BOUND('',#599,.T.);
#401=FACE_OUTER_BOUND('',#600,.T.);
#402=FACE_OUTER_BOUND('',#601,.T.);
#403=FACE_OUTER_BOUND('',#602,.T.);
#404=FACE_OUTER_BOUND('',#603,.T.);
#405=FACE_OUTER_BOUND('',#604,.T.);
#406=FACE_OUTER_BOUND('',#606,.T.);
#407=FACE_OUTER_BOUND('',#608,.T.);
#408=FACE_OUTER_BOUND('',#610,.T.);
#409=FACE_OUTER_BOUND('',#611,.T.);
#410=FACE_OUTER_BOUND('',#612,.T.);
#411=FACE_OUTER_BOUND('',#613,.T.);
#412=FACE_OUTER_BOUND('',#614,.T.);
#413=FACE_OUTER_BOUND('',#615,.T.);
#414=FACE_OUTER_BOUND('',#617,.T.);
#415=FACE_OUTER_BOUND('',#618,.T.);
#416=FACE_OUTER_BOUND('',#619,.T.);
#417=FACE_OUTER_BOUND('',#620,.T.);
#418=FACE_OUTER_BOUND('',#621,.T.);
#419=FACE_OUTER_BOUND('',#622,.T.);
#420=FACE_OUTER_BOUND('',#623,.T.);
#421=FACE_OUTER_BOUND('',#624,.T.);
#422=FACE_OUTER_BOUND('',#625,.T.);
#423=FACE_OUTER_BOUND('',#626,.T.);
#424=FACE_OUTER_BOUND('',#627,.T.);
#425=FACE_OUTER_BOUND('',#628,.T.);
#426=FACE_OUTER_BOUND('',#629,.T.);
#427=FACE_OUTER_BOUND('',#630,.T.);
#428=FACE_OUTER_BOUND('',#631,.T.);
#429=FACE_OUTER_BOUND('',#632,.T.);
#430=FACE_OUTER_BOUND('',#633,.T.);
#431=FACE_OUTER_BOUND('',#634,.T.);
#432=FACE_OUTER_BOUND('',#635,.T.);
#433=FACE_OUTER_BOUND('',#636,.T.);
#434=FACE_OUTER_BOUND('',#637,.T.);
#435=FACE_OUTER_BOUND('',#638,.T.);
#436=FACE_OUTER_BOUND('',#639,.T.);
#437=EDGE_LOOP('',(#2079,#2080,#2081,#2082));
#438=EDGE_LOOP('',(#2083,#2084,#2085,#2086));
#439=EDGE_LOOP('',(#2087,#2088,#2089,#2090));
#440=EDGE_LOOP('',(#2091,#2092,#2093,#2094));
#441=EDGE_LOOP('',(#2095,#2096,#2097,#2098));
#442=EDGE_LOOP('',(#2099,#2100,#2101,#2102));
#443=EDGE_LOOP('',(#2103,#2104,#2105,#2106));
#444=EDGE_LOOP('',(#2107,#2108,#2109,#2110));
#445=EDGE_LOOP('',(#2111,#2112,#2113,#2114));
#446=EDGE_LOOP('',(#2115,#2116,#2117,#2118));
#447=EDGE_LOOP('',(#2119,#2120,#2121,#2122));
#448=EDGE_LOOP('',(#2123,#2124,#2125,#2126));
#449=EDGE_LOOP('',(#2127,#2128,#2129,#2130,#2131,#2132,#2133,#2134,#2135,
#2136,#2137,#2138,#2139,#2140,#2141,#2142,#2143,#2144,#2145));
#450=EDGE_LOOP('',(#2146));
#451=EDGE_LOOP('',(#2147,#2148,#2149,#2150,#2151,#2152,#2153,#2154));
#452=EDGE_LOOP('',(#2155,#2156,#2157,#2158));
#453=EDGE_LOOP('',(#2159,#2160,#2161,#2162));
#454=EDGE_LOOP('',(#2163,#2164,#2165,#2166));
#455=EDGE_LOOP('',(#2167,#2168,#2169,#2170));
#456=EDGE_LOOP('',(#2171,#2172,#2173,#2174,#2175,#2176,#2177,#2178,#2179,
#2180,#2181,#2182,#2183,#2184,#2185,#2186,#2187,#2188,#2189));
#457=EDGE_LOOP('',(#2190));
#458=EDGE_LOOP('',(#2191,#2192,#2193,#2194));
#459=EDGE_LOOP('',(#2195,#2196,#2197,#2198));
#460=EDGE_LOOP('',(#2199,#2200,#2201,#2202));
#461=EDGE_LOOP('',(#2203,#2204,#2205,#2206));
#462=EDGE_LOOP('',(#2207,#2208,#2209,#2210));
#463=EDGE_LOOP('',(#2211,#2212,#2213,#2214));
#464=EDGE_LOOP('',(#2215,#2216,#2217,#2218,#2219,#2220));
#465=EDGE_LOOP('',(#2221));
#466=EDGE_LOOP('',(#2222,#2223,#2224,#2225,#2226,#2227,#2228,#2229));
#467=EDGE_LOOP('',(#2230,#2231,#2232,#2233,#2234,#2235));
#468=EDGE_LOOP('',(#2236,#2237,#2238,#2239,#2240,#2241));
#469=EDGE_LOOP('',(#2242,#2243,#2244,#2245));
#470=EDGE_LOOP('',(#2246,#2247,#2248,#2249));
#471=EDGE_LOOP('',(#2250,#2251,#2252,#2253,#2254,#2255,#2256,#2257));
#472=EDGE_LOOP('',(#2258,#2259,#2260,#2261));
#473=EDGE_LOOP('',(#2262,#2263,#2264,#2265));
#474=EDGE_LOOP('',(#2266,#2267,#2268,#2269,#2270,#2271,#2272,#2273,#2274));
#475=EDGE_LOOP('',(#2275,#2276,#2277,#2278));
#476=EDGE_LOOP('',(#2279,#2280,#2281,#2282));
#477=EDGE_LOOP('',(#2283,#2284,#2285,#2286,#2287));
#478=EDGE_LOOP('',(#2288,#2289,#2290,#2291));
#479=EDGE_LOOP('',(#2292,#2293,#2294,#2295,#2296));
#480=EDGE_LOOP('',(#2297,#2298,#2299,#2300,#2301));
#481=EDGE_LOOP('',(#2302,#2303,#2304,#2305,#2306,#2307,#2308,#2309));
#482=EDGE_LOOP('',(#2310,#2311,#2312,#2313));
#483=EDGE_LOOP('',(#2314,#2315,#2316,#2317,#2318,#2319,#2320));
#484=EDGE_LOOP('',(#2321,#2322,#2323,#2324));
#485=EDGE_LOOP('',(#2325,#2326,#2327,#2328));
#486=EDGE_LOOP('',(#2329,#2330,#2331,#2332));
#487=EDGE_LOOP('',(#2333,#2334,#2335,#2336,#2337,#2338,#2339));
#488=EDGE_LOOP('',(#2340,#2341,#2342,#2343));
#489=EDGE_LOOP('',(#2344,#2345,#2346,#2347,#2348,#2349,#2350,#2351,#2352));
#490=EDGE_LOOP('',(#2353,#2354,#2355,#2356,#2357,#2358,#2359,#2360,#2361));
#491=EDGE_LOOP('',(#2362,#2363,#2364,#2365,#2366,#2367,#2368,#2369,#2370,
#2371,#2372,#2373));
#492=EDGE_LOOP('',(#2374));
#493=EDGE_LOOP('',(#2375,#2376,#2377,#2378));
#494=EDGE_LOOP('',(#2379,#2380,#2381,#2382,#2383,#2384,#2385,#2386));
#495=EDGE_LOOP('',(#2387,#2388,#2389,#2390));
#496=EDGE_LOOP('',(#2391,#2392,#2393,#2394));
#497=EDGE_LOOP('',(#2395,#2396,#2397,#2398));
#498=EDGE_LOOP('',(#2399,#2400,#2401,#2402));
#499=EDGE_LOOP('',(#2403,#2404,#2405,#2406));
#500=EDGE_LOOP('',(#2407,#2408,#2409,#2410));
#501=EDGE_LOOP('',(#2411,#2412,#2413,#2414));
#502=EDGE_LOOP('',(#2415,#2416,#2417,#2418));
#503=EDGE_LOOP('',(#2419,#2420,#2421,#2422,#2423,#2424));
#504=EDGE_LOOP('',(#2425));
#505=EDGE_LOOP('',(#2426,#2427,#2428,#2429,#2430,#2431,#2432,#2433));
#506=EDGE_LOOP('',(#2434,#2435,#2436,#2437,#2438,#2439));
#507=EDGE_LOOP('',(#2440,#2441,#2442,#2443,#2444,#2445));
#508=EDGE_LOOP('',(#2446,#2447,#2448,#2449,#2450,#2451,#2452,#2453));
#509=EDGE_LOOP('',(#2454,#2455,#2456,#2457));
#510=EDGE_LOOP('',(#2458,#2459,#2460,#2461));
#511=EDGE_LOOP('',(#2462,#2463,#2464,#2465));
#512=EDGE_LOOP('',(#2466,#2467,#2468,#2469));
#513=EDGE_LOOP('',(#2470,#2471,#2472,#2473,#2474,#2475,#2476,#2477,#2478));
#514=EDGE_LOOP('',(#2479,#2480,#2481,#2482,#2483));
#515=EDGE_LOOP('',(#2484,#2485,#2486,#2487,#2488));
#516=EDGE_LOOP('',(#2489,#2490,#2491,#2492));
#517=EDGE_LOOP('',(#2493,#2494,#2495,#2496));
#518=EDGE_LOOP('',(#2497,#2498,#2499,#2500));
#519=EDGE_LOOP('',(#2501,#2502,#2503,#2504));
#520=EDGE_LOOP('',(#2505,#2506,#2507,#2508,#2509));
#521=EDGE_LOOP('',(#2510,#2511,#2512,#2513));
#522=EDGE_LOOP('',(#2514,#2515,#2516,#2517,#2518));
#523=EDGE_LOOP('',(#2519,#2520,#2521,#2522,#2523,#2524,#2525,#2526,#2527,
#2528,#2529,#2530,#2531,#2532,#2533));
#524=EDGE_LOOP('',(#2534));
#525=EDGE_LOOP('',(#2535,#2536,#2537,#2538));
#526=EDGE_LOOP('',(#2539,#2540,#2541,#2542,#2543,#2544,#2545,#2546));
#527=EDGE_LOOP('',(#2547,#2548,#2549,#2550,#2551,#2552,#2553,#2554,#2555,
#2556,#2557,#2558,#2559,#2560,#2561));
#528=EDGE_LOOP('',(#2562,#2563,#2564,#2565));
#529=EDGE_LOOP('',(#2566,#2567,#2568,#2569));
#530=EDGE_LOOP('',(#2570,#2571,#2572,#2573,#2574));
#531=EDGE_LOOP('',(#2575,#2576,#2577));
#532=EDGE_LOOP('',(#2578,#2579,#2580,#2581,#2582,#2583,#2584,#2585,#2586,
#2587,#2588,#2589,#2590,#2591));
#533=EDGE_LOOP('',(#2592));
#534=EDGE_LOOP('',(#2593,#2594,#2595));
#535=EDGE_LOOP('',(#2596,#2597,#2598,#2599,#2600,#2601,#2602));
#536=EDGE_LOOP('',(#2603,#2604,#2605,#2606,#2607));
#537=EDGE_LOOP('',(#2608,#2609,#2610,#2611));
#538=EDGE_LOOP('',(#2612,#2613,#2614,#2615,#2616));
#539=EDGE_LOOP('',(#2617,#2618,#2619,#2620));
#540=EDGE_LOOP('',(#2621,#2622,#2623,#2624,#2625));
#541=EDGE_LOOP('',(#2626,#2627,#2628,#2629,#2630,#2631));
#542=EDGE_LOOP('',(#2632,#2633,#2634));
#543=EDGE_LOOP('',(#2635,#2636,#2637));
#544=EDGE_LOOP('',(#2638,#2639,#2640,#2641,#2642));
#545=EDGE_LOOP('',(#2643,#2644,#2645,#2646));
#546=EDGE_LOOP('',(#2647,#2648,#2649,#2650,#2651));
#547=EDGE_LOOP('',(#2652,#2653,#2654,#2655,#2656,#2657));
#548=EDGE_LOOP('',(#2658,#2659,#2660,#2661,#2662));
#549=EDGE_LOOP('',(#2663,#2664,#2665,#2666));
#550=EDGE_LOOP('',(#2667,#2668,#2669,#2670,#2671));
#551=EDGE_LOOP('',(#2672,#2673,#2674,#2675));
#552=EDGE_LOOP('',(#2676));
#553=EDGE_LOOP('',(#2677,#2678,#2679,#2680,#2681,#2682,#2683,#2684));
#554=EDGE_LOOP('',(#2685,#2686,#2687,#2688));
#555=EDGE_LOOP('',(#2689));
#556=EDGE_LOOP('',(#2690));
#557=EDGE_LOOP('',(#2691,#2692,#2693,#2694));
#558=EDGE_LOOP('',(#2695,#2696,#2697,#2698,#2699));
#559=EDGE_LOOP('',(#2700,#2701,#2702));
#560=EDGE_LOOP('',(#2703,#2704,#2705));
#561=EDGE_LOOP('',(#2706,#2707,#2708,#2709));
#562=EDGE_LOOP('',(#2710));
#563=EDGE_LOOP('',(#2711,#2712,#2713));
#564=EDGE_LOOP('',(#2714,#2715,#2716));
#565=EDGE_LOOP('',(#2717,#2718,#2719,#2720));
#566=EDGE_LOOP('',(#2721));
#567=EDGE_LOOP('',(#2722,#2723,#2724));
#568=EDGE_LOOP('',(#2725,#2726,#2727));
#569=EDGE_LOOP('',(#2728,#2729,#2730,#2731));
#570=EDGE_LOOP('',(#2732));
#571=EDGE_LOOP('',(#2733,#2734,#2735));
#572=EDGE_LOOP('',(#2736,#2737,#2738));
#573=EDGE_LOOP('',(#2739,#2740,#2741,#2742));
#574=EDGE_LOOP('',(#2743));
#575=EDGE_LOOP('',(#2744,#2745,#2746,#2747));
#576=EDGE_LOOP('',(#2748,#2749,#2750,#2751));
#577=EDGE_LOOP('',(#2752,#2753,#2754,#2755));
#578=EDGE_LOOP('',(#2756,#2757,#2758,#2759));
#579=EDGE_LOOP('',(#2760,#2761,#2762,#2763));
#580=EDGE_LOOP('',(#2764,#2765,#2766,#2767));
#581=EDGE_LOOP('',(#2768,#2769,#2770,#2771));
#582=EDGE_LOOP('',(#2772,#2773,#2774,#2775));
#583=EDGE_LOOP('',(#2776,#2777,#2778,#2779));
#584=EDGE_LOOP('',(#2780,#2781,#2782,#2783,#2784,#2785));
#585=EDGE_LOOP('',(#2786,#2787,#2788,#2789));
#586=EDGE_LOOP('',(#2790,#2791,#2792,#2793));
#587=EDGE_LOOP('',(#2794,#2795,#2796,#2797));
#588=EDGE_LOOP('',(#2798,#2799,#2800,#2801,#2802,#2803));
#589=EDGE_LOOP('',(#2804,#2805,#2806,#2807));
#590=EDGE_LOOP('',(#2808,#2809,#2810,#2811));
#591=EDGE_LOOP('',(#2812,#2813,#2814,#2815,#2816,#2817));
#592=EDGE_LOOP('',(#2818,#2819,#2820,#2821));
#593=EDGE_LOOP('',(#2822,#2823,#2824,#2825));
#594=EDGE_LOOP('',(#2826,#2827,#2828,#2829));
#595=EDGE_LOOP('',(#2830,#2831,#2832,#2833,#2834,#2835));
#596=EDGE_LOOP('',(#2836,#2837,#2838,#2839));
#597=EDGE_LOOP('',(#2840,#2841,#2842,#2843));
#598=EDGE_LOOP('',(#2844,#2845,#2846,#2847));
#599=EDGE_LOOP('',(#2848,#2849,#2850,#2851));
#600=EDGE_LOOP('',(#2852,#2853,#2854,#2855));
#601=EDGE_LOOP('',(#2856,#2857,#2858,#2859));
#602=EDGE_LOOP('',(#2860,#2861,#2862,#2863,#2864,#2865,#2866,#2867,#2868));
#603=EDGE_LOOP('',(#2869,#2870,#2871,#2872));
#604=EDGE_LOOP('',(#2873,#2874,#2875,#2876));
#605=EDGE_LOOP('',(#2877));
#606=EDGE_LOOP('',(#2878,#2879,#2880,#2881,#2882));
#607=EDGE_LOOP('',(#2883));
#608=EDGE_LOOP('',(#2884,#2885,#2886,#2887));
#609=EDGE_LOOP('',(#2888));
#610=EDGE_LOOP('',(#2889,#2890,#2891,#2892,#2893));
#611=EDGE_LOOP('',(#2894,#2895,#2896,#2897,#2898));
#612=EDGE_LOOP('',(#2899,#2900,#2901));
#613=EDGE_LOOP('',(#2902,#2903,#2904,#2905,#2906));
#614=EDGE_LOOP('',(#2907,#2908,#2909,#2910,#2911));
#615=EDGE_LOOP('',(#2912,#2913,#2914,#2915,#2916));
#616=EDGE_LOOP('',(#2917));
#617=EDGE_LOOP('',(#2918,#2919,#2920,#2921,#2922));
#618=EDGE_LOOP('',(#2923,#2924,#2925,#2926,#2927));
#619=EDGE_LOOP('',(#2928,#2929,#2930,#2931,#2932,#2933,#2934,#2935,#2936,
#2937,#2938,#2939,#2940,#2941,#2942,#2943));
#620=EDGE_LOOP('',(#2944,#2945,#2946,#2947,#2948));
#621=EDGE_LOOP('',(#2949,#2950,#2951,#2952,#2953));
#622=EDGE_LOOP('',(#2954,#2955,#2956,#2957,#2958));
#623=EDGE_LOOP('',(#2959,#2960,#2961));
#624=EDGE_LOOP('',(#2962,#2963,#2964,#2965));
#625=EDGE_LOOP('',(#2966,#2967,#2968,#2969));
#626=EDGE_LOOP('',(#2970,#2971,#2972,#2973));
#627=EDGE_LOOP('',(#2974,#2975,#2976,#2977));
#628=EDGE_LOOP('',(#2978,#2979,#2980,#2981));
#629=EDGE_LOOP('',(#2982,#2983,#2984,#2985,#2986));
#630=EDGE_LOOP('',(#2987,#2988,#2989,#2990));
#631=EDGE_LOOP('',(#2991,#2992,#2993,#2994));
#632=EDGE_LOOP('',(#2995,#2996,#2997,#2998));
#633=EDGE_LOOP('',(#2999));
#634=EDGE_LOOP('',(#3000,#3001,#3002,#3003));
#635=EDGE_LOOP('',(#3004));
#636=EDGE_LOOP('',(#3005,#3006,#3007,#3008));
#637=EDGE_LOOP('',(#3009));
#638=EDGE_LOOP('',(#3010));
#639=EDGE_LOOP('',(#3011,#3012,#3013,#3014,#3015,#3016,#3017,#3018,#3019,
#3020,#3021,#3022,#3023,#3024,#3025,#3026));
#640=EDGE_LOOP('',(#3027));
#641=EDGE_LOOP('',(#3028));
#642=EDGE_LOOP('',(#3029));
#643=EDGE_LOOP('',(#3030));
#644=LINE('',#4307,#972);
#645=LINE('',#4309,#973);
#646=LINE('',#4311,#974);
#647=LINE('',#4312,#975);
#648=LINE('',#4316,#976);
#649=LINE('',#4322,#977);
#650=LINE('',#4323,#978);
#651=LINE('',#4324,#979);
#652=LINE('',#4328,#980);
#653=LINE('',#4334,#981);
#654=LINE('',#4335,#982);
#655=LINE('',#4336,#983);
#656=LINE('',#4340,#984);
#657=LINE('',#4346,#985);
#658=LINE('',#4347,#986);
#659=LINE('',#4348,#987);
#660=LINE('',#4354,#988);
#661=LINE('',#4357,#989);
#662=LINE('',#4360,#990);
#663=LINE('',#4361,#991);
#664=LINE('',#4364,#992);
#665=LINE('',#4368,#993);
#666=LINE('',#4369,#994);
#667=LINE('',#4373,#995);
#668=LINE('',#4375,#996);
#669=LINE('',#4377,#997);
#670=LINE('',#4379,#998);
#671=LINE('',#4381,#999);
#672=LINE('',#4383,#1000);
#673=LINE('',#4385,#1001);
#674=LINE('',#4387,#1002);
#675=LINE('',#4389,#1003);
#676=LINE('',#4391,#1004);
#677=LINE('',#4393,#1005);
#678=LINE('',#4395,#1006);
#679=LINE('',#4397,#1007);
#680=LINE('',#4399,#1008);
#681=LINE('',#4401,#1009);
#682=LINE('',#4403,#1010);
#683=LINE('',#4405,#1011);
#684=LINE('',#4407,#1012);
#685=LINE('',#4408,#1013);
#686=LINE('',#4413,#1014);
#687=LINE('',#4418,#1015);
#688=LINE('',#4423,#1016);
#689=LINE('',#4428,#1017);
#690=LINE('',#4432,#1018);
#691=LINE('',#4434,#1019);
#692=LINE('',#4436,#1020);
#693=LINE('',#4438,#1021);
#694=LINE('',#4440,#1022);
#695=LINE('',#4442,#1023);
#696=LINE('',#4444,#1024);
#697=LINE('',#4446,#1025);
#698=LINE('',#4448,#1026);
#699=LINE('',#4450,#1027);
#700=LINE('',#4452,#1028);
#701=LINE('',#4454,#1029);
#702=LINE('',#4456,#1030);
#703=LINE('',#4458,#1031);
#704=LINE('',#4460,#1032);
#705=LINE('',#4462,#1033);
#706=LINE('',#4464,#1034);
#707=LINE('',#4466,#1035);
#708=LINE('',#4467,#1036);
#709=LINE('',#4471,#1037);
#710=LINE('',#4473,#1038);
#711=LINE('',#4475,#1039);
#712=LINE('',#4476,#1040);
#713=LINE('',#4479,#1041);
#714=LINE('',#4481,#1042);
#715=LINE('',#4482,#1043);
#716=LINE('',#4485,#1044);
#717=LINE('',#4487,#1045);
#718=LINE('',#4488,#1046);
#719=LINE('',#4491,#1047);
#720=LINE('',#4493,#1048);
#721=LINE('',#4494,#1049);
#722=LINE('',#4497,#1050);
#723=LINE('',#4499,#1051);
#724=LINE('',#4500,#1052);
#725=LINE('',#4502,#1053);
#726=LINE('',#4503,#1054);
#727=LINE('',#4529,#1055);
#728=LINE('',#4531,#1056);
#729=LINE('',#4533,#1057);
#730=LINE('',#4535,#1058);
#731=LINE('',#4536,#1059);
#732=LINE('',#4540,#1060);
#733=LINE('',#4542,#1061);
#734=LINE('',#4544,#1062);
#735=LINE('',#4545,#1063);
#736=LINE('',#4546,#1064);
#737=LINE('',#4550,#1065);
#738=LINE('',#4551,#1066);
#739=LINE('',#4552,#1067);
#740=LINE('',#4555,#1068);
#741=LINE('',#4556,#1069);
#742=LINE('',#4567,#1070);
#743=LINE('',#4568,#1071);
#744=LINE('',#4570,#1072);
#745=LINE('',#4585,#1073);
#746=LINE('',#4587,#1074);
#747=LINE('',#4600,#1075);
#748=LINE('',#4753,#1076);
#749=LINE('',#4755,#1077);
#750=LINE('',#4762,#1078);
#751=LINE('',#4766,#1079);
#752=LINE('',#4768,#1080);
#753=LINE('',#4777,#1081);
#754=LINE('',#4779,#1082);
#755=LINE('',#4786,#1083);
#756=LINE('',#4787,#1084);
#757=LINE('',#4790,#1085);
#758=LINE('',#4792,#1086);
#759=LINE('',#4802,#1087);
#760=LINE('',#4803,#1088);
#761=LINE('',#4805,#1089);
#762=LINE('',#4807,#1090);
#763=LINE('',#4809,#1091);
#764=LINE('',#4810,#1092);
#765=LINE('',#4813,#1093);
#766=LINE('',#4815,#1094);
#767=LINE('',#4816,#1095);
#768=LINE('',#4820,#1096);
#769=LINE('',#4822,#1097);
#770=LINE('',#4824,#1098);
#771=LINE('',#4825,#1099);
#772=LINE('',#4829,#1100);
#773=LINE('',#4831,#1101);
#774=LINE('',#4833,#1102);
#775=LINE('',#4834,#1103);
#776=LINE('',#4837,#1104);
#777=LINE('',#4838,#1105);
#778=LINE('',#4840,#1106);
#779=LINE('',#4841,#1107);
#780=LINE('',#4845,#1108);
#781=LINE('',#4847,#1109);
#782=LINE('',#4849,#1110);
#783=LINE('',#4850,#1111);
#784=LINE('',#4853,#1112);
#785=LINE('',#4855,#1113);
#786=LINE('',#4856,#1114);
#787=LINE('',#4857,#1115);
#788=LINE('',#4858,#1116);
#789=LINE('',#4860,#1117);
#790=LINE('',#4862,#1118);
#791=LINE('',#4863,#1119);
#792=LINE('',#4864,#1120);
#793=LINE('',#4868,#1121);
#794=LINE('',#4870,#1122);
#795=LINE('',#4872,#1123);
#796=LINE('',#4874,#1124);
#797=LINE('',#4875,#1125);
#798=LINE('',#4889,#1126);
#799=LINE('',#4891,#1127);
#800=LINE('',#4893,#1128);
#801=LINE('',#4894,#1129);
#802=LINE('',#4897,#1130);
#803=LINE('',#4899,#1131);
#804=LINE('',#4900,#1132);
#805=LINE('',#4903,#1133);
#806=LINE('',#4905,#1134);
#807=LINE('',#4906,#1135);
#808=LINE('',#4909,#1136);
#809=LINE('',#4911,#1137);
#810=LINE('',#4912,#1138);
#811=LINE('',#4915,#1139);
#812=LINE('',#4917,#1140);
#813=LINE('',#4918,#1141);
#814=LINE('',#4920,#1142);
#815=LINE('',#4921,#1143);
#816=LINE('',#4947,#1144);
#817=LINE('',#4949,#1145);
#818=LINE('',#4951,#1146);
#819=LINE('',#4953,#1147);
#820=LINE('',#4954,#1148);
#821=LINE('',#4958,#1149);
#822=LINE('',#4960,#1150);
#823=LINE('',#4962,#1151);
#824=LINE('',#4963,#1152);
#825=LINE('',#4964,#1153);
#826=LINE('',#4975,#1154);
#827=LINE('',#4976,#1155);
#828=LINE('',#4978,#1156);
#829=LINE('',#4980,#1157);
#830=LINE('',#4996,#1158);
#831=LINE('',#4997,#1159);
#832=LINE('',#5000,#1160);
#833=LINE('',#5001,#1161);
#834=LINE('',#5003,#1162);
#835=LINE('',#5005,#1163);
#836=LINE('',#5013,#1164);
#837=LINE('',#5231,#1165);
#838=LINE('',#5239,#1166);
#839=LINE('',#5241,#1167);
#840=LINE('',#5243,#1168);
#841=LINE('',#5245,#1169);
#842=LINE('',#5247,#1170);
#843=LINE('',#5249,#1171);
#844=LINE('',#5251,#1172);
#845=LINE('',#5253,#1173);
#846=LINE('',#5254,#1174);
#847=LINE('',#5313,#1175);
#848=LINE('',#5315,#1176);
#849=LINE('',#5323,#1177);
#850=LINE('',#5326,#1178);
#851=LINE('',#5328,#1179);
#852=LINE('',#5330,#1180);
#853=LINE('',#5332,#1181);
#854=LINE('',#5334,#1182);
#855=LINE('',#5336,#1183);
#856=LINE('',#5338,#1184);
#857=LINE('',#5340,#1185);
#858=LINE('',#5342,#1186);
#859=LINE('',#5349,#1187);
#860=LINE('',#5350,#1188);
#861=LINE('',#5353,#1189);
#862=LINE('',#5354,#1190);
#863=LINE('',#5356,#1191);
#864=LINE('',#5371,#1192);
#865=LINE('',#5373,#1193);
#866=LINE('',#5375,#1194);
#867=LINE('',#5377,#1195);
#868=LINE('',#5379,#1196);
#869=LINE('',#5381,#1197);
#870=LINE('',#5382,#1198);
#871=LINE('',#5386,#1199);
#872=LINE('',#5415,#1200);
#873=LINE('',#5417,#1201);
#874=LINE('',#5500,#1202);
#875=LINE('',#5548,#1203);
#876=LINE('',#5601,#1204);
#877=LINE('',#5659,#1205);
#878=LINE('',#5687,#1206);
#879=LINE('',#5749,#1207);
#880=LINE('',#5806,#1208);
#881=LINE('',#5809,#1209);
#882=LINE('',#5950,#1210);
#883=LINE('',#5957,#1211);
#884=LINE('',#5961,#1212);
#885=LINE('',#5962,#1213);
#886=LINE('',#5965,#1214);
#887=LINE('',#5966,#1215);
#888=LINE('',#5968,#1216);
#889=LINE('',#5973,#1217);
#890=LINE('',#5974,#1218);
#891=LINE('',#5977,#1219);
#892=LINE('',#5978,#1220);
#893=LINE('',#5980,#1221);
#894=LINE('',#5985,#1222);
#895=LINE('',#5986,#1223);
#896=LINE('',#5989,#1224);
#897=LINE('',#5990,#1225);
#898=LINE('',#5992,#1226);
#899=LINE('',#5997,#1227);
#900=LINE('',#5998,#1228);
#901=LINE('',#6001,#1229);
#902=LINE('',#6002,#1230);
#903=LINE('',#6004,#1231);
#904=LINE('',#6008,#1232);
#905=LINE('',#6011,#1233);
#906=LINE('',#6012,#1234);
#907=LINE('',#6015,#1235);
#908=LINE('',#6016,#1236);
#909=LINE('',#6019,#1237);
#910=LINE('',#6020,#1238);
#911=LINE('',#6023,#1239);
#912=LINE('',#6024,#1240);
#913=LINE('',#6027,#1241);
#914=LINE('',#6028,#1242);
#915=LINE('',#6030,#1243);
#916=LINE('',#6033,#1244);
#917=LINE('',#6034,#1245);
#918=LINE('',#6037,#1246);
#919=LINE('',#6041,#1247);
#920=LINE('',#6042,#1248);
#921=LINE('',#6044,#1249);
#922=LINE('',#6047,#1250);
#923=LINE('',#6051,#1251);
#924=LINE('',#6052,#1252);
#925=LINE('',#6055,#1253);
#926=LINE('',#6056,#1254);
#927=LINE('',#6058,#1255);
#928=LINE('',#6061,#1256);
#929=LINE('',#6066,#1257);
#930=LINE('',#6067,#1258);
#931=LINE('',#6068,#1259);
#932=LINE('',#6070,#1260);
#933=LINE('',#6072,#1261);
#934=LINE('',#6075,#1262);
#935=LINE('',#6079,#1263);
#936=LINE('',#6080,#1264);
#937=LINE('',#6082,#1265);
#938=LINE('',#6084,#1266);
#939=LINE('',#6086,#1267);
#940=LINE('',#6088,#1268);
#941=LINE('',#6091,#1269);
#942=LINE('',#6093,#1270);
#943=LINE('',#6095,#1271);
#944=LINE('',#6098,#1272);
#945=LINE('',#6101,#1273);
#946=LINE('',#6106,#1274);
#947=LINE('',#6109,#1275);
#948=LINE('',#6114,#1276);
#949=LINE('',#6117,#1277);
#950=LINE('',#6133,#1278);
#951=LINE('',#6134,#1279);
#952=LINE('',#6148,#1280);
#953=LINE('',#6149,#1281);
#954=LINE('',#6154,#1282);
#955=LINE('',#6166,#1283);
#956=LINE('',#6169,#1284);
#957=LINE('',#6171,#1285);
#958=LINE('',#6184,#1286);
#959=LINE('',#6187,#1287);
#960=LINE('',#6192,#1288);
#961=LINE('',#6204,#1289);
#962=LINE('',#6207,#1290);
#963=LINE('',#6209,#1291);
#964=LINE('',#6223,#1292);
#965=LINE('',#6226,#1293);
#966=LINE('',#6244,#1294);
#967=LINE('',#6257,#1295);
#968=LINE('',#6271,#1296);
#969=LINE('',#6275,#1297);
#970=LINE('',#6280,#1298);
#971=LINE('',#6285,#1299);
#972=VECTOR('',#3554,10.);
#973=VECTOR('',#3555,10.);
#974=VECTOR('',#3556,10.);
#975=VECTOR('',#3557,10.);
#976=VECTOR('',#3560,10.);
#977=VECTOR('',#3567,10.);
#978=VECTOR('',#3568,10.);
#979=VECTOR('',#3569,10.);
#980=VECTOR('',#3572,10.);
#981=VECTOR('',#3579,10.);
#982=VECTOR('',#3580,10.);
#983=VECTOR('',#3581,10.);
#984=VECTOR('',#3584,10.);
#985=VECTOR('',#3591,10.);
#986=VECTOR('',#3592,10.);
#987=VECTOR('',#3593,10.);
#988=VECTOR('',#3602,10.);
#989=VECTOR('',#3605,10.);
#990=VECTOR('',#3608,10.);
#991=VECTOR('',#3609,10.);
#992=VECTOR('',#3612,10.);
#993=VECTOR('',#3617,10.);
#994=VECTOR('',#3618,10.);
#995=VECTOR('',#3621,10.);
#996=VECTOR('',#3622,10.);
#997=VECTOR('',#3623,10.);
#998=VECTOR('',#3624,10.);
#999=VECTOR('',#3625,10.);
#1000=VECTOR('',#3626,10.);
#1001=VECTOR('',#3627,10.);
#1002=VECTOR('',#3628,10.);
#1003=VECTOR('',#3629,10.);
#1004=VECTOR('',#3630,10.);
#1005=VECTOR('',#3631,10.);
#1006=VECTOR('',#3632,10.);
#1007=VECTOR('',#3633,10.);
#1008=VECTOR('',#3634,10.);
#1009=VECTOR('',#3635,10.);
#1010=VECTOR('',#3636,10.);
#1011=VECTOR('',#3637,10.);
#1012=VECTOR('',#3638,10.);
#1013=VECTOR('',#3639,10.);
#1014=VECTOR('',#3644,2.25);
#1015=VECTOR('',#3651,2.);
#1016=VECTOR('',#3656,2.25);
#1017=VECTOR('',#3663,2.);
#1018=VECTOR('',#3666,10.);
#1019=VECTOR('',#3667,10.);
#1020=VECTOR('',#3668,10.);
#1021=VECTOR('',#3669,10.);
#1022=VECTOR('',#3670,10.);
#1023=VECTOR('',#3671,10.);
#1024=VECTOR('',#3672,10.);
#1025=VECTOR('',#3673,10.);
#1026=VECTOR('',#3674,10.);
#1027=VECTOR('',#3675,10.);
#1028=VECTOR('',#3676,10.);
#1029=VECTOR('',#3677,10.);
#1030=VECTOR('',#3678,10.);
#1031=VECTOR('',#3679,10.);
#1032=VECTOR('',#3680,10.);
#1033=VECTOR('',#3681,10.);
#1034=VECTOR('',#3682,10.);
#1035=VECTOR('',#3683,10.);
#1036=VECTOR('',#3684,10.);
#1037=VECTOR('',#3687,10.);
#1038=VECTOR('',#3688,10.);
#1039=VECTOR('',#3689,10.);
#1040=VECTOR('',#3690,10.);
#1041=VECTOR('',#3693,10.);
#1042=VECTOR('',#3694,10.);
#1043=VECTOR('',#3695,10.);
#1044=VECTOR('',#3698,10.);
#1045=VECTOR('',#3699,10.);
#1046=VECTOR('',#3700,10.);
#1047=VECTOR('',#3703,10.);
#1048=VECTOR('',#3704,10.);
#1049=VECTOR('',#3705,10.);
#1050=VECTOR('',#3708,10.);
#1051=VECTOR('',#3709,10.);
#1052=VECTOR('',#3710,10.);
#1053=VECTOR('',#3713,10.);
#1054=VECTOR('',#3714,10.);
#1055=VECTOR('',#3719,10.);
#1056=VECTOR('',#3720,10.);
#1057=VECTOR('',#3721,10.);
#1058=VECTOR('',#3722,10.);
#1059=VECTOR('',#3723,10.);
#1060=VECTOR('',#3726,10.);
#1061=VECTOR('',#3727,10.);
#1062=VECTOR('',#3728,10.);
#1063=VECTOR('',#3729,10.);
#1064=VECTOR('',#3730,10.);
#1065=VECTOR('',#3733,10.);
#1066=VECTOR('',#3734,10.);
#1067=VECTOR('',#3735,10.);
#1068=VECTOR('',#3738,10.);
#1069=VECTOR('',#3739,10.);
#1070=VECTOR('',#3742,10.);
#1071=VECTOR('',#3743,10.);
#1072=VECTOR('',#3744,10.);
#1073=VECTOR('',#3747,10.);
#1074=VECTOR('',#3750,10.);
#1075=VECTOR('',#3753,10.);
#1076=VECTOR('',#3756,10.);
#1077=VECTOR('',#3757,10.);
#1078=VECTOR('',#3758,10.);
#1079=VECTOR('',#3761,10.);
#1080=VECTOR('',#3762,10.);
#1081=VECTOR('',#3763,10.);
#1082=VECTOR('',#3764,10.);
#1083=VECTOR('',#3765,10.);
#1084=VECTOR('',#3766,10.);
#1085=VECTOR('',#3769,10.);
#1086=VECTOR('',#3770,10.);
#1087=VECTOR('',#3773,10.);
#1088=VECTOR('',#3774,10.);
#1089=VECTOR('',#3775,10.);
#1090=VECTOR('',#3776,10.);
#1091=VECTOR('',#3777,10.);
#1092=VECTOR('',#3778,10.);
#1093=VECTOR('',#3781,10.);
#1094=VECTOR('',#3782,10.);
#1095=VECTOR('',#3783,10.);
#1096=VECTOR('',#3786,10.);
#1097=VECTOR('',#3787,10.);
#1098=VECTOR('',#3788,10.);
#1099=VECTOR('',#3789,10.);
#1100=VECTOR('',#3792,10.);
#1101=VECTOR('',#3793,10.);
#1102=VECTOR('',#3794,10.);
#1103=VECTOR('',#3795,10.);
#1104=VECTOR('',#3798,10.);
#1105=VECTOR('',#3799,10.);
#1106=VECTOR('',#3800,10.);
#1107=VECTOR('',#3801,10.);
#1108=VECTOR('',#3804,10.);
#1109=VECTOR('',#3805,10.);
#1110=VECTOR('',#3806,10.);
#1111=VECTOR('',#3807,10.);
#1112=VECTOR('',#3810,10.);
#1113=VECTOR('',#3811,10.);
#1114=VECTOR('',#3812,10.);
#1115=VECTOR('',#3813,10.);
#1116=VECTOR('',#3814,10.);
#1117=VECTOR('',#3817,10.);
#1118=VECTOR('',#3818,10.);
#1119=VECTOR('',#3819,10.);
#1120=VECTOR('',#3820,10.);
#1121=VECTOR('',#3825,10.);
#1122=VECTOR('',#3826,10.);
#1123=VECTOR('',#3827,10.);
#1124=VECTOR('',#3828,10.);
#1125=VECTOR('',#3829,10.);
#1126=VECTOR('',#3850,10.);
#1127=VECTOR('',#3851,10.);
#1128=VECTOR('',#3852,10.);
#1129=VECTOR('',#3853,10.);
#1130=VECTOR('',#3856,10.);
#1131=VECTOR('',#3857,10.);
#1132=VECTOR('',#3858,10.);
#1133=VECTOR('',#3861,10.);
#1134=VECTOR('',#3862,10.);
#1135=VECTOR('',#3863,10.);
#1136=VECTOR('',#3866,10.);
#1137=VECTOR('',#3867,10.);
#1138=VECTOR('',#3868,10.);
#1139=VECTOR('',#3871,10.);
#1140=VECTOR('',#3872,10.);
#1141=VECTOR('',#3873,10.);
#1142=VECTOR('',#3876,10.);
#1143=VECTOR('',#3877,10.);
#1144=VECTOR('',#3882,10.);
#1145=VECTOR('',#3883,10.);
#1146=VECTOR('',#3884,10.);
#1147=VECTOR('',#3885,10.);
#1148=VECTOR('',#3886,10.);
#1149=VECTOR('',#3889,10.);
#1150=VECTOR('',#3890,10.);
#1151=VECTOR('',#3891,10.);
#1152=VECTOR('',#3892,10.);
#1153=VECTOR('',#3893,10.);
#1154=VECTOR('',#3896,10.);
#1155=VECTOR('',#3897,10.);
#1156=VECTOR('',#3898,10.);
#1157=VECTOR('',#3899,10.);
#1158=VECTOR('',#3902,10.);
#1159=VECTOR('',#3903,10.);
#1160=VECTOR('',#3906,10.);
#1161=VECTOR('',#3907,10.);
#1162=VECTOR('',#3910,10.);
#1163=VECTOR('',#3913,10.);
#1164=VECTOR('',#3916,10.);
#1165=VECTOR('',#3919,10.);
#1166=VECTOR('',#3922,10.);
#1167=VECTOR('',#3923,10.);
#1168=VECTOR('',#3924,10.);
#1169=VECTOR('',#3925,10.);
#1170=VECTOR('',#3926,10.);
#1171=VECTOR('',#3927,10.);
#1172=VECTOR('',#3928,10.);
#1173=VECTOR('',#3929,10.);
#1174=VECTOR('',#3930,10.);
#1175=VECTOR('',#3933,10.);
#1176=VECTOR('',#3934,10.);
#1177=VECTOR('',#3935,10.);
#1178=VECTOR('',#3938,10.);
#1179=VECTOR('',#3939,10.);
#1180=VECTOR('',#3940,10.);
#1181=VECTOR('',#3941,10.);
#1182=VECTOR('',#3942,10.);
#1183=VECTOR('',#3943,10.);
#1184=VECTOR('',#3944,10.);
#1185=VECTOR('',#3945,10.);
#1186=VECTOR('',#3946,10.);
#1187=VECTOR('',#3949,10.);
#1188=VECTOR('',#3950,10.);
#1189=VECTOR('',#3953,10.);
#1190=VECTOR('',#3954,10.);
#1191=VECTOR('',#3957,10.);
#1192=VECTOR('',#3962,10.);
#1193=VECTOR('',#3963,10.);
#1194=VECTOR('',#3964,10.);
#1195=VECTOR('',#3965,10.);
#1196=VECTOR('',#3966,10.);
#1197=VECTOR('',#3967,10.);
#1198=VECTOR('',#3968,10.);
#1199=VECTOR('',#3973,10.);
#1200=VECTOR('',#3974,10.);
#1201=VECTOR('',#3975,10.);
#1202=VECTOR('',#3976,10.);
#1203=VECTOR('',#3979,10.);
#1204=VECTOR('',#3980,10.);
#1205=VECTOR('',#3981,10.);
#1206=VECTOR('',#3982,10.);
#1207=VECTOR('',#3985,10.);
#1208=VECTOR('',#3990,10.);
#1209=VECTOR('',#3993,10.);
#1210=VECTOR('',#3994,2.82842712474619);
#1211=VECTOR('',#4003,9.29903810567677);
#1212=VECTOR('',#4008,10.);
#1213=VECTOR('',#4009,10.);
#1214=VECTOR('',#4012,10.);
#1215=VECTOR('',#4013,10.);
#1216=VECTOR('',#4016,10.);
#1217=VECTOR('',#4021,10.);
#1218=VECTOR('',#4022,10.);
#1219=VECTOR('',#4025,10.);
#1220=VECTOR('',#4026,10.);
#1221=VECTOR('',#4029,10.);
#1222=VECTOR('',#4034,10.);
#1223=VECTOR('',#4035,10.);
#1224=VECTOR('',#4038,10.);
#1225=VECTOR('',#4039,10.);
#1226=VECTOR('',#4042,10.);
#1227=VECTOR('',#4047,10.);
#1228=VECTOR('',#4048,10.);
#1229=VECTOR('',#4051,10.);
#1230=VECTOR('',#4052,10.);
#1231=VECTOR('',#4055,10.);
#1232=VECTOR('',#4060,10.);
#1233=VECTOR('',#4063,10.);
#1234=VECTOR('',#4064,10.);
#1235=VECTOR('',#4067,10.);
#1236=VECTOR('',#4068,10.);
#1237=VECTOR('',#4071,10.);
#1238=VECTOR('',#4072,10.);
#1239=VECTOR('',#4075,10.);
#1240=VECTOR('',#4076,10.);
#1241=VECTOR('',#4079,10.);
#1242=VECTOR('',#4080,10.);
#1243=VECTOR('',#4083,10.);
#1244=VECTOR('',#4086,10.);
#1245=VECTOR('',#4087,10.);
#1246=VECTOR('',#4090,1.75000000000001);
#1247=VECTOR('',#4095,10.);
#1248=VECTOR('',#4096,10.);
#1249=VECTOR('',#4099,10.);
#1250=VECTOR('',#4102,1.75);
#1251=VECTOR('',#4107,10.);
#1252=VECTOR('',#4108,10.);
#1253=VECTOR('',#4111,10.);
#1254=VECTOR('',#4112,10.);
#1255=VECTOR('',#4115,10.);
#1256=VECTOR('',#4118,1.75000000000001);
#1257=VECTOR('',#4123,10.);
#1258=VECTOR('',#4124,10.);
#1259=VECTOR('',#4125,10.);
#1260=VECTOR('',#4128,10.);
#1261=VECTOR('',#4131,10.);
#1262=VECTOR('',#4134,1.75);
#1263=VECTOR('',#4139,10.);
#1264=VECTOR('',#4140,10.);
#1265=VECTOR('',#4143,10.);
#1266=VECTOR('',#4146,10.);
#1267=VECTOR('',#4149,10.);
#1268=VECTOR('',#4152,10.);
#1269=VECTOR('',#4157,6.99999999999999);
#1270=VECTOR('',#4160,10.);
#1271=VECTOR('',#4163,10.);
#1272=VECTOR('',#4166,10.);
#1273=VECTOR('',#4169,10.);
#1274=VECTOR('',#4174,10.);
#1275=VECTOR('',#4177,10.);
#1276=VECTOR('',#4182,10.);
#1277=VECTOR('',#4185,10.);
#1278=VECTOR('',#4190,10.);
#1279=VECTOR('',#4191,10.);
#1280=VECTOR('',#4194,10.);
#1281=VECTOR('',#4195,10.);
#1282=VECTOR('',#4202,10.);
#1283=VECTOR('',#4203,10.);
#1284=VECTOR('',#4206,10.);
#1285=VECTOR('',#4207,10.);
#1286=VECTOR('',#4210,10.);
#1287=VECTOR('',#4213,10.);
#1288=VECTOR('',#4218,10.);
#1289=VECTOR('',#4219,10.);
#1290=VECTOR('',#4222,10.);
#1291=VECTOR('',#4223,10.);
#1292=VECTOR('',#4228,10.);
#1293=VECTOR('',#4231,10.);
#1294=VECTOR('',#4244,10.);
#1295=VECTOR('',#4247,10.);
#1296=VECTOR('',#4272,1.09999999999999);
#1297=VECTOR('',#4277,1.09999999999999);
#1298=VECTOR('',#4284,1.1);
#1299=VECTOR('',#4291,1.1);
#1300=VERTEX_POINT('',#4305);
#1301=VERTEX_POINT('',#4306);
#1302=VERTEX_POINT('',#4308);
#1303=VERTEX_POINT('',#4310);
#1304=VERTEX_POINT('',#4314);
#1305=VERTEX_POINT('',#4315);
#1306=VERTEX_POINT('',#4320);
#1307=VERTEX_POINT('',#4321);
#1308=VERTEX_POINT('',#4326);
#1309=VERTEX_POINT('',#4327);
#1310=VERTEX_POINT('',#4332);
#1311=VERTEX_POINT('',#4333);
#1312=VERTEX_POINT('',#4338);
#1313=VERTEX_POINT('',#4339);
#1314=VERTEX_POINT('',#4344);
#1315=VERTEX_POINT('',#4345);
#1316=VERTEX_POINT('',#4353);
#1317=VERTEX_POINT('',#4355);
#1318=VERTEX_POINT('',#4359);
#1319=VERTEX_POINT('',#4363);
#1320=VERTEX_POINT('',#4367);
#1321=VERTEX_POINT('',#4371);
#1322=VERTEX_POINT('',#4372);
#1323=VERTEX_POINT('',#4374);
#1324=VERTEX_POINT('',#4376);
#1325=VERTEX_POINT('',#4378);
#1326=VERTEX_POINT('',#4380);
#1327=VERTEX_POINT('',#4382);
#1328=VERTEX_POINT('',#4384);
#1329=VERTEX_POINT('',#4386);
#1330=VERTEX_POINT('',#4388);
#1331=VERTEX_POINT('',#4390);
#1332=VERTEX_POINT('',#4392);
#1333=VERTEX_POINT('',#4394);
#1334=VERTEX_POINT('',#4396);
#1335=VERTEX_POINT('',#4398);
#1336=VERTEX_POINT('',#4400);
#1337=VERTEX_POINT('',#4402);
#1338=VERTEX_POINT('',#4404);
#1339=VERTEX_POINT('',#4406);
#1340=VERTEX_POINT('',#4409);
#1341=VERTEX_POINT('',#4412);
#1342=VERTEX_POINT('',#4416);
#1343=VERTEX_POINT('',#4420);
#1344=VERTEX_POINT('',#4422);
#1345=VERTEX_POINT('',#4426);
#1346=VERTEX_POINT('',#4430);
#1347=VERTEX_POINT('',#4431);
#1348=VERTEX_POINT('',#4433);
#1349=VERTEX_POINT('',#4435);
#1350=VERTEX_POINT('',#4437);
#1351=VERTEX_POINT('',#4439);
#1352=VERTEX_POINT('',#4441);
#1353=VERTEX_POINT('',#4443);
#1354=VERTEX_POINT('',#4445);
#1355=VERTEX_POINT('',#4447);
#1356=VERTEX_POINT('',#4449);
#1357=VERTEX_POINT('',#4451);
#1358=VERTEX_POINT('',#4453);
#1359=VERTEX_POINT('',#4455);
#1360=VERTEX_POINT('',#4457);
#1361=VERTEX_POINT('',#4459);
#1362=VERTEX_POINT('',#4461);
#1363=VERTEX_POINT('',#4463);
#1364=VERTEX_POINT('',#4465);
#1365=VERTEX_POINT('',#4469);
#1366=VERTEX_POINT('',#4470);
#1367=VERTEX_POINT('',#4472);
#1368=VERTEX_POINT('',#4474);
#1369=VERTEX_POINT('',#4478);
#1370=VERTEX_POINT('',#4480);
#1371=VERTEX_POINT('',#4484);
#1372=VERTEX_POINT('',#4486);
#1373=VERTEX_POINT('',#4490);
#1374=VERTEX_POINT('',#4492);
#1375=VERTEX_POINT('',#4496);
#1376=VERTEX_POINT('',#4498);
#1377=VERTEX_POINT('',#4506);
#1378=VERTEX_POINT('',#4507);
#1379=VERTEX_POINT('',#4514);
#1380=VERTEX_POINT('',#4521);
#1381=VERTEX_POINT('',#4528);
#1382=VERTEX_POINT('',#4530);
#1383=VERTEX_POINT('',#4532);
#1384=VERTEX_POINT('',#4534);
#1385=VERTEX_POINT('',#4538);
#1386=VERTEX_POINT('',#4539);
#1387=VERTEX_POINT('',#4541);
#1388=VERTEX_POINT('',#4543);
#1389=VERTEX_POINT('',#4548);
#1390=VERTEX_POINT('',#4549);
#1391=VERTEX_POINT('',#4554);
#1392=VERTEX_POINT('',#4558);
#1393=VERTEX_POINT('',#4559);
#1394=VERTEX_POINT('',#4566);
#1395=VERTEX_POINT('',#4569);
#1396=VERTEX_POINT('',#4571);
#1397=VERTEX_POINT('',#4589);
#1398=VERTEX_POINT('',#4594);
#1399=VERTEX_POINT('',#4599);
#1400=VERTEX_POINT('',#4621);
#1401=VERTEX_POINT('',#4626);
#1402=VERTEX_POINT('',#4651);
#1403=VERTEX_POINT('',#4679);
#1404=VERTEX_POINT('',#4686);
#1405=VERTEX_POINT('',#4734);
#1406=VERTEX_POINT('',#4741);
#1407=VERTEX_POINT('',#4751);
#1408=VERTEX_POINT('',#4752);
#1409=VERTEX_POINT('',#4754);
#1410=VERTEX_POINT('',#4764);
#1411=VERTEX_POINT('',#4765);
#1412=VERTEX_POINT('',#4767);
#1413=VERTEX_POINT('',#4769);
#1414=VERTEX_POINT('',#4776);
#1415=VERTEX_POINT('',#4778);
#1416=VERTEX_POINT('',#4780);
#1417=VERTEX_POINT('',#4785);
#1418=VERTEX_POINT('',#4789);
#1419=VERTEX_POINT('',#4791);
#1420=VERTEX_POINT('',#4800);
#1421=VERTEX_POINT('',#4801);
#1422=VERTEX_POINT('',#4804);
#1423=VERTEX_POINT('',#4806);
#1424=VERTEX_POINT('',#4808);
#1425=VERTEX_POINT('',#4812);
#1426=VERTEX_POINT('',#4814);
#1427=VERTEX_POINT('',#4818);
#1428=VERTEX_POINT('',#4819);
#1429=VERTEX_POINT('',#4821);
#1430=VERTEX_POINT('',#4823);
#1431=VERTEX_POINT('',#4827);
#1432=VERTEX_POINT('',#4828);
#1433=VERTEX_POINT('',#4830);
#1434=VERTEX_POINT('',#4832);
#1435=VERTEX_POINT('',#4836);
#1436=VERTEX_POINT('',#4839);
#1437=VERTEX_POINT('',#4843);
#1438=VERTEX_POINT('',#4844);
#1439=VERTEX_POINT('',#4846);
#1440=VERTEX_POINT('',#4848);
#1441=VERTEX_POINT('',#4852);
#1442=VERTEX_POINT('',#4854);
#1443=VERTEX_POINT('',#4861);
#1444=VERTEX_POINT('',#4867);
#1445=VERTEX_POINT('',#4869);
#1446=VERTEX_POINT('',#4871);
#1447=VERTEX_POINT('',#4873);
#1448=VERTEX_POINT('',#4876);
#1449=VERTEX_POINT('',#4887);
#1450=VERTEX_POINT('',#4888);
#1451=VERTEX_POINT('',#4890);
#1452=VERTEX_POINT('',#4892);
#1453=VERTEX_POINT('',#4896);
#1454=VERTEX_POINT('',#4898);
#1455=VERTEX_POINT('',#4902);
#1456=VERTEX_POINT('',#4904);
#1457=VERTEX_POINT('',#4908);
#1458=VERTEX_POINT('',#4910);
#1459=VERTEX_POINT('',#4914);
#1460=VERTEX_POINT('',#4916);
#1461=VERTEX_POINT('',#4924);
#1462=VERTEX_POINT('',#4925);
#1463=VERTEX_POINT('',#4932);
#1464=VERTEX_POINT('',#4939);
#1465=VERTEX_POINT('',#4946);
#1466=VERTEX_POINT('',#4948);
#1467=VERTEX_POINT('',#4950);
#1468=VERTEX_POINT('',#4952);
#1469=VERTEX_POINT('',#4956);
#1470=VERTEX_POINT('',#4957);
#1471=VERTEX_POINT('',#4959);
#1472=VERTEX_POINT('',#4961);
#1473=VERTEX_POINT('',#4966);
#1474=VERTEX_POINT('',#4967);
#1475=VERTEX_POINT('',#4974);
#1476=VERTEX_POINT('',#4977);
#1477=VERTEX_POINT('',#4979);
#1478=VERTEX_POINT('',#4981);
#1479=VERTEX_POINT('',#4995);
#1480=VERTEX_POINT('',#4999);
#1481=VERTEX_POINT('',#5007);
#1482=VERTEX_POINT('',#5012);
#1483=VERTEX_POINT('',#5014);
#1484=VERTEX_POINT('',#5065);
#1485=VERTEX_POINT('',#5090);
#1486=VERTEX_POINT('',#5117);
#1487=VERTEX_POINT('',#5144);
#1488=VERTEX_POINT('',#5149);
#1489=VERTEX_POINT('',#5198);
#1490=VERTEX_POINT('',#5233);
#1491=VERTEX_POINT('',#5238);
#1492=VERTEX_POINT('',#5240);
#1493=VERTEX_POINT('',#5242);
#1494=VERTEX_POINT('',#5244);
#1495=VERTEX_POINT('',#5246);
#1496=VERTEX_POINT('',#5248);
#1497=VERTEX_POINT('',#5250);
#1498=VERTEX_POINT('',#5252);
#1499=VERTEX_POINT('',#5255);
#1500=VERTEX_POINT('',#5312);
#1501=VERTEX_POINT('',#5314);
#1502=VERTEX_POINT('',#5316);
#1503=VERTEX_POINT('',#5325);
#1504=VERTEX_POINT('',#5327);
#1505=VERTEX_POINT('',#5329);
#1506=VERTEX_POINT('',#5331);
#1507=VERTEX_POINT('',#5333);
#1508=VERTEX_POINT('',#5335);
#1509=VERTEX_POINT('',#5337);
#1510=VERTEX_POINT('',#5339);
#1511=VERTEX_POINT('',#5341);
#1512=VERTEX_POINT('',#5348);
#1513=VERTEX_POINT('',#5352);
#1514=VERTEX_POINT('',#5357);
#1515=VERTEX_POINT('',#5370);
#1516=VERTEX_POINT('',#5372);
#1517=VERTEX_POINT('',#5374);
#1518=VERTEX_POINT('',#5376);
#1519=VERTEX_POINT('',#5378);
#1520=VERTEX_POINT('',#5380);
#1521=VERTEX_POINT('',#5383);
#1522=VERTEX_POINT('',#5403);
#1523=VERTEX_POINT('',#5404);
#1524=VERTEX_POINT('',#5409);
#1525=VERTEX_POINT('',#5414);
#1526=VERTEX_POINT('',#5416);
#1527=VERTEX_POINT('',#5418);
#1528=VERTEX_POINT('',#5425);
#1529=VERTEX_POINT('',#5450);
#1530=VERTEX_POINT('',#5457);
#1531=VERTEX_POINT('',#5464);
#1532=VERTEX_POINT('',#5495);
#1533=VERTEX_POINT('',#5569);
#1534=VERTEX_POINT('',#5594);
#1535=VERTEX_POINT('',#5634);
#1536=VERTEX_POINT('',#5680);
#1537=VERTEX_POINT('',#5767);
#1538=VERTEX_POINT('',#5803);
#1539=VERTEX_POINT('',#5805);
#1540=VERTEX_POINT('',#5807);
#1541=VERTEX_POINT('',#5952);
#1542=VERTEX_POINT('',#5954);
#1543=VERTEX_POINT('',#5960);
#1544=VERTEX_POINT('',#5964);
#1545=VERTEX_POINT('',#5969);
#1546=VERTEX_POINT('',#5972);
#1547=VERTEX_POINT('',#5976);
#1548=VERTEX_POINT('',#5981);
#1549=VERTEX_POINT('',#5984);
#1550=VERTEX_POINT('',#5988);
#1551=VERTEX_POINT('',#5993);
#1552=VERTEX_POINT('',#5996);
#1553=VERTEX_POINT('',#6000);
#1554=VERTEX_POINT('',#6005);
#1555=VERTEX_POINT('',#6010);
#1556=VERTEX_POINT('',#6014);
#1557=VERTEX_POINT('',#6018);
#1558=VERTEX_POINT('',#6022);
#1559=VERTEX_POINT('',#6026);
#1560=VERTEX_POINT('',#6032);
#1561=VERTEX_POINT('',#6036);
#1562=VERTEX_POINT('',#6040);
#1563=VERTEX_POINT('',#6046);
#1564=VERTEX_POINT('',#6050);
#1565=VERTEX_POINT('',#6054);
#1566=VERTEX_POINT('',#6060);
#1567=VERTEX_POINT('',#6064);
#1568=VERTEX_POINT('',#6065);
#1569=VERTEX_POINT('',#6074);
#1570=VERTEX_POINT('',#6078);
#1571=VERTEX_POINT('',#6097);
#1572=VERTEX_POINT('',#6099);
#1573=VERTEX_POINT('',#6102);
#1574=VERTEX_POINT('',#6105);
#1575=VERTEX_POINT('',#6107);
#1576=VERTEX_POINT('',#6110);
#1577=VERTEX_POINT('',#6113);
#1578=VERTEX_POINT('',#6115);
#1579=VERTEX_POINT('',#6118);
#1580=VERTEX_POINT('',#6121);
#1581=VERTEX_POINT('',#6122);
#1582=VERTEX_POINT('',#6136);
#1583=VERTEX_POINT('',#6137);
#1584=VERTEX_POINT('',#6153);
#1585=VERTEX_POINT('',#6155);
#1586=VERTEX_POINT('',#6168);
#1587=VERTEX_POINT('',#6170);
#1588=VERTEX_POINT('',#6183);
#1589=VERTEX_POINT('',#6185);
#1590=VERTEX_POINT('',#6188);
#1591=VERTEX_POINT('',#6191);
#1592=VERTEX_POINT('',#6193);
#1593=VERTEX_POINT('',#6206);
#1594=VERTEX_POINT('',#6208);
#1595=VERTEX_POINT('',#6222);
#1596=VERTEX_POINT('',#6224);
#1597=VERTEX_POINT('',#6233);
#1598=VERTEX_POINT('',#6246);
#1599=VERTEX_POINT('',#6270);
#1600=VERTEX_POINT('',#6274);
#1601=VERTEX_POINT('',#6279);
#1602=VERTEX_POINT('',#6284);
#1603=EDGE_CURVE('',#1300,#1301,#644,.T.);
#1604=EDGE_CURVE('',#1301,#1302,#645,.T.);
#1605=EDGE_CURVE('',#1302,#1303,#646,.T.);
#1606=EDGE_CURVE('',#1303,#1300,#647,.T.);
#1607=EDGE_CURVE('',#1304,#1305,#648,.T.);
#1608=EDGE_CURVE('',#1305,#1301,#188,.T.);
#1609=EDGE_CURVE('',#1300,#1304,#189,.T.);
#1610=EDGE_CURVE('',#1306,#1307,#649,.T.);
#1611=EDGE_CURVE('',#1307,#1305,#650,.T.);
#1612=EDGE_CURVE('',#1304,#1306,#651,.T.);
#1613=EDGE_CURVE('',#1308,#1309,#652,.T.);
#1614=EDGE_CURVE('',#1309,#1307,#190,.T.);
#1615=EDGE_CURVE('',#1306,#1308,#191,.T.);
#1616=EDGE_CURVE('',#1310,#1311,#653,.T.);
#1617=EDGE_CURVE('',#1311,#1309,#654,.T.);
#1618=EDGE_CURVE('',#1308,#1310,#655,.T.);
#1619=EDGE_CURVE('',#1312,#1313,#656,.T.);
#1620=EDGE_CURVE('',#1313,#1311,#192,.T.);
#1621=EDGE_CURVE('',#1310,#1312,#193,.T.);
#1622=EDGE_CURVE('',#1314,#1315,#657,.T.);
#1623=EDGE_CURVE('',#1315,#1313,#658,.T.);
#1624=EDGE_CURVE('',#1312,#1314,#659,.T.);
#1625=EDGE_CURVE('',#1302,#1315,#194,.T.);
#1626=EDGE_CURVE('',#1314,#1303,#195,.T.);
#1627=EDGE_CURVE('',#1306,#1316,#660,.T.);
#1628=EDGE_CURVE('',#1317,#1316,#196,.T.);
#1629=EDGE_CURVE('',#1308,#1317,#661,.T.);
#1630=EDGE_CURVE('',#1304,#1318,#662,.T.);
#1631=EDGE_CURVE('',#1316,#1318,#663,.T.);
#1632=EDGE_CURVE('',#1300,#1319,#664,.T.);
#1633=EDGE_CURVE('',#1318,#1319,#197,.T.);
#1634=EDGE_CURVE('',#1303,#1320,#665,.T.);
#1635=EDGE_CURVE('',#1319,#1320,#666,.T.);
#1636=EDGE_CURVE('',#1321,#1322,#667,.T.);
#1637=EDGE_CURVE('',#1322,#1323,#668,.T.);
#1638=EDGE_CURVE('',#1323,#1324,#669,.T.);
#1639=EDGE_CURVE('',#1324,#1325,#670,.T.);
#1640=EDGE_CURVE('',#1326,#1325,#671,.T.);
#1641=EDGE_CURVE('',#1326,#1327,#672,.T.);
#1642=EDGE_CURVE('',#1327,#1328,#673,.T.);
#1643=EDGE_CURVE('',#1328,#1329,#674,.T.);
#1644=EDGE_CURVE('',#1329,#1330,#675,.T.);
#1645=EDGE_CURVE('',#1330,#1331,#676,.T.);
#1646=EDGE_CURVE('',#1331,#1332,#677,.T.);
#1647=EDGE_CURVE('',#1332,#1333,#678,.T.);
#1648=EDGE_CURVE('',#1334,#1333,#679,.T.);
#1649=EDGE_CURVE('',#1335,#1334,#680,.T.);
#1650=EDGE_CURVE('',#1335,#1336,#681,.T.);
#1651=EDGE_CURVE('',#1337,#1336,#682,.T.);
#1652=EDGE_CURVE('',#1338,#1337,#683,.T.);
#1653=EDGE_CURVE('',#1338,#1339,#684,.T.);
#1654=EDGE_CURVE('',#1339,#1321,#685,.T.);
#1655=EDGE_CURVE('',#1340,#1340,#198,.T.);
#1656=EDGE_CURVE('',#1340,#1341,#686,.T.);
#1657=EDGE_CURVE('',#1341,#1341,#199,.T.);
#1658=EDGE_CURVE('',#1342,#1342,#200,.T.);
#1659=EDGE_CURVE('',#1342,#1341,#687,.T.);
#1660=EDGE_CURVE('',#1343,#1343,#201,.T.);
#1661=EDGE_CURVE('',#1343,#1344,#688,.T.);
#1662=EDGE_CURVE('',#1344,#1344,#202,.T.);
#1663=EDGE_CURVE('',#1345,#1345,#203,.T.);
#1664=EDGE_CURVE('',#1345,#1344,#689,.T.);
#1665=EDGE_CURVE('',#1346,#1347,#690,.T.);
#1666=EDGE_CURVE('',#1347,#1348,#691,.T.);
#1667=EDGE_CURVE('',#1349,#1348,#692,.T.);
#1668=EDGE_CURVE('',#1350,#1349,#693,.T.);
#1669=EDGE_CURVE('',#1350,#1351,#694,.T.);
#1670=EDGE_CURVE('',#1351,#1352,#695,.T.);
#1671=EDGE_CURVE('',#1352,#1353,#696,.T.);
#1672=EDGE_CURVE('',#1353,#1354,#697,.T.);
#1673=EDGE_CURVE('',#1354,#1355,#698,.T.);
#1674=EDGE_CURVE('',#1355,#1356,#699,.T.);
#1675=EDGE_CURVE('',#1357,#1356,#700,.T.);
#1676=EDGE_CURVE('',#1357,#1358,#701,.T.);
#1677=EDGE_CURVE('',#1358,#1359,#702,.T.);
#1678=EDGE_CURVE('',#1359,#1360,#703,.T.);
#1679=EDGE_CURVE('',#1360,#1361,#704,.T.);
#1680=EDGE_CURVE('',#1362,#1361,#705,.T.);
#1681=EDGE_CURVE('',#1362,#1363,#706,.T.);
#1682=EDGE_CURVE('',#1364,#1363,#707,.T.);
#1683=EDGE_CURVE('',#1364,#1346,#708,.T.);
#1684=EDGE_CURVE('',#1365,#1366,#709,.T.);
#1685=EDGE_CURVE('',#1365,#1367,#710,.T.);
#1686=EDGE_CURVE('',#1367,#1368,#711,.T.);
#1687=EDGE_CURVE('',#1366,#1368,#712,.T.);
#1688=EDGE_CURVE('',#1369,#1365,#713,.T.);
#1689=EDGE_CURVE('',#1369,#1370,#714,.T.);
#1690=EDGE_CURVE('',#1370,#1367,#715,.T.);
#1691=EDGE_CURVE('',#1371,#1369,#716,.T.);
#1692=EDGE_CURVE('',#1371,#1372,#717,.T.);
#1693=EDGE_CURVE('',#1372,#1370,#718,.T.);
#1694=EDGE_CURVE('',#1373,#1371,#719,.T.);
#1695=EDGE_CURVE('',#1373,#1374,#720,.T.);
#1696=EDGE_CURVE('',#1374,#1372,#721,.T.);
#1697=EDGE_CURVE('',#1375,#1373,#722,.T.);
#1698=EDGE_CURVE('',#1375,#1376,#723,.T.);
#1699=EDGE_CURVE('',#1376,#1374,#724,.T.);
#1700=EDGE_CURVE('',#1366,#1375,#725,.T.);
#1701=EDGE_CURVE('',#1368,#1376,#726,.T.);
#1702=EDGE_CURVE('',#1377,#1378,#53,.T.);
#1703=EDGE_CURVE('',#1379,#1377,#54,.T.);
#1704=EDGE_CURVE('',#1380,#1379,#55,.T.);
#1705=EDGE_CURVE('',#1381,#1380,#727,.T.);
#1706=EDGE_CURVE('',#1381,#1382,#728,.T.);
#1707=EDGE_CURVE('',#1383,#1382,#729,.T.);
#1708=EDGE_CURVE('',#1384,#1383,#730,.T.);
#1709=EDGE_CURVE('',#1378,#1384,#731,.T.);
#1710=EDGE_CURVE('',#1385,#1386,#732,.T.);
#1711=EDGE_CURVE('',#1386,#1387,#733,.T.);
#1712=EDGE_CURVE('',#1387,#1388,#734,.T.);
#1713=EDGE_CURVE('',#1388,#1383,#735,.T.);
#1714=EDGE_CURVE('',#1382,#1385,#736,.T.);
#1715=EDGE_CURVE('',#1389,#1390,#737,.T.);
#1716=EDGE_CURVE('',#1389,#1386,#738,.T.);
#1717=EDGE_CURVE('',#1390,#1385,#739,.T.);
#1718=EDGE_CURVE('',#1391,#1389,#740,.T.);
#1719=EDGE_CURVE('',#1391,#1387,#741,.T.);
#1720=EDGE_CURVE('',#1392,#1393,#56,.T.);
#1721=EDGE_CURVE('',#1394,#1392,#742,.T.);
#1722=EDGE_CURVE('',#1394,#1388,#743,.T.);
#1723=EDGE_CURVE('',#1395,#1391,#744,.T.);
#1724=EDGE_CURVE('',#1396,#1395,#57,.T.);
#1725=EDGE_CURVE('',#1393,#1396,#58,.T.);
#1726=EDGE_CURVE('',#1384,#1394,#745,.T.);
#1727=EDGE_CURVE('',#1390,#1381,#746,.T.);
#1728=EDGE_CURVE('',#1380,#1397,#59,.T.);
#1729=EDGE_CURVE('',#1397,#1398,#60,.T.);
#1730=EDGE_CURVE('',#1399,#1398,#747,.T.);
#1731=EDGE_CURVE('',#1399,#1395,#61,.T.);
#1732=EDGE_CURVE('',#1400,#1378,#62,.T.);
#1733=EDGE_CURVE('',#1401,#1400,#63,.T.);
#1734=EDGE_CURVE('',#1401,#1377,#64,.T.);
#1735=EDGE_CURVE('',#1402,#1379,#65,.T.);
#1736=EDGE_CURVE('',#1397,#1402,#66,.T.);
#1737=EDGE_CURVE('',#1403,#1399,#67,.T.);
#1738=EDGE_CURVE('',#1404,#1403,#68,.T.);
#1739=EDGE_CURVE('',#1396,#1404,#69,.T.);
#1740=EDGE_CURVE('',#1402,#1401,#70,.T.);
#1741=EDGE_CURVE('',#1405,#1404,#71,.T.);
#1742=EDGE_CURVE('',#1406,#1405,#72,.T.);
#1743=EDGE_CURVE('',#1393,#1406,#73,.T.);
#1744=EDGE_CURVE('',#1407,#1408,#748,.T.);
#1745=EDGE_CURVE('',#1409,#1408,#749,.T.);
#1746=EDGE_CURVE('',#1409,#1406,#74,.T.);
#1747=EDGE_CURVE('',#1407,#1405,#750,.T.);
#1748=EDGE_CURVE('',#1410,#1411,#751,.T.);
#1749=EDGE_CURVE('',#1412,#1411,#752,.T.);
#1750=EDGE_CURVE('',#1412,#1413,#75,.T.);
#1751=EDGE_CURVE('',#1413,#1414,#753,.T.);
#1752=EDGE_CURVE('',#1414,#1415,#754,.T.);
#1753=EDGE_CURVE('',#1415,#1416,#76,.T.);
#1754=EDGE_CURVE('',#1416,#1417,#755,.T.);
#1755=EDGE_CURVE('',#1410,#1417,#756,.T.);
#1756=EDGE_CURVE('',#1411,#1418,#757,.T.);
#1757=EDGE_CURVE('',#1419,#1418,#758,.T.);
#1758=EDGE_CURVE('',#1419,#1412,#77,.T.);
#1759=EDGE_CURVE('',#1420,#1421,#759,.T.);
#1760=EDGE_CURVE('',#1420,#1408,#760,.T.);
#1761=EDGE_CURVE('',#1422,#1407,#761,.T.);
#1762=EDGE_CURVE('',#1423,#1422,#762,.T.);
#1763=EDGE_CURVE('',#1424,#1423,#763,.T.);
#1764=EDGE_CURVE('',#1421,#1424,#764,.T.);
#1765=EDGE_CURVE('',#1421,#1425,#765,.T.);
#1766=EDGE_CURVE('',#1426,#1424,#766,.T.);
#1767=EDGE_CURVE('',#1425,#1426,#767,.T.);
#1768=EDGE_CURVE('',#1427,#1428,#768,.T.);
#1769=EDGE_CURVE('',#1427,#1429,#769,.T.);
#1770=EDGE_CURVE('',#1430,#1429,#770,.T.);
#1771=EDGE_CURVE('',#1428,#1430,#771,.T.);
#1772=EDGE_CURVE('',#1431,#1432,#772,.T.);
#1773=EDGE_CURVE('',#1431,#1433,#773,.T.);
#1774=EDGE_CURVE('',#1434,#1433,#774,.T.);
#1775=EDGE_CURVE('',#1432,#1434,#775,.T.);
#1776=EDGE_CURVE('',#1432,#1435,#776,.T.);
#1777=EDGE_CURVE('',#1418,#1434,#777,.T.);
#1778=EDGE_CURVE('',#1436,#1410,#778,.T.);
#1779=EDGE_CURVE('',#1435,#1436,#779,.T.);
#1780=EDGE_CURVE('',#1437,#1438,#780,.T.);
#1781=EDGE_CURVE('',#1439,#1437,#781,.T.);
#1782=EDGE_CURVE('',#1440,#1439,#782,.T.);
#1783=EDGE_CURVE('',#1438,#1440,#783,.T.);
#1784=EDGE_CURVE('',#1423,#1441,#784,.T.);
#1785=EDGE_CURVE('',#1441,#1442,#785,.T.);
#1786=EDGE_CURVE('',#1442,#1362,#786,.T.);
#1787=EDGE_CURVE('',#1361,#1430,#787,.T.);
#1788=EDGE_CURVE('',#1429,#1426,#788,.T.);
#1789=EDGE_CURVE('',#1439,#1334,#789,.T.);
#1790=EDGE_CURVE('',#1333,#1443,#790,.T.);
#1791=EDGE_CURVE('',#1443,#1419,#791,.T.);
#1792=EDGE_CURVE('',#1433,#1440,#792,.T.);
#1793=EDGE_CURVE('',#1437,#1428,#204,.T.);
#1794=EDGE_CURVE('',#1444,#1360,#793,.T.);
#1795=EDGE_CURVE('',#1445,#1444,#794,.T.);
#1796=EDGE_CURVE('',#1446,#1445,#795,.T.);
#1797=EDGE_CURVE('',#1446,#1447,#796,.T.);
#1798=EDGE_CURVE('',#1447,#1335,#797,.T.);
#1799=EDGE_CURVE('',#1448,#1448,#205,.T.);
#1800=EDGE_CURVE('',#1438,#1427,#206,.T.);
#1801=EDGE_CURVE('',#1431,#1425,#207,.T.);
#1802=EDGE_CURVE('',#1421,#1432,#208,.T.);
#1803=EDGE_CURVE('',#1435,#1420,#209,.T.);
#1804=EDGE_CURVE('',#1449,#1450,#798,.T.);
#1805=EDGE_CURVE('',#1449,#1451,#799,.T.);
#1806=EDGE_CURVE('',#1451,#1452,#800,.T.);
#1807=EDGE_CURVE('',#1450,#1452,#801,.T.);
#1808=EDGE_CURVE('',#1453,#1449,#802,.T.);
#1809=EDGE_CURVE('',#1453,#1454,#803,.T.);
#1810=EDGE_CURVE('',#1454,#1451,#804,.T.);
#1811=EDGE_CURVE('',#1455,#1453,#805,.T.);
#1812=EDGE_CURVE('',#1455,#1456,#806,.T.);
#1813=EDGE_CURVE('',#1456,#1454,#807,.T.);
#1814=EDGE_CURVE('',#1457,#1455,#808,.T.);
#1815=EDGE_CURVE('',#1457,#1458,#809,.T.);
#1816=EDGE_CURVE('',#1458,#1456,#810,.T.);
#1817=EDGE_CURVE('',#1459,#1457,#811,.T.);
#1818=EDGE_CURVE('',#1459,#1460,#812,.T.);
#1819=EDGE_CURVE('',#1460,#1458,#813,.T.);
#1820=EDGE_CURVE('',#1450,#1459,#814,.T.);
#1821=EDGE_CURVE('',#1452,#1460,#815,.T.);
#1822=EDGE_CURVE('',#1461,#1462,#78,.T.);
#1823=EDGE_CURVE('',#1463,#1461,#79,.T.);
#1824=EDGE_CURVE('',#1464,#1463,#80,.T.);
#1825=EDGE_CURVE('',#1465,#1464,#816,.T.);
#1826=EDGE_CURVE('',#1465,#1466,#817,.T.);
#1827=EDGE_CURVE('',#1467,#1466,#818,.T.);
#1828=EDGE_CURVE('',#1468,#1467,#819,.T.);
#1829=EDGE_CURVE('',#1462,#1468,#820,.T.);
#1830=EDGE_CURVE('',#1469,#1470,#821,.T.);
#1831=EDGE_CURVE('',#1470,#1471,#822,.T.);
#1832=EDGE_CURVE('',#1471,#1472,#823,.T.);
#1833=EDGE_CURVE('',#1472,#1467,#824,.T.);
#1834=EDGE_CURVE('',#1466,#1469,#825,.T.);
#1835=EDGE_CURVE('',#1473,#1474,#81,.T.);
#1836=EDGE_CURVE('',#1475,#1473,#826,.T.);
#1837=EDGE_CURVE('',#1475,#1470,#827,.T.);
#1838=EDGE_CURVE('',#1476,#1469,#828,.T.);
#1839=EDGE_CURVE('',#1477,#1476,#829,.T.);
#1840=EDGE_CURVE('',#1478,#1477,#82,.T.);
#1841=EDGE_CURVE('',#1474,#1478,#83,.T.);
#1842=EDGE_CURVE('',#1479,#1475,#830,.T.);
#1843=EDGE_CURVE('',#1479,#1471,#831,.T.);
#1844=EDGE_CURVE('',#1480,#1479,#832,.T.);
#1845=EDGE_CURVE('',#1480,#1472,#833,.T.);
#1846=EDGE_CURVE('',#1468,#1480,#834,.T.);
#1847=EDGE_CURVE('',#1476,#1465,#835,.T.);
#1848=EDGE_CURVE('',#1473,#1481,#84,.T.);
#1849=EDGE_CURVE('',#1481,#1482,#836,.T.);
#1850=EDGE_CURVE('',#1482,#1483,#85,.T.);
#1851=EDGE_CURVE('',#1483,#1462,#86,.T.);
#1852=EDGE_CURVE('',#1474,#1416,#87,.T.);
#1853=EDGE_CURVE('',#1481,#1415,#88,.T.);
#1854=EDGE_CURVE('',#1478,#1484,#89,.T.);
#1855=EDGE_CURVE('',#1417,#1484,#90,.T.);
#1856=EDGE_CURVE('',#1485,#1477,#91,.T.);
#1857=EDGE_CURVE('',#1484,#1485,#92,.T.);
#1858=EDGE_CURVE('',#1486,#1483,#93,.T.);
#1859=EDGE_CURVE('',#1486,#1461,#94,.T.);
#1860=EDGE_CURVE('',#1487,#1463,#95,.T.);
#1861=EDGE_CURVE('',#1488,#1487,#96,.T.);
#1862=EDGE_CURVE('',#1464,#1488,#97,.T.);
#1863=EDGE_CURVE('',#1486,#1487,#98,.T.);
#1864=EDGE_CURVE('',#1413,#1486,#99,.T.);
#1865=EDGE_CURVE('',#1412,#1489,#100,.T.);
#1866=EDGE_CURVE('',#1487,#1489,#101,.T.);
#1867=EDGE_CURVE('',#1413,#1482,#102,.T.);
#1868=EDGE_CURVE('',#1436,#1485,#837,.T.);
#1869=EDGE_CURVE('',#1488,#1490,#103,.T.);
#1870=EDGE_CURVE('',#1491,#1490,#838,.T.);
#1871=EDGE_CURVE('',#1492,#1491,#839,.T.);
#1872=EDGE_CURVE('',#1492,#1493,#840,.T.);
#1873=EDGE_CURVE('',#1494,#1493,#841,.T.);
#1874=EDGE_CURVE('',#1494,#1495,#842,.T.);
#1875=EDGE_CURVE('',#1496,#1495,#843,.T.);
#1876=EDGE_CURVE('',#1496,#1497,#844,.T.);
#1877=EDGE_CURVE('',#1498,#1497,#845,.T.);
#1878=EDGE_CURVE('',#1498,#1485,#846,.T.);
#1879=EDGE_CURVE('',#1499,#1499,#104,.T.);
#1880=EDGE_CURVE('',#1392,#1409,#105,.T.);
#1881=EDGE_CURVE('',#1500,#1403,#847,.T.);
#1882=EDGE_CURVE('',#1500,#1501,#848,.T.);
#1883=EDGE_CURVE('',#1501,#1502,#106,.T.);
#1884=EDGE_CURVE('',#1422,#1502,#849,.T.);
#1885=EDGE_CURVE('',#1503,#1409,#850,.T.);
#1886=EDGE_CURVE('',#1504,#1503,#851,.T.);
#1887=EDGE_CURVE('',#1504,#1505,#852,.T.);
#1888=EDGE_CURVE('',#1506,#1505,#853,.T.);
#1889=EDGE_CURVE('',#1506,#1507,#854,.T.);
#1890=EDGE_CURVE('',#1508,#1507,#855,.T.);
#1891=EDGE_CURVE('',#1508,#1509,#856,.T.);
#1892=EDGE_CURVE('',#1510,#1509,#857,.T.);
#1893=EDGE_CURVE('',#1510,#1511,#858,.T.);
#1894=EDGE_CURVE('',#1511,#1400,#107,.T.);
#1895=EDGE_CURVE('',#1512,#1399,#859,.T.);
#1896=EDGE_CURVE('',#1500,#1512,#860,.T.);
#1897=EDGE_CURVE('',#1513,#1414,#861,.T.);
#1898=EDGE_CURVE('',#1481,#1513,#862,.T.);
#1899=EDGE_CURVE('',#1398,#1512,#863,.T.);
#1900=EDGE_CURVE('',#1398,#1514,#108,.T.);
#1901=EDGE_CURVE('',#1514,#1501,#109,.T.);
#1902=EDGE_CURVE('',#1515,#1498,#864,.T.);
#1903=EDGE_CURVE('',#1515,#1516,#865,.T.);
#1904=EDGE_CURVE('',#1517,#1516,#866,.T.);
#1905=EDGE_CURVE('',#1518,#1517,#867,.T.);
#1906=EDGE_CURVE('',#1519,#1518,#868,.T.);
#1907=EDGE_CURVE('',#1519,#1520,#869,.T.);
#1908=EDGE_CURVE('',#1503,#1520,#870,.T.);
#1909=EDGE_CURVE('',#1521,#1521,#210,.T.);
#1910=EDGE_CURVE('',#1513,#1482,#871,.T.);
#1911=EDGE_CURVE('',#1522,#1523,#110,.T.);
#1912=EDGE_CURVE('',#1524,#1522,#111,.T.);
#1913=EDGE_CURVE('',#1524,#1525,#872,.T.);
#1914=EDGE_CURVE('',#1525,#1526,#873,.T.);
#1915=EDGE_CURVE('',#1527,#1526,#112,.T.);
#1916=EDGE_CURVE('',#1528,#1527,#113,.T.);
#1917=EDGE_CURVE('',#1523,#1528,#114,.T.);
#1918=EDGE_CURVE('',#1523,#1529,#115,.T.);
#1919=EDGE_CURVE('',#1530,#1528,#116,.T.);
#1920=EDGE_CURVE('',#1531,#1530,#117,.T.);
#1921=EDGE_CURVE('',#1529,#1531,#118,.T.);
#1922=EDGE_CURVE('',#1511,#1531,#119,.T.);
#1923=EDGE_CURVE('',#1532,#1511,#120,.T.);
#1924=EDGE_CURVE('',#1532,#1529,#874,.T.);
#1925=EDGE_CURVE('',#1487,#1529,#121,.T.);
#1926=EDGE_CURVE('',#1489,#1522,#122,.T.);
#1927=EDGE_CURVE('',#1529,#1490,#123,.T.);
#1928=EDGE_CURVE('',#1491,#1510,#875,.T.);
#1929=EDGE_CURVE('',#1490,#1532,#124,.T.);
#1930=EDGE_CURVE('',#1533,#1530,#125,.T.);
#1931=EDGE_CURVE('',#1533,#1401,#126,.T.);
#1932=EDGE_CURVE('',#1534,#1524,#127,.T.);
#1933=EDGE_CURVE('',#1534,#1525,#876,.T.);
#1934=EDGE_CURVE('',#1535,#1527,#128,.T.);
#1935=EDGE_CURVE('',#1535,#1533,#129,.T.);
#1936=EDGE_CURVE('',#1526,#1442,#877,.T.);
#1937=EDGE_CURVE('',#1442,#1535,#130,.T.);
#1938=EDGE_CURVE('',#1536,#1441,#131,.T.);
#1939=EDGE_CURVE('',#1502,#1536,#878,.T.);
#1940=EDGE_CURVE('',#1502,#1535,#132,.T.);
#1941=EDGE_CURVE('',#1514,#1533,#133,.T.);
#1942=EDGE_CURVE('',#1489,#1443,#134,.T.);
#1943=EDGE_CURVE('',#1443,#1534,#879,.T.);
#1944=EDGE_CURVE('',#1537,#1537,#135,.T.);
#1945=EDGE_CURVE('',#1320,#1538,#211,.T.);
#1946=EDGE_CURVE('',#1538,#1539,#880,.T.);
#1947=EDGE_CURVE('',#1539,#1540,#212,.T.);
#1948=EDGE_CURVE('',#1540,#1317,#881,.T.);
#1949=EDGE_CURVE('',#1537,#1499,#882,.T.);
#1950=EDGE_CURVE('',#1541,#1541,#213,.T.);
#1951=EDGE_CURVE('',#1542,#1542,#214,.T.);
#1952=EDGE_CURVE('',#1448,#1541,#883,.T.);
#1953=EDGE_CURVE('',#1339,#1543,#884,.T.);
#1954=EDGE_CURVE('',#1543,#1338,#885,.T.);
#1955=EDGE_CURVE('',#1544,#1336,#886,.T.);
#1956=EDGE_CURVE('',#1337,#1544,#887,.T.);
#1957=EDGE_CURVE('',#1544,#1543,#888,.T.);
#1958=EDGE_CURVE('',#1545,#1545,#215,.T.);
#1959=EDGE_CURVE('',#1351,#1546,#889,.T.);
#1960=EDGE_CURVE('',#1546,#1350,#890,.T.);
#1961=EDGE_CURVE('',#1547,#1348,#891,.T.);
#1962=EDGE_CURVE('',#1349,#1547,#892,.T.);
#1963=EDGE_CURVE('',#1547,#1546,#893,.T.);
#1964=EDGE_CURVE('',#1548,#1548,#216,.T.);
#1965=EDGE_CURVE('',#1359,#1549,#894,.T.);
#1966=EDGE_CURVE('',#1358,#1549,#895,.T.);
#1967=EDGE_CURVE('',#1550,#1356,#896,.T.);
#1968=EDGE_CURVE('',#1550,#1357,#897,.T.);
#1969=EDGE_CURVE('',#1550,#1549,#898,.T.);
#1970=EDGE_CURVE('',#1551,#1551,#217,.T.);
#1971=EDGE_CURVE('',#1328,#1552,#899,.T.);
#1972=EDGE_CURVE('',#1327,#1552,#900,.T.);
#1973=EDGE_CURVE('',#1553,#1325,#901,.T.);
#1974=EDGE_CURVE('',#1553,#1326,#902,.T.);
#1975=EDGE_CURVE('',#1553,#1552,#903,.T.);
#1976=EDGE_CURVE('',#1554,#1554,#218,.T.);
#1977=EDGE_CURVE('',#1549,#1444,#904,.T.);
#1978=EDGE_CURVE('',#1355,#1555,#905,.T.);
#1979=EDGE_CURVE('',#1555,#1550,#906,.T.);
#1980=EDGE_CURVE('',#1556,#1347,#907,.T.);
#1981=EDGE_CURVE('',#1556,#1547,#908,.T.);
#1982=EDGE_CURVE('',#1546,#1557,#909,.T.);
#1983=EDGE_CURVE('',#1557,#1352,#910,.T.);
#1984=EDGE_CURVE('',#1552,#1558,#911,.T.);
#1985=EDGE_CURVE('',#1329,#1558,#912,.T.);
#1986=EDGE_CURVE('',#1324,#1559,#913,.T.);
#1987=EDGE_CURVE('',#1559,#1553,#914,.T.);
#1988=EDGE_CURVE('',#1447,#1544,#915,.T.);
#1989=EDGE_CURVE('',#1543,#1560,#916,.T.);
#1990=EDGE_CURVE('',#1560,#1321,#917,.T.);
#1991=EDGE_CURVE('',#1545,#1561,#918,.T.);
#1992=EDGE_CURVE('',#1561,#1561,#219,.T.);
#1993=EDGE_CURVE('',#1446,#1562,#919,.T.);
#1994=EDGE_CURVE('',#1562,#1560,#920,.T.);
#1995=EDGE_CURVE('',#1562,#1322,#921,.T.);
#1996=EDGE_CURVE('',#1548,#1563,#922,.T.);
#1997=EDGE_CURVE('',#1563,#1563,#220,.T.);
#1998=EDGE_CURVE('',#1353,#1564,#923,.T.);
#1999=EDGE_CURVE('',#1564,#1557,#924,.T.);
#2000=EDGE_CURVE('',#1564,#1565,#925,.T.);
#2001=EDGE_CURVE('',#1565,#1556,#926,.T.);
#2002=EDGE_CURVE('',#1565,#1346,#927,.T.);
#2003=EDGE_CURVE('',#1554,#1566,#928,.T.);
#2004=EDGE_CURVE('',#1566,#1566,#221,.T.);
#2005=EDGE_CURVE('',#1567,#1568,#929,.T.);
#2006=EDGE_CURVE('',#1568,#1558,#930,.T.);
#2007=EDGE_CURVE('',#1567,#1559,#931,.T.);
#2008=EDGE_CURVE('',#1323,#1567,#932,.T.);
#2009=EDGE_CURVE('',#1568,#1330,#933,.T.);
#2010=EDGE_CURVE('',#1551,#1569,#934,.T.);
#2011=EDGE_CURVE('',#1569,#1569,#222,.T.);
#2012=EDGE_CURVE('',#1445,#1570,#935,.T.);
#2013=EDGE_CURVE('',#1570,#1555,#936,.T.);
#2014=EDGE_CURVE('',#1570,#1354,#937,.T.);
#2015=EDGE_CURVE('',#1314,#1538,#938,.T.);
#2016=EDGE_CURVE('',#1312,#1539,#939,.T.);
#2017=EDGE_CURVE('',#1310,#1540,#940,.T.);
#2018=EDGE_CURVE('',#1542,#1521,#941,.T.);
#2019=EDGE_CURVE('',#1363,#1332,#942,.T.);
#2020=EDGE_CURVE('',#1331,#1364,#943,.T.);
#2021=EDGE_CURVE('',#1493,#1571,#944,.T.);
#2022=EDGE_CURVE('',#1571,#1572,#223,.T.);
#2023=EDGE_CURVE('',#1572,#1494,#945,.T.);
#2024=EDGE_CURVE('',#1573,#1573,#224,.T.);
#2025=EDGE_CURVE('',#1497,#1574,#946,.T.);
#2026=EDGE_CURVE('',#1574,#1575,#225,.T.);
#2027=EDGE_CURVE('',#1575,#1515,#947,.T.);
#2028=EDGE_CURVE('',#1576,#1576,#226,.T.);
#2029=EDGE_CURVE('',#1507,#1577,#948,.T.);
#2030=EDGE_CURVE('',#1577,#1578,#227,.T.);
#2031=EDGE_CURVE('',#1578,#1508,#949,.T.);
#2032=EDGE_CURVE('',#1579,#1579,#228,.T.);
#2033=EDGE_CURVE('',#1580,#1581,#136,.T.);
#2034=EDGE_CURVE('',#1574,#1580,#950,.T.);
#2035=EDGE_CURVE('',#1581,#1496,#951,.T.);
#2036=EDGE_CURVE('',#1582,#1583,#137,.T.);
#2037=EDGE_CURVE('',#1516,#1582,#952,.T.);
#2038=EDGE_CURVE('',#1583,#1575,#953,.T.);
#2039=EDGE_CURVE('',#1517,#1582,#229,.T.);
#2040=EDGE_CURVE('',#1584,#1572,#954,.T.);
#2041=EDGE_CURVE('',#1585,#1584,#138,.T.);
#2042=EDGE_CURVE('',#1495,#1585,#955,.T.);
#2043=EDGE_CURVE('',#1571,#1586,#956,.T.);
#2044=EDGE_CURVE('',#1587,#1492,#957,.T.);
#2045=EDGE_CURVE('',#1586,#1587,#139,.T.);
#2046=EDGE_CURVE('',#1520,#1588,#958,.T.);
#2047=EDGE_CURVE('',#1588,#1589,#230,.T.);
#2048=EDGE_CURVE('',#1589,#1504,#959,.T.);
#2049=EDGE_CURVE('',#1590,#1590,#231,.T.);
#2050=EDGE_CURVE('',#1591,#1589,#960,.T.);
#2051=EDGE_CURVE('',#1592,#1591,#140,.T.);
#2052=EDGE_CURVE('',#1505,#1592,#961,.T.);
#2053=EDGE_CURVE('',#1588,#1593,#962,.T.);
#2054=EDGE_CURVE('',#1594,#1519,#963,.T.);
#2055=EDGE_CURVE('',#1593,#1594,#141,.T.);
#2056=EDGE_CURVE('',#1587,#1585,#232,.T.);
#2057=EDGE_CURVE('',#1509,#1595,#964,.T.);
#2058=EDGE_CURVE('',#1596,#1595,#233,.T.);
#2059=EDGE_CURVE('',#1596,#1506,#965,.T.);
#2060=EDGE_CURVE('',#1518,#1592,#234,.T.);
#2061=EDGE_CURVE('',#1581,#1517,#235,.T.);
#2062=EDGE_CURVE('',#1594,#1518,#236,.T.);
#2063=EDGE_CURVE('',#1591,#1593,#237,.T.);
#2064=EDGE_CURVE('',#1597,#1596,#142,.T.);
#2065=EDGE_CURVE('',#1577,#1597,#966,.T.);
#2066=EDGE_CURVE('',#1595,#1598,#143,.T.);
#2067=EDGE_CURVE('',#1598,#1578,#967,.T.);
#2068=EDGE_CURVE('',#1598,#1597,#238,.T.);
#2069=EDGE_CURVE('',#1584,#1586,#239,.T.);
#2070=EDGE_CURVE('',#1583,#1580,#240,.T.);
#2071=EDGE_CURVE('',#1576,#1599,#968,.T.);
#2072=EDGE_CURVE('',#1599,#1599,#241,.T.);
#2073=EDGE_CURVE('',#1573,#1600,#969,.T.);
#2074=EDGE_CURVE('',#1600,#1600,#242,.T.);
#2075=EDGE_CURVE('',#1590,#1601,#970,.T.);
#2076=EDGE_CURVE('',#1601,#1601,#243,.T.);
#2077=EDGE_CURVE('',#1579,#1602,#971,.T.);
#2078=EDGE_CURVE('',#1602,#1602,#244,.T.);
#2079=ORIENTED_EDGE('',*,*,#1603,.T.);
#2080=ORIENTED_EDGE('',*,*,#1604,.T.);
#2081=ORIENTED_EDGE('',*,*,#1605,.T.);
#2082=ORIENTED_EDGE('',*,*,#1606,.T.);
#2083=ORIENTED_EDGE('',*,*,#1607,.T.);
#2084=ORIENTED_EDGE('',*,*,#1608,.T.);
#2085=ORIENTED_EDGE('',*,*,#1603,.F.);
#2086=ORIENTED_EDGE('',*,*,#1609,.T.);
#2087=ORIENTED_EDGE('',*,*,#1610,.T.);
#2088=ORIENTED_EDGE('',*,*,#1611,.T.);
#2089=ORIENTED_EDGE('',*,*,#1607,.F.);
#2090=ORIENTED_EDGE('',*,*,#1612,.T.);
#2091=ORIENTED_EDGE('',*,*,#1613,.T.);
#2092=ORIENTED_EDGE('',*,*,#1614,.T.);
#2093=ORIENTED_EDGE('',*,*,#1610,.F.);
#2094=ORIENTED_EDGE('',*,*,#1615,.T.);
#2095=ORIENTED_EDGE('',*,*,#1616,.T.);
#2096=ORIENTED_EDGE('',*,*,#1617,.T.);
#2097=ORIENTED_EDGE('',*,*,#1613,.F.);
#2098=ORIENTED_EDGE('',*,*,#1618,.T.);
#2099=ORIENTED_EDGE('',*,*,#1619,.T.);
#2100=ORIENTED_EDGE('',*,*,#1620,.T.);
#2101=ORIENTED_EDGE('',*,*,#1616,.F.);
#2102=ORIENTED_EDGE('',*,*,#1621,.T.);
#2103=ORIENTED_EDGE('',*,*,#1622,.T.);
#2104=ORIENTED_EDGE('',*,*,#1623,.T.);
#2105=ORIENTED_EDGE('',*,*,#1619,.F.);
#2106=ORIENTED_EDGE('',*,*,#1624,.T.);
#2107=ORIENTED_EDGE('',*,*,#1605,.F.);
#2108=ORIENTED_EDGE('',*,*,#1625,.T.);
#2109=ORIENTED_EDGE('',*,*,#1622,.F.);
#2110=ORIENTED_EDGE('',*,*,#1626,.T.);
#2111=ORIENTED_EDGE('',*,*,#1615,.F.);
#2112=ORIENTED_EDGE('',*,*,#1627,.T.);
#2113=ORIENTED_EDGE('',*,*,#1628,.F.);
#2114=ORIENTED_EDGE('',*,*,#1629,.F.);
#2115=ORIENTED_EDGE('',*,*,#1612,.F.);
#2116=ORIENTED_EDGE('',*,*,#1630,.T.);
#2117=ORIENTED_EDGE('',*,*,#1631,.F.);
#2118=ORIENTED_EDGE('',*,*,#1627,.F.);
#2119=ORIENTED_EDGE('',*,*,#1609,.F.);
#2120=ORIENTED_EDGE('',*,*,#1632,.T.);
#2121=ORIENTED_EDGE('',*,*,#1633,.F.);
#2122=ORIENTED_EDGE('',*,*,#1630,.F.);
#2123=ORIENTED_EDGE('',*,*,#1606,.F.);
#2124=ORIENTED_EDGE('',*,*,#1634,.T.);
#2125=ORIENTED_EDGE('',*,*,#1635,.F.);
#2126=ORIENTED_EDGE('',*,*,#1632,.F.);
#2127=ORIENTED_EDGE('',*,*,#1636,.T.);
#2128=ORIENTED_EDGE('',*,*,#1637,.T.);
#2129=ORIENTED_EDGE('',*,*,#1638,.T.);
#2130=ORIENTED_EDGE('',*,*,#1639,.T.);
#2131=ORIENTED_EDGE('',*,*,#1640,.F.);
#2132=ORIENTED_EDGE('',*,*,#1641,.T.);
#2133=ORIENTED_EDGE('',*,*,#1642,.T.);
#2134=ORIENTED_EDGE('',*,*,#1643,.T.);
#2135=ORIENTED_EDGE('',*,*,#1644,.T.);
#2136=ORIENTED_EDGE('',*,*,#1645,.T.);
#2137=ORIENTED_EDGE('',*,*,#1646,.T.);
#2138=ORIENTED_EDGE('',*,*,#1647,.T.);
#2139=ORIENTED_EDGE('',*,*,#1648,.F.);
#2140=ORIENTED_EDGE('',*,*,#1649,.F.);
#2141=ORIENTED_EDGE('',*,*,#1650,.T.);
#2142=ORIENTED_EDGE('',*,*,#1651,.F.);
#2143=ORIENTED_EDGE('',*,*,#1652,.F.);
#2144=ORIENTED_EDGE('',*,*,#1653,.T.);
#2145=ORIENTED_EDGE('',*,*,#1654,.T.);
#2146=ORIENTED_EDGE('',*,*,#1655,.F.);
#2147=ORIENTED_EDGE('',*,*,#1604,.F.);
#2148=ORIENTED_EDGE('',*,*,#1608,.F.);
#2149=ORIENTED_EDGE('',*,*,#1611,.F.);
#2150=ORIENTED_EDGE('',*,*,#1614,.F.);
#2151=ORIENTED_EDGE('',*,*,#1617,.F.);
#2152=ORIENTED_EDGE('',*,*,#1620,.F.);
#2153=ORIENTED_EDGE('',*,*,#1623,.F.);
#2154=ORIENTED_EDGE('',*,*,#1625,.F.);
#2155=ORIENTED_EDGE('',*,*,#1655,.T.);
#2156=ORIENTED_EDGE('',*,*,#1656,.T.);
#2157=ORIENTED_EDGE('',*,*,#1657,.T.);
#2158=ORIENTED_EDGE('',*,*,#1656,.F.);
#2159=ORIENTED_EDGE('',*,*,#1658,.F.);
#2160=ORIENTED_EDGE('',*,*,#1659,.T.);
#2161=ORIENTED_EDGE('',*,*,#1657,.F.);
#2162=ORIENTED_EDGE('',*,*,#1659,.F.);
#2163=ORIENTED_EDGE('',*,*,#1660,.T.);
#2164=ORIENTED_EDGE('',*,*,#1661,.T.);
#2165=ORIENTED_EDGE('',*,*,#1662,.T.);
#2166=ORIENTED_EDGE('',*,*,#1661,.F.);
#2167=ORIENTED_EDGE('',*,*,#1663,.F.);
#2168=ORIENTED_EDGE('',*,*,#1664,.T.);
#2169=ORIENTED_EDGE('',*,*,#1662,.F.);
#2170=ORIENTED_EDGE('',*,*,#1664,.F.);
#2171=ORIENTED_EDGE('',*,*,#1665,.T.);
#2172=ORIENTED_EDGE('',*,*,#1666,.T.);
#2173=ORIENTED_EDGE('',*,*,#1667,.F.);
#2174=ORIENTED_EDGE('',*,*,#1668,.F.);
#2175=ORIENTED_EDGE('',*,*,#1669,.T.);
#2176=ORIENTED_EDGE('',*,*,#1670,.T.);
#2177=ORIENTED_EDGE('',*,*,#1671,.T.);
#2178=ORIENTED_EDGE('',*,*,#1672,.T.);
#2179=ORIENTED_EDGE('',*,*,#1673,.T.);
#2180=ORIENTED_EDGE('',*,*,#1674,.T.);
#2181=ORIENTED_EDGE('',*,*,#1675,.F.);
#2182=ORIENTED_EDGE('',*,*,#1676,.T.);
#2183=ORIENTED_EDGE('',*,*,#1677,.T.);
#2184=ORIENTED_EDGE('',*,*,#1678,.T.);
#2185=ORIENTED_EDGE('',*,*,#1679,.T.);
#2186=ORIENTED_EDGE('',*,*,#1680,.F.);
#2187=ORIENTED_EDGE('',*,*,#1681,.T.);
#2188=ORIENTED_EDGE('',*,*,#1682,.F.);
#2189=ORIENTED_EDGE('',*,*,#1683,.T.);
#2190=ORIENTED_EDGE('',*,*,#1660,.F.);
#2191=ORIENTED_EDGE('',*,*,#1684,.F.);
#2192=ORIENTED_EDGE('',*,*,#1685,.T.);
#2193=ORIENTED_EDGE('',*,*,#1686,.T.);
#2194=ORIENTED_EDGE('',*,*,#1687,.F.);
#2195=ORIENTED_EDGE('',*,*,#1688,.F.);
#2196=ORIENTED_EDGE('',*,*,#1689,.T.);
#2197=ORIENTED_EDGE('',*,*,#1690,.T.);
#2198=ORIENTED_EDGE('',*,*,#1685,.F.);
#2199=ORIENTED_EDGE('',*,*,#1691,.F.);
#2200=ORIENTED_EDGE('',*,*,#1692,.T.);
#2201=ORIENTED_EDGE('',*,*,#1693,.T.);
#2202=ORIENTED_EDGE('',*,*,#1689,.F.);
#2203=ORIENTED_EDGE('',*,*,#1694,.F.);
#2204=ORIENTED_EDGE('',*,*,#1695,.T.);
#2205=ORIENTED_EDGE('',*,*,#1696,.T.);
#2206=ORIENTED_EDGE('',*,*,#1692,.F.);
#2207=ORIENTED_EDGE('',*,*,#1697,.F.);
#2208=ORIENTED_EDGE('',*,*,#1698,.T.);
#2209=ORIENTED_EDGE('',*,*,#1699,.T.);
#2210=ORIENTED_EDGE('',*,*,#1695,.F.);
#2211=ORIENTED_EDGE('',*,*,#1700,.F.);
#2212=ORIENTED_EDGE('',*,*,#1687,.T.);
#2213=ORIENTED_EDGE('',*,*,#1701,.T.);
#2214=ORIENTED_EDGE('',*,*,#1698,.F.);
#2215=ORIENTED_EDGE('',*,*,#1701,.F.);
#2216=ORIENTED_EDGE('',*,*,#1686,.F.);
#2217=ORIENTED_EDGE('',*,*,#1690,.F.);
#2218=ORIENTED_EDGE('',*,*,#1693,.F.);
#2219=ORIENTED_EDGE('',*,*,#1696,.F.);
#2220=ORIENTED_EDGE('',*,*,#1699,.F.);
#2221=ORIENTED_EDGE('',*,*,#1663,.T.);
#2222=ORIENTED_EDGE('',*,*,#1702,.F.);
#2223=ORIENTED_EDGE('',*,*,#1703,.F.);
#2224=ORIENTED_EDGE('',*,*,#1704,.F.);
#2225=ORIENTED_EDGE('',*,*,#1705,.F.);
#2226=ORIENTED_EDGE('',*,*,#1706,.T.);
#2227=ORIENTED_EDGE('',*,*,#1707,.F.);
#2228=ORIENTED_EDGE('',*,*,#1708,.F.);
#2229=ORIENTED_EDGE('',*,*,#1709,.F.);
#2230=ORIENTED_EDGE('',*,*,#1710,.T.);
#2231=ORIENTED_EDGE('',*,*,#1711,.T.);
#2232=ORIENTED_EDGE('',*,*,#1712,.T.);
#2233=ORIENTED_EDGE('',*,*,#1713,.T.);
#2234=ORIENTED_EDGE('',*,*,#1707,.T.);
#2235=ORIENTED_EDGE('',*,*,#1714,.T.);
#2236=ORIENTED_EDGE('',*,*,#1684,.T.);
#2237=ORIENTED_EDGE('',*,*,#1700,.T.);
#2238=ORIENTED_EDGE('',*,*,#1697,.T.);
#2239=ORIENTED_EDGE('',*,*,#1694,.T.);
#2240=ORIENTED_EDGE('',*,*,#1691,.T.);
#2241=ORIENTED_EDGE('',*,*,#1688,.T.);
#2242=ORIENTED_EDGE('',*,*,#1715,.F.);
#2243=ORIENTED_EDGE('',*,*,#1716,.T.);
#2244=ORIENTED_EDGE('',*,*,#1710,.F.);
#2245=ORIENTED_EDGE('',*,*,#1717,.F.);
#2246=ORIENTED_EDGE('',*,*,#1718,.F.);
#2247=ORIENTED_EDGE('',*,*,#1719,.T.);
#2248=ORIENTED_EDGE('',*,*,#1711,.F.);
#2249=ORIENTED_EDGE('',*,*,#1716,.F.);
#2250=ORIENTED_EDGE('',*,*,#1720,.F.);
#2251=ORIENTED_EDGE('',*,*,#1721,.F.);
#2252=ORIENTED_EDGE('',*,*,#1722,.T.);
#2253=ORIENTED_EDGE('',*,*,#1712,.F.);
#2254=ORIENTED_EDGE('',*,*,#1719,.F.);
#2255=ORIENTED_EDGE('',*,*,#1723,.F.);
#2256=ORIENTED_EDGE('',*,*,#1724,.F.);
#2257=ORIENTED_EDGE('',*,*,#1725,.F.);
#2258=ORIENTED_EDGE('',*,*,#1726,.F.);
#2259=ORIENTED_EDGE('',*,*,#1708,.T.);
#2260=ORIENTED_EDGE('',*,*,#1713,.F.);
#2261=ORIENTED_EDGE('',*,*,#1722,.F.);
#2262=ORIENTED_EDGE('',*,*,#1727,.F.);
#2263=ORIENTED_EDGE('',*,*,#1717,.T.);
#2264=ORIENTED_EDGE('',*,*,#1714,.F.);
#2265=ORIENTED_EDGE('',*,*,#1706,.F.);
#2266=ORIENTED_EDGE('',*,*,#1723,.T.);
#2267=ORIENTED_EDGE('',*,*,#1718,.T.);
#2268=ORIENTED_EDGE('',*,*,#1715,.T.);
#2269=ORIENTED_EDGE('',*,*,#1727,.T.);
#2270=ORIENTED_EDGE('',*,*,#1705,.T.);
#2271=ORIENTED_EDGE('',*,*,#1728,.T.);
#2272=ORIENTED_EDGE('',*,*,#1729,.T.);
#2273=ORIENTED_EDGE('',*,*,#1730,.F.);
#2274=ORIENTED_EDGE('',*,*,#1731,.T.);
#2275=ORIENTED_EDGE('',*,*,#1702,.T.);
#2276=ORIENTED_EDGE('',*,*,#1732,.F.);
#2277=ORIENTED_EDGE('',*,*,#1733,.F.);
#2278=ORIENTED_EDGE('',*,*,#1734,.T.);
#2279=ORIENTED_EDGE('',*,*,#1704,.T.);
#2280=ORIENTED_EDGE('',*,*,#1735,.F.);
#2281=ORIENTED_EDGE('',*,*,#1736,.F.);
#2282=ORIENTED_EDGE('',*,*,#1728,.F.);
#2283=ORIENTED_EDGE('',*,*,#1724,.T.);
#2284=ORIENTED_EDGE('',*,*,#1731,.F.);
#2285=ORIENTED_EDGE('',*,*,#1737,.F.);
#2286=ORIENTED_EDGE('',*,*,#1738,.F.);
#2287=ORIENTED_EDGE('',*,*,#1739,.F.);
#2288=ORIENTED_EDGE('',*,*,#1703,.T.);
#2289=ORIENTED_EDGE('',*,*,#1734,.F.);
#2290=ORIENTED_EDGE('',*,*,#1740,.F.);
#2291=ORIENTED_EDGE('',*,*,#1735,.T.);
#2292=ORIENTED_EDGE('',*,*,#1725,.T.);
#2293=ORIENTED_EDGE('',*,*,#1739,.T.);
#2294=ORIENTED_EDGE('',*,*,#1741,.F.);
#2295=ORIENTED_EDGE('',*,*,#1742,.F.);
#2296=ORIENTED_EDGE('',*,*,#1743,.F.);
#2297=ORIENTED_EDGE('',*,*,#1744,.T.);
#2298=ORIENTED_EDGE('',*,*,#1745,.F.);
#2299=ORIENTED_EDGE('',*,*,#1746,.T.);
#2300=ORIENTED_EDGE('',*,*,#1742,.T.);
#2301=ORIENTED_EDGE('',*,*,#1747,.F.);
#2302=ORIENTED_EDGE('',*,*,#1748,.T.);
#2303=ORIENTED_EDGE('',*,*,#1749,.F.);
#2304=ORIENTED_EDGE('',*,*,#1750,.T.);
#2305=ORIENTED_EDGE('',*,*,#1751,.T.);
#2306=ORIENTED_EDGE('',*,*,#1752,.T.);
#2307=ORIENTED_EDGE('',*,*,#1753,.T.);
#2308=ORIENTED_EDGE('',*,*,#1754,.T.);
#2309=ORIENTED_EDGE('',*,*,#1755,.F.);
#2310=ORIENTED_EDGE('',*,*,#1756,.T.);
#2311=ORIENTED_EDGE('',*,*,#1757,.F.);
#2312=ORIENTED_EDGE('',*,*,#1758,.T.);
#2313=ORIENTED_EDGE('',*,*,#1749,.T.);
#2314=ORIENTED_EDGE('',*,*,#1759,.F.);
#2315=ORIENTED_EDGE('',*,*,#1760,.T.);
#2316=ORIENTED_EDGE('',*,*,#1744,.F.);
#2317=ORIENTED_EDGE('',*,*,#1761,.F.);
#2318=ORIENTED_EDGE('',*,*,#1762,.F.);
#2319=ORIENTED_EDGE('',*,*,#1763,.F.);
#2320=ORIENTED_EDGE('',*,*,#1764,.F.);
#2321=ORIENTED_EDGE('',*,*,#1765,.F.);
#2322=ORIENTED_EDGE('',*,*,#1764,.T.);
#2323=ORIENTED_EDGE('',*,*,#1766,.F.);
#2324=ORIENTED_EDGE('',*,*,#1767,.F.);
#2325=ORIENTED_EDGE('',*,*,#1768,.F.);
#2326=ORIENTED_EDGE('',*,*,#1769,.T.);
#2327=ORIENTED_EDGE('',*,*,#1770,.F.);
#2328=ORIENTED_EDGE('',*,*,#1771,.F.);
#2329=ORIENTED_EDGE('',*,*,#1772,.F.);
#2330=ORIENTED_EDGE('',*,*,#1773,.T.);
#2331=ORIENTED_EDGE('',*,*,#1774,.F.);
#2332=ORIENTED_EDGE('',*,*,#1775,.F.);
#2333=ORIENTED_EDGE('',*,*,#1776,.F.);
#2334=ORIENTED_EDGE('',*,*,#1775,.T.);
#2335=ORIENTED_EDGE('',*,*,#1777,.F.);
#2336=ORIENTED_EDGE('',*,*,#1756,.F.);
#2337=ORIENTED_EDGE('',*,*,#1748,.F.);
#2338=ORIENTED_EDGE('',*,*,#1778,.F.);
#2339=ORIENTED_EDGE('',*,*,#1779,.F.);
#2340=ORIENTED_EDGE('',*,*,#1780,.F.);
#2341=ORIENTED_EDGE('',*,*,#1781,.F.);
#2342=ORIENTED_EDGE('',*,*,#1782,.F.);
#2343=ORIENTED_EDGE('',*,*,#1783,.F.);
#2344=ORIENTED_EDGE('',*,*,#1784,.T.);
#2345=ORIENTED_EDGE('',*,*,#1785,.T.);
#2346=ORIENTED_EDGE('',*,*,#1786,.T.);
#2347=ORIENTED_EDGE('',*,*,#1680,.T.);
#2348=ORIENTED_EDGE('',*,*,#1787,.T.);
#2349=ORIENTED_EDGE('',*,*,#1770,.T.);
#2350=ORIENTED_EDGE('',*,*,#1788,.T.);
#2351=ORIENTED_EDGE('',*,*,#1766,.T.);
#2352=ORIENTED_EDGE('',*,*,#1763,.T.);
#2353=ORIENTED_EDGE('',*,*,#1789,.T.);
#2354=ORIENTED_EDGE('',*,*,#1648,.T.);
#2355=ORIENTED_EDGE('',*,*,#1790,.T.);
#2356=ORIENTED_EDGE('',*,*,#1791,.T.);
#2357=ORIENTED_EDGE('',*,*,#1757,.T.);
#2358=ORIENTED_EDGE('',*,*,#1777,.T.);
#2359=ORIENTED_EDGE('',*,*,#1774,.T.);
#2360=ORIENTED_EDGE('',*,*,#1792,.T.);
#2361=ORIENTED_EDGE('',*,*,#1782,.T.);
#2362=ORIENTED_EDGE('',*,*,#1781,.T.);
#2363=ORIENTED_EDGE('',*,*,#1793,.T.);
#2364=ORIENTED_EDGE('',*,*,#1771,.T.);
#2365=ORIENTED_EDGE('',*,*,#1787,.F.);
#2366=ORIENTED_EDGE('',*,*,#1679,.F.);
#2367=ORIENTED_EDGE('',*,*,#1794,.F.);
#2368=ORIENTED_EDGE('',*,*,#1795,.F.);
#2369=ORIENTED_EDGE('',*,*,#1796,.F.);
#2370=ORIENTED_EDGE('',*,*,#1797,.T.);
#2371=ORIENTED_EDGE('',*,*,#1798,.T.);
#2372=ORIENTED_EDGE('',*,*,#1649,.T.);
#2373=ORIENTED_EDGE('',*,*,#1789,.F.);
#2374=ORIENTED_EDGE('',*,*,#1799,.T.);
#2375=ORIENTED_EDGE('',*,*,#1780,.T.);
#2376=ORIENTED_EDGE('',*,*,#1800,.T.);
#2377=ORIENTED_EDGE('',*,*,#1768,.T.);
#2378=ORIENTED_EDGE('',*,*,#1793,.F.);
#2379=ORIENTED_EDGE('',*,*,#1801,.T.);
#2380=ORIENTED_EDGE('',*,*,#1767,.T.);
#2381=ORIENTED_EDGE('',*,*,#1788,.F.);
#2382=ORIENTED_EDGE('',*,*,#1769,.F.);
#2383=ORIENTED_EDGE('',*,*,#1800,.F.);
#2384=ORIENTED_EDGE('',*,*,#1783,.T.);
#2385=ORIENTED_EDGE('',*,*,#1792,.F.);
#2386=ORIENTED_EDGE('',*,*,#1773,.F.);
#2387=ORIENTED_EDGE('',*,*,#1772,.T.);
#2388=ORIENTED_EDGE('',*,*,#1802,.F.);
#2389=ORIENTED_EDGE('',*,*,#1765,.T.);
#2390=ORIENTED_EDGE('',*,*,#1801,.F.);
#2391=ORIENTED_EDGE('',*,*,#1776,.T.);
#2392=ORIENTED_EDGE('',*,*,#1803,.T.);
#2393=ORIENTED_EDGE('',*,*,#1759,.T.);
#2394=ORIENTED_EDGE('',*,*,#1802,.T.);
#2395=ORIENTED_EDGE('',*,*,#1804,.F.);
#2396=ORIENTED_EDGE('',*,*,#1805,.T.);
#2397=ORIENTED_EDGE('',*,*,#1806,.T.);
#2398=ORIENTED_EDGE('',*,*,#1807,.F.);
#2399=ORIENTED_EDGE('',*,*,#1808,.F.);
#2400=ORIENTED_EDGE('',*,*,#1809,.T.);
#2401=ORIENTED_EDGE('',*,*,#1810,.T.);
#2402=ORIENTED_EDGE('',*,*,#1805,.F.);
#2403=ORIENTED_EDGE('',*,*,#1811,.F.);
#2404=ORIENTED_EDGE('',*,*,#1812,.T.);
#2405=ORIENTED_EDGE('',*,*,#1813,.T.);
#2406=ORIENTED_EDGE('',*,*,#1809,.F.);
#2407=ORIENTED_EDGE('',*,*,#1814,.F.);
#2408=ORIENTED_EDGE('',*,*,#1815,.T.);
#2409=ORIENTED_EDGE('',*,*,#1816,.T.);
#2410=ORIENTED_EDGE('',*,*,#1812,.F.);
#2411=ORIENTED_EDGE('',*,*,#1817,.F.);
#2412=ORIENTED_EDGE('',*,*,#1818,.T.);
#2413=ORIENTED_EDGE('',*,*,#1819,.T.);
#2414=ORIENTED_EDGE('',*,*,#1815,.F.);
#2415=ORIENTED_EDGE('',*,*,#1820,.F.);
#2416=ORIENTED_EDGE('',*,*,#1807,.T.);
#2417=ORIENTED_EDGE('',*,*,#1821,.T.);
#2418=ORIENTED_EDGE('',*,*,#1818,.F.);
#2419=ORIENTED_EDGE('',*,*,#1821,.F.);
#2420=ORIENTED_EDGE('',*,*,#1806,.F.);
#2421=ORIENTED_EDGE('',*,*,#1810,.F.);
#2422=ORIENTED_EDGE('',*,*,#1813,.F.);
#2423=ORIENTED_EDGE('',*,*,#1816,.F.);
#2424=ORIENTED_EDGE('',*,*,#1819,.F.);
#2425=ORIENTED_EDGE('',*,*,#1658,.T.);
#2426=ORIENTED_EDGE('',*,*,#1822,.F.);
#2427=ORIENTED_EDGE('',*,*,#1823,.F.);
#2428=ORIENTED_EDGE('',*,*,#1824,.F.);
#2429=ORIENTED_EDGE('',*,*,#1825,.F.);
#2430=ORIENTED_EDGE('',*,*,#1826,.T.);
#2431=ORIENTED_EDGE('',*,*,#1827,.F.);
#2432=ORIENTED_EDGE('',*,*,#1828,.F.);
#2433=ORIENTED_EDGE('',*,*,#1829,.F.);
#2434=ORIENTED_EDGE('',*,*,#1830,.T.);
#2435=ORIENTED_EDGE('',*,*,#1831,.T.);
#2436=ORIENTED_EDGE('',*,*,#1832,.T.);
#2437=ORIENTED_EDGE('',*,*,#1833,.T.);
#2438=ORIENTED_EDGE('',*,*,#1827,.T.);
#2439=ORIENTED_EDGE('',*,*,#1834,.T.);
#2440=ORIENTED_EDGE('',*,*,#1804,.T.);
#2441=ORIENTED_EDGE('',*,*,#1820,.T.);
#2442=ORIENTED_EDGE('',*,*,#1817,.T.);
#2443=ORIENTED_EDGE('',*,*,#1814,.T.);
#2444=ORIENTED_EDGE('',*,*,#1811,.T.);
#2445=ORIENTED_EDGE('',*,*,#1808,.T.);
#2446=ORIENTED_EDGE('',*,*,#1835,.F.);
#2447=ORIENTED_EDGE('',*,*,#1836,.F.);
#2448=ORIENTED_EDGE('',*,*,#1837,.T.);
#2449=ORIENTED_EDGE('',*,*,#1830,.F.);
#2450=ORIENTED_EDGE('',*,*,#1838,.F.);
#2451=ORIENTED_EDGE('',*,*,#1839,.F.);
#2452=ORIENTED_EDGE('',*,*,#1840,.F.);
#2453=ORIENTED_EDGE('',*,*,#1841,.F.);
#2454=ORIENTED_EDGE('',*,*,#1842,.F.);
#2455=ORIENTED_EDGE('',*,*,#1843,.T.);
#2456=ORIENTED_EDGE('',*,*,#1831,.F.);
#2457=ORIENTED_EDGE('',*,*,#1837,.F.);
#2458=ORIENTED_EDGE('',*,*,#1844,.F.);
#2459=ORIENTED_EDGE('',*,*,#1845,.T.);
#2460=ORIENTED_EDGE('',*,*,#1832,.F.);
#2461=ORIENTED_EDGE('',*,*,#1843,.F.);
#2462=ORIENTED_EDGE('',*,*,#1846,.F.);
#2463=ORIENTED_EDGE('',*,*,#1828,.T.);
#2464=ORIENTED_EDGE('',*,*,#1833,.F.);
#2465=ORIENTED_EDGE('',*,*,#1845,.F.);
#2466=ORIENTED_EDGE('',*,*,#1847,.F.);
#2467=ORIENTED_EDGE('',*,*,#1838,.T.);
#2468=ORIENTED_EDGE('',*,*,#1834,.F.);
#2469=ORIENTED_EDGE('',*,*,#1826,.F.);
#2470=ORIENTED_EDGE('',*,*,#1829,.T.);
#2471=ORIENTED_EDGE('',*,*,#1846,.T.);
#2472=ORIENTED_EDGE('',*,*,#1844,.T.);
#2473=ORIENTED_EDGE('',*,*,#1842,.T.);
#2474=ORIENTED_EDGE('',*,*,#1836,.T.);
#2475=ORIENTED_EDGE('',*,*,#1848,.T.);
#2476=ORIENTED_EDGE('',*,*,#1849,.T.);
#2477=ORIENTED_EDGE('',*,*,#1850,.T.);
#2478=ORIENTED_EDGE('',*,*,#1851,.T.);
#2479=ORIENTED_EDGE('',*,*,#1835,.T.);
#2480=ORIENTED_EDGE('',*,*,#1852,.T.);
#2481=ORIENTED_EDGE('',*,*,#1753,.F.);
#2482=ORIENTED_EDGE('',*,*,#1853,.F.);
#2483=ORIENTED_EDGE('',*,*,#1848,.F.);
#2484=ORIENTED_EDGE('',*,*,#1841,.T.);
#2485=ORIENTED_EDGE('',*,*,#1854,.T.);
#2486=ORIENTED_EDGE('',*,*,#1855,.F.);
#2487=ORIENTED_EDGE('',*,*,#1754,.F.);
#2488=ORIENTED_EDGE('',*,*,#1852,.F.);
#2489=ORIENTED_EDGE('',*,*,#1840,.T.);
#2490=ORIENTED_EDGE('',*,*,#1856,.F.);
#2491=ORIENTED_EDGE('',*,*,#1857,.F.);
#2492=ORIENTED_EDGE('',*,*,#1854,.F.);
#2493=ORIENTED_EDGE('',*,*,#1822,.T.);
#2494=ORIENTED_EDGE('',*,*,#1851,.F.);
#2495=ORIENTED_EDGE('',*,*,#1858,.F.);
#2496=ORIENTED_EDGE('',*,*,#1859,.T.);
#2497=ORIENTED_EDGE('',*,*,#1824,.T.);
#2498=ORIENTED_EDGE('',*,*,#1860,.F.);
#2499=ORIENTED_EDGE('',*,*,#1861,.F.);
#2500=ORIENTED_EDGE('',*,*,#1862,.F.);
#2501=ORIENTED_EDGE('',*,*,#1823,.T.);
#2502=ORIENTED_EDGE('',*,*,#1859,.F.);
#2503=ORIENTED_EDGE('',*,*,#1863,.T.);
#2504=ORIENTED_EDGE('',*,*,#1860,.T.);
#2505=ORIENTED_EDGE('',*,*,#1864,.F.);
#2506=ORIENTED_EDGE('',*,*,#1750,.F.);
#2507=ORIENTED_EDGE('',*,*,#1865,.T.);
#2508=ORIENTED_EDGE('',*,*,#1866,.F.);
#2509=ORIENTED_EDGE('',*,*,#1863,.F.);
#2510=ORIENTED_EDGE('',*,*,#1858,.T.);
#2511=ORIENTED_EDGE('',*,*,#1850,.F.);
#2512=ORIENTED_EDGE('',*,*,#1867,.F.);
#2513=ORIENTED_EDGE('',*,*,#1864,.T.);
#2514=ORIENTED_EDGE('',*,*,#1778,.T.);
#2515=ORIENTED_EDGE('',*,*,#1755,.T.);
#2516=ORIENTED_EDGE('',*,*,#1855,.T.);
#2517=ORIENTED_EDGE('',*,*,#1857,.T.);
#2518=ORIENTED_EDGE('',*,*,#1868,.F.);
#2519=ORIENTED_EDGE('',*,*,#1825,.T.);
#2520=ORIENTED_EDGE('',*,*,#1862,.T.);
#2521=ORIENTED_EDGE('',*,*,#1869,.T.);
#2522=ORIENTED_EDGE('',*,*,#1870,.F.);
#2523=ORIENTED_EDGE('',*,*,#1871,.F.);
#2524=ORIENTED_EDGE('',*,*,#1872,.T.);
#2525=ORIENTED_EDGE('',*,*,#1873,.F.);
#2526=ORIENTED_EDGE('',*,*,#1874,.T.);
#2527=ORIENTED_EDGE('',*,*,#1875,.F.);
#2528=ORIENTED_EDGE('',*,*,#1876,.T.);
#2529=ORIENTED_EDGE('',*,*,#1877,.F.);
#2530=ORIENTED_EDGE('',*,*,#1878,.T.);
#2531=ORIENTED_EDGE('',*,*,#1856,.T.);
#2532=ORIENTED_EDGE('',*,*,#1839,.T.);
#2533=ORIENTED_EDGE('',*,*,#1847,.T.);
#2534=ORIENTED_EDGE('',*,*,#1879,.T.);
#2535=ORIENTED_EDGE('',*,*,#1720,.T.);
#2536=ORIENTED_EDGE('',*,*,#1743,.T.);
#2537=ORIENTED_EDGE('',*,*,#1746,.F.);
#2538=ORIENTED_EDGE('',*,*,#1880,.F.);
#2539=ORIENTED_EDGE('',*,*,#1761,.T.);
#2540=ORIENTED_EDGE('',*,*,#1747,.T.);
#2541=ORIENTED_EDGE('',*,*,#1741,.T.);
#2542=ORIENTED_EDGE('',*,*,#1738,.T.);
#2543=ORIENTED_EDGE('',*,*,#1881,.F.);
#2544=ORIENTED_EDGE('',*,*,#1882,.T.);
#2545=ORIENTED_EDGE('',*,*,#1883,.T.);
#2546=ORIENTED_EDGE('',*,*,#1884,.F.);
#2547=ORIENTED_EDGE('',*,*,#1721,.T.);
#2548=ORIENTED_EDGE('',*,*,#1880,.T.);
#2549=ORIENTED_EDGE('',*,*,#1885,.F.);
#2550=ORIENTED_EDGE('',*,*,#1886,.F.);
#2551=ORIENTED_EDGE('',*,*,#1887,.T.);
#2552=ORIENTED_EDGE('',*,*,#1888,.F.);
#2553=ORIENTED_EDGE('',*,*,#1889,.T.);
#2554=ORIENTED_EDGE('',*,*,#1890,.F.);
#2555=ORIENTED_EDGE('',*,*,#1891,.T.);
#2556=ORIENTED_EDGE('',*,*,#1892,.F.);
#2557=ORIENTED_EDGE('',*,*,#1893,.T.);
#2558=ORIENTED_EDGE('',*,*,#1894,.T.);
#2559=ORIENTED_EDGE('',*,*,#1732,.T.);
#2560=ORIENTED_EDGE('',*,*,#1709,.T.);
#2561=ORIENTED_EDGE('',*,*,#1726,.T.);
#2562=ORIENTED_EDGE('',*,*,#1737,.T.);
#2563=ORIENTED_EDGE('',*,*,#1895,.F.);
#2564=ORIENTED_EDGE('',*,*,#1896,.F.);
#2565=ORIENTED_EDGE('',*,*,#1881,.T.);
#2566=ORIENTED_EDGE('',*,*,#1853,.T.);
#2567=ORIENTED_EDGE('',*,*,#1752,.F.);
#2568=ORIENTED_EDGE('',*,*,#1897,.F.);
#2569=ORIENTED_EDGE('',*,*,#1898,.F.);
#2570=ORIENTED_EDGE('',*,*,#1896,.T.);
#2571=ORIENTED_EDGE('',*,*,#1899,.F.);
#2572=ORIENTED_EDGE('',*,*,#1900,.T.);
#2573=ORIENTED_EDGE('',*,*,#1901,.T.);
#2574=ORIENTED_EDGE('',*,*,#1882,.F.);
#2575=ORIENTED_EDGE('',*,*,#1895,.T.);
#2576=ORIENTED_EDGE('',*,*,#1730,.T.);
#2577=ORIENTED_EDGE('',*,*,#1899,.T.);
#2578=ORIENTED_EDGE('',*,*,#1868,.T.);
#2579=ORIENTED_EDGE('',*,*,#1878,.F.);
#2580=ORIENTED_EDGE('',*,*,#1902,.F.);
#2581=ORIENTED_EDGE('',*,*,#1903,.T.);
#2582=ORIENTED_EDGE('',*,*,#1904,.F.);
#2583=ORIENTED_EDGE('',*,*,#1905,.F.);
#2584=ORIENTED_EDGE('',*,*,#1906,.F.);
#2585=ORIENTED_EDGE('',*,*,#1907,.T.);
#2586=ORIENTED_EDGE('',*,*,#1908,.F.);
#2587=ORIENTED_EDGE('',*,*,#1885,.T.);
#2588=ORIENTED_EDGE('',*,*,#1745,.T.);
#2589=ORIENTED_EDGE('',*,*,#1760,.F.);
#2590=ORIENTED_EDGE('',*,*,#1803,.F.);
#2591=ORIENTED_EDGE('',*,*,#1779,.T.);
#2592=ORIENTED_EDGE('',*,*,#1909,.T.);
#2593=ORIENTED_EDGE('',*,*,#1898,.T.);
#2594=ORIENTED_EDGE('',*,*,#1910,.T.);
#2595=ORIENTED_EDGE('',*,*,#1849,.F.);
#2596=ORIENTED_EDGE('',*,*,#1911,.F.);
#2597=ORIENTED_EDGE('',*,*,#1912,.F.);
#2598=ORIENTED_EDGE('',*,*,#1913,.T.);
#2599=ORIENTED_EDGE('',*,*,#1914,.T.);
#2600=ORIENTED_EDGE('',*,*,#1915,.F.);
#2601=ORIENTED_EDGE('',*,*,#1916,.F.);
#2602=ORIENTED_EDGE('',*,*,#1917,.F.);
#2603=ORIENTED_EDGE('',*,*,#1918,.F.);
#2604=ORIENTED_EDGE('',*,*,#1917,.T.);
#2605=ORIENTED_EDGE('',*,*,#1919,.F.);
#2606=ORIENTED_EDGE('',*,*,#1920,.F.);
#2607=ORIENTED_EDGE('',*,*,#1921,.F.);
#2608=ORIENTED_EDGE('',*,*,#1922,.F.);
#2609=ORIENTED_EDGE('',*,*,#1923,.F.);
#2610=ORIENTED_EDGE('',*,*,#1924,.T.);
#2611=ORIENTED_EDGE('',*,*,#1921,.T.);
#2612=ORIENTED_EDGE('',*,*,#1911,.T.);
#2613=ORIENTED_EDGE('',*,*,#1918,.T.);
#2614=ORIENTED_EDGE('',*,*,#1925,.F.);
#2615=ORIENTED_EDGE('',*,*,#1866,.T.);
#2616=ORIENTED_EDGE('',*,*,#1926,.T.);
#2617=ORIENTED_EDGE('',*,*,#1927,.T.);
#2618=ORIENTED_EDGE('',*,*,#1869,.F.);
#2619=ORIENTED_EDGE('',*,*,#1861,.T.);
#2620=ORIENTED_EDGE('',*,*,#1925,.T.);
#2621=ORIENTED_EDGE('',*,*,#1923,.T.);
#2622=ORIENTED_EDGE('',*,*,#1893,.F.);
#2623=ORIENTED_EDGE('',*,*,#1928,.F.);
#2624=ORIENTED_EDGE('',*,*,#1870,.T.);
#2625=ORIENTED_EDGE('',*,*,#1929,.T.);
#2626=ORIENTED_EDGE('',*,*,#1922,.T.);
#2627=ORIENTED_EDGE('',*,*,#1920,.T.);
#2628=ORIENTED_EDGE('',*,*,#1930,.F.);
#2629=ORIENTED_EDGE('',*,*,#1931,.T.);
#2630=ORIENTED_EDGE('',*,*,#1733,.T.);
#2631=ORIENTED_EDGE('',*,*,#1894,.F.);
#2632=ORIENTED_EDGE('',*,*,#1932,.F.);
#2633=ORIENTED_EDGE('',*,*,#1933,.T.);
#2634=ORIENTED_EDGE('',*,*,#1913,.F.);
#2635=ORIENTED_EDGE('',*,*,#1924,.F.);
#2636=ORIENTED_EDGE('',*,*,#1929,.F.);
#2637=ORIENTED_EDGE('',*,*,#1927,.F.);
#2638=ORIENTED_EDGE('',*,*,#1916,.T.);
#2639=ORIENTED_EDGE('',*,*,#1934,.F.);
#2640=ORIENTED_EDGE('',*,*,#1935,.T.);
#2641=ORIENTED_EDGE('',*,*,#1930,.T.);
#2642=ORIENTED_EDGE('',*,*,#1919,.T.);
#2643=ORIENTED_EDGE('',*,*,#1915,.T.);
#2644=ORIENTED_EDGE('',*,*,#1936,.T.);
#2645=ORIENTED_EDGE('',*,*,#1937,.T.);
#2646=ORIENTED_EDGE('',*,*,#1934,.T.);
#2647=ORIENTED_EDGE('',*,*,#1938,.F.);
#2648=ORIENTED_EDGE('',*,*,#1939,.F.);
#2649=ORIENTED_EDGE('',*,*,#1940,.T.);
#2650=ORIENTED_EDGE('',*,*,#1937,.F.);
#2651=ORIENTED_EDGE('',*,*,#1785,.F.);
#2652=ORIENTED_EDGE('',*,*,#1740,.T.);
#2653=ORIENTED_EDGE('',*,*,#1931,.F.);
#2654=ORIENTED_EDGE('',*,*,#1941,.F.);
#2655=ORIENTED_EDGE('',*,*,#1900,.F.);
#2656=ORIENTED_EDGE('',*,*,#1729,.F.);
#2657=ORIENTED_EDGE('',*,*,#1736,.T.);
#2658=ORIENTED_EDGE('',*,*,#1901,.F.);
#2659=ORIENTED_EDGE('',*,*,#1941,.T.);
#2660=ORIENTED_EDGE('',*,*,#1935,.F.);
#2661=ORIENTED_EDGE('',*,*,#1940,.F.);
#2662=ORIENTED_EDGE('',*,*,#1883,.F.);
#2663=ORIENTED_EDGE('',*,*,#1897,.T.);
#2664=ORIENTED_EDGE('',*,*,#1751,.F.);
#2665=ORIENTED_EDGE('',*,*,#1867,.T.);
#2666=ORIENTED_EDGE('',*,*,#1910,.F.);
#2667=ORIENTED_EDGE('',*,*,#1912,.T.);
#2668=ORIENTED_EDGE('',*,*,#1926,.F.);
#2669=ORIENTED_EDGE('',*,*,#1942,.T.);
#2670=ORIENTED_EDGE('',*,*,#1943,.T.);
#2671=ORIENTED_EDGE('',*,*,#1932,.T.);
#2672=ORIENTED_EDGE('',*,*,#1758,.F.);
#2673=ORIENTED_EDGE('',*,*,#1791,.F.);
#2674=ORIENTED_EDGE('',*,*,#1942,.F.);
#2675=ORIENTED_EDGE('',*,*,#1865,.F.);
#2676=ORIENTED_EDGE('',*,*,#1944,.T.);
#2677=ORIENTED_EDGE('',*,*,#1633,.T.);
#2678=ORIENTED_EDGE('',*,*,#1635,.T.);
#2679=ORIENTED_EDGE('',*,*,#1945,.T.);
#2680=ORIENTED_EDGE('',*,*,#1946,.T.);
#2681=ORIENTED_EDGE('',*,*,#1947,.T.);
#2682=ORIENTED_EDGE('',*,*,#1948,.T.);
#2683=ORIENTED_EDGE('',*,*,#1628,.T.);
#2684=ORIENTED_EDGE('',*,*,#1631,.T.);
#2685=ORIENTED_EDGE('',*,*,#1944,.F.);
#2686=ORIENTED_EDGE('',*,*,#1949,.T.);
#2687=ORIENTED_EDGE('',*,*,#1879,.F.);
#2688=ORIENTED_EDGE('',*,*,#1949,.F.);
#2689=ORIENTED_EDGE('',*,*,#1950,.F.);
#2690=ORIENTED_EDGE('',*,*,#1951,.T.);
#2691=ORIENTED_EDGE('',*,*,#1799,.F.);
#2692=ORIENTED_EDGE('',*,*,#1952,.T.);
#2693=ORIENTED_EDGE('',*,*,#1950,.T.);
#2694=ORIENTED_EDGE('',*,*,#1952,.F.);
#2695=ORIENTED_EDGE('',*,*,#1762,.T.);
#2696=ORIENTED_EDGE('',*,*,#1884,.T.);
#2697=ORIENTED_EDGE('',*,*,#1939,.T.);
#2698=ORIENTED_EDGE('',*,*,#1938,.T.);
#2699=ORIENTED_EDGE('',*,*,#1784,.F.);
#2700=ORIENTED_EDGE('',*,*,#1953,.F.);
#2701=ORIENTED_EDGE('',*,*,#1653,.F.);
#2702=ORIENTED_EDGE('',*,*,#1954,.F.);
#2703=ORIENTED_EDGE('',*,*,#1955,.F.);
#2704=ORIENTED_EDGE('',*,*,#1956,.F.);
#2705=ORIENTED_EDGE('',*,*,#1651,.T.);
#2706=ORIENTED_EDGE('',*,*,#1957,.T.);
#2707=ORIENTED_EDGE('',*,*,#1954,.T.);
#2708=ORIENTED_EDGE('',*,*,#1652,.T.);
#2709=ORIENTED_EDGE('',*,*,#1956,.T.);
#2710=ORIENTED_EDGE('',*,*,#1958,.T.);
#2711=ORIENTED_EDGE('',*,*,#1959,.F.);
#2712=ORIENTED_EDGE('',*,*,#1669,.F.);
#2713=ORIENTED_EDGE('',*,*,#1960,.F.);
#2714=ORIENTED_EDGE('',*,*,#1961,.F.);
#2715=ORIENTED_EDGE('',*,*,#1962,.F.);
#2716=ORIENTED_EDGE('',*,*,#1667,.T.);
#2717=ORIENTED_EDGE('',*,*,#1963,.T.);
#2718=ORIENTED_EDGE('',*,*,#1960,.T.);
#2719=ORIENTED_EDGE('',*,*,#1668,.T.);
#2720=ORIENTED_EDGE('',*,*,#1962,.T.);
#2721=ORIENTED_EDGE('',*,*,#1964,.T.);
#2722=ORIENTED_EDGE('',*,*,#1965,.F.);
#2723=ORIENTED_EDGE('',*,*,#1677,.F.);
#2724=ORIENTED_EDGE('',*,*,#1966,.T.);
#2725=ORIENTED_EDGE('',*,*,#1967,.F.);
#2726=ORIENTED_EDGE('',*,*,#1968,.T.);
#2727=ORIENTED_EDGE('',*,*,#1675,.T.);
#2728=ORIENTED_EDGE('',*,*,#1966,.F.);
#2729=ORIENTED_EDGE('',*,*,#1676,.F.);
#2730=ORIENTED_EDGE('',*,*,#1968,.F.);
#2731=ORIENTED_EDGE('',*,*,#1969,.T.);
#2732=ORIENTED_EDGE('',*,*,#1970,.T.);
#2733=ORIENTED_EDGE('',*,*,#1971,.F.);
#2734=ORIENTED_EDGE('',*,*,#1642,.F.);
#2735=ORIENTED_EDGE('',*,*,#1972,.T.);
#2736=ORIENTED_EDGE('',*,*,#1973,.F.);
#2737=ORIENTED_EDGE('',*,*,#1974,.T.);
#2738=ORIENTED_EDGE('',*,*,#1640,.T.);
#2739=ORIENTED_EDGE('',*,*,#1972,.F.);
#2740=ORIENTED_EDGE('',*,*,#1641,.F.);
#2741=ORIENTED_EDGE('',*,*,#1974,.F.);
#2742=ORIENTED_EDGE('',*,*,#1975,.T.);
#2743=ORIENTED_EDGE('',*,*,#1976,.T.);
#2744=ORIENTED_EDGE('',*,*,#1965,.T.);
#2745=ORIENTED_EDGE('',*,*,#1977,.T.);
#2746=ORIENTED_EDGE('',*,*,#1794,.T.);
#2747=ORIENTED_EDGE('',*,*,#1678,.F.);
#2748=ORIENTED_EDGE('',*,*,#1967,.T.);
#2749=ORIENTED_EDGE('',*,*,#1674,.F.);
#2750=ORIENTED_EDGE('',*,*,#1978,.T.);
#2751=ORIENTED_EDGE('',*,*,#1979,.T.);
#2752=ORIENTED_EDGE('',*,*,#1961,.T.);
#2753=ORIENTED_EDGE('',*,*,#1666,.F.);
#2754=ORIENTED_EDGE('',*,*,#1980,.F.);
#2755=ORIENTED_EDGE('',*,*,#1981,.T.);
#2756=ORIENTED_EDGE('',*,*,#1959,.T.);
#2757=ORIENTED_EDGE('',*,*,#1982,.T.);
#2758=ORIENTED_EDGE('',*,*,#1983,.T.);
#2759=ORIENTED_EDGE('',*,*,#1670,.F.);
#2760=ORIENTED_EDGE('',*,*,#1971,.T.);
#2761=ORIENTED_EDGE('',*,*,#1984,.T.);
#2762=ORIENTED_EDGE('',*,*,#1985,.F.);
#2763=ORIENTED_EDGE('',*,*,#1643,.F.);
#2764=ORIENTED_EDGE('',*,*,#1986,.T.);
#2765=ORIENTED_EDGE('',*,*,#1987,.T.);
#2766=ORIENTED_EDGE('',*,*,#1973,.T.);
#2767=ORIENTED_EDGE('',*,*,#1639,.F.);
#2768=ORIENTED_EDGE('',*,*,#1955,.T.);
#2769=ORIENTED_EDGE('',*,*,#1650,.F.);
#2770=ORIENTED_EDGE('',*,*,#1798,.F.);
#2771=ORIENTED_EDGE('',*,*,#1988,.T.);
#2772=ORIENTED_EDGE('',*,*,#1953,.T.);
#2773=ORIENTED_EDGE('',*,*,#1989,.T.);
#2774=ORIENTED_EDGE('',*,*,#1990,.T.);
#2775=ORIENTED_EDGE('',*,*,#1654,.F.);
#2776=ORIENTED_EDGE('',*,*,#1958,.F.);
#2777=ORIENTED_EDGE('',*,*,#1991,.T.);
#2778=ORIENTED_EDGE('',*,*,#1992,.F.);
#2779=ORIENTED_EDGE('',*,*,#1991,.F.);
#2780=ORIENTED_EDGE('',*,*,#1993,.T.);
#2781=ORIENTED_EDGE('',*,*,#1994,.T.);
#2782=ORIENTED_EDGE('',*,*,#1989,.F.);
#2783=ORIENTED_EDGE('',*,*,#1957,.F.);
#2784=ORIENTED_EDGE('',*,*,#1988,.F.);
#2785=ORIENTED_EDGE('',*,*,#1797,.F.);
#2786=ORIENTED_EDGE('',*,*,#1995,.T.);
#2787=ORIENTED_EDGE('',*,*,#1636,.F.);
#2788=ORIENTED_EDGE('',*,*,#1990,.F.);
#2789=ORIENTED_EDGE('',*,*,#1994,.F.);
#2790=ORIENTED_EDGE('',*,*,#1964,.F.);
#2791=ORIENTED_EDGE('',*,*,#1996,.T.);
#2792=ORIENTED_EDGE('',*,*,#1997,.F.);
#2793=ORIENTED_EDGE('',*,*,#1996,.F.);
#2794=ORIENTED_EDGE('',*,*,#1998,.F.);
#2795=ORIENTED_EDGE('',*,*,#1671,.F.);
#2796=ORIENTED_EDGE('',*,*,#1983,.F.);
#2797=ORIENTED_EDGE('',*,*,#1999,.F.);
#2798=ORIENTED_EDGE('',*,*,#2000,.F.);
#2799=ORIENTED_EDGE('',*,*,#1999,.T.);
#2800=ORIENTED_EDGE('',*,*,#1982,.F.);
#2801=ORIENTED_EDGE('',*,*,#1963,.F.);
#2802=ORIENTED_EDGE('',*,*,#1981,.F.);
#2803=ORIENTED_EDGE('',*,*,#2001,.F.);
#2804=ORIENTED_EDGE('',*,*,#2002,.F.);
#2805=ORIENTED_EDGE('',*,*,#2001,.T.);
#2806=ORIENTED_EDGE('',*,*,#1980,.T.);
#2807=ORIENTED_EDGE('',*,*,#1665,.F.);
#2808=ORIENTED_EDGE('',*,*,#1976,.F.);
#2809=ORIENTED_EDGE('',*,*,#2003,.T.);
#2810=ORIENTED_EDGE('',*,*,#2004,.F.);
#2811=ORIENTED_EDGE('',*,*,#2003,.F.);
#2812=ORIENTED_EDGE('',*,*,#2005,.T.);
#2813=ORIENTED_EDGE('',*,*,#2006,.T.);
#2814=ORIENTED_EDGE('',*,*,#1984,.F.);
#2815=ORIENTED_EDGE('',*,*,#1975,.F.);
#2816=ORIENTED_EDGE('',*,*,#1987,.F.);
#2817=ORIENTED_EDGE('',*,*,#2007,.F.);
#2818=ORIENTED_EDGE('',*,*,#2008,.T.);
#2819=ORIENTED_EDGE('',*,*,#2007,.T.);
#2820=ORIENTED_EDGE('',*,*,#1986,.F.);
#2821=ORIENTED_EDGE('',*,*,#1638,.F.);
#2822=ORIENTED_EDGE('',*,*,#2009,.T.);
#2823=ORIENTED_EDGE('',*,*,#1644,.F.);
#2824=ORIENTED_EDGE('',*,*,#1985,.T.);
#2825=ORIENTED_EDGE('',*,*,#2006,.F.);
#2826=ORIENTED_EDGE('',*,*,#1970,.F.);
#2827=ORIENTED_EDGE('',*,*,#2010,.T.);
#2828=ORIENTED_EDGE('',*,*,#2011,.F.);
#2829=ORIENTED_EDGE('',*,*,#2010,.F.);
#2830=ORIENTED_EDGE('',*,*,#2012,.F.);
#2831=ORIENTED_EDGE('',*,*,#1795,.T.);
#2832=ORIENTED_EDGE('',*,*,#1977,.F.);
#2833=ORIENTED_EDGE('',*,*,#1969,.F.);
#2834=ORIENTED_EDGE('',*,*,#1979,.F.);
#2835=ORIENTED_EDGE('',*,*,#2013,.F.);
#2836=ORIENTED_EDGE('',*,*,#2014,.F.);
#2837=ORIENTED_EDGE('',*,*,#2013,.T.);
#2838=ORIENTED_EDGE('',*,*,#1978,.F.);
#2839=ORIENTED_EDGE('',*,*,#1673,.F.);
#2840=ORIENTED_EDGE('',*,*,#1626,.F.);
#2841=ORIENTED_EDGE('',*,*,#2015,.T.);
#2842=ORIENTED_EDGE('',*,*,#1945,.F.);
#2843=ORIENTED_EDGE('',*,*,#1634,.F.);
#2844=ORIENTED_EDGE('',*,*,#1624,.F.);
#2845=ORIENTED_EDGE('',*,*,#2016,.T.);
#2846=ORIENTED_EDGE('',*,*,#1946,.F.);
#2847=ORIENTED_EDGE('',*,*,#2015,.F.);
#2848=ORIENTED_EDGE('',*,*,#1621,.F.);
#2849=ORIENTED_EDGE('',*,*,#2017,.T.);
#2850=ORIENTED_EDGE('',*,*,#1947,.F.);
#2851=ORIENTED_EDGE('',*,*,#2016,.F.);
#2852=ORIENTED_EDGE('',*,*,#1618,.F.);
#2853=ORIENTED_EDGE('',*,*,#1629,.T.);
#2854=ORIENTED_EDGE('',*,*,#1948,.F.);
#2855=ORIENTED_EDGE('',*,*,#2017,.F.);
#2856=ORIENTED_EDGE('',*,*,#1951,.F.);
#2857=ORIENTED_EDGE('',*,*,#2018,.T.);
#2858=ORIENTED_EDGE('',*,*,#1909,.F.);
#2859=ORIENTED_EDGE('',*,*,#2018,.F.);
#2860=ORIENTED_EDGE('',*,*,#1943,.F.);
#2861=ORIENTED_EDGE('',*,*,#1790,.F.);
#2862=ORIENTED_EDGE('',*,*,#1647,.F.);
#2863=ORIENTED_EDGE('',*,*,#2019,.F.);
#2864=ORIENTED_EDGE('',*,*,#1681,.F.);
#2865=ORIENTED_EDGE('',*,*,#1786,.F.);
#2866=ORIENTED_EDGE('',*,*,#1936,.F.);
#2867=ORIENTED_EDGE('',*,*,#1914,.F.);
#2868=ORIENTED_EDGE('',*,*,#1933,.F.);
#2869=ORIENTED_EDGE('',*,*,#2019,.T.);
#2870=ORIENTED_EDGE('',*,*,#1646,.F.);
#2871=ORIENTED_EDGE('',*,*,#2020,.T.);
#2872=ORIENTED_EDGE('',*,*,#1682,.T.);
#2873=ORIENTED_EDGE('',*,*,#1873,.T.);
#2874=ORIENTED_EDGE('',*,*,#2021,.T.);
#2875=ORIENTED_EDGE('',*,*,#2022,.T.);
#2876=ORIENTED_EDGE('',*,*,#2023,.T.);
#2877=ORIENTED_EDGE('',*,*,#2024,.T.);
#2878=ORIENTED_EDGE('',*,*,#1902,.T.);
#2879=ORIENTED_EDGE('',*,*,#1877,.T.);
#2880=ORIENTED_EDGE('',*,*,#2025,.T.);
#2881=ORIENTED_EDGE('',*,*,#2026,.T.);
#2882=ORIENTED_EDGE('',*,*,#2027,.T.);
#2883=ORIENTED_EDGE('',*,*,#2028,.T.);
#2884=ORIENTED_EDGE('',*,*,#1890,.T.);
#2885=ORIENTED_EDGE('',*,*,#2029,.T.);
#2886=ORIENTED_EDGE('',*,*,#2030,.T.);
#2887=ORIENTED_EDGE('',*,*,#2031,.T.);
#2888=ORIENTED_EDGE('',*,*,#2032,.T.);
#2889=ORIENTED_EDGE('',*,*,#2033,.F.);
#2890=ORIENTED_EDGE('',*,*,#2034,.F.);
#2891=ORIENTED_EDGE('',*,*,#2025,.F.);
#2892=ORIENTED_EDGE('',*,*,#1876,.F.);
#2893=ORIENTED_EDGE('',*,*,#2035,.F.);
#2894=ORIENTED_EDGE('',*,*,#2036,.F.);
#2895=ORIENTED_EDGE('',*,*,#2037,.F.);
#2896=ORIENTED_EDGE('',*,*,#1903,.F.);
#2897=ORIENTED_EDGE('',*,*,#2027,.F.);
#2898=ORIENTED_EDGE('',*,*,#2038,.F.);
#2899=ORIENTED_EDGE('',*,*,#2037,.T.);
#2900=ORIENTED_EDGE('',*,*,#2039,.F.);
#2901=ORIENTED_EDGE('',*,*,#1904,.T.);
#2902=ORIENTED_EDGE('',*,*,#2040,.F.);
#2903=ORIENTED_EDGE('',*,*,#2041,.F.);
#2904=ORIENTED_EDGE('',*,*,#2042,.F.);
#2905=ORIENTED_EDGE('',*,*,#1874,.F.);
#2906=ORIENTED_EDGE('',*,*,#2023,.F.);
#2907=ORIENTED_EDGE('',*,*,#2043,.F.);
#2908=ORIENTED_EDGE('',*,*,#2021,.F.);
#2909=ORIENTED_EDGE('',*,*,#1872,.F.);
#2910=ORIENTED_EDGE('',*,*,#2044,.F.);
#2911=ORIENTED_EDGE('',*,*,#2045,.F.);
#2912=ORIENTED_EDGE('',*,*,#1908,.T.);
#2913=ORIENTED_EDGE('',*,*,#2046,.T.);
#2914=ORIENTED_EDGE('',*,*,#2047,.T.);
#2915=ORIENTED_EDGE('',*,*,#2048,.T.);
#2916=ORIENTED_EDGE('',*,*,#1886,.T.);
#2917=ORIENTED_EDGE('',*,*,#2049,.T.);
#2918=ORIENTED_EDGE('',*,*,#2050,.F.);
#2919=ORIENTED_EDGE('',*,*,#2051,.F.);
#2920=ORIENTED_EDGE('',*,*,#2052,.F.);
#2921=ORIENTED_EDGE('',*,*,#1887,.F.);
#2922=ORIENTED_EDGE('',*,*,#2048,.F.);
#2923=ORIENTED_EDGE('',*,*,#2053,.F.);
#2924=ORIENTED_EDGE('',*,*,#2046,.F.);
#2925=ORIENTED_EDGE('',*,*,#1907,.F.);
#2926=ORIENTED_EDGE('',*,*,#2054,.F.);
#2927=ORIENTED_EDGE('',*,*,#2055,.F.);
#2928=ORIENTED_EDGE('',*,*,#2035,.T.);
#2929=ORIENTED_EDGE('',*,*,#1875,.T.);
#2930=ORIENTED_EDGE('',*,*,#2042,.T.);
#2931=ORIENTED_EDGE('',*,*,#2056,.F.);
#2932=ORIENTED_EDGE('',*,*,#2044,.T.);
#2933=ORIENTED_EDGE('',*,*,#1871,.T.);
#2934=ORIENTED_EDGE('',*,*,#1928,.T.);
#2935=ORIENTED_EDGE('',*,*,#1892,.T.);
#2936=ORIENTED_EDGE('',*,*,#2057,.T.);
#2937=ORIENTED_EDGE('',*,*,#2058,.F.);
#2938=ORIENTED_EDGE('',*,*,#2059,.T.);
#2939=ORIENTED_EDGE('',*,*,#1888,.T.);
#2940=ORIENTED_EDGE('',*,*,#2052,.T.);
#2941=ORIENTED_EDGE('',*,*,#2060,.F.);
#2942=ORIENTED_EDGE('',*,*,#1905,.T.);
#2943=ORIENTED_EDGE('',*,*,#2061,.F.);
#2944=ORIENTED_EDGE('',*,*,#2055,.T.);
#2945=ORIENTED_EDGE('',*,*,#2062,.T.);
#2946=ORIENTED_EDGE('',*,*,#2060,.T.);
#2947=ORIENTED_EDGE('',*,*,#2051,.T.);
#2948=ORIENTED_EDGE('',*,*,#2063,.T.);
#2949=ORIENTED_EDGE('',*,*,#2064,.F.);
#2950=ORIENTED_EDGE('',*,*,#2065,.F.);
#2951=ORIENTED_EDGE('',*,*,#2029,.F.);
#2952=ORIENTED_EDGE('',*,*,#1889,.F.);
#2953=ORIENTED_EDGE('',*,*,#2059,.F.);
#2954=ORIENTED_EDGE('',*,*,#2066,.F.);
#2955=ORIENTED_EDGE('',*,*,#2057,.F.);
#2956=ORIENTED_EDGE('',*,*,#1891,.F.);
#2957=ORIENTED_EDGE('',*,*,#2031,.F.);
#2958=ORIENTED_EDGE('',*,*,#2067,.F.);
#2959=ORIENTED_EDGE('',*,*,#2054,.T.);
#2960=ORIENTED_EDGE('',*,*,#1906,.T.);
#2961=ORIENTED_EDGE('',*,*,#2062,.F.);
#2962=ORIENTED_EDGE('',*,*,#2053,.T.);
#2963=ORIENTED_EDGE('',*,*,#2063,.F.);
#2964=ORIENTED_EDGE('',*,*,#2050,.T.);
#2965=ORIENTED_EDGE('',*,*,#2047,.F.);
#2966=ORIENTED_EDGE('',*,*,#2064,.T.);
#2967=ORIENTED_EDGE('',*,*,#2058,.T.);
#2968=ORIENTED_EDGE('',*,*,#2066,.T.);
#2969=ORIENTED_EDGE('',*,*,#2068,.T.);
#2970=ORIENTED_EDGE('',*,*,#2065,.T.);
#2971=ORIENTED_EDGE('',*,*,#2068,.F.);
#2972=ORIENTED_EDGE('',*,*,#2067,.T.);
#2973=ORIENTED_EDGE('',*,*,#2030,.F.);
#2974=ORIENTED_EDGE('',*,*,#2041,.T.);
#2975=ORIENTED_EDGE('',*,*,#2069,.T.);
#2976=ORIENTED_EDGE('',*,*,#2045,.T.);
#2977=ORIENTED_EDGE('',*,*,#2056,.T.);
#2978=ORIENTED_EDGE('',*,*,#2040,.T.);
#2979=ORIENTED_EDGE('',*,*,#2022,.F.);
#2980=ORIENTED_EDGE('',*,*,#2043,.T.);
#2981=ORIENTED_EDGE('',*,*,#2069,.F.);
#2982=ORIENTED_EDGE('',*,*,#2033,.T.);
#2983=ORIENTED_EDGE('',*,*,#2061,.T.);
#2984=ORIENTED_EDGE('',*,*,#2039,.T.);
#2985=ORIENTED_EDGE('',*,*,#2036,.T.);
#2986=ORIENTED_EDGE('',*,*,#2070,.T.);
#2987=ORIENTED_EDGE('',*,*,#2034,.T.);
#2988=ORIENTED_EDGE('',*,*,#2070,.F.);
#2989=ORIENTED_EDGE('',*,*,#2038,.T.);
#2990=ORIENTED_EDGE('',*,*,#2026,.F.);
#2991=ORIENTED_EDGE('',*,*,#2028,.F.);
#2992=ORIENTED_EDGE('',*,*,#2071,.T.);
#2993=ORIENTED_EDGE('',*,*,#2072,.F.);
#2994=ORIENTED_EDGE('',*,*,#2071,.F.);
#2995=ORIENTED_EDGE('',*,*,#2024,.F.);
#2996=ORIENTED_EDGE('',*,*,#2073,.T.);
#2997=ORIENTED_EDGE('',*,*,#2074,.F.);
#2998=ORIENTED_EDGE('',*,*,#2073,.F.);
#2999=ORIENTED_EDGE('',*,*,#2072,.T.);
#3000=ORIENTED_EDGE('',*,*,#2049,.F.);
#3001=ORIENTED_EDGE('',*,*,#2075,.T.);
#3002=ORIENTED_EDGE('',*,*,#2076,.F.);
#3003=ORIENTED_EDGE('',*,*,#2075,.F.);
#3004=ORIENTED_EDGE('',*,*,#2074,.T.);
#3005=ORIENTED_EDGE('',*,*,#2032,.F.);
#3006=ORIENTED_EDGE('',*,*,#2077,.T.);
#3007=ORIENTED_EDGE('',*,*,#2078,.F.);
#3008=ORIENTED_EDGE('',*,*,#2077,.F.);
#3009=ORIENTED_EDGE('',*,*,#2076,.T.);
#3010=ORIENTED_EDGE('',*,*,#2078,.T.);
#3011=ORIENTED_EDGE('',*,*,#1683,.F.);
#3012=ORIENTED_EDGE('',*,*,#2020,.F.);
#3013=ORIENTED_EDGE('',*,*,#1645,.F.);
#3014=ORIENTED_EDGE('',*,*,#2009,.F.);
#3015=ORIENTED_EDGE('',*,*,#2005,.F.);
#3016=ORIENTED_EDGE('',*,*,#2008,.F.);
#3017=ORIENTED_EDGE('',*,*,#1637,.F.);
#3018=ORIENTED_EDGE('',*,*,#1995,.F.);
#3019=ORIENTED_EDGE('',*,*,#1993,.F.);
#3020=ORIENTED_EDGE('',*,*,#1796,.T.);
#3021=ORIENTED_EDGE('',*,*,#2012,.T.);
#3022=ORIENTED_EDGE('',*,*,#2014,.T.);
#3023=ORIENTED_EDGE('',*,*,#1672,.F.);
#3024=ORIENTED_EDGE('',*,*,#1998,.T.);
#3025=ORIENTED_EDGE('',*,*,#2000,.T.);
#3026=ORIENTED_EDGE('',*,*,#2002,.T.);
#3027=ORIENTED_EDGE('',*,*,#1992,.T.);
#3028=ORIENTED_EDGE('',*,*,#1997,.T.);
#3029=ORIENTED_EDGE('',*,*,#2004,.T.);
#3030=ORIENTED_EDGE('',*,*,#2011,.T.);
#3031=PLANE('',#3337);
#3032=PLANE('',#3341);
#3033=PLANE('',#3345);
#3034=PLANE('',#3349);
#3035=PLANE('',#3355);
#3036=PLANE('',#3358);
#3037=PLANE('',#3359);
#3038=PLANE('',#3370);
#3039=PLANE('',#3371);
#3040=PLANE('',#3372);
#3041=PLANE('',#3373);
#3042=PLANE('',#3374);
#3043=PLANE('',#3375);
#3044=PLANE('',#3376);
#3045=PLANE('',#3377);
#3046=PLANE('',#3378);
#3047=PLANE('',#3379);
#3048=PLANE('',#3380);
#3049=PLANE('',#3381);
#3050=PLANE('',#3382);
#3051=PLANE('',#3383);
#3052=PLANE('',#3384);
#3053=PLANE('',#3385);
#3054=PLANE('',#3386);
#3055=PLANE('',#3387);
#3056=PLANE('',#3388);
#3057=PLANE('',#3389);
#3058=PLANE('',#3390);
#3059=PLANE('',#3391);
#3060=PLANE('',#3392);
#3061=PLANE('',#3393);
#3062=PLANE('',#3394);
#3063=PLANE('',#3395);
#3064=PLANE('',#3396);
#3065=PLANE('',#3397);
#3066=PLANE('',#3402);
#3067=PLANE('',#3408);
#3068=PLANE('',#3409);
#3069=PLANE('',#3410);
#3070=PLANE('',#3411);
#3071=PLANE('',#3412);
#3072=PLANE('',#3413);
#3073=PLANE('',#3414);
#3074=PLANE('',#3415);
#3075=PLANE('',#3416);
#3076=PLANE('',#3417);
#3077=PLANE('',#3418);
#3078=PLANE('',#3419);
#3079=PLANE('',#3420);
#3080=PLANE('',#3421);
#3081=PLANE('',#3422);
#3082=PLANE('',#3423);
#3083=PLANE('',#3424);
#3084=PLANE('',#3425);
#3085=PLANE('',#3426);
#3086=PLANE('',#3427);
#3087=PLANE('',#3428);
#3088=PLANE('',#3429);
#3089=PLANE('',#3430);
#3090=PLANE('',#3431);
#3091=PLANE('',#3433);
#3092=PLANE('',#3434);
#3093=PLANE('',#3435);
#3094=PLANE('',#3436);
#3095=PLANE('',#3439);
#3096=PLANE('',#3443);
#3097=PLANE('',#3444);
#3098=PLANE('',#3445);
#3099=PLANE('',#3446);
#3100=PLANE('',#3448);
#3101=PLANE('',#3449);
#3102=PLANE('',#3450);
#3103=PLANE('',#3452);
#3104=PLANE('',#3453);
#3105=PLANE('',#3454);
#3106=PLANE('',#3456);
#3107=PLANE('',#3457);
#3108=PLANE('',#3458);
#3109=PLANE('',#3460);
#3110=PLANE('',#3461);
#3111=PLANE('',#3462);
#3112=PLANE('',#3463);
#3113=PLANE('',#3464);
#3114=PLANE('',#3465);
#3115=PLANE('',#3466);
#3116=PLANE('',#3467);
#3117=PLANE('',#3470);
#3118=PLANE('',#3471);
#3119=PLANE('',#3474);
#3120=PLANE('',#3475);
#3121=PLANE('',#3476);
#3122=PLANE('',#3479);
#3123=PLANE('',#3480);
#3124=PLANE('',#3481);
#3125=PLANE('',#3484);
#3126=PLANE('',#3485);
#3127=PLANE('',#3487);
#3128=PLANE('',#3489);
#3129=PLANE('',#3491);
#3130=PLANE('',#3492);
#3131=PLANE('',#3493);
#3132=PLANE('',#3496);
#3133=PLANE('',#3499);
#3134=PLANE('',#3502);
#3135=PLANE('',#3503);
#3136=PLANE('',#3504);
#3137=PLANE('',#3506);
#3138=PLANE('',#3507);
#3139=PLANE('',#3508);
#3140=PLANE('',#3511);
#3141=PLANE('',#3512);
#3142=PLANE('',#3513);
#3143=PLANE('',#3521);
#3144=PLANE('',#3522);
#3145=PLANE('',#3523);
#3146=PLANE('',#3538);
#3147=PLANE('',#3541);
#3148=PLANE('',#3544);
#3149=PLANE('',#3545);
#3150=PLANE('',#3546);
#3151=ADVANCED_FACE('',(#254),#3031,.T.);
#3152=ADVANCED_FACE('',(#255),#245,.F.);
#3153=ADVANCED_FACE('',(#256),#3032,.T.);
#3154=ADVANCED_FACE('',(#257),#246,.F.);
#3155=ADVANCED_FACE('',(#258),#3033,.T.);
#3156=ADVANCED_FACE('',(#259),#247,.F.);
#3157=ADVANCED_FACE('',(#260),#3034,.T.);
#3158=ADVANCED_FACE('',(#261),#248,.F.);
#3159=ADVANCED_FACE('',(#262),#168,.F.);
#3160=ADVANCED_FACE('',(#263),#3035,.F.);
#3161=ADVANCED_FACE('',(#264),#169,.F.);
#3162=ADVANCED_FACE('',(#265),#3036,.F.);
#3163=ADVANCED_FACE('',(#266,#144,#145),#3037,.T.);
#3164=ADVANCED_FACE('',(#267),#249,.F.);
#3165=ADVANCED_FACE('',(#268),#170,.F.);
#3166=ADVANCED_FACE('',(#269),#250,.F.);
#3167=ADVANCED_FACE('',(#270),#171,.F.);
#3168=ADVANCED_FACE('',(#271,#146),#3038,.T.);
#3169=ADVANCED_FACE('',(#272),#3039,.F.);
#3170=ADVANCED_FACE('',(#273),#3040,.F.);
#3171=ADVANCED_FACE('',(#274),#3041,.F.);
#3172=ADVANCED_FACE('',(#275),#3042,.F.);
#3173=ADVANCED_FACE('',(#276),#3043,.F.);
#3174=ADVANCED_FACE('',(#277),#3044,.F.);
#3175=ADVANCED_FACE('',(#278,#147),#3045,.F.);
#3176=ADVANCED_FACE('',(#279),#3046,.T.);
#3177=ADVANCED_FACE('',(#280,#148),#3047,.T.);
#3178=ADVANCED_FACE('',(#281),#3048,.T.);
#3179=ADVANCED_FACE('',(#282),#3049,.T.);
#3180=ADVANCED_FACE('',(#283),#3050,.T.);
#3181=ADVANCED_FACE('',(#284),#3051,.T.);
#3182=ADVANCED_FACE('',(#285),#3052,.T.);
#3183=ADVANCED_FACE('',(#286),#3053,.T.);
#3184=ADVANCED_FACE('',(#287),#23,.T.);
#3185=ADVANCED_FACE('',(#288),#24,.T.);
#3186=ADVANCED_FACE('',(#289),#25,.T.);
#3187=ADVANCED_FACE('',(#290),#26,.T.);
#3188=ADVANCED_FACE('',(#291),#27,.T.);
#3189=ADVANCED_FACE('',(#292),#3054,.T.);
#3190=ADVANCED_FACE('',(#293),#3055,.T.);
#3191=ADVANCED_FACE('',(#294),#3056,.T.);
#3192=ADVANCED_FACE('',(#295),#3057,.T.);
#3193=ADVANCED_FACE('',(#296),#3058,.T.);
#3194=ADVANCED_FACE('',(#297),#3059,.T.);
#3195=ADVANCED_FACE('',(#298),#3060,.T.);
#3196=ADVANCED_FACE('',(#299),#3061,.T.);
#3197=ADVANCED_FACE('',(#300),#3062,.T.);
#3198=ADVANCED_FACE('',(#301),#3063,.T.);
#3199=ADVANCED_FACE('',(#302),#3064,.T.);
#3200=ADVANCED_FACE('',(#303,#149),#3065,.T.);
#3201=ADVANCED_FACE('',(#304),#251,.T.);
#3202=ADVANCED_FACE('',(#305),#3066,.T.);
#3203=ADVANCED_FACE('',(#306),#172,.F.);
#3204=ADVANCED_FACE('',(#307),#252,.F.);
#3205=ADVANCED_FACE('',(#308),#3067,.F.);
#3206=ADVANCED_FACE('',(#309),#3068,.F.);
#3207=ADVANCED_FACE('',(#310),#3069,.F.);
#3208=ADVANCED_FACE('',(#311),#3070,.F.);
#3209=ADVANCED_FACE('',(#312),#3071,.F.);
#3210=ADVANCED_FACE('',(#313),#3072,.F.);
#3211=ADVANCED_FACE('',(#314,#150),#3073,.F.);
#3212=ADVANCED_FACE('',(#315),#3074,.T.);
#3213=ADVANCED_FACE('',(#316,#151),#3075,.F.);
#3214=ADVANCED_FACE('',(#317),#3076,.T.);
#3215=ADVANCED_FACE('',(#318),#3077,.T.);
#3216=ADVANCED_FACE('',(#319),#3078,.T.);
#3217=ADVANCED_FACE('',(#320),#3079,.T.);
#3218=ADVANCED_FACE('',(#321),#3080,.T.);
#3219=ADVANCED_FACE('',(#322),#3081,.T.);
#3220=ADVANCED_FACE('',(#323),#28,.T.);
#3221=ADVANCED_FACE('',(#324),#29,.T.);
#3222=ADVANCED_FACE('',(#325),#30,.T.);
#3223=ADVANCED_FACE('',(#326),#31,.T.);
#3224=ADVANCED_FACE('',(#327),#32,.T.);
#3225=ADVANCED_FACE('',(#328),#33,.T.);
#3226=ADVANCED_FACE('',(#329),#34,.T.);
#3227=ADVANCED_FACE('',(#330),#35,.T.);
#3228=ADVANCED_FACE('',(#331),#3082,.T.);
#3229=ADVANCED_FACE('',(#332,#152),#3083,.T.);
#3230=ADVANCED_FACE('',(#333),#36,.T.);
#3231=ADVANCED_FACE('',(#334),#3084,.T.);
#3232=ADVANCED_FACE('',(#335),#3085,.T.);
#3233=ADVANCED_FACE('',(#336),#3086,.T.);
#3234=ADVANCED_FACE('',(#337),#3087,.T.);
#3235=ADVANCED_FACE('',(#338),#3088,.T.);
#3236=ADVANCED_FACE('',(#339),#3089,.T.);
#3237=ADVANCED_FACE('',(#340,#153),#3090,.T.);
#3238=ADVANCED_FACE('',(#341),#3091,.T.);
#3239=ADVANCED_FACE('',(#342),#37,.T.);
#3240=ADVANCED_FACE('',(#343),#38,.T.);
#3241=ADVANCED_FACE('',(#344),#39,.T.);
#3242=ADVANCED_FACE('',(#345),#40,.T.);
#3243=ADVANCED_FACE('',(#346),#41,.T.);
#3244=ADVANCED_FACE('',(#347),#3092,.T.);
#3245=ADVANCED_FACE('',(#348),#42,.T.);
#3246=ADVANCED_FACE('',(#349),#43,.T.);
#3247=ADVANCED_FACE('',(#350),#44,.T.);
#3248=ADVANCED_FACE('',(#351),#45,.T.);
#3249=ADVANCED_FACE('',(#352),#46,.T.);
#3250=ADVANCED_FACE('',(#353),#47,.T.);
#3251=ADVANCED_FACE('',(#354),#48,.T.);
#3252=ADVANCED_FACE('',(#355),#49,.T.);
#3253=ADVANCED_FACE('',(#356),#3093,.T.);
#3254=ADVANCED_FACE('',(#357),#50,.T.);
#3255=ADVANCED_FACE('',(#358),#51,.T.);
#3256=ADVANCED_FACE('',(#359,#154),#3094,.F.);
#3257=ADVANCED_FACE('',(#360),#52,.F.);
#3258=ADVANCED_FACE('',(#361,#155),#3095,.T.);
#3259=ADVANCED_FACE('',(#362),#253,.T.);
#3260=ADVANCED_FACE('',(#363),#3096,.T.);
#3261=ADVANCED_FACE('',(#364),#3097,.F.);
#3262=ADVANCED_FACE('',(#365),#3098,.F.);
#3263=ADVANCED_FACE('',(#366,#156),#3099,.T.);
#3264=ADVANCED_FACE('',(#367),#3100,.F.);
#3265=ADVANCED_FACE('',(#368),#3101,.F.);
#3266=ADVANCED_FACE('',(#369,#157),#3102,.T.);
#3267=ADVANCED_FACE('',(#370),#3103,.F.);
#3268=ADVANCED_FACE('',(#371),#3104,.F.);
#3269=ADVANCED_FACE('',(#372,#158),#3105,.T.);
#3270=ADVANCED_FACE('',(#373),#3106,.F.);
#3271=ADVANCED_FACE('',(#374),#3107,.F.);
#3272=ADVANCED_FACE('',(#375,#159),#3108,.T.);
#3273=ADVANCED_FACE('',(#376),#3109,.T.);
#3274=ADVANCED_FACE('',(#377),#3110,.T.);
#3275=ADVANCED_FACE('',(#378),#3111,.T.);
#3276=ADVANCED_FACE('',(#379),#3112,.T.);
#3277=ADVANCED_FACE('',(#380),#3113,.T.);
#3278=ADVANCED_FACE('',(#381),#3114,.T.);
#3279=ADVANCED_FACE('',(#382),#3115,.T.);
#3280=ADVANCED_FACE('',(#383),#3116,.T.);
#3281=ADVANCED_FACE('',(#384),#173,.F.);
#3282=ADVANCED_FACE('',(#385),#3117,.T.);
#3283=ADVANCED_FACE('',(#386),#3118,.T.);
#3284=ADVANCED_FACE('',(#387),#174,.F.);
#3285=ADVANCED_FACE('',(#388),#3119,.T.);
#3286=ADVANCED_FACE('',(#389),#3120,.T.);
#3287=ADVANCED_FACE('',(#390),#3121,.T.);
#3288=ADVANCED_FACE('',(#391),#175,.F.);
#3289=ADVANCED_FACE('',(#392),#3122,.T.);
#3290=ADVANCED_FACE('',(#393),#3123,.T.);
#3291=ADVANCED_FACE('',(#394),#3124,.T.);
#3292=ADVANCED_FACE('',(#395),#176,.F.);
#3293=ADVANCED_FACE('',(#396),#3125,.T.);
#3294=ADVANCED_FACE('',(#397),#3126,.T.);
#3295=ADVANCED_FACE('',(#398),#177,.F.);
#3296=ADVANCED_FACE('',(#399),#3127,.F.);
#3297=ADVANCED_FACE('',(#400),#178,.F.);
#3298=ADVANCED_FACE('',(#401),#3128,.F.);
#3299=ADVANCED_FACE('',(#402),#179,.F.);
#3300=ADVANCED_FACE('',(#403),#3129,.F.);
#3301=ADVANCED_FACE('',(#404),#3130,.T.);
#3302=ADVANCED_FACE('',(#405,#160),#3131,.T.);
#3303=ADVANCED_FACE('',(#406,#161),#3132,.T.);
#3304=ADVANCED_FACE('',(#407,#162),#3133,.T.);
#3305=ADVANCED_FACE('',(#408),#3134,.T.);
#3306=ADVANCED_FACE('',(#409),#3135,.T.);
#3307=ADVANCED_FACE('',(#410),#3136,.T.);
#3308=ADVANCED_FACE('',(#411),#3137,.T.);
#3309=ADVANCED_FACE('',(#412),#3138,.T.);
#3310=ADVANCED_FACE('',(#413,#163),#3139,.T.);
#3311=ADVANCED_FACE('',(#414),#3140,.T.);
#3312=ADVANCED_FACE('',(#415),#3141,.T.);
#3313=ADVANCED_FACE('',(#416),#3142,.T.);
#3314=ADVANCED_FACE('',(#417),#19,.F.);
#3315=ADVANCED_FACE('',(#418),#3143,.T.);
#3316=ADVANCED_FACE('',(#419),#3144,.T.);
#3317=ADVANCED_FACE('',(#420),#3145,.T.);
#3318=ADVANCED_FACE('',(#421),#180,.T.);
#3319=ADVANCED_FACE('',(#422),#20,.F.);
#3320=ADVANCED_FACE('',(#423),#181,.T.);
#3321=ADVANCED_FACE('',(#424),#21,.F.);
#3322=ADVANCED_FACE('',(#425),#182,.T.);
#3323=ADVANCED_FACE('',(#426),#22,.F.);
#3324=ADVANCED_FACE('',(#427),#183,.T.);
#3325=ADVANCED_FACE('',(#428),#184,.F.);
#3326=ADVANCED_FACE('',(#429),#185,.F.);
#3327=ADVANCED_FACE('',(#430),#3146,.T.);
#3328=ADVANCED_FACE('',(#431),#186,.F.);
#3329=ADVANCED_FACE('',(#432),#3147,.T.);
#3330=ADVANCED_FACE('',(#433),#187,.F.);
#3331=ADVANCED_FACE('',(#434),#3148,.T.);
#3332=ADVANCED_FACE('',(#435),#3149,.T.);
#3333=ADVANCED_FACE('',(#436,#164,#165,#166,#167),#3150,.F.);
#3334=CLOSED_SHELL('',(#3151,#3152,#3153,#3154,#3155,#3156,#3157,#3158,
#3159,#3160,#3161,#3162,#3163,#3164,#3165,#3166,#3167,#3168,#3169,#3170,
#3171,#3172,#3173,#3174,#3175,#3176,#3177,#3178,#3179,#3180,#3181,#3182,
#3183,#3184,#3185,#3186,#3187,#3188,#3189,#3190,#3191,#3192,#3193,#3194,
#3195,#3196,#3197,#3198,#3199,#3200,#3201,#3202,#3203,#3204,#3205,#3206,
#3207,#3208,#3209,#3210,#3211,#3212,#3213,#3214,#3215,#3216,#3217,#3218,
#3219,#3220,#3221,#3222,#3223,#3224,#3225,#3226,#3227,#3228,#3229,#3230,
#3231,#3232,#3233,#3234,#3235,#3236,#3237,#3238,#3239,#3240,#3241,#3242,
#3243,#3244,#3245,#3246,#3247,#3248,#3249,#3250,#3251,#3252,#3253,#3254,
#3255,#3256,#3257,#3258,#3259,#3260,#3261,#3262,#3263,#3264,#3265,#3266,
#3267,#3268,#3269,#3270,#3271,#3272,#3273,#3274,#3275,#3276,#3277,#3278,
#3279,#3280,#3281,#3282,#3283,#3284,#3285,#3286,#3287,#3288,#3289,#3290,
#3291,#3292,#3293,#3294,#3295,#3296,#3297,#3298,#3299,#3300,#3301,#3302,
#3303,#3304,#3305,#3306,#3307,#3308,#3309,#3310,#3311,#3312,#3313,#3314,
#3315,#3316,#3317,#3318,#3319,#3320,#3321,#3322,#3323,#3324,#3325,#3326,
#3327,#3328,#3329,#3330,#3331,#3332,#3333));
#3335=AXIS2_PLACEMENT_3D('',#4302,#3548,#3549);
#3336=AXIS2_PLACEMENT_3D('',#4303,#3550,#3551);
#3337=AXIS2_PLACEMENT_3D('',#4304,#3552,#3553);
#3338=AXIS2_PLACEMENT_3D('',#4313,#3558,#3559);
#3339=AXIS2_PLACEMENT_3D('',#4317,#3561,#3562);
#3340=AXIS2_PLACEMENT_3D('',#4318,#3563,#3564);
#3341=AXIS2_PLACEMENT_3D('',#4319,#3565,#3566);
#3342=AXIS2_PLACEMENT_3D('',#4325,#3570,#3571);
#3343=AXIS2_PLACEMENT_3D('',#4329,#3573,#3574);
#3344=AXIS2_PLACEMENT_3D('',#4330,#3575,#3576);
#3345=AXIS2_PLACEMENT_3D('',#4331,#3577,#3578);
#3346=AXIS2_PLACEMENT_3D('',#4337,#3582,#3583);
#3347=AXIS2_PLACEMENT_3D('',#4341,#3585,#3586);
#3348=AXIS2_PLACEMENT_3D('',#4342,#3587,#3588);
#3349=AXIS2_PLACEMENT_3D('',#4343,#3589,#3590);
#3350=AXIS2_PLACEMENT_3D('',#4349,#3594,#3595);
#3351=AXIS2_PLACEMENT_3D('',#4350,#3596,#3597);
#3352=AXIS2_PLACEMENT_3D('',#4351,#3598,#3599);
#3353=AXIS2_PLACEMENT_3D('',#4352,#3600,#3601);
#3354=AXIS2_PLACEMENT_3D('',#4356,#3603,#3604);
#3355=AXIS2_PLACEMENT_3D('',#4358,#3606,#3607);
#3356=AXIS2_PLACEMENT_3D('',#4362,#3610,#3611);
#3357=AXIS2_PLACEMENT_3D('',#4365,#3613,#3614);
#3358=AXIS2_PLACEMENT_3D('',#4366,#3615,#3616);
#3359=AXIS2_PLACEMENT_3D('',#4370,#3619,#3620);
#3360=AXIS2_PLACEMENT_3D('',#4410,#3640,#3641);
#3361=AXIS2_PLACEMENT_3D('',#4411,#3642,#3643);
#3362=AXIS2_PLACEMENT_3D('',#4414,#3645,#3646);
#3363=AXIS2_PLACEMENT_3D('',#4415,#3647,#3648);
#3364=AXIS2_PLACEMENT_3D('',#4417,#3649,#3650);
#3365=AXIS2_PLACEMENT_3D('',#4419,#3652,#3653);
#3366=AXIS2_PLACEMENT_3D('',#4421,#3654,#3655);
#3367=AXIS2_PLACEMENT_3D('',#4424,#3657,#3658);
#3368=AXIS2_PLACEMENT_3D('',#4425,#3659,#3660);
#3369=AXIS2_PLACEMENT_3D('',#4427,#3661,#3662);
#3370=AXIS2_PLACEMENT_3D('',#4429,#3664,#3665);
#3371=AXIS2_PLACEMENT_3D('',#4468,#3685,#3686);
#3372=AXIS2_PLACEMENT_3D('',#4477,#3691,#3692);
#3373=AXIS2_PLACEMENT_3D('',#4483,#3696,#3697);
#3374=AXIS2_PLACEMENT_3D('',#4489,#3701,#3702);
#3375=AXIS2_PLACEMENT_3D('',#4495,#3706,#3707);
#3376=AXIS2_PLACEMENT_3D('',#4501,#3711,#3712);
#3377=AXIS2_PLACEMENT_3D('',#4504,#3715,#3716);
#3378=AXIS2_PLACEMENT_3D('',#4505,#3717,#3718);
#3379=AXIS2_PLACEMENT_3D('',#4537,#3724,#3725);
#3380=AXIS2_PLACEMENT_3D('',#4547,#3731,#3732);
#3381=AXIS2_PLACEMENT_3D('',#4553,#3736,#3737);
#3382=AXIS2_PLACEMENT_3D('',#4557,#3740,#3741);
#3383=AXIS2_PLACEMENT_3D('',#4584,#3745,#3746);
#3384=AXIS2_PLACEMENT_3D('',#4586,#3748,#3749);
#3385=AXIS2_PLACEMENT_3D('',#4588,#3751,#3752);
#3386=AXIS2_PLACEMENT_3D('',#4750,#3754,#3755);
#3387=AXIS2_PLACEMENT_3D('',#4763,#3759,#3760);
#3388=AXIS2_PLACEMENT_3D('',#4788,#3767,#3768);
#3389=AXIS2_PLACEMENT_3D('',#4799,#3771,#3772);
#3390=AXIS2_PLACEMENT_3D('',#4811,#3779,#3780);
#3391=AXIS2_PLACEMENT_3D('',#4817,#3784,#3785);
#3392=AXIS2_PLACEMENT_3D('',#4826,#3790,#3791);
#3393=AXIS2_PLACEMENT_3D('',#4835,#3796,#3797);
#3394=AXIS2_PLACEMENT_3D('',#4842,#3802,#3803);
#3395=AXIS2_PLACEMENT_3D('',#4851,#3808,#3809);
#3396=AXIS2_PLACEMENT_3D('',#4859,#3815,#3816);
#3397=AXIS2_PLACEMENT_3D('',#4865,#3821,#3822);
#3398=AXIS2_PLACEMENT_3D('',#4866,#3823,#3824);
#3399=AXIS2_PLACEMENT_3D('',#4877,#3830,#3831);
#3400=AXIS2_PLACEMENT_3D('',#4878,#3832,#3833);
#3401=AXIS2_PLACEMENT_3D('',#4879,#3834,#3835);
#3402=AXIS2_PLACEMENT_3D('',#4880,#3836,#3837);
#3403=AXIS2_PLACEMENT_3D('',#4881,#3838,#3839);
#3404=AXIS2_PLACEMENT_3D('',#4882,#3840,#3841);
#3405=AXIS2_PLACEMENT_3D('',#4883,#3842,#3843);
#3406=AXIS2_PLACEMENT_3D('',#4884,#3844,#3845);
#3407=AXIS2_PLACEMENT_3D('',#4885,#3846,#3847);
#3408=AXIS2_PLACEMENT_3D('',#4886,#3848,#3849);
#3409=AXIS2_PLACEMENT_3D('',#4895,#3854,#3855);
#3410=AXIS2_PLACEMENT_3D('',#4901,#3859,#3860);
#3411=AXIS2_PLACEMENT_3D('',#4907,#3864,#3865);
#3412=AXIS2_PLACEMENT_3D('',#4913,#3869,#3870);
#3413=AXIS2_PLACEMENT_3D('',#4919,#3874,#3875);
#3414=AXIS2_PLACEMENT_3D('',#4922,#3878,#3879);
#3415=AXIS2_PLACEMENT_3D('',#4923,#3880,#3881);
#3416=AXIS2_PLACEMENT_3D('',#4955,#3887,#3888);
#3417=AXIS2_PLACEMENT_3D('',#4965,#3894,#3895);
#3418=AXIS2_PLACEMENT_3D('',#4994,#3900,#3901);
#3419=AXIS2_PLACEMENT_3D('',#4998,#3904,#3905);
#3420=AXIS2_PLACEMENT_3D('',#5002,#3908,#3909);
#3421=AXIS2_PLACEMENT_3D('',#5004,#3911,#3912);
#3422=AXIS2_PLACEMENT_3D('',#5006,#3914,#3915);
#3423=AXIS2_PLACEMENT_3D('',#5230,#3917,#3918);
#3424=AXIS2_PLACEMENT_3D('',#5232,#3920,#3921);
#3425=AXIS2_PLACEMENT_3D('',#5311,#3931,#3932);
#3426=AXIS2_PLACEMENT_3D('',#5324,#3936,#3937);
#3427=AXIS2_PLACEMENT_3D('',#5347,#3947,#3948);
#3428=AXIS2_PLACEMENT_3D('',#5351,#3951,#3952);
#3429=AXIS2_PLACEMENT_3D('',#5355,#3955,#3956);
#3430=AXIS2_PLACEMENT_3D('',#5368,#3958,#3959);
#3431=AXIS2_PLACEMENT_3D('',#5369,#3960,#3961);
#3432=AXIS2_PLACEMENT_3D('',#5384,#3969,#3970);
#3433=AXIS2_PLACEMENT_3D('',#5385,#3971,#3972);
#3434=AXIS2_PLACEMENT_3D('',#5547,#3977,#3978);
#3435=AXIS2_PLACEMENT_3D('',#5728,#3983,#3984);
#3436=AXIS2_PLACEMENT_3D('',#5766,#3986,#3987);
#3437=AXIS2_PLACEMENT_3D('',#5804,#3988,#3989);
#3438=AXIS2_PLACEMENT_3D('',#5808,#3991,#3992);
#3439=AXIS2_PLACEMENT_3D('',#5951,#3995,#3996);
#3440=AXIS2_PLACEMENT_3D('',#5953,#3997,#3998);
#3441=AXIS2_PLACEMENT_3D('',#5955,#3999,#4000);
#3442=AXIS2_PLACEMENT_3D('',#5956,#4001,#4002);
#3443=AXIS2_PLACEMENT_3D('',#5958,#4004,#4005);
#3444=AXIS2_PLACEMENT_3D('',#5959,#4006,#4007);
#3445=AXIS2_PLACEMENT_3D('',#5963,#4010,#4011);
#3446=AXIS2_PLACEMENT_3D('',#5967,#4014,#4015);
#3447=AXIS2_PLACEMENT_3D('',#5970,#4017,#4018);
#3448=AXIS2_PLACEMENT_3D('',#5971,#4019,#4020);
#3449=AXIS2_PLACEMENT_3D('',#5975,#4023,#4024);
#3450=AXIS2_PLACEMENT_3D('',#5979,#4027,#4028);
#3451=AXIS2_PLACEMENT_3D('',#5982,#4030,#4031);
#3452=AXIS2_PLACEMENT_3D('',#5983,#4032,#4033);
#3453=AXIS2_PLACEMENT_3D('',#5987,#4036,#4037);
#3454=AXIS2_PLACEMENT_3D('',#5991,#4040,#4041);
#3455=AXIS2_PLACEMENT_3D('',#5994,#4043,#4044);
#3456=AXIS2_PLACEMENT_3D('',#5995,#4045,#4046);
#3457=AXIS2_PLACEMENT_3D('',#5999,#4049,#4050);
#3458=AXIS2_PLACEMENT_3D('',#6003,#4053,#4054);
#3459=AXIS2_PLACEMENT_3D('',#6006,#4056,#4057);
#3460=AXIS2_PLACEMENT_3D('',#6007,#4058,#4059);
#3461=AXIS2_PLACEMENT_3D('',#6009,#4061,#4062);
#3462=AXIS2_PLACEMENT_3D('',#6013,#4065,#4066);
#3463=AXIS2_PLACEMENT_3D('',#6017,#4069,#4070);
#3464=AXIS2_PLACEMENT_3D('',#6021,#4073,#4074);
#3465=AXIS2_PLACEMENT_3D('',#6025,#4077,#4078);
#3466=AXIS2_PLACEMENT_3D('',#6029,#4081,#4082);
#3467=AXIS2_PLACEMENT_3D('',#6031,#4084,#4085);
#3468=AXIS2_PLACEMENT_3D('',#6035,#4088,#4089);
#3469=AXIS2_PLACEMENT_3D('',#6038,#4091,#4092);
#3470=AXIS2_PLACEMENT_3D('',#6039,#4093,#4094);
#3471=AXIS2_PLACEMENT_3D('',#6043,#4097,#4098);
#3472=AXIS2_PLACEMENT_3D('',#6045,#4100,#4101);
#3473=AXIS2_PLACEMENT_3D('',#6048,#4103,#4104);
#3474=AXIS2_PLACEMENT_3D('',#6049,#4105,#4106);
#3475=AXIS2_PLACEMENT_3D('',#6053,#4109,#4110);
#3476=AXIS2_PLACEMENT_3D('',#6057,#4113,#4114);
#3477=AXIS2_PLACEMENT_3D('',#6059,#4116,#4117);
#3478=AXIS2_PLACEMENT_3D('',#6062,#4119,#4120);
#3479=AXIS2_PLACEMENT_3D('',#6063,#4121,#4122);
#3480=AXIS2_PLACEMENT_3D('',#6069,#4126,#4127);
#3481=AXIS2_PLACEMENT_3D('',#6071,#4129,#4130);
#3482=AXIS2_PLACEMENT_3D('',#6073,#4132,#4133);
#3483=AXIS2_PLACEMENT_3D('',#6076,#4135,#4136);
#3484=AXIS2_PLACEMENT_3D('',#6077,#4137,#4138);
#3485=AXIS2_PLACEMENT_3D('',#6081,#4141,#4142);
#3486=AXIS2_PLACEMENT_3D('',#6083,#4144,#4145);
#3487=AXIS2_PLACEMENT_3D('',#6085,#4147,#4148);
#3488=AXIS2_PLACEMENT_3D('',#6087,#4150,#4151);
#3489=AXIS2_PLACEMENT_3D('',#6089,#4153,#4154);
#3490=AXIS2_PLACEMENT_3D('',#6090,#4155,#4156);
#3491=AXIS2_PLACEMENT_3D('',#6092,#4158,#4159);
#3492=AXIS2_PLACEMENT_3D('',#6094,#4161,#4162);
#3493=AXIS2_PLACEMENT_3D('',#6096,#4164,#4165);
#3494=AXIS2_PLACEMENT_3D('',#6100,#4167,#4168);
#3495=AXIS2_PLACEMENT_3D('',#6103,#4170,#4171);
#3496=AXIS2_PLACEMENT_3D('',#6104,#4172,#4173);
#3497=AXIS2_PLACEMENT_3D('',#6108,#4175,#4176);
#3498=AXIS2_PLACEMENT_3D('',#6111,#4178,#4179);
#3499=AXIS2_PLACEMENT_3D('',#6112,#4180,#4181);
#3500=AXIS2_PLACEMENT_3D('',#6116,#4183,#4184);
#3501=AXIS2_PLACEMENT_3D('',#6119,#4186,#4187);
#3502=AXIS2_PLACEMENT_3D('',#6120,#4188,#4189);
#3503=AXIS2_PLACEMENT_3D('',#6135,#4192,#4193);
#3504=AXIS2_PLACEMENT_3D('',#6150,#4196,#4197);
#3505=AXIS2_PLACEMENT_3D('',#6151,#4198,#4199);
#3506=AXIS2_PLACEMENT_3D('',#6152,#4200,#4201);
#3507=AXIS2_PLACEMENT_3D('',#6167,#4204,#4205);
#3508=AXIS2_PLACEMENT_3D('',#6182,#4208,#4209);
#3509=AXIS2_PLACEMENT_3D('',#6186,#4211,#4212);
#3510=AXIS2_PLACEMENT_3D('',#6189,#4214,#4215);
#3511=AXIS2_PLACEMENT_3D('',#6190,#4216,#4217);
#3512=AXIS2_PLACEMENT_3D('',#6205,#4220,#4221);
#3513=AXIS2_PLACEMENT_3D('',#6220,#4224,#4225);
#3514=AXIS2_PLACEMENT_3D('',#6221,#4226,#4227);
#3515=AXIS2_PLACEMENT_3D('',#6225,#4229,#4230);
#3516=AXIS2_PLACEMENT_3D('',#6227,#4232,#4233);
#3517=AXIS2_PLACEMENT_3D('',#6228,#4234,#4235);
#3518=AXIS2_PLACEMENT_3D('',#6229,#4236,#4237);
#3519=AXIS2_PLACEMENT_3D('',#6230,#4238,#4239);
#3520=AXIS2_PLACEMENT_3D('',#6231,#4240,#4241);
#3521=AXIS2_PLACEMENT_3D('',#6232,#4242,#4243);
#3522=AXIS2_PLACEMENT_3D('',#6245,#4245,#4246);
#3523=AXIS2_PLACEMENT_3D('',#6258,#4248,#4249);
#3524=AXIS2_PLACEMENT_3D('',#6259,#4250,#4251);
#3525=AXIS2_PLACEMENT_3D('',#6260,#4252,#4253);
#3526=AXIS2_PLACEMENT_3D('',#6261,#4254,#4255);
#3527=AXIS2_PLACEMENT_3D('',#6262,#4256,#4257);
#3528=AXIS2_PLACEMENT_3D('',#6263,#4258,#4259);
#3529=AXIS2_PLACEMENT_3D('',#6264,#4260,#4261);
#3530=AXIS2_PLACEMENT_3D('',#6265,#4262,#4263);
#3531=AXIS2_PLACEMENT_3D('',#6266,#4264,#4265);
#3532=AXIS2_PLACEMENT_3D('',#6267,#4266,#4267);
#3533=AXIS2_PLACEMENT_3D('',#6268,#4268,#4269);
#3534=AXIS2_PLACEMENT_3D('',#6269,#4270,#4271);
#3535=AXIS2_PLACEMENT_3D('',#6272,#4273,#4274);
#3536=AXIS2_PLACEMENT_3D('',#6273,#4275,#4276);
#3537=AXIS2_PLACEMENT_3D('',#6276,#4278,#4279);
#3538=AXIS2_PLACEMENT_3D('',#6277,#4280,#4281);
#3539=AXIS2_PLACEMENT_3D('',#6278,#4282,#4283);
#3540=AXIS2_PLACEMENT_3D('',#6281,#4285,#4286);
#3541=AXIS2_PLACEMENT_3D('',#6282,#4287,#4288);
#3542=AXIS2_PLACEMENT_3D('',#6283,#4289,#4290);
#3543=AXIS2_PLACEMENT_3D('',#6286,#4292,#4293);
#3544=AXIS2_PLACEMENT_3D('',#6287,#4294,#4295);
#3545=AXIS2_PLACEMENT_3D('',#6288,#4296,#4297);
#3546=AXIS2_PLACEMENT_3D('',#6289,#4298,#4299);
#3547=AXIS2_PLACEMENT_3D('',#6290,#4300,#4301);
#3548=DIRECTION('axis',(0.,0.,1.));
#3549=DIRECTION('refdir',(1.,0.,0.));
#3550=DIRECTION('axis',(0.,0.,1.));
#3551=DIRECTION('refdir',(1.,0.,0.));
#3552=DIRECTION('center_axis',(0.707106781186542,2.08511614699042E-16,0.707106781186553));
#3553=DIRECTION('ref_axis',(0.707106781186553,0.,-0.707106781186542));
#3554=DIRECTION('',(0.707106781186553,0.,-0.707106781186542));
#3555=DIRECTION('',(0.,1.,-2.94879953419696E-16));
#3556=DIRECTION('',(-0.707106781186553,0.,0.707106781186542));
#3557=DIRECTION('',(0.,-1.,2.94879953419696E-16));
#3558=DIRECTION('center_axis',(1.,0.,0.));
#3559=DIRECTION('ref_axis',(0.,-1.,-3.33066907387545E-15));
#3560=DIRECTION('',(0.707106781186548,-0.707106781186548,-2.35513868802567E-15));
#3561=DIRECTION('center_axis',(1.,0.,0.));
#3562=DIRECTION('ref_axis',(0.,-1.,-3.33066907387545E-15));
#3563=DIRECTION('center_axis',(-1.,0.,0.));
#3564=DIRECTION('ref_axis',(0.,-1.,-3.33066907387545E-15));
#3565=DIRECTION('center_axis',(0.707106781186538,0.707106781186557,-1.97495906752679E-15));
#3566=DIRECTION('ref_axis',(-2.79301389842814E-15,0.,-1.));
#3567=DIRECTION('',(0.707106781186557,-0.707106781186538,1.57009245868377E-15));
#3568=DIRECTION('',(0.,-2.79301389842807E-15,-1.));
#3569=DIRECTION('',(0.,2.79301389842807E-15,1.));
#3570=DIRECTION('center_axis',(1.,0.,0.));
#3571=DIRECTION('ref_axis',(0.,-4.44089209850062E-15,1.));
#3572=DIRECTION('',(0.707106781186547,0.,0.707106781186548));
#3573=DIRECTION('center_axis',(1.,0.,0.));
#3574=DIRECTION('ref_axis',(0.,-4.44089209850062E-15,1.));
#3575=DIRECTION('center_axis',(-1.,0.,0.));
#3576=DIRECTION('ref_axis',(0.,-4.44089209850062E-15,1.));
#3577=DIRECTION('center_axis',(0.707106781186543,0.,-0.707106781186552));
#3578=DIRECTION('ref_axis',(-0.707106781186552,0.,-0.707106781186543));
#3579=DIRECTION('',(0.707106781186554,0.,0.707106781186541));
#3580=DIRECTION('',(0.,-1.,0.));
#3581=DIRECTION('',(0.,1.,0.));
#3582=DIRECTION('center_axis',(1.,0.,0.));
#3583=DIRECTION('ref_axis',(0.,1.,-5.5511151231258E-15));
#3584=DIRECTION('',(0.707106781186548,0.707106781186548,-4.71027737605134E-15));
#3585=DIRECTION('center_axis',(1.,0.,0.));
#3586=DIRECTION('ref_axis',(0.,1.,-5.5511151231258E-15));
#3587=DIRECTION('center_axis',(-1.,0.,0.));
#3588=DIRECTION('ref_axis',(0.,1.,-5.5511151231258E-15));
#3589=DIRECTION('center_axis',(0.707106781186541,-0.707106781186554,0.));
#3590=DIRECTION('ref_axis',(0.,0.,-1.));
#3591=DIRECTION('',(0.707106781186554,0.707106781186541,0.));
#3592=DIRECTION('',(0.,0.,1.));
#3593=DIRECTION('',(0.,0.,-1.));
#3594=DIRECTION('center_axis',(1.,0.,0.));
#3595=DIRECTION('ref_axis',(0.,0.,-1.));
#3596=DIRECTION('center_axis',(1.,0.,0.));
#3597=DIRECTION('ref_axis',(0.,0.,-1.));
#3598=DIRECTION('center_axis',(-1.,0.,0.));
#3599=DIRECTION('ref_axis',(0.,0.,-1.));
#3600=DIRECTION('center_axis',(-1.,0.,0.));
#3601=DIRECTION('ref_axis',(0.,-4.44089209850062E-15,1.));
#3602=DIRECTION('',(-1.,0.,0.));
#3603=DIRECTION('center_axis',(1.,-9.18389232379321E-31,-2.707396130242E-31));
#3604=DIRECTION('ref_axis',(0.,-4.44089209850062E-15,1.));
#3605=DIRECTION('',(-1.,0.,0.));
#3606=DIRECTION('center_axis',(0.,-1.,2.79301389842807E-15));
#3607=DIRECTION('ref_axis',(0.,2.79301389842807E-15,1.));
#3608=DIRECTION('',(-1.,0.,0.));
#3609=DIRECTION('',(-2.70739613024202E-31,-2.79301389842807E-15,-1.));
#3610=DIRECTION('center_axis',(-1.,0.,0.));
#3611=DIRECTION('ref_axis',(0.,-1.,-3.33066907387545E-15));
#3612=DIRECTION('',(-1.,0.,0.));
#3613=DIRECTION('center_axis',(1.,-9.18389232379321E-31,-2.707396130242E-31));
#3614=DIRECTION('ref_axis',(0.,-1.,-3.33066907387545E-15));
#3615=DIRECTION('center_axis',(0.,-2.94879953419696E-16,-1.));
#3616=DIRECTION('ref_axis',(0.,-1.,2.94879953419696E-16));
#3617=DIRECTION('',(-1.,0.,0.));
#3618=DIRECTION('',(9.18389232379321E-31,1.,-2.94879953419696E-16));
#3619=DIRECTION('center_axis',(1.,0.,0.));
#3620=DIRECTION('ref_axis',(0.,1.,0.));
#3621=DIRECTION('',(0.,0.,-1.));
#3622=DIRECTION('',(0.,1.,0.));
#3623=DIRECTION('',(0.,0.,1.));
#3624=DIRECTION('',(0.,1.,0.));
#3625=DIRECTION('',(0.,0.,1.));
#3626=DIRECTION('',(0.,1.,0.));
#3627=DIRECTION('',(0.,0.,1.));
#3628=DIRECTION('',(0.,1.,0.));
#3629=DIRECTION('',(0.,0.,-1.));
#3630=DIRECTION('',(0.,1.,0.));
#3631=DIRECTION('',(0.,0.,1.));
#3632=DIRECTION('',(0.,-0.957826285221153,0.287347885566342));
#3633=DIRECTION('',(0.,1.,0.));
#3634=DIRECTION('',(0.,0.,1.));
#3635=DIRECTION('',(0.,1.,0.));
#3636=DIRECTION('',(0.,0.,1.));
#3637=DIRECTION('',(0.,-1.,0.));
#3638=DIRECTION('',(0.,0.,1.));
#3639=DIRECTION('',(0.,1.,0.));
#3640=DIRECTION('center_axis',(1.,0.,0.));
#3641=DIRECTION('ref_axis',(0.,-1.,0.));
#3642=DIRECTION('center_axis',(1.,0.,0.));
#3643=DIRECTION('ref_axis',(0.,-1.,0.));
#3644=DIRECTION('',(-0.707106781186552,-0.707106781186543,-8.65956056235488E-17));
#3645=DIRECTION('center_axis',(-1.,0.,0.));
#3646=DIRECTION('ref_axis',(0.,-1.,0.));
#3647=DIRECTION('center_axis',(1.,0.,0.));
#3648=DIRECTION('ref_axis',(0.,-1.,0.));
#3649=DIRECTION('center_axis',(1.,0.,0.));
#3650=DIRECTION('ref_axis',(0.,-1.,0.));
#3651=DIRECTION('',(1.,0.,0.));
#3652=DIRECTION('center_axis',(-1.,0.,0.));
#3653=DIRECTION('ref_axis',(0.,1.,0.));
#3654=DIRECTION('center_axis',(-1.,0.,0.));
#3655=DIRECTION('ref_axis',(0.,1.,0.));
#3656=DIRECTION('',(0.707106781186549,0.707106781186546,-8.65956056235492E-17));
#3657=DIRECTION('center_axis',(1.,0.,0.));
#3658=DIRECTION('ref_axis',(0.,1.,0.));
#3659=DIRECTION('center_axis',(-1.,0.,0.));
#3660=DIRECTION('ref_axis',(0.,1.,0.));
#3661=DIRECTION('center_axis',(-1.,0.,0.));
#3662=DIRECTION('ref_axis',(0.,1.,0.));
#3663=DIRECTION('',(-1.,0.,0.));
#3664=DIRECTION('center_axis',(-1.,0.,0.));
#3665=DIRECTION('ref_axis',(0.,-1.,0.));
#3666=DIRECTION('',(0.,0.,1.));
#3667=DIRECTION('',(0.,-1.,0.));
#3668=DIRECTION('',(0.,0.,1.));
#3669=DIRECTION('',(0.,1.,0.));
#3670=DIRECTION('',(0.,0.,1.));
#3671=DIRECTION('',(0.,-1.,0.));
#3672=DIRECTION('',(0.,0.,-1.));
#3673=DIRECTION('',(0.,-1.,0.));
#3674=DIRECTION('',(0.,0.,1.));
#3675=DIRECTION('',(0.,-1.,0.));
#3676=DIRECTION('',(0.,0.,1.));
#3677=DIRECTION('',(0.,-1.,0.));
#3678=DIRECTION('',(0.,0.,1.));
#3679=DIRECTION('',(0.,-1.,0.));
#3680=DIRECTION('',(0.,0.,1.));
#3681=DIRECTION('',(0.,-1.,0.));
#3682=DIRECTION('',(0.,0.957826285221153,-0.287347885566342));
#3683=DIRECTION('',(0.,0.,1.));
#3684=DIRECTION('',(0.,-1.,0.));
#3685=DIRECTION('center_axis',(0.,-1.,-2.7666378905497E-60));
#3686=DIRECTION('ref_axis',(-1.14189050713686E-30,-2.7666378905497E-60,
1.));
#3687=DIRECTION('',(-1.14189050713686E-30,-2.7666378905497E-60,1.));
#3688=DIRECTION('',(-1.,0.,0.));
#3689=DIRECTION('',(-1.14189050713686E-30,-2.7666378905497E-60,1.));
#3690=DIRECTION('',(-1.,0.,0.));
#3691=DIRECTION('center_axis',(0.,-0.5,-0.866025403784439));
#3692=DIRECTION('ref_axis',(1.52731082379946E-30,-0.866025403784439,0.5));
#3693=DIRECTION('',(1.52731082379946E-30,-0.866025403784439,0.5));
#3694=DIRECTION('',(-1.,0.,0.));
#3695=DIRECTION('',(1.52731082379946E-30,-0.866025403784439,0.5));
#3696=DIRECTION('center_axis',(0.,0.5,-0.866025403784438));
#3697=DIRECTION('ref_axis',(2.66920133093632E-30,-0.866025403784438,-0.5));
#3698=DIRECTION('',(2.66920133093632E-30,-0.866025403784438,-0.5));
#3699=DIRECTION('',(-1.,0.,0.));
#3700=DIRECTION('',(2.66920133093632E-30,-0.866025403784438,-0.5));
#3701=DIRECTION('center_axis',(0.,1.,2.7666378905497E-60));
#3702=DIRECTION('ref_axis',(1.14189050713686E-30,2.7666378905497E-60,-1.));
#3703=DIRECTION('',(1.14189050713686E-30,2.7666378905497E-60,-1.));
#3704=DIRECTION('',(-1.,0.,0.));
#3705=DIRECTION('',(1.14189050713686E-30,2.7666378905497E-60,-1.));
#3706=DIRECTION('center_axis',(0.,0.5,0.866025403784439));
#3707=DIRECTION('ref_axis',(-1.52731082379946E-30,0.866025403784439,-0.5));
#3708=DIRECTION('',(-1.52731082379946E-30,0.866025403784439,-0.5));
#3709=DIRECTION('',(-1.,0.,0.));
#3710=DIRECTION('',(-1.52731082379946E-30,0.866025403784439,-0.5));
#3711=DIRECTION('center_axis',(0.,-0.499999999999998,0.86602540378444));
#3712=DIRECTION('ref_axis',(-2.66920133093633E-30,0.86602540378444,0.499999999999998));
#3713=DIRECTION('',(-2.66920133093633E-30,0.86602540378444,0.499999999999998));
#3714=DIRECTION('',(-2.66920133093633E-30,0.86602540378444,0.499999999999998));
#3715=DIRECTION('center_axis',(-1.,0.,0.));
#3716=DIRECTION('ref_axis',(0.,0.,1.));
#3717=DIRECTION('center_axis',(0.707106781186548,0.707106781186547,-3.19938813061299E-16));
#3718=DIRECTION('ref_axis',(-4.52461808560839E-16,0.,-1.));
#3719=DIRECTION('',(0.,-4.52461808560839E-16,-1.));
#3720=DIRECTION('',(0.654653670707978,-0.654653670707978,-0.377964473009224));
#3721=DIRECTION('',(0.,0.,1.));
#3722=DIRECTION('',(0.654653670707978,-0.654653670707977,0.377964473009226));
#3723=DIRECTION('',(0.,-4.52461808560839E-16,-1.));
#3724=DIRECTION('center_axis',(1.,2.42285742219424E-30,1.14189050713686E-30));
#3725=DIRECTION('ref_axis',(1.14189050713686E-30,0.,-1.));
#3726=DIRECTION('',(0.,-0.866025403784439,-0.5));
#3727=DIRECTION('',(0.,0.,-1.));
#3728=DIRECTION('',(0.,0.866025403784438,-0.5));
#3729=DIRECTION('',(0.,0.866025403784439,0.499999999999999));
#3730=DIRECTION('',(0.,-0.866025403784439,0.5));
#3731=DIRECTION('center_axis',(0.707106781186547,-0.353553390593274,0.612372435695795));
#3732=DIRECTION('ref_axis',(0.654653670707978,0.,-0.755928946018454));
#3733=DIRECTION('',(0.,0.866025403784439,0.5));
#3734=DIRECTION('',(0.654653670707977,0.654653670707977,-0.377964473009227));
#3735=DIRECTION('',(0.654653670707976,-2.90724631350148E-15,-0.755928946018455));
#3736=DIRECTION('center_axis',(0.707106781186547,-0.707106781186548,0.));
#3737=DIRECTION('ref_axis',(0.,0.,-1.));
#3738=DIRECTION('',(0.,0.,1.));
#3739=DIRECTION('',(0.654653670707978,0.654653670707977,0.377964473009226));
#3740=DIRECTION('center_axis',(0.707106781186547,-0.353553390593274,-0.612372435695795));
#3741=DIRECTION('ref_axis',(-0.654653670707978,0.,-0.755928946018454));
#3742=DIRECTION('',(0.,-0.866025403784438,0.500000000000001));
#3743=DIRECTION('',(0.654653670707978,0.,0.755928946018454));
#3744=DIRECTION('',(0.,-0.866025403784438,0.500000000000001));
#3745=DIRECTION('center_axis',(0.707106781186547,0.353553390593274,-0.612372435695795));
#3746=DIRECTION('ref_axis',(-0.654653670707978,0.,-0.755928946018454));
#3747=DIRECTION('',(0.,-0.866025403784439,-0.5));
#3748=DIRECTION('center_axis',(0.707106781186549,0.353553390593275,0.612372435695793));
#3749=DIRECTION('ref_axis',(0.654653670707976,0.,-0.755928946018456));
#3750=DIRECTION('',(0.,0.866025403784437,-0.500000000000002));
#3751=DIRECTION('center_axis',(1.,0.,0.));
#3752=DIRECTION('ref_axis',(0.,1.,0.));
#3753=DIRECTION('',(0.,0.,1.));
#3754=DIRECTION('center_axis',(0.31912744594569,0.820742502209519,-0.473855904586024));
#3755=DIRECTION('ref_axis',(0.,-0.499999999999993,-0.866025403784443));
#3756=DIRECTION('',(0.566084576284031,-0.566084576284033,-0.599246614497451));
#3757=DIRECTION('',(0.829436927105277,0.,0.558600379479064));
#3758=DIRECTION('',(-0.829436927105277,0.,-0.558600379479064));
#3759=DIRECTION('center_axis',(0.,1.,6.93889390390722E-16));
#3760=DIRECTION('ref_axis',(0.,6.93889390390722E-16,-1.));
#3761=DIRECTION('',(-6.93889390390719E-16,-6.93889390390722E-16,1.));
#3762=DIRECTION('',(-1.,0.,0.));
#3763=DIRECTION('',(-1.,0.,0.));
#3764=DIRECTION('',(0.829436927105277,0.,-0.558600379479064));
#3765=DIRECTION('',(0.,6.93889390390722E-16,-1.));
#3766=DIRECTION('',(0.829436927105277,0.,-0.558600379479064));
#3767=DIRECTION('center_axis',(0.,0.499999999999999,0.866025403784439));
#3768=DIRECTION('ref_axis',(0.,0.866025403784439,-0.499999999999999));
#3769=DIRECTION('',(-0.654653670707976,-0.654653670707979,0.377964473009227));
#3770=DIRECTION('',(-1.,0.,0.));
#3771=DIRECTION('center_axis',(0.707106781186549,0.707106781186546,0.));
#3772=DIRECTION('ref_axis',(-0.707106781186546,0.707106781186549,0.));
#3773=DIRECTION('',(0.707106781186546,-0.707106781186549,0.));
#3774=DIRECTION('',(0.,0.,1.));
#3775=DIRECTION('',(-6.9388939039072E-16,6.93889390390722E-16,-1.));
#3776=DIRECTION('',(-0.654653670707976,0.654653670707978,-0.377964473009227));
#3777=DIRECTION('',(-0.707106781186546,0.707106781186549,0.));
#3778=DIRECTION('',(0.,0.,1.));
#3779=DIRECTION('center_axis',(1.,0.,0.));
#3780=DIRECTION('ref_axis',(0.,1.,0.));
#3781=DIRECTION('',(0.,-1.,0.));
#3782=DIRECTION('',(0.,1.,0.));
#3783=DIRECTION('',(0.,0.,1.));
#3784=DIRECTION('center_axis',(-0.500000000000002,-0.866025403784437,0.));
#3785=DIRECTION('ref_axis',(0.866025403784437,-0.500000000000002,0.));
#3786=DIRECTION('',(-0.866025403784437,0.500000000000002,0.));
#3787=DIRECTION('',(0.,0.,1.));
#3788=DIRECTION('',(0.866025403784437,-0.500000000000002,0.));
#3789=DIRECTION('',(0.,0.,1.));
#3790=DIRECTION('center_axis',(-1.,0.,0.));
#3791=DIRECTION('ref_axis',(0.,-1.,0.));
#3792=DIRECTION('',(0.,1.,0.));
#3793=DIRECTION('',(0.,0.,1.));
#3794=DIRECTION('',(0.,-1.,0.));
#3795=DIRECTION('',(0.,0.,1.));
#3796=DIRECTION('center_axis',(-0.707106781186549,0.707106781186546,0.));
#3797=DIRECTION('ref_axis',(-0.707106781186546,-0.707106781186549,0.));
#3798=DIRECTION('',(0.707106781186546,0.707106781186549,0.));
#3799=DIRECTION('',(-0.707106781186546,-0.707106781186549,0.));
#3800=DIRECTION('',(0.56608457628403,0.566084576284033,0.599246614497451));
#3801=DIRECTION('',(0.,0.,1.));
#3802=DIRECTION('center_axis',(0.500000000000002,-0.866025403784437,0.));
#3803=DIRECTION('ref_axis',(0.866025403784437,0.500000000000002,0.));
#3804=DIRECTION('',(-0.866025403784437,-0.500000000000002,0.));
#3805=DIRECTION('',(0.,0.,-1.));
#3806=DIRECTION('',(0.866025403784437,0.500000000000002,0.));
#3807=DIRECTION('',(0.,0.,1.));
#3808=DIRECTION('center_axis',(0.,0.,1.));
#3809=DIRECTION('ref_axis',(1.,0.,0.));
#3810=DIRECTION('',(-1.,0.,0.));
#3811=DIRECTION('',(-2.28575328599297E-17,1.,0.));
#3812=DIRECTION('',(-1.,0.,0.));
#3813=DIRECTION('',(1.,0.,0.));
#3814=DIRECTION('',(1.,0.,0.));
#3815=DIRECTION('center_axis',(0.,0.,1.));
#3816=DIRECTION('ref_axis',(1.,0.,0.));
#3817=DIRECTION('',(1.,0.,0.));
#3818=DIRECTION('',(-1.,0.,0.));
#3819=DIRECTION('',(0.,-1.,0.));
#3820=DIRECTION('',(1.,0.,0.));
#3821=DIRECTION('center_axis',(0.,-1.,0.));
#3822=DIRECTION('ref_axis',(1.,0.,0.));
#3823=DIRECTION('center_axis',(0.,1.,0.));
#3824=DIRECTION('ref_axis',(-1.,0.,0.));
#3825=DIRECTION('',(0.707106781186547,0.,0.707106781186548));
#3826=DIRECTION('',(0.,0.,1.));
#3827=DIRECTION('',(-1.,0.,0.));
#3828=DIRECTION('',(0.,0.,1.));
#3829=DIRECTION('',(-0.707106781186548,0.,0.707106781186547));
#3830=DIRECTION('center_axis',(0.,1.,0.));
#3831=DIRECTION('ref_axis',(-1.,0.,0.));
#3832=DIRECTION('center_axis',(0.,1.,0.));
#3833=DIRECTION('ref_axis',(-1.,0.,0.));
#3834=DIRECTION('center_axis',(0.,1.,0.));
#3835=DIRECTION('ref_axis',(1.,0.,0.));
#3836=DIRECTION('center_axis',(0.,-1.,0.));
#3837=DIRECTION('ref_axis',(0.,0.,-1.));
#3838=DIRECTION('center_axis',(0.,1.,0.));
#3839=DIRECTION('ref_axis',(1.,0.,0.));
#3840=DIRECTION('center_axis',(0.,1.,0.));
#3841=DIRECTION('ref_axis',(1.,0.,0.));
#3842=DIRECTION('center_axis',(0.,-1.,0.));
#3843=DIRECTION('ref_axis',(1.,0.,0.));
#3844=DIRECTION('center_axis',(0.,1.,0.));
#3845=DIRECTION('ref_axis',(1.,0.,0.));
#3846=DIRECTION('center_axis',(0.,1.,0.));
#3847=DIRECTION('ref_axis',(1.,0.,0.));
#3848=DIRECTION('center_axis',(0.,0.500000000000003,-0.866025403784437));
#3849=DIRECTION('ref_axis',(2.0063987814611E-29,0.866025403784437,0.500000000000003));
#3850=DIRECTION('',(2.54935372787319E-29,0.866025403784437,0.500000000000003));
#3851=DIRECTION('',(1.,0.,0.));
#3852=DIRECTION('',(2.0063987814611E-29,0.866025403784437,0.500000000000003));
#3853=DIRECTION('',(1.,0.,0.));
#3854=DIRECTION('center_axis',(0.,-0.5,-0.866025403784439));
#3855=DIRECTION('ref_axis',(1.18447185027274E-29,0.866025403784439,-0.5));
#3856=DIRECTION('',(1.37787166503001E-29,0.866025403784439,-0.5));
#3857=DIRECTION('',(1.,0.,0.));
#3858=DIRECTION('',(1.18447185027274E-29,0.866025403784438,-0.5));
#3859=DIRECTION('center_axis',(0.,-1.,-5.49417910395306E-16));
#3860=DIRECTION('ref_axis',(-8.21926931188359E-30,5.49417910395306E-16,
-1.));
#3861=DIRECTION('',(-1.17148206284318E-29,5.49417910395306E-16,-1.));
#3862=DIRECTION('',(1.,0.,0.));
#3863=DIRECTION('',(-8.21926931188359E-30,5.49417910395306E-16,-1.));
#3864=DIRECTION('center_axis',(0.,-0.5,0.866025403784439));
#3865=DIRECTION('ref_axis',(-2.0063987814611E-29,-0.866025403784439,-0.5));
#3866=DIRECTION('',(-2.54935372787319E-29,-0.866025403784439,-0.5));
#3867=DIRECTION('',(1.,0.,0.));
#3868=DIRECTION('',(-2.0063987814611E-29,-0.866025403784439,-0.5));
#3869=DIRECTION('center_axis',(0.,0.499999999999999,0.866025403784439));
#3870=DIRECTION('ref_axis',(-1.18447185027274E-29,-0.866025403784439,0.499999999999999));
#3871=DIRECTION('',(-1.37787166503001E-29,-0.866025403784439,0.499999999999999));
#3872=DIRECTION('',(1.,0.,0.));
#3873=DIRECTION('',(-1.18447185027274E-29,-0.866025403784439,0.499999999999999));
#3874=DIRECTION('center_axis',(0.,1.,1.51419490392505E-58));
#3875=DIRECTION('ref_axis',(8.21926931188359E-30,-1.51419490392505E-58,
1.));
#3876=DIRECTION('',(1.17148206284318E-29,-1.51419490392505E-58,1.));
#3877=DIRECTION('',(8.21926931188359E-30,-1.51419490392505E-58,1.));
#3878=DIRECTION('center_axis',(1.,0.,0.));
#3879=DIRECTION('ref_axis',(0.,0.,-1.));
#3880=DIRECTION('center_axis',(-0.707106781186547,0.707106781186548,0.));
#3881=DIRECTION('ref_axis',(0.,0.,1.));
#3882=DIRECTION('',(0.,0.,1.));
#3883=DIRECTION('',(-0.654653670707978,-0.654653670707977,0.377964473009227));
#3884=DIRECTION('',(0.,0.,-1.));
#3885=DIRECTION('',(-0.654653670707978,-0.654653670707977,-0.377964473009227));
#3886=DIRECTION('',(0.,0.,1.));
#3887=DIRECTION('center_axis',(1.,-2.26738463776099E-29,-1.17148206284318E-29));
#3888=DIRECTION('ref_axis',(-1.17148206284318E-29,0.,-1.));
#3889=DIRECTION('',(0.,-0.866025403784439,0.5));
#3890=DIRECTION('',(0.,0.,1.));
#3891=DIRECTION('',(0.,0.866025403784439,0.499999999999999));
#3892=DIRECTION('',(0.,0.866025403784439,-0.499999999999999));
#3893=DIRECTION('',(0.,-0.866025403784438,-0.500000000000001));
#3894=DIRECTION('center_axis',(-0.707106781186547,-0.353553390593274,-0.612372435695795));
#3895=DIRECTION('ref_axis',(-0.654653670707978,0.,0.755928946018454));
#3896=DIRECTION('',(0.,0.866025403784439,-0.5));
#3897=DIRECTION('',(-0.654653670707978,0.654653670707977,0.377964473009227));
#3898=DIRECTION('',(-0.654653670707978,-9.69082104500495E-16,0.755928946018454));
#3899=DIRECTION('',(0.,0.866025403784439,-0.5));
#3900=DIRECTION('center_axis',(-0.707106781186547,-0.707106781186548,0.));
#3901=DIRECTION('ref_axis',(0.,0.,1.));
#3902=DIRECTION('',(0.,0.,-1.));
#3903=DIRECTION('',(-0.654653670707978,0.654653670707976,-0.377964473009228));
#3904=DIRECTION('center_axis',(-0.707106781186548,-0.353553390593274,0.612372435695795));
#3905=DIRECTION('ref_axis',(0.654653670707977,0.,0.755928946018454));
#3906=DIRECTION('',(0.,-0.866025403784439,-0.5));
#3907=DIRECTION('',(-0.654653670707977,1.93816420900099E-15,-0.755928946018454));
#3908=DIRECTION('center_axis',(-0.707106781186547,0.353553390593274,0.612372435695795));
#3909=DIRECTION('ref_axis',(0.654653670707978,0.,0.755928946018454));
#3910=DIRECTION('',(0.,-0.866025403784439,0.499999999999999));
#3911=DIRECTION('center_axis',(-0.707106781186547,0.353553390593274,-0.612372435695795));
#3912=DIRECTION('ref_axis',(-0.654653670707978,0.,0.755928946018454));
#3913=DIRECTION('',(0.,0.866025403784439,0.5));
#3914=DIRECTION('center_axis',(-1.,0.,0.));
#3915=DIRECTION('ref_axis',(0.,-1.,0.));
#3916=DIRECTION('',(0.,0.,1.));
#3917=DIRECTION('center_axis',(-0.319127445945689,0.820742502209519,-0.473855904586024));
#3918=DIRECTION('ref_axis',(0.,0.499999999999993,0.866025403784443));
#3919=DIRECTION('',(0.829436927105277,0.,-0.558600379479064));
#3920=DIRECTION('center_axis',(-1.,0.,0.));
#3921=DIRECTION('ref_axis',(0.,-1.,0.));
#3922=DIRECTION('',(0.,0.,1.));
#3923=DIRECTION('',(0.,1.,0.));
#3924=DIRECTION('',(0.,0.,1.));
#3925=DIRECTION('',(0.,1.,0.));
#3926=DIRECTION('',(0.,0.,-1.));
#3927=DIRECTION('',(0.,1.,0.));
#3928=DIRECTION('',(0.,0.,1.));
#3929=DIRECTION('',(0.,1.,0.));
#3930=DIRECTION('',(0.,0.,1.));
#3931=DIRECTION('center_axis',(0.,1.,6.93889390390722E-16));
#3932=DIRECTION('ref_axis',(0.,6.93889390390722E-16,-1.));
#3933=DIRECTION('',(-0.829436927105277,0.,-0.558600379479064));
#3934=DIRECTION('',(-1.,0.,0.));
#3935=DIRECTION('',(-1.,0.,0.));
#3936=DIRECTION('center_axis',(1.,0.,0.));
#3937=DIRECTION('ref_axis',(0.,1.,0.));
#3938=DIRECTION('',(0.,0.,1.));
#3939=DIRECTION('',(2.28575328599297E-17,-1.,0.));
#3940=DIRECTION('',(0.,0.,-1.));
#3941=DIRECTION('',(0.,-1.,0.));
#3942=DIRECTION('',(0.,0.,1.));
#3943=DIRECTION('',(2.28575328599297E-17,-1.,0.));
#3944=DIRECTION('',(0.,0.,-1.));
#3945=DIRECTION('',(0.,-1.,0.));
#3946=DIRECTION('',(0.,0.,1.));
#3947=DIRECTION('center_axis',(-0.503811900924044,0.431906693768269,0.748084337735702));
#3948=DIRECTION('ref_axis',(0.,0.866025403784429,-0.500000000000016));
#3949=DIRECTION('',(-0.829436927105277,0.,-0.558600379479065));
#3950=DIRECTION('',(-0.86381338753651,-0.251905950462026,-0.436313904929149));
#3951=DIRECTION('center_axis',(0.503811900924044,0.431906693768269,0.748084337735702));
#3952=DIRECTION('ref_axis',(0.,-0.866025403784429,0.500000000000016));
#3953=DIRECTION('',(-0.86381338753651,0.251905950462026,0.436313904929149));
#3954=DIRECTION('',(-0.829436927105277,0.,0.558600379479064));
#3955=DIRECTION('center_axis',(0.,0.866025403784434,-0.500000000000008));
#3956=DIRECTION('ref_axis',(0.,-0.500000000000008,-0.866025403784434));
#3957=DIRECTION('',(1.,0.,0.));
#3958=DIRECTION('center_axis',(0.,1.,0.));
#3959=DIRECTION('ref_axis',(-1.,0.,0.));
#3960=DIRECTION('center_axis',(0.,1.,0.));
#3961=DIRECTION('ref_axis',(-1.,0.,0.));
#3962=DIRECTION('',(1.,0.,0.));
#3963=DIRECTION('',(0.,0.,-1.));
#3964=DIRECTION('',(1.,0.,0.));
#3965=DIRECTION('',(1.,0.,0.));
#3966=DIRECTION('',(1.,0.,0.));
#3967=DIRECTION('',(0.,0.,1.));
#3968=DIRECTION('',(1.,0.,0.));
#3969=DIRECTION('center_axis',(0.,-1.,0.));
#3970=DIRECTION('ref_axis',(1.,0.,0.));
#3971=DIRECTION('center_axis',(0.,1.,0.));
#3972=DIRECTION('ref_axis',(-1.,0.,0.));
#3973=DIRECTION('',(1.,0.,0.));
#3974=DIRECTION('',(-2.23323011848044E-5,0.963586493264278,0.267396838986402));
#3975=DIRECTION('',(-1.,0.,0.));
#3976=DIRECTION('',(1.02341255674696E-5,-0.441578504887363,0.89722261669928));
#3977=DIRECTION('center_axis',(0.,-1.,0.));
#3978=DIRECTION('ref_axis',(1.,0.,0.));
#3979=DIRECTION('',(-1.,0.,0.));
#3980=DIRECTION('',(-1.,0.,0.));
#3981=DIRECTION('',(0.,-0.957826285221153,0.287347885566342));
#3982=DIRECTION('',(-1.,0.,0.));
#3983=DIRECTION('center_axis',(0.,0.866025403784434,-0.500000000000008));
#3984=DIRECTION('ref_axis',(0.,-0.500000000000008,-0.866025403784434));
#3985=DIRECTION('',(0.,0.957826285221153,-0.287347885566342));
#3986=DIRECTION('center_axis',(1.,-9.18389232379321E-31,-2.707396130242E-31));
#3987=DIRECTION('ref_axis',(-2.707396130242E-31,0.,-1.));
#3988=DIRECTION('center_axis',(1.,-9.18389232379321E-31,-2.707396130242E-31));
#3989=DIRECTION('ref_axis',(0.,0.,-1.));
#3990=DIRECTION('',(2.707396130242E-31,0.,1.));
#3991=DIRECTION('center_axis',(1.,-9.18389232379321E-31,-2.707396130242E-31));
#3992=DIRECTION('ref_axis',(0.,1.,-5.5511151231258E-15));
#3993=DIRECTION('',(-9.18389232379321E-31,-1.,0.));
#3994=DIRECTION('',(0.707106781186546,-0.707106781186549,1.57009245868378E-15));
#3995=DIRECTION('center_axis',(0.,-1.,0.));
#3996=DIRECTION('ref_axis',(0.,0.,-1.));
#3997=DIRECTION('center_axis',(0.,1.,0.));
#3998=DIRECTION('ref_axis',(1.,0.,0.));
#3999=DIRECTION('center_axis',(0.,1.,0.));
#4000=DIRECTION('ref_axis',(1.,0.,0.));
#4001=DIRECTION('center_axis',(0.,1.,0.));
#4002=DIRECTION('ref_axis',(-1.,0.,0.));
#4003=DIRECTION('',(-0.866025403784457,-0.499999999999968,1.06057523872493E-16));
#4004=DIRECTION('center_axis',(0.,0.499999999999999,0.866025403784439));
#4005=DIRECTION('ref_axis',(0.,0.866025403784439,-0.499999999999999));
#4006=DIRECTION('center_axis',(0.,1.,0.));
#4007=DIRECTION('ref_axis',(-1.,0.,0.));
#4008=DIRECTION('',(0.707106781186548,0.,-0.707106781186547));
#4009=DIRECTION('',(-1.,0.,0.));
#4010=DIRECTION('center_axis',(-2.77555756156289E-17,-1.,0.));
#4011=DIRECTION('ref_axis',(1.,-2.77555756156289E-17,0.));
#4012=DIRECTION('',(-0.707106781186548,1.96261557335472E-17,0.707106781186547));
#4013=DIRECTION('',(1.,-2.77555756156289E-17,0.));
#4014=DIRECTION('center_axis',(0.,-1.11022302462516E-17,1.));
#4015=DIRECTION('ref_axis',(-1.,0.,0.));
#4016=DIRECTION('',(0.,1.,0.));
#4017=DIRECTION('center_axis',(0.,0.,-1.));
#4018=DIRECTION('ref_axis',(1.,0.,0.));
#4019=DIRECTION('center_axis',(0.,-1.,0.));
#4020=DIRECTION('ref_axis',(1.,0.,0.));
#4021=DIRECTION('',(-0.707106781186547,0.,-0.707106781186548));
#4022=DIRECTION('',(1.,0.,0.));
#4023=DIRECTION('center_axis',(0.,1.,0.));
#4024=DIRECTION('ref_axis',(-1.,0.,0.));
#4025=DIRECTION('',(0.707106781186547,0.,0.707106781186548));
#4026=DIRECTION('',(-1.,0.,0.));
#4027=DIRECTION('center_axis',(0.,5.55111512312578E-17,1.));
#4028=DIRECTION('ref_axis',(-1.,0.,0.));
#4029=DIRECTION('',(0.,-1.,0.));
#4030=DIRECTION('center_axis',(0.,0.,-1.));
#4031=DIRECTION('ref_axis',(1.,0.,0.));
#4032=DIRECTION('center_axis',(2.77555756156289E-17,-1.,0.));
#4033=DIRECTION('ref_axis',(1.,2.77555756156289E-17,0.));
#4034=DIRECTION('',(-0.707106781186547,-1.96261557335472E-17,-0.707106781186548));
#4035=DIRECTION('',(-1.,-2.77555756156289E-17,0.));
#4036=DIRECTION('center_axis',(0.,1.,0.));
#4037=DIRECTION('ref_axis',(-1.,0.,1.6101949751445E-18));
#4038=DIRECTION('',(0.707106781186547,0.,0.707106781186548));
#4039=DIRECTION('',(1.,0.,-1.6101949751445E-18));
#4040=DIRECTION('center_axis',(1.6101949751445E-18,0.,1.));
#4041=DIRECTION('ref_axis',(-1.,0.,1.6101949751445E-18));
#4042=DIRECTION('',(0.,-1.,0.));
#4043=DIRECTION('center_axis',(0.,0.,-1.));
#4044=DIRECTION('ref_axis',(1.,0.,0.));
#4045=DIRECTION('center_axis',(0.,1.,0.));
#4046=DIRECTION('ref_axis',(-1.,0.,0.));
#4047=DIRECTION('',(0.707106781186548,0.,-0.707106781186547));
#4048=DIRECTION('',(1.,0.,0.));
#4049=DIRECTION('center_axis',(0.,-1.,0.));
#4050=DIRECTION('ref_axis',(1.,0.,1.49183462991988E-18));
#4051=DIRECTION('',(-0.707106781186548,0.,0.707106781186547));
#4052=DIRECTION('',(-1.,0.,-1.49183462991988E-18));
#4053=DIRECTION('center_axis',(-1.49183462991988E-18,-1.11022302462516E-17,
1.));
#4054=DIRECTION('ref_axis',(-1.,0.,-1.49183462991988E-18));
#4055=DIRECTION('',(0.,1.,0.));
#4056=DIRECTION('center_axis',(0.,0.,-1.));
#4057=DIRECTION('ref_axis',(1.,0.,0.));
#4058=DIRECTION('center_axis',(-0.707106781186548,0.,0.707106781186547));
#4059=DIRECTION('ref_axis',(0.707106781186547,0.,0.707106781186548));
#4060=DIRECTION('',(0.,-1.,0.));
#4061=DIRECTION('center_axis',(-0.707106781186548,0.,0.707106781186547));
#4062=DIRECTION('ref_axis',(0.707106781186547,0.,0.707106781186548));
#4063=DIRECTION('',(-0.707106781186547,7.85046229341887E-17,-0.707106781186548));
#4064=DIRECTION('',(0.,-1.,0.));
#4065=DIRECTION('center_axis',(-0.707106781186548,0.,0.707106781186547));
#4066=DIRECTION('ref_axis',(0.707106781186547,0.,0.707106781186548));
#4067=DIRECTION('',(0.707106781186547,0.,0.707106781186548));
#4068=DIRECTION('',(0.,-1.,0.));
#4069=DIRECTION('center_axis',(-0.707106781186548,0.,0.707106781186547));
#4070=DIRECTION('ref_axis',(0.707106781186547,0.,0.707106781186548));
#4071=DIRECTION('',(0.,-1.,0.));
#4072=DIRECTION('',(0.707106781186547,0.,0.707106781186548));
#4073=DIRECTION('center_axis',(0.707106781186547,0.,0.707106781186548));
#4074=DIRECTION('ref_axis',(0.707106781186548,0.,-0.707106781186547));
#4075=DIRECTION('',(0.,1.,0.));
#4076=DIRECTION('',(0.707106781186548,0.,-0.707106781186547));
#4077=DIRECTION('center_axis',(0.707106781186547,0.,0.707106781186548));
#4078=DIRECTION('ref_axis',(0.707106781186548,0.,-0.707106781186547));
#4079=DIRECTION('',(0.707106781186548,0.,-0.707106781186547));
#4080=DIRECTION('',(0.,1.,0.));
#4081=DIRECTION('center_axis',(0.707106781186547,0.,0.707106781186548));
#4082=DIRECTION('ref_axis',(0.707106781186548,0.,-0.707106781186547));
#4083=DIRECTION('',(0.,1.,0.));
#4084=DIRECTION('center_axis',(0.707106781186547,0.,0.707106781186548));
#4085=DIRECTION('ref_axis',(0.707106781186548,0.,-0.707106781186547));
#4086=DIRECTION('',(0.,1.,0.));
#4087=DIRECTION('',(-0.707106781186548,7.85046229341888E-17,0.707106781186547));
#4088=DIRECTION('center_axis',(0.,0.,1.));
#4089=DIRECTION('ref_axis',(1.,0.,0.));
#4090=DIRECTION('',(0.,0.,-1.));
#4091=DIRECTION('center_axis',(0.,0.,1.));
#4092=DIRECTION('ref_axis',(1.,0.,0.));
#4093=DIRECTION('center_axis',(1.,0.,0.));
#4094=DIRECTION('ref_axis',(0.,1.,0.));
#4095=DIRECTION('',(0.,1.,0.));
#4096=DIRECTION('',(0.,0.,1.));
#4097=DIRECTION('center_axis',(0.,1.,0.));
#4098=DIRECTION('ref_axis',(-1.,0.,0.));
#4099=DIRECTION('',(-1.,0.,0.));
#4100=DIRECTION('center_axis',(0.,0.,1.));
#4101=DIRECTION('ref_axis',(1.,0.,0.));
#4102=DIRECTION('',(0.,0.,-1.));
#4103=DIRECTION('center_axis',(0.,0.,1.));
#4104=DIRECTION('ref_axis',(1.,0.,0.));
#4105=DIRECTION('center_axis',(0.,-1.,0.));
#4106=DIRECTION('ref_axis',(1.,0.,0.));
#4107=DIRECTION('',(-1.,0.,0.));
#4108=DIRECTION('',(0.,0.,1.));
#4109=DIRECTION('center_axis',(-1.,0.,0.));
#4110=DIRECTION('ref_axis',(0.,-1.,0.));
#4111=DIRECTION('',(0.,1.,0.));
#4112=DIRECTION('',(0.,0.,1.));
#4113=DIRECTION('center_axis',(0.,1.,0.));
#4114=DIRECTION('ref_axis',(-1.,0.,0.));
#4115=DIRECTION('',(1.,0.,0.));
#4116=DIRECTION('center_axis',(0.,0.,1.));
#4117=DIRECTION('ref_axis',(1.,0.,0.));
#4118=DIRECTION('',(0.,0.,-1.));
#4119=DIRECTION('center_axis',(0.,0.,1.));
#4120=DIRECTION('ref_axis',(1.,0.,0.));
#4121=DIRECTION('center_axis',(1.,0.,0.));
#4122=DIRECTION('ref_axis',(0.,1.,0.));
#4123=DIRECTION('',(0.,1.,0.));
#4124=DIRECTION('',(0.,0.,1.));
#4125=DIRECTION('',(0.,0.,1.));
#4126=DIRECTION('center_axis',(0.,-1.,0.));
#4127=DIRECTION('ref_axis',(1.,0.,0.));
#4128=DIRECTION('',(1.,0.,0.));
#4129=DIRECTION('center_axis',(0.,1.,0.));
#4130=DIRECTION('ref_axis',(-1.,0.,0.));
#4131=DIRECTION('',(-1.,0.,0.));
#4132=DIRECTION('center_axis',(0.,0.,1.));
#4133=DIRECTION('ref_axis',(1.,0.,0.));
#4134=DIRECTION('',(0.,0.,-1.));
#4135=DIRECTION('center_axis',(0.,0.,1.));
#4136=DIRECTION('ref_axis',(1.,0.,0.));
#4137=DIRECTION('center_axis',(-1.,0.,0.));
#4138=DIRECTION('ref_axis',(0.,-1.,0.));
#4139=DIRECTION('',(0.,1.,0.));
#4140=DIRECTION('',(0.,0.,1.));
#4141=DIRECTION('center_axis',(0.,1.,0.));
#4142=DIRECTION('ref_axis',(-1.,0.,0.));
#4143=DIRECTION('',(1.,0.,0.));
#4144=DIRECTION('center_axis',(-1.,0.,0.));
#4145=DIRECTION('ref_axis',(0.,0.,-1.));
#4146=DIRECTION('',(-1.,0.,0.));
#4147=DIRECTION('center_axis',(0.,1.,0.));
#4148=DIRECTION('ref_axis',(0.,0.,-1.));
#4149=DIRECTION('',(-1.,0.,0.));
#4150=DIRECTION('center_axis',(-1.,0.,0.));
#4151=DIRECTION('ref_axis',(0.,1.,-5.5511151231258E-15));
#4152=DIRECTION('',(-1.,0.,0.));
#4153=DIRECTION('center_axis',(0.,0.,1.));
#4154=DIRECTION('ref_axis',(0.,1.,0.));
#4155=DIRECTION('center_axis',(0.,1.,0.));
#4156=DIRECTION('ref_axis',(1.,0.,0.));
#4157=DIRECTION('',(0.,1.,0.));
#4158=DIRECTION('center_axis',(0.,-0.287347885566342,-0.957826285221153));
#4159=DIRECTION('ref_axis',(0.,0.957826285221153,-0.287347885566342));
#4160=DIRECTION('',(1.,0.,0.));
#4161=DIRECTION('center_axis',(0.,1.,0.));
#4162=DIRECTION('ref_axis',(-1.,0.,0.));
#4163=DIRECTION('',(-1.,0.,0.));
#4164=DIRECTION('center_axis',(0.,0.,1.));
#4165=DIRECTION('ref_axis',(-1.,0.,0.));
#4166=DIRECTION('',(-1.,0.,0.));
#4167=DIRECTION('center_axis',(0.,0.,1.));
#4168=DIRECTION('ref_axis',(-1.,0.,0.));
#4169=DIRECTION('',(1.,0.,0.));
#4170=DIRECTION('center_axis',(0.,0.,-1.));
#4171=DIRECTION('ref_axis',(-1.,0.,0.));
#4172=DIRECTION('center_axis',(0.,0.,1.));
#4173=DIRECTION('ref_axis',(-1.,0.,0.));
#4174=DIRECTION('',(-0.707106781186545,0.70710678118655,0.));
#4175=DIRECTION('center_axis',(0.,0.,1.));
#4176=DIRECTION('ref_axis',(-1.,0.,0.));
#4177=DIRECTION('',(0.707106781186552,-0.707106781186543,0.));
#4178=DIRECTION('center_axis',(0.,0.,-1.));
#4179=DIRECTION('ref_axis',(-1.,0.,0.));
#4180=DIRECTION('center_axis',(0.,0.,1.));
#4181=DIRECTION('ref_axis',(-1.,0.,0.));
#4182=DIRECTION('',(1.,0.,0.));
#4183=DIRECTION('center_axis',(0.,0.,1.));
#4184=DIRECTION('ref_axis',(-1.,0.,0.));
#4185=DIRECTION('',(-1.,0.,0.));
#4186=DIRECTION('center_axis',(0.,0.,-1.));
#4187=DIRECTION('ref_axis',(-1.,0.,0.));
#4188=DIRECTION('center_axis',(0.70710678118655,0.707106781186545,0.));
#4189=DIRECTION('ref_axis',(-0.707106781186545,0.70710678118655,0.));
#4190=DIRECTION('',(0.,0.,-1.));
#4191=DIRECTION('',(0.707106781186545,-0.70710678118655,0.));
#4192=DIRECTION('center_axis',(-0.707106781186543,-0.707106781186552,0.));
#4193=DIRECTION('ref_axis',(0.707106781186552,-0.707106781186543,0.));
#4194=DIRECTION('',(-0.707106781186552,0.707106781186543,0.));
#4195=DIRECTION('',(0.,0.,1.));
#4196=DIRECTION('center_axis',(0.,0.,1.));
#4197=DIRECTION('ref_axis',(1.,0.,0.));
#4198=DIRECTION('center_axis',(0.,0.,1.));
#4199=DIRECTION('ref_axis',(-1.,0.,0.));
#4200=DIRECTION('center_axis',(0.,-1.,0.));
#4201=DIRECTION('ref_axis',(1.,0.,0.));
#4202=DIRECTION('',(0.,0.,1.));
#4203=DIRECTION('',(-1.,0.,0.));
#4204=DIRECTION('center_axis',(0.,1.,0.));
#4205=DIRECTION('ref_axis',(-1.,0.,0.));
#4206=DIRECTION('',(0.,0.,-1.));
#4207=DIRECTION('',(1.,0.,0.));
#4208=DIRECTION('center_axis',(0.,0.,1.));
#4209=DIRECTION('ref_axis',(-1.,0.,0.));
#4210=DIRECTION('',(0.707106781186547,0.707106781186548,0.));
#4211=DIRECTION('center_axis',(0.,0.,1.));
#4212=DIRECTION('ref_axis',(-1.,0.,0.));
#4213=DIRECTION('',(-0.707106781186548,-0.707106781186547,0.));
#4214=DIRECTION('center_axis',(0.,0.,-1.));
#4215=DIRECTION('ref_axis',(-1.,0.,0.));
#4216=DIRECTION('center_axis',(-0.707106781186547,0.707106781186548,0.));
#4217=DIRECTION('ref_axis',(-0.707106781186548,-0.707106781186547,0.));
#4218=DIRECTION('',(0.,0.,1.));
#4219=DIRECTION('',(0.707106781186548,0.707106781186547,0.));
#4220=DIRECTION('center_axis',(0.707106781186548,-0.707106781186547,0.));
#4221=DIRECTION('ref_axis',(0.707106781186547,0.707106781186548,0.));
#4222=DIRECTION('',(0.,0.,-1.));
#4223=DIRECTION('',(-0.707106781186547,-0.707106781186548,0.));
#4224=DIRECTION('center_axis',(0.,0.,1.));
#4225=DIRECTION('ref_axis',(1.,0.,0.));
#4226=DIRECTION('center_axis',(0.,0.,1.));
#4227=DIRECTION('ref_axis',(-1.,0.,0.));
#4228=DIRECTION('',(1.,0.,0.));
#4229=DIRECTION('center_axis',(0.,0.,1.));
#4230=DIRECTION('ref_axis',(-1.,0.,0.));
#4231=DIRECTION('',(-1.,0.,0.));
#4232=DIRECTION('center_axis',(0.,0.,1.));
#4233=DIRECTION('ref_axis',(-1.,0.,0.));
#4234=DIRECTION('center_axis',(0.,0.,1.));
#4235=DIRECTION('ref_axis',(-1.,0.,0.));
#4236=DIRECTION('center_axis',(0.,0.,-1.));
#4237=DIRECTION('ref_axis',(0.707106781186548,0.707106781186547,0.));
#4238=DIRECTION('center_axis',(0.,0.,1.));
#4239=DIRECTION('ref_axis',(-1.,0.,0.));
#4240=DIRECTION('center_axis',(0.,0.,-1.));
#4241=DIRECTION('ref_axis',(-1.,0.,0.));
#4242=DIRECTION('center_axis',(0.,-1.,0.));
#4243=DIRECTION('ref_axis',(1.,0.,0.));
#4244=DIRECTION('',(0.,0.,-1.));
#4245=DIRECTION('center_axis',(0.,1.,0.));
#4246=DIRECTION('ref_axis',(-1.,0.,0.));
#4247=DIRECTION('',(0.,0.,1.));
#4248=DIRECTION('center_axis',(0.,0.,1.));
#4249=DIRECTION('ref_axis',(1.,0.,0.));
#4250=DIRECTION('center_axis',(0.,0.,1.));
#4251=DIRECTION('ref_axis',(0.707106781186548,0.707106781186547,0.));
#4252=DIRECTION('center_axis',(0.,0.,-1.));
#4253=DIRECTION('ref_axis',(1.,0.,0.));
#4254=DIRECTION('center_axis',(0.,0.,-1.));
#4255=DIRECTION('ref_axis',(-1.,0.,0.));
#4256=DIRECTION('center_axis',(0.,0.,1.));
#4257=DIRECTION('ref_axis',(1.,-1.22464679914735E-16,0.));
#4258=DIRECTION('center_axis',(0.,0.,-1.));
#4259=DIRECTION('ref_axis',(-1.,0.,0.));
#4260=DIRECTION('center_axis',(0.,0.,-1.));
#4261=DIRECTION('ref_axis',(-1.,0.,0.));
#4262=DIRECTION('center_axis',(0.,0.,1.));
#4263=DIRECTION('ref_axis',(-1.,0.,0.));
#4264=DIRECTION('center_axis',(0.,0.,-1.));
#4265=DIRECTION('ref_axis',(-0.707106781186549,0.707106781186546,0.));
#4266=DIRECTION('center_axis',(0.,0.,-1.));
#4267=DIRECTION('ref_axis',(-1.,0.,0.));
#4268=DIRECTION('center_axis',(0.,0.,1.));
#4269=DIRECTION('ref_axis',(-0.707106781186553,0.707106781186542,0.));
#4270=DIRECTION('center_axis',(0.,0.,1.));
#4271=DIRECTION('ref_axis',(-1.,0.,0.));
#4272=DIRECTION('',(0.,0.,-1.));
#4273=DIRECTION('center_axis',(0.,0.,1.));
#4274=DIRECTION('ref_axis',(-1.,0.,0.));
#4275=DIRECTION('center_axis',(0.,0.,1.));
#4276=DIRECTION('ref_axis',(-1.,0.,0.));
#4277=DIRECTION('',(0.,0.,-1.));
#4278=DIRECTION('center_axis',(0.,0.,1.));
#4279=DIRECTION('ref_axis',(-1.,0.,0.));
#4280=DIRECTION('center_axis',(0.,0.,1.));
#4281=DIRECTION('ref_axis',(1.,0.,0.));
#4282=DIRECTION('center_axis',(0.,0.,1.));
#4283=DIRECTION('ref_axis',(-1.,0.,0.));
#4284=DIRECTION('',(0.,0.,-1.));
#4285=DIRECTION('center_axis',(0.,0.,1.));
#4286=DIRECTION('ref_axis',(-1.,0.,0.));
#4287=DIRECTION('center_axis',(0.,0.,1.));
#4288=DIRECTION('ref_axis',(1.,0.,0.));
#4289=DIRECTION('center_axis',(0.,0.,1.));
#4290=DIRECTION('ref_axis',(-1.,0.,0.));
#4291=DIRECTION('',(0.,0.,-1.));
#4292=DIRECTION('center_axis',(0.,0.,1.));
#4293=DIRECTION('ref_axis',(-1.,0.,0.));
#4294=DIRECTION('center_axis',(0.,0.,1.));
#4295=DIRECTION('ref_axis',(1.,0.,0.));
#4296=DIRECTION('center_axis',(0.,0.,1.));
#4297=DIRECTION('ref_axis',(1.,0.,0.));
#4298=DIRECTION('center_axis',(0.,0.,1.));
#4299=DIRECTION('ref_axis',(1.,0.,0.));
#4300=DIRECTION('',(0.,0.,1.));
#4301=DIRECTION('',(1.,0.,0.));
#4302=CARTESIAN_POINT('',(0.,0.,0.));
#4303=CARTESIAN_POINT('',(0.,0.,0.));
#4304=CARTESIAN_POINT('Origin',(121.5,41.916499954,7.14900001480006));
#4305=CARTESIAN_POINT('',(121.,68.772999908,7.64900001480005));
#4306=CARTESIAN_POINT('',(122.,68.772999908,6.64900001480006));
#4307=CARTESIAN_POINT('',(121.,68.772999908,7.64900001480005));
#4308=CARTESIAN_POINT('',(122.,83.832999908,6.64900001480005));
#4309=CARTESIAN_POINT('',(122.,41.916499954,6.64900001480006));
#4310=CARTESIAN_POINT('',(121.,83.832999908,7.64900001480005));
#4311=CARTESIAN_POINT('',(122.,83.832999908,6.64900001480005));
#4312=CARTESIAN_POINT('',(121.,41.916499954,7.64900001480006));
#4313=CARTESIAN_POINT('Origin',(121.5,68.772999908,9.64900001480007));
#4314=CARTESIAN_POINT('',(121.,66.772999908,9.64900001480006));
#4315=CARTESIAN_POINT('',(122.,65.772999908,9.64900001480006));
#4316=CARTESIAN_POINT('',(121.,66.772999908,9.64900001480006));
#4317=CARTESIAN_POINT('Origin',(122.,68.772999908,9.64900001480007));
#4318=CARTESIAN_POINT('Origin',(121.,68.772999908,9.64900001480007));
#4319=CARTESIAN_POINT('Origin',(121.5,66.272999908,4.82450000739994));
#4320=CARTESIAN_POINT('',(121.,66.772999908,12.8290000148001));
#4321=CARTESIAN_POINT('',(122.,65.772999908,12.8290000148001));
#4322=CARTESIAN_POINT('',(121.,66.772999908,12.8290000148001));
#4323=CARTESIAN_POINT('',(122.,65.772999908,4.82450000739994));
#4324=CARTESIAN_POINT('',(121.,66.772999908,4.82450000739994));
#4325=CARTESIAN_POINT('Origin',(121.5,68.772999908,12.8290000148001));
#4326=CARTESIAN_POINT('',(121.,68.772999908,14.8290000148001));
#4327=CARTESIAN_POINT('',(122.,68.772999908,15.8290000148001));
#4328=CARTESIAN_POINT('',(121.,68.772999908,14.8290000148001));
#4329=CARTESIAN_POINT('Origin',(122.,68.772999908,12.8290000148001));
#4330=CARTESIAN_POINT('Origin',(121.,68.772999908,12.8290000148001));
#4331=CARTESIAN_POINT('Origin',(121.5,34.386499954,15.3290000148001));
#4332=CARTESIAN_POINT('',(121.,83.832999908,14.8290000148001));
#4333=CARTESIAN_POINT('',(122.,83.832999908,15.8290000148001));
#4334=CARTESIAN_POINT('',(121.,83.832999908,14.8290000148001));
#4335=CARTESIAN_POINT('',(122.,34.386499954,15.8290000148001));
#4336=CARTESIAN_POINT('',(121.,34.386499954,14.8290000148001));
#4337=CARTESIAN_POINT('Origin',(121.5,83.832999908,12.8290000148001));
#4338=CARTESIAN_POINT('',(121.,85.832999908,12.8290000148001));
#4339=CARTESIAN_POINT('',(122.,86.832999908,12.8290000148001));
#4340=CARTESIAN_POINT('',(121.,85.832999908,12.8290000148001));
#4341=CARTESIAN_POINT('Origin',(122.,83.832999908,12.8290000148001));
#4342=CARTESIAN_POINT('Origin',(121.,83.832999908,12.8290000148001));
#4343=CARTESIAN_POINT('Origin',(121.5,86.332999908,6.41450000740003));
#4344=CARTESIAN_POINT('',(121.,85.832999908,9.64900001480006));
#4345=CARTESIAN_POINT('',(122.,86.832999908,9.64900001480006));
#4346=CARTESIAN_POINT('',(121.,85.832999908,9.64900001480006));
#4347=CARTESIAN_POINT('',(122.,86.832999908,6.41450000740003));
#4348=CARTESIAN_POINT('',(121.,85.832999908,6.41450000740003));
#4349=CARTESIAN_POINT('Origin',(121.5,83.832999908,9.64900001480004));
#4350=CARTESIAN_POINT('Origin',(122.,83.832999908,9.64900001480004));
#4351=CARTESIAN_POINT('Origin',(121.,83.832999908,9.64900001480004));
#4352=CARTESIAN_POINT('Origin',(122.,68.772999908,12.8290000148001));
#4353=CARTESIAN_POINT('',(119.,66.772999908,12.8290000148001));
#4354=CARTESIAN_POINT('',(122.,66.772999908,12.8290000148001));
#4355=CARTESIAN_POINT('',(119.,68.772999908,14.8290000148001));
#4356=CARTESIAN_POINT('Origin',(119.,68.772999908,12.8290000148001));
#4357=CARTESIAN_POINT('',(121.,68.772999908,14.8290000148001));
#4358=CARTESIAN_POINT('Origin',(122.,66.772999908,9.64900001480006));
#4359=CARTESIAN_POINT('',(119.,66.772999908,9.64900001480006));
#4360=CARTESIAN_POINT('',(121.,66.772999908,9.64900001480006));
#4361=CARTESIAN_POINT('',(119.,66.772999908,10.5162727420728));
#4362=CARTESIAN_POINT('Origin',(122.,68.772999908,9.64900001480007));
#4363=CARTESIAN_POINT('',(119.,68.772999908,7.64900001480005));
#4364=CARTESIAN_POINT('',(121.,68.772999908,7.64900001480005));
#4365=CARTESIAN_POINT('Origin',(119.,68.772999908,9.64900001480007));
#4366=CARTESIAN_POINT('Origin',(122.,83.832999908,7.64900001480005));
#4367=CARTESIAN_POINT('',(119.,83.832999908,7.64900001480005));
#4368=CARTESIAN_POINT('',(121.,83.832999908,7.64900001480005));
#4369=CARTESIAN_POINT('',(119.,79.5439089989091,7.64900001480005));
#4370=CARTESIAN_POINT('Origin',(122.,0.,0.));
#4371=CARTESIAN_POINT('',(122.,10.,12.));
#4372=CARTESIAN_POINT('',(122.,10.,0.));
#4373=CARTESIAN_POINT('',(122.,10.,0.));
#4374=CARTESIAN_POINT('',(122.,40.,0.));
#4375=CARTESIAN_POINT('',(122.,0.,0.));
#4376=CARTESIAN_POINT('',(122.,40.,12.));
#4377=CARTESIAN_POINT('',(122.,40.,0.));
#4378=CARTESIAN_POINT('',(122.,41.,12.));
#4379=CARTESIAN_POINT('',(122.,0.,12.));
#4380=CARTESIAN_POINT('',(122.,41.,2.));
#4381=CARTESIAN_POINT('',(122.,41.,2.));
#4382=CARTESIAN_POINT('',(122.,49.,2.));
#4383=CARTESIAN_POINT('',(122.,41.,2.));
#4384=CARTESIAN_POINT('',(122.,49.,12.));
#4385=CARTESIAN_POINT('',(122.,49.,2.));
#4386=CARTESIAN_POINT('',(122.,50.,12.));
#4387=CARTESIAN_POINT('',(122.,0.,12.));
#4388=CARTESIAN_POINT('',(122.,50.,0.));
#4389=CARTESIAN_POINT('',(122.,50.,0.));
#4390=CARTESIAN_POINT('',(122.,172.,0.));
#4391=CARTESIAN_POINT('',(122.,0.,0.));
#4392=CARTESIAN_POINT('',(122.,172.,19.0000000000004));
#4393=CARTESIAN_POINT('',(122.,172.,0.));
#4394=CARTESIAN_POINT('',(122.,72.,49.));
#4395=CARTESIAN_POINT('',(122.,45.7155963302751,56.8853211009174));
#4396=CARTESIAN_POINT('',(122.,0.,49.));
#4397=CARTESIAN_POINT('',(122.,0.,49.));
#4398=CARTESIAN_POINT('',(122.,0.,12.));
#4399=CARTESIAN_POINT('',(122.,0.,0.));
#4400=CARTESIAN_POINT('',(122.,1.,12.));
#4401=CARTESIAN_POINT('',(122.,0.,12.));
#4402=CARTESIAN_POINT('',(122.,1.,2.));
#4403=CARTESIAN_POINT('',(122.,1.,2.));
#4404=CARTESIAN_POINT('',(122.,9.,2.));
#4405=CARTESIAN_POINT('',(122.,9.,2.));
#4406=CARTESIAN_POINT('',(122.,9.,12.));
#4407=CARTESIAN_POINT('',(122.,9.,2.));
#4408=CARTESIAN_POINT('',(122.,0.,12.));
#4409=CARTESIAN_POINT('',(122.,23.5,29.));
#4410=CARTESIAN_POINT('Origin',(122.,21.,29.));
#4411=CARTESIAN_POINT('Origin',(121.75,21.,29.));
#4412=CARTESIAN_POINT('',(121.5,23.,29.));
#4413=CARTESIAN_POINT('',(121.75,23.25,29.));
#4414=CARTESIAN_POINT('Origin',(121.5,21.,29.));
#4415=CARTESIAN_POINT('Origin',(121.,21.,29.));
#4416=CARTESIAN_POINT('',(121.,23.,29.));
#4417=CARTESIAN_POINT('Origin',(121.,21.,29.));
#4418=CARTESIAN_POINT('',(121.,23.,29.));
#4419=CARTESIAN_POINT('Origin',(0.25,21.,29.));
#4420=CARTESIAN_POINT('',(0.,18.5,29.));
#4421=CARTESIAN_POINT('Origin',(0.,21.,29.));
#4422=CARTESIAN_POINT('',(0.5,19.,29.));
#4423=CARTESIAN_POINT('',(0.25,18.75,29.));
#4424=CARTESIAN_POINT('Origin',(0.5,21.,29.));
#4425=CARTESIAN_POINT('Origin',(0.999999999999999,21.,29.));
#4426=CARTESIAN_POINT('',(0.999999999999999,19.,29.));
#4427=CARTESIAN_POINT('Origin',(0.999999999999999,21.,29.));
#4428=CARTESIAN_POINT('',(0.999999999999999,19.,29.));
#4429=CARTESIAN_POINT('Origin',(0.,172.,0.));
#4430=CARTESIAN_POINT('',(0.,50.,0.));
#4431=CARTESIAN_POINT('',(0.,50.,12.));
#4432=CARTESIAN_POINT('',(0.,50.,0.));
#4433=CARTESIAN_POINT('',(0.,49.,12.));
#4434=CARTESIAN_POINT('',(1.11022302462516E-15,86.,12.));
#4435=CARTESIAN_POINT('',(0.,49.,2.));
#4436=CARTESIAN_POINT('',(0.,49.,2.));
#4437=CARTESIAN_POINT('',(0.,41.,2.));
#4438=CARTESIAN_POINT('',(0.,41.,2.));
#4439=CARTESIAN_POINT('',(0.,41.,12.));
#4440=CARTESIAN_POINT('',(0.,41.,2.));
#4441=CARTESIAN_POINT('',(0.,40.,12.));
#4442=CARTESIAN_POINT('',(1.11022302462516E-15,86.,12.));
#4443=CARTESIAN_POINT('',(0.,40.,0.));
#4444=CARTESIAN_POINT('',(0.,40.,0.));
#4445=CARTESIAN_POINT('',(0.,10.,0.));
#4446=CARTESIAN_POINT('',(0.,172.,0.));
#4447=CARTESIAN_POINT('',(0.,10.,12.));
#4448=CARTESIAN_POINT('',(0.,10.,0.));
#4449=CARTESIAN_POINT('',(0.,9.,12.));
#4450=CARTESIAN_POINT('',(1.11022302462516E-15,86.,12.));
#4451=CARTESIAN_POINT('',(0.,9.,2.));
#4452=CARTESIAN_POINT('',(0.,9.,2.));
#4453=CARTESIAN_POINT('',(0.,1.,2.));
#4454=CARTESIAN_POINT('',(0.,9.,2.));
#4455=CARTESIAN_POINT('',(0.,1.,12.));
#4456=CARTESIAN_POINT('',(0.,1.,2.));
#4457=CARTESIAN_POINT('',(0.,0.,12.));
#4458=CARTESIAN_POINT('',(1.11022302462516E-15,86.,12.));
#4459=CARTESIAN_POINT('',(0.,0.,49.));
#4460=CARTESIAN_POINT('',(0.,0.,0.));
#4461=CARTESIAN_POINT('',(0.,72.,49.));
#4462=CARTESIAN_POINT('',(0.,172.,49.));
#4463=CARTESIAN_POINT('',(0.,172.,19.0000000000004));
#4464=CARTESIAN_POINT('',(0.,124.614678899083,33.2155963302754));
#4465=CARTESIAN_POINT('',(0.,172.,0.));
#4466=CARTESIAN_POINT('',(0.,172.,0.));
#4467=CARTESIAN_POINT('',(0.,172.,0.));
#4468=CARTESIAN_POINT('Origin',(4.,17.5,26.9792740578363));
#4469=CARTESIAN_POINT('',(4.,17.5,26.9792740578363));
#4470=CARTESIAN_POINT('',(4.,17.5,31.0207259421637));
#4471=CARTESIAN_POINT('',(4.,17.5,27.9896370289182));
#4472=CARTESIAN_POINT('',(0.999999999999999,17.5,26.9792740578363));
#4473=CARTESIAN_POINT('',(4.,17.5,26.9792740578363));
#4474=CARTESIAN_POINT('',(0.999999999999999,17.5,31.0207259421637));
#4475=CARTESIAN_POINT('',(0.999999999999999,17.5,31.0207259421637));
#4476=CARTESIAN_POINT('',(4.,17.5,31.0207259421637));
#4477=CARTESIAN_POINT('Origin',(4.,21.,24.9585481156726));
#4478=CARTESIAN_POINT('',(4.,21.,24.9585481156726));
#4479=CARTESIAN_POINT('',(4.,20.125,25.4637296012135));
#4480=CARTESIAN_POINT('',(0.999999999999999,21.,24.9585481156726));
#4481=CARTESIAN_POINT('',(4.,21.,24.9585481156726));
#4482=CARTESIAN_POINT('',(0.999999999999999,17.5,26.9792740578363));
#4483=CARTESIAN_POINT('Origin',(4.,24.5,26.9792740578363));
#4484=CARTESIAN_POINT('',(4.,24.5,26.9792740578363));
#4485=CARTESIAN_POINT('',(4.,23.625,26.4740925722954));
#4486=CARTESIAN_POINT('',(0.999999999999999,24.5,26.9792740578363));
#4487=CARTESIAN_POINT('',(4.,24.5,26.9792740578363));
#4488=CARTESIAN_POINT('',(0.999999999999999,21.,24.9585481156726));
#4489=CARTESIAN_POINT('Origin',(4.,24.5,31.0207259421637));
#4490=CARTESIAN_POINT('',(4.,24.5,31.0207259421637));
#4491=CARTESIAN_POINT('',(4.,24.5,30.0103629710819));
#4492=CARTESIAN_POINT('',(0.999999999999999,24.5,31.0207259421637));
#4493=CARTESIAN_POINT('',(4.,24.5,31.0207259421637));
#4494=CARTESIAN_POINT('',(0.999999999999999,24.5,26.9792740578363));
#4495=CARTESIAN_POINT('Origin',(4.,21.,33.0414518843274));
#4496=CARTESIAN_POINT('',(4.,21.,33.0414518843274));
#4497=CARTESIAN_POINT('',(4.,21.875,32.5362703987865));
#4498=CARTESIAN_POINT('',(0.999999999999999,21.,33.0414518843274));
#4499=CARTESIAN_POINT('',(4.,21.,33.0414518843274));
#4500=CARTESIAN_POINT('',(0.999999999999999,24.5,31.0207259421637));
#4501=CARTESIAN_POINT('Origin',(4.,17.5,31.0207259421637));
#4502=CARTESIAN_POINT('',(4.,18.375,31.5259074277046));
#4503=CARTESIAN_POINT('',(0.999999999999999,21.,33.0414518843274));
#4504=CARTESIAN_POINT('Origin',(0.999999999999999,21.,29.));
#4505=CARTESIAN_POINT('Origin',(1.,29.5,24.0925227118882));
#4506=CARTESIAN_POINT('',(1.99950189231017,28.5004981076898,26.2023504826319));
#4507=CARTESIAN_POINT('',(1.,29.5,24.9356702784441));
#4508=CARTESIAN_POINT('Ctrl Pts',(1.99950189231017,28.5004981076898,26.2023504826319));
#4509=CARTESIAN_POINT('Ctrl Pts',(1.83288619048273,28.6671138095173,25.9911964939947));
#4510=CARTESIAN_POINT('Ctrl Pts',(1.66627048865714,28.8337295113592,25.7800425053675));
#4511=CARTESIAN_POINT('Ctrl Pts',(1.33310319122042,29.1668968087959,25.3578157706383));
#4512=CARTESIAN_POINT('Ctrl Pts',(1.16655159560928,29.3334484043907,25.1467430245362));
#4513=CARTESIAN_POINT('Ctrl Pts',(1.,29.5,24.9356702784441));
#4514=CARTESIAN_POINT('',(1.99950189231017,28.5004981076898,28.204858969106));
#4515=CARTESIAN_POINT('Ctrl Pts',(1.99950189231017,28.5004981076898,28.204858969106));
#4516=CARTESIAN_POINT('Ctrl Pts',(1.99950189231017,28.5004981076898,27.8711075546936));
#4517=CARTESIAN_POINT('Ctrl Pts',(1.99950189231017,28.5004981076898,27.5373561402813));
#4518=CARTESIAN_POINT('Ctrl Pts',(1.99950189231017,28.5004981076898,26.8698533114566));
#4519=CARTESIAN_POINT('Ctrl Pts',(1.99950189231017,28.5004981076898,26.5361018970442));
#4520=CARTESIAN_POINT('Ctrl Pts',(1.99950189231017,28.5004981076898,26.2023504826319));
#4521=CARTESIAN_POINT('',(1.,29.5,29.2464788732394));
#4522=CARTESIAN_POINT('Ctrl Pts',(1.,29.5,29.2464788732394));
#4523=CARTESIAN_POINT('Ctrl Pts',(1.16662201163455,29.3333779883654,29.0728355763927));
#4524=CARTESIAN_POINT('Ctrl Pts',(1.33324402326123,29.1667559767224,28.8991922795465));
#4525=CARTESIAN_POINT('Ctrl Pts',(1.66641132069796,28.8335886792857,28.5519856448354));
#4526=CARTESIAN_POINT('Ctrl Pts',(1.832956606508,28.667043393492,28.3784223069704));
#4527=CARTESIAN_POINT('Ctrl Pts',(1.99950189231017,28.5004981076898,28.204858969106));
#4528=CARTESIAN_POINT('',(1.,29.5,33.9074772881118));
#4529=CARTESIAN_POINT('',(1.,29.5,13.0462613559441));
#4530=CARTESIAN_POINT('',(4.,26.5,32.1754264805429));
#4531=CARTESIAN_POINT('',(1.,29.5,33.9074772881118));
#4532=CARTESIAN_POINT('',(4.,26.5,25.8245735194571));
#4533=CARTESIAN_POINT('',(4.,26.5,25.8245735194571));
#4534=CARTESIAN_POINT('',(1.,29.5,24.0925227118882));
#4535=CARTESIAN_POINT('',(1.,29.5,24.0925227118882));
#4536=CARTESIAN_POINT('',(1.,29.5,13.0462613559441));
#4537=CARTESIAN_POINT('Origin',(4.,21.,29.));
#4538=CARTESIAN_POINT('',(4.,21.,35.3508529610859));
#4539=CARTESIAN_POINT('',(4.,15.5,32.1754264805429));
#4540=CARTESIAN_POINT('',(4.,21.,35.3508529610859));
#4541=CARTESIAN_POINT('',(4.,15.5,25.8245735194571));
#4542=CARTESIAN_POINT('',(4.,15.5,32.1754264805429));
#4543=CARTESIAN_POINT('',(4.,21.,22.6491470389141));
#4544=CARTESIAN_POINT('',(4.,15.5,25.8245735194571));
#4545=CARTESIAN_POINT('',(4.,21.,22.6491470389141));
#4546=CARTESIAN_POINT('',(4.,26.5,32.1754264805429));
#4547=CARTESIAN_POINT('Origin',(1.,21.,38.8149545762236));
#4548=CARTESIAN_POINT('',(1.,12.5,33.9074772881118));
#4549=CARTESIAN_POINT('',(1.,21.,38.8149545762236));
#4550=CARTESIAN_POINT('',(1.,5.52932852445505,29.8829582352735));
#4551=CARTESIAN_POINT('',(1.,12.5,33.9074772881118));
#4552=CARTESIAN_POINT('',(1.,21.,38.8149545762236));
#4553=CARTESIAN_POINT('Origin',(1.,12.5,33.9074772881118));
#4554=CARTESIAN_POINT('',(1.,12.5,24.0925227118882));
#4555=CARTESIAN_POINT('',(1.,12.5,17.9537386440559));
#4556=CARTESIAN_POINT('',(1.,12.5,24.0925227118882));
#4557=CARTESIAN_POINT('Origin',(1.,12.5,24.0925227118882));
#4558=CARTESIAN_POINT('',(1.,19.2723746696002,20.1824903733415));
#4559=CARTESIAN_POINT('',(1.99938988187521,18.7186813892639,21.6561613724442));
#4560=CARTESIAN_POINT('Ctrl Pts',(1.,19.2723746696002,20.1824903733415));
#4561=CARTESIAN_POINT('Ctrl Pts',(1.16657563786292,19.1800865515943,20.4281179218364));
#4562=CARTESIAN_POINT('Ctrl Pts',(1.33315127572594,19.0877984335855,20.6737454703302));
#4563=CARTESIAN_POINT('Ctrl Pts',(1.66628123635101,18.9032340068067,21.1649691366977));
#4564=CARTESIAN_POINT('Ctrl Pts',(1.83283555911305,18.8109576980367,21.4105652545716));
#4565=CARTESIAN_POINT('Ctrl Pts',(1.9993898818752,18.7186813892639,21.6561613724442));
#4566=CARTESIAN_POINT('',(1.,21.,19.1850454237764));
#4567=CARTESIAN_POINT('',(0.999999999999999,12.970671475545,23.8207804087824));
#4568=CARTESIAN_POINT('',(1.,21.,19.1850454237764));
#4569=CARTESIAN_POINT('',(1.,15.1363587632523,22.570420270244));
#4570=CARTESIAN_POINT('',(0.999999999999999,12.970671475545,23.8207804087824));
#4571=CARTESIAN_POINT('',(1.99936788062949,16.7973233198727,22.7654325661667));
#4572=CARTESIAN_POINT('Ctrl Pts',(1.9993678806295,16.7973233198727,22.7654325661667));
#4573=CARTESIAN_POINT('Ctrl Pts',(1.83270173068941,16.5203216539151,22.7329100595078));
#4574=CARTESIAN_POINT('Ctrl Pts',(1.6660355807839,16.24331998794,22.7003875528209));
#4575=CARTESIAN_POINT('Ctrl Pts',(1.33291295390741,15.6896651357333,22.63538345418));
#4576=CARTESIAN_POINT('Ctrl Pts',(1.16645647693642,15.4130119495015,22.6029018622261));
#4577=CARTESIAN_POINT('Ctrl Pts',(1.,15.1363587632523,22.570420270244));
#4578=CARTESIAN_POINT('Ctrl Pts',(1.9993898818752,18.7186813892639,21.6561613724442));
#4579=CARTESIAN_POINT('Ctrl Pts',(1.99938621221312,18.3982115874978,21.8411804614002));
#4580=CARTESIAN_POINT('Ctrl Pts',(1.99938254255104,18.0777417856794,22.0261995502656));
#4581=CARTESIAN_POINT('Ctrl Pts',(1.99937520880247,17.4372890958823,22.3959566148398));
#4582=CARTESIAN_POINT('Ctrl Pts',(1.99937154471598,17.1173062079037,22.5806945905485));
#4583=CARTESIAN_POINT('Ctrl Pts',(1.9993678806295,16.7973233198727,22.7654325661667));
#4584=CARTESIAN_POINT('Origin',(1.,21.,19.1850454237764));
#4585=CARTESIAN_POINT('',(1.,9.77932852445504,12.7067877268821));
#4586=CARTESIAN_POINT('Origin',(1.,29.5,33.9074772881118));
#4587=CARTESIAN_POINT('',(1.,25.720671475545,36.0894736290619));
#4588=CARTESIAN_POINT('Origin',(1.,1.00000000000001,2.));
#4589=CARTESIAN_POINT('',(1.,62.7216999876164,44.6875506984696));
#4590=CARTESIAN_POINT('Ctrl Pts',(1.,29.5,29.2464788732394));
#4591=CARTESIAN_POINT('Ctrl Pts',(1.,40.5738999958721,34.3935028149828));
#4592=CARTESIAN_POINT('Ctrl Pts',(1.,51.6477999917443,39.5405267567262));
#4593=CARTESIAN_POINT('Ctrl Pts',(1.,62.7216999876164,44.6875506984696));
#4594=CARTESIAN_POINT('',(0.999999999999996,0.999999999999996,44.6905989232415));
#4595=CARTESIAN_POINT('Ctrl Pts',(1.,62.7216999876164,44.6875506984696));
#4596=CARTESIAN_POINT('Ctrl Pts',(0.999999999999999,42.1477999917443,44.6885667733936));
#4597=CARTESIAN_POINT('Ctrl Pts',(0.999999999999997,21.5738999958721,44.6895828483176));
#4598=CARTESIAN_POINT('Ctrl Pts',(0.999999999999996,0.999999999999996,44.6905989232415));
#4599=CARTESIAN_POINT('',(0.999999999999996,0.999999999999996,16.));
#4600=CARTESIAN_POINT('',(1.,0.999999999999996,9.));
#4601=CARTESIAN_POINT('Ctrl Pts',(1.,0.999999999999996,16.));
#4602=CARTESIAN_POINT('Ctrl Pts',(1.,5.71211958775077,18.1901400900813));
#4603=CARTESIAN_POINT('Ctrl Pts',(1.,10.4242391755016,20.3802801801627));
#4604=CARTESIAN_POINT('Ctrl Pts',(1.,15.1363587632523,22.570420270244));
#4605=CARTESIAN_POINT('Ctrl Pts',(1.,72.,44.6870924747988));
#4606=CARTESIAN_POINT('Ctrl Pts',(1.,57.5001660358966,37.9484491241623));
#4607=CARTESIAN_POINT('Ctrl Pts',(1.,43.0003320717932,31.2098057735259));
#4608=CARTESIAN_POINT('Ctrl Pts',(1.,28.5004981076898,24.4711624228894));
#4609=CARTESIAN_POINT('Ctrl Pts',(1.33333333333334,72.,45.2644427439884));
#4610=CARTESIAN_POINT('Ctrl Pts',(1.33327798803447,57.5001660358966,38.5257035324823));
#4611=CARTESIAN_POINT('Ctrl Pts',(1.3332226427356,43.0003320717932,31.7869643209763));
#4612=CARTESIAN_POINT('Ctrl Pts',(1.33316729743673,28.5004981076898,25.0482251094702));
#4613=CARTESIAN_POINT('Ctrl Pts',(1.66666666666667,72.,45.841793013178));
#4614=CARTESIAN_POINT('Ctrl Pts',(1.66655597606893,57.5001660358966,39.1029579408024));
#4615=CARTESIAN_POINT('Ctrl Pts',(1.66644528547119,43.0003320717932,32.3641228684267));
#4616=CARTESIAN_POINT('Ctrl Pts',(1.66633459487345,28.5004981076898,25.625287796051));
#4617=CARTESIAN_POINT('Ctrl Pts',(2.00000000000001,72.,46.4191432823677));
#4618=CARTESIAN_POINT('Ctrl Pts',(1.9998339641034,57.5001660358966,39.6802123491224));
#4619=CARTESIAN_POINT('Ctrl Pts',(1.99966792820679,43.0003320717932,32.9412814158771));
#4620=CARTESIAN_POINT('Ctrl Pts',(1.99950189231017,28.5004981076898,26.2023504826319));
#4621=CARTESIAN_POINT('',(1.,72.,44.6870924747988));
#4622=CARTESIAN_POINT('Ctrl Pts',(1.,72.,44.6870924747988));
#4623=CARTESIAN_POINT('Ctrl Pts',(1.,57.8333333333333,38.1032850760139));
#4624=CARTESIAN_POINT('Ctrl Pts',(1.,43.6666666666667,31.519477677229));
#4625=CARTESIAN_POINT('Ctrl Pts',(1.,29.5,24.9356702784441));
#4626=CARTESIAN_POINT('',(2.00000000000001,72.,46.4191432823677));
#4627=CARTESIAN_POINT('Ctrl Pts',(2.00000000000001,71.9999999999999,46.4191432823676));
#4628=CARTESIAN_POINT('Ctrl Pts',(1.66666666666667,72.,45.841793013178));
#4629=CARTESIAN_POINT('Ctrl Pts',(1.33333333333334,72.,45.2644427439884));
#4630=CARTESIAN_POINT('Ctrl Pts',(1.,72.,44.6870924747988));
#4631=CARTESIAN_POINT('Ctrl Pts',(2.00000000000001,72.,46.4191432823677));
#4632=CARTESIAN_POINT('Ctrl Pts',(1.9998339641034,57.5001660358966,39.6802123491224));
#4633=CARTESIAN_POINT('Ctrl Pts',(1.99966792820679,43.0003320717932,32.9412814158771));
#4634=CARTESIAN_POINT('Ctrl Pts',(1.99950189231017,28.5004981076898,26.2023504826319));
#4635=CARTESIAN_POINT('Ctrl Pts',(1.99995064255393,67.6896382789647,46.4192706668639));
#4636=CARTESIAN_POINT('Ctrl Pts',(1.99980105913934,54.6265915552064,40.3478001009446));
#4637=CARTESIAN_POINT('Ctrl Pts',(1.99965147572476,41.5635448314481,34.2763295350253));
#4638=CARTESIAN_POINT('Ctrl Pts',(1.99950189231017,28.5004981076898,28.204858969106));
#4639=CARTESIAN_POINT('Ctrl Pts',(1.66663376170262,67.6896382789647,46.6117112577489));
#4640=CARTESIAN_POINT('Ctrl Pts',(1.66653403942623,54.6265915552064,40.540211904488));
#4641=CARTESIAN_POINT('Ctrl Pts',(1.66643431714984,41.5635448314481,34.4687125512271));
#4642=CARTESIAN_POINT('Ctrl Pts',(1.66633459487345,28.5004981076898,28.3972131979663));
#4643=CARTESIAN_POINT('Ctrl Pts',(1.33331688085131,67.6896382789647,46.8041518486338));
#4644=CARTESIAN_POINT('Ctrl Pts',(1.33326701971311,54.6265915552064,40.7326237080314));
#4645=CARTESIAN_POINT('Ctrl Pts',(1.33321715857492,41.5635448314481,34.661095567429));
#4646=CARTESIAN_POINT('Ctrl Pts',(1.33316729743672,28.5004981076898,28.5895674268265));
#4647=CARTESIAN_POINT('Ctrl Pts',(1.,67.6896382789647,46.9965924395188));
#4648=CARTESIAN_POINT('Ctrl Pts',(1.,54.6265915552064,40.9250355115748));
#4649=CARTESIAN_POINT('Ctrl Pts',(1.,41.5635448314481,34.8534785836308));
#4650=CARTESIAN_POINT('Ctrl Pts',(1.,28.5004981076898,28.7819216556868));
#4651=CARTESIAN_POINT('',(1.99995064255393,67.6896382789647,46.4192706668639));
#4652=CARTESIAN_POINT('Ctrl Pts',(1.99995064255393,67.6896382789647,46.4192706668639));
#4653=CARTESIAN_POINT('Ctrl Pts',(1.99980105913934,54.6265915552064,40.3478001009446));
#4654=CARTESIAN_POINT('Ctrl Pts',(1.99965147572476,41.5635448314481,34.2763295350253));
#4655=CARTESIAN_POINT('Ctrl Pts',(1.99950189231017,28.5004981076898,28.204858969106));
#4656=CARTESIAN_POINT('Ctrl Pts',(1.,62.7216999876164,44.6875506984696));
#4657=CARTESIAN_POINT('Ctrl Pts',(1.16584179512499,63.5456324591263,44.9747564224229));
#4658=CARTESIAN_POINT('Ctrl Pts',(1.33168359064473,64.3695649306362,45.2619621461484));
#4659=CARTESIAN_POINT('Ctrl Pts',(1.49752538576972,65.1934974021461,45.5491678701017));
#4660=CARTESIAN_POINT('Ctrl Pts',(1.66500047149604,66.0255443610856,45.8392021356131));
#4661=CARTESIAN_POINT('Ctrl Pts',(1.83247555682761,66.8575913200252,46.1292364013525));
#4662=CARTESIAN_POINT('Ctrl Pts',(1.99995064255393,67.6896382789647,46.4192706668639));
#4663=CARTESIAN_POINT('Ctrl Pts',(1.9993678806295,16.7973233198727,22.7654325661667));
#4664=CARTESIAN_POINT('Ctrl Pts',(1.99930758286453,11.5315488799151,20.317994752075));
#4665=CARTESIAN_POINT('Ctrl Pts',(1.99924728509955,6.26577443995755,17.8705569379833));
#4666=CARTESIAN_POINT('Ctrl Pts',(1.99918698733458,0.999999999999996,15.4231191238916));
#4667=CARTESIAN_POINT('Ctrl Pts',(1.666245253753,16.7973233198727,22.957761004467));
#4668=CARTESIAN_POINT('Ctrl Pts',(1.66620505524302,11.5315488799151,20.510311586065));
#4669=CARTESIAN_POINT('Ctrl Pts',(1.66616485673304,6.26577443995755,18.062862167663));
#4670=CARTESIAN_POINT('Ctrl Pts',(1.66612465822305,0.999999999999996,15.6154127492611));
#4671=CARTESIAN_POINT('Ctrl Pts',(1.3331226268765,16.7973233198727,23.1500894427673));
#4672=CARTESIAN_POINT('Ctrl Pts',(1.33310252762151,11.5315488799151,20.702628420055));
#4673=CARTESIAN_POINT('Ctrl Pts',(1.33308242836652,6.26577443995756,18.2551673973428));
#4674=CARTESIAN_POINT('Ctrl Pts',(1.33306232911153,0.999999999999996,15.8077063746305));
#4675=CARTESIAN_POINT('Ctrl Pts',(1.,16.7973233198727,23.3424178810676));
#4676=CARTESIAN_POINT('Ctrl Pts',(1.,11.5315488799151,20.894945254045));
#4677=CARTESIAN_POINT('Ctrl Pts',(1.,6.26577443995755,18.4474726270225));
#4678=CARTESIAN_POINT('Ctrl Pts',(1.,0.999999999999996,16.));
#4679=CARTESIAN_POINT('',(1.83316487376728,1.99999999999999,15.9837607682455));
#4680=CARTESIAN_POINT('Ctrl Pts',(1.83316487376728,1.99999999999999,15.9837607682455));
#4681=CARTESIAN_POINT('Ctrl Pts',(1.72202306029799,1.86660285741553,15.9859270353633));
#4682=CARTESIAN_POINT('Ctrl Pts',(1.61088124682309,1.73320571483583,15.9880933024866));
#4683=CARTESIAN_POINT('Ctrl Pts',(1.33315962223399,1.3998723815025,15.9935063797381));
#4684=CARTESIAN_POINT('Ctrl Pts',(1.1665798111239,1.19993619074539,15.9967531898624));
#4685=CARTESIAN_POINT('Ctrl Pts',(1.,0.999999999999996,16.));
#4686=CARTESIAN_POINT('',(1.99919843821719,2.00000000000002,15.8879012451158));
#4687=CARTESIAN_POINT('Ctrl Pts',(1.99919843821719,2.00000000000002,15.8879012451158));
#4688=CARTESIAN_POINT('Ctrl Pts',(1.94385391673389,2.00000000000002,15.9198544194924));
#4689=CARTESIAN_POINT('Ctrl Pts',(1.88850939525058,1.99999999999999,15.9518075938689));
#4690=CARTESIAN_POINT('Ctrl Pts',(1.83316487376728,1.99999999999999,15.9837607682455));
#4691=CARTESIAN_POINT('Ctrl Pts',(1.99936788062949,16.7973233198727,22.7654325661666));
#4692=CARTESIAN_POINT('Ctrl Pts',(1.99931139982539,11.8648822132484,20.4729221258164));
#4693=CARTESIAN_POINT('Ctrl Pts',(1.99925491902129,6.93244110662423,18.1804116854661));
#4694=CARTESIAN_POINT('Ctrl Pts',(1.99919843821719,2.00000000000002,15.8879012451158));
#4695=CARTESIAN_POINT('Ctrl Pts',(2.00000000000001,72.,46.4191432823677));
#4696=CARTESIAN_POINT('Ctrl Pts',(1.9998339641034,57.5001660358966,39.6802123491224));
#4697=CARTESIAN_POINT('Ctrl Pts',(1.99966792820679,43.0003320717932,32.9412814158771));
#4698=CARTESIAN_POINT('Ctrl Pts',(1.99950189231017,28.5004981076898,26.2023504826319));
#4699=CARTESIAN_POINT('Ctrl Pts',(2.00000000000001,72.,47.0869787651819));
#4700=CARTESIAN_POINT('Ctrl Pts',(1.9998339641034,57.5001660358966,40.3479369472735));
#4701=CARTESIAN_POINT('Ctrl Pts',(1.99966792820679,43.0003320717932,33.608895129365));
#4702=CARTESIAN_POINT('Ctrl Pts',(1.99950189231017,28.5004981076898,26.8698533114566));
#4703=CARTESIAN_POINT('Ctrl Pts',(2.00000000000001,72.,47.7548142479961));
#4704=CARTESIAN_POINT('Ctrl Pts',(1.9998339641034,57.5001660358966,41.0156615454245));
#4705=CARTESIAN_POINT('Ctrl Pts',(1.99966792820679,43.0003320717932,34.2765088428529));
#4706=CARTESIAN_POINT('Ctrl Pts',(1.99950189231017,28.5004981076898,27.5373561402813));
#4707=CARTESIAN_POINT('Ctrl Pts',(2.00000000000001,72.,48.4226497308104));
#4708=CARTESIAN_POINT('Ctrl Pts',(1.9998339641034,57.5001660358966,41.6833861435756));
#4709=CARTESIAN_POINT('Ctrl Pts',(1.99966792820679,43.0003320717932,34.9441225563408));
#4710=CARTESIAN_POINT('Ctrl Pts',(1.99950189231017,28.5004981076898,28.204858969106));
#4711=CARTESIAN_POINT('Ctrl Pts',(1.99995064255393,67.6896382789647,46.4192706668639));
#4712=CARTESIAN_POINT('Ctrl Pts',(1.99995883838667,68.4053763599888,46.4192495145939));
#4713=CARTESIAN_POINT('Ctrl Pts',(1.99996703421942,69.1211144410128,46.419228361725));
#4714=CARTESIAN_POINT('Ctrl Pts',(1.99997523005217,69.8368525220369,46.419207209455));
#4715=CARTESIAN_POINT('Ctrl Pts',(1.99998348670145,70.5579016813579,46.4191859002262));
#4716=CARTESIAN_POINT('Ctrl Pts',(1.99999174335073,71.2789508406789,46.4191645915964));
#4717=CARTESIAN_POINT('Ctrl Pts',(2.00000000000001,71.9999999999999,46.4191432823676));
#4718=CARTESIAN_POINT('Ctrl Pts',(1.9993898818752,18.7186813892639,21.6561613724442));
#4719=CARTESIAN_POINT('Ctrl Pts',(1.99932543609585,13.0906628737542,19.040488106051));
#4720=CARTESIAN_POINT('Ctrl Pts',(1.99926099031649,7.46264435824448,16.4248148396578));
#4721=CARTESIAN_POINT('Ctrl Pts',(1.99919654453713,1.83462584273475,13.8091415732646));
#4722=CARTESIAN_POINT('Ctrl Pts',(1.9993898818752,18.7186813892639,22.323589396726));
#4723=CARTESIAN_POINT('Ctrl Pts',(1.99932543609585,13.0906628737542,19.7078730911546));
#4724=CARTESIAN_POINT('Ctrl Pts',(1.99926099031649,7.46264435824447,17.0921567855832));
#4725=CARTESIAN_POINT('Ctrl Pts',(1.99919654453713,1.83462584273475,14.4764404800119));
#4726=CARTESIAN_POINT('Ctrl Pts',(1.9993898818752,18.7186813892639,22.9910174210078));
#4727=CARTESIAN_POINT('Ctrl Pts',(1.99932543609585,13.0906628737542,20.3752580762582));
#4728=CARTESIAN_POINT('Ctrl Pts',(1.99926099031649,7.46264435824448,17.7594987315087));
#4729=CARTESIAN_POINT('Ctrl Pts',(1.99919654453713,1.83462584273475,15.1437393867591));
#4730=CARTESIAN_POINT('Ctrl Pts',(1.9993898818752,18.7186813892639,23.6584454452896));
#4731=CARTESIAN_POINT('Ctrl Pts',(1.99932543609585,13.0906628737542,21.0426430613618));
#4732=CARTESIAN_POINT('Ctrl Pts',(1.99926099031649,7.46264435824448,18.4268406774341));
#4733=CARTESIAN_POINT('Ctrl Pts',(1.99919654453713,1.83462584273475,15.8110382935064));
#4734=CARTESIAN_POINT('',(1.9991984382172,2.,14.0955792912424));
#4735=CARTESIAN_POINT('Ctrl Pts',(1.9991984382172,2.,14.0955792912424));
#4736=CARTESIAN_POINT('Ctrl Pts',(1.9991984382172,2.,14.3593698568266));
#4737=CARTESIAN_POINT('Ctrl Pts',(1.99919843821719,2.00000000000001,14.6231604224107));
#4738=CARTESIAN_POINT('Ctrl Pts',(1.99919843821719,2.00000000000001,15.2206010737018));
#4739=CARTESIAN_POINT('Ctrl Pts',(1.99919843821719,2.00000000000002,15.5542511594088));
#4740=CARTESIAN_POINT('Ctrl Pts',(1.99919843821719,2.00000000000002,15.8879012451158));
#4741=CARTESIAN_POINT('',(1.99919654453713,1.83462584273476,13.8091415732646));
#4742=CARTESIAN_POINT('Ctrl Pts',(1.99919654453713,1.83462584273475,13.8091415732646));
#4743=CARTESIAN_POINT('Ctrl Pts',(1.99919717576382,1.88975056182317,13.9046208125905));
#4744=CARTESIAN_POINT('Ctrl Pts',(1.99919780699051,1.94487528091404,14.0001000519151));
#4745=CARTESIAN_POINT('Ctrl Pts',(1.9991984382172,2.,14.0955792912424));
#4746=CARTESIAN_POINT('Ctrl Pts',(1.9993898818752,18.7186813892639,21.6561613724442));
#4747=CARTESIAN_POINT('Ctrl Pts',(1.99932543609585,13.0906628737542,19.040488106051));
#4748=CARTESIAN_POINT('Ctrl Pts',(1.99926099031649,7.46264435824448,16.4248148396578));
#4749=CARTESIAN_POINT('Ctrl Pts',(1.99919654453713,1.83462584273477,13.8091415732646));
#4750=CARTESIAN_POINT('Origin',(50.,2.,46.4226497308104));
#4751=CARTESIAN_POINT('',(49.,2.,45.7491803430554));
#4752=CARTESIAN_POINT('',(50.,0.999999999999996,44.6905989232415));
#4753=CARTESIAN_POINT('',(48.8150705861597,2.18492941384031,45.9449431845238));
#4754=CARTESIAN_POINT('',(0.999999999999996,0.999999999999996,11.6905989232415));
#4755=CARTESIAN_POINT('',(64.9342446557245,1.,54.7483555281173));
#4756=CARTESIAN_POINT('Ctrl Pts',(1.,0.999999999999996,11.6905989232415));
#4757=CARTESIAN_POINT('Ctrl Pts',(1.16650895184434,1.13908442239494,12.0436388912253));
#4758=CARTESIAN_POINT('Ctrl Pts',(1.33301790369149,1.27816884478268,12.3966788592106));
#4759=CARTESIAN_POINT('Ctrl Pts',(1.66608341853721,1.5563774590276,13.1028597425516));
#4760=CARTESIAN_POINT('Ctrl Pts',(1.83263998153577,1.69550165088478,13.4560006579073));
#4761=CARTESIAN_POINT('Ctrl Pts',(1.99919654453713,1.83462584273475,13.8091415732646));
#4762=CARTESIAN_POINT('',(50.,2.,46.4226497308104));
#4763=CARTESIAN_POINT('Origin',(121.,1.99999999999999,48.4226497308104));
#4764=CARTESIAN_POINT('',(73.,2.,45.7491803430554));
#4765=CARTESIAN_POINT('',(73.,1.99999999999999,48.4226497308104));
#4766=CARTESIAN_POINT('',(73.,2.,48.7113248654052));
#4767=CARTESIAN_POINT('',(119.999999998311,1.99999999999999,48.4226497298354));
#4768=CARTESIAN_POINT('',(121.,1.99999999999999,48.4226497308104));
#4769=CARTESIAN_POINT('',(119.999999998311,2.,46.4226497174156));
#4770=CARTESIAN_POINT('Ctrl Pts',(119.999999998311,1.99999999999999,48.4226497298354));
#4771=CARTESIAN_POINT('Ctrl Pts',(119.999999998311,1.99999999999999,48.0893163944321));
#4772=CARTESIAN_POINT('Ctrl Pts',(119.999999998311,1.99999999999999,47.7559830590288));
#4773=CARTESIAN_POINT('Ctrl Pts',(119.999999998311,2.,47.0893163882222));
#4774=CARTESIAN_POINT('Ctrl Pts',(119.999999998311,2.,46.7559830528189));
#4775=CARTESIAN_POINT('Ctrl Pts',(119.999999998311,2.,46.4226497174156));
#4776=CARTESIAN_POINT('',(74.9696969696969,1.99999999999999,46.4226497308104));
#4777=CARTESIAN_POINT('',(121.,2.,46.4226497308104));
#4778=CARTESIAN_POINT('',(120.166835126233,1.99999999999999,15.9837607682455));
#4779=CARTESIAN_POINT('',(72.,1.99999999999999,48.4226497308104));
#4780=CARTESIAN_POINT('',(119.999991850203,2.00000000000002,15.8874337579173));
#4781=CARTESIAN_POINT('Ctrl Pts',(120.166835126233,1.99999999999999,15.9837607682455));
#4782=CARTESIAN_POINT('Ctrl Pts',(120.111220700889,1.99999999999999,15.9516517648027));
#4783=CARTESIAN_POINT('Ctrl Pts',(120.055606275546,2.00000000000002,15.91954276136));
#4784=CARTESIAN_POINT('Ctrl Pts',(119.999991850203,2.00000000000002,15.8874337579173));
#4785=CARTESIAN_POINT('',(119.999991850203,2.,14.0961246072043));
#4786=CARTESIAN_POINT('',(119.999991850203,1.99999999999999,48.4226497308104));
#4787=CARTESIAN_POINT('',(72.,2.,46.4226497308104));
#4788=CARTESIAN_POINT('Origin',(121.,0.999999999999996,49.));
#4789=CARTESIAN_POINT('',(72.,1.,49.));
#4790=CARTESIAN_POINT('',(83.698226315937,12.6982263159371,42.2460258874526));
#4791=CARTESIAN_POINT('',(121.,1.00000000000001,49.));
#4792=CARTESIAN_POINT('',(1.,0.999999999999996,49.));
#4793=CARTESIAN_POINT('Ctrl Pts',(121.,0.999999999999996,49.));
#4794=CARTESIAN_POINT('Ctrl Pts',(120.833366388858,1.16663361114156,48.9037940397514));
#4795=CARTESIAN_POINT('Ctrl Pts',(120.666732777717,1.33326722228313,48.8075880795028));
#4796=CARTESIAN_POINT('Ctrl Pts',(120.333399443821,1.66660055617935,48.6151379894479));
#4797=CARTESIAN_POINT('Ctrl Pts',(120.166699721066,1.833300278934,48.5188938596417));
#4798=CARTESIAN_POINT('Ctrl Pts',(119.999999998311,2.00000000168865,48.4226497298354));
#4799=CARTESIAN_POINT('Origin',(51.,0.,32.));
#4800=CARTESIAN_POINT('',(50.,1.,32.));
#4801=CARTESIAN_POINT('',(51.,0.,32.));
#4802=CARTESIAN_POINT('',(50.5,0.5,32.));
#4803=CARTESIAN_POINT('',(50.,1.,32.));
#4804=CARTESIAN_POINT('',(49.,1.99999999999999,48.4226497308104));
#4805=CARTESIAN_POINT('',(49.,2.,48.7113248654052));
#4806=CARTESIAN_POINT('',(50.,1.,49.));
#4807=CARTESIAN_POINT('',(65.2142857142857,-14.2142857142857,57.7839719526707));
#4808=CARTESIAN_POINT('',(51.,0.,49.));
#4809=CARTESIAN_POINT('',(50.5,0.5,49.));
#4810=CARTESIAN_POINT('',(51.,0.,32.));
#4811=CARTESIAN_POINT('Origin',(51.,-2.50000000000001,32.));
#4812=CARTESIAN_POINT('',(51.,-2.50000000000001,32.));
#4813=CARTESIAN_POINT('',(51.,0.,32.));
#4814=CARTESIAN_POINT('',(51.,-2.50000000000001,49.));
#4815=CARTESIAN_POINT('',(51.,0.,49.));
#4816=CARTESIAN_POINT('',(51.,-2.50000000000001,32.));
#4817=CARTESIAN_POINT('Origin',(44.6698729810778,-1.08246744900953E-14,
32.));
#4818=CARTESIAN_POINT('',(49.,-2.50000000000002,32.));
#4819=CARTESIAN_POINT('',(44.6698729810778,-8.64759652774438E-15,32.));
#4820=CARTESIAN_POINT('',(46.8349364905389,-1.25000000000001,32.));
#4821=CARTESIAN_POINT('',(49.,-2.50000000000002,49.));
#4822=CARTESIAN_POINT('',(49.,-2.50000000000002,32.));
#4823=CARTESIAN_POINT('',(44.6698729810778,0.,49.));
#4824=CARTESIAN_POINT('',(46.8349364905389,-1.25000000000001,49.));
#4825=CARTESIAN_POINT('',(44.6698729810778,0.,16.));
#4826=CARTESIAN_POINT('Origin',(71.,-1.38777878078145E-16,32.));
#4827=CARTESIAN_POINT('',(71.,-2.50000000000001,32.));
#4828=CARTESIAN_POINT('',(71.,-1.38777878078145E-16,32.));
#4829=CARTESIAN_POINT('',(71.,0.,32.));
#4830=CARTESIAN_POINT('',(71.,-2.50000000000001,49.));
#4831=CARTESIAN_POINT('',(71.,-2.50000000000001,32.));
#4832=CARTESIAN_POINT('',(71.,-1.38777878078145E-16,49.));
#4833=CARTESIAN_POINT('',(71.,0.,49.));
#4834=CARTESIAN_POINT('',(71.,-1.38777878078145E-16,32.));
#4835=CARTESIAN_POINT('Origin',(72.,1.,32.));
#4836=CARTESIAN_POINT('',(72.,1.,32.));
#4837=CARTESIAN_POINT('',(71.5,0.5,32.));
#4838=CARTESIAN_POINT('',(71.5,0.5,49.));
#4839=CARTESIAN_POINT('',(72.,0.999999999999996,44.6905989232415));
#4840=CARTESIAN_POINT('',(73.6268653809255,2.62686538092549,46.4127683880276));
#4841=CARTESIAN_POINT('',(72.,1.,32.));
#4842=CARTESIAN_POINT('Origin',(73.,-2.50000000000002,32.));
#4843=CARTESIAN_POINT('',(77.3301270189222,-1.11022302462516E-15,32.));
#4844=CARTESIAN_POINT('',(73.,-2.50000000000002,32.));
#4845=CARTESIAN_POINT('',(75.1650635094611,-1.25000000000001,32.));
#4846=CARTESIAN_POINT('',(77.3301270189222,0.,49.));
#4847=CARTESIAN_POINT('',(77.3301270189222,0.,24.5));
#4848=CARTESIAN_POINT('',(73.,-2.50000000000002,49.));
#4849=CARTESIAN_POINT('',(75.1650635094611,-1.25000000000001,49.));
#4850=CARTESIAN_POINT('',(73.,-2.50000000000002,32.));
#4851=CARTESIAN_POINT('Origin',(61.,86.,49.));
#4852=CARTESIAN_POINT('',(0.999999999999996,1.00000000000001,49.));
#4853=CARTESIAN_POINT('',(1.,0.999999999999996,49.));
#4854=CARTESIAN_POINT('',(1.,72.,49.));
#4855=CARTESIAN_POINT('',(0.999999999999996,171.,49.));
#4856=CARTESIAN_POINT('',(30.5,72.,49.));
#4857=CARTESIAN_POINT('',(0.,0.,49.));
#4858=CARTESIAN_POINT('',(50.,-2.50000000000002,49.));
#4859=CARTESIAN_POINT('Origin',(61.,86.,49.));
#4860=CARTESIAN_POINT('',(0.,0.,49.));
#4861=CARTESIAN_POINT('',(121.,72.,49.));
#4862=CARTESIAN_POINT('',(30.5,72.,49.));
#4863=CARTESIAN_POINT('',(121.,0.999999999999996,49.));
#4864=CARTESIAN_POINT('',(63.1650635094611,-2.50000000000002,49.));
#4865=CARTESIAN_POINT('Origin',(0.,0.,0.));
#4866=CARTESIAN_POINT('Origin',(61.,0.,32.));
#4867=CARTESIAN_POINT('',(-10.,0.,2.));
#4868=CARTESIAN_POINT('',(-10.,0.,2.));
#4869=CARTESIAN_POINT('',(-10.,0.,0.));
#4870=CARTESIAN_POINT('',(-10.,0.,0.));
#4871=CARTESIAN_POINT('',(132.,0.,0.));
#4872=CARTESIAN_POINT('',(0.,0.,0.));
#4873=CARTESIAN_POINT('',(132.,0.,2.));
#4874=CARTESIAN_POINT('',(132.,0.,0.));
#4875=CARTESIAN_POINT('',(132.,0.,2.));
#4876=CARTESIAN_POINT('',(117.708076211354,2.77555756156289E-16,11.0440000000001));
#4877=CARTESIAN_POINT('Origin',(107.11,0.,11.0440000000001));
#4878=CARTESIAN_POINT('Origin',(61.,-1.25000000000001,32.));
#4879=CARTESIAN_POINT('Origin',(61.,-2.50000000000002,32.));
#4880=CARTESIAN_POINT('Origin',(49.,-2.50000000000002,32.));
#4881=CARTESIAN_POINT('Origin',(61.,-2.50000000000001,32.));
#4882=CARTESIAN_POINT('Origin',(61.,0.,32.));
#4883=CARTESIAN_POINT('Origin',(61.,0.,32.));
#4884=CARTESIAN_POINT('Origin',(61.,0.5,32.));
#4885=CARTESIAN_POINT('Origin',(61.,1.,32.));
#4886=CARTESIAN_POINT('Origin',(118.,21.,24.9585481156726));
#4887=CARTESIAN_POINT('',(118.,21.,24.9585481156726));
#4888=CARTESIAN_POINT('',(118.,24.5,26.9792740578363));
#4889=CARTESIAN_POINT('',(118.,21.875,25.4637296012136));
#4890=CARTESIAN_POINT('',(121.,21.,24.9585481156726));
#4891=CARTESIAN_POINT('',(118.,21.,24.9585481156726));
#4892=CARTESIAN_POINT('',(121.,24.5,26.9792740578363));
#4893=CARTESIAN_POINT('',(121.,24.5,26.9792740578363));
#4894=CARTESIAN_POINT('',(118.,24.5,26.9792740578363));
#4895=CARTESIAN_POINT('Origin',(118.,17.5,26.9792740578363));
#4896=CARTESIAN_POINT('',(118.,17.5,26.9792740578363));
#4897=CARTESIAN_POINT('',(118.,18.375,26.4740925722954));
#4898=CARTESIAN_POINT('',(121.,17.5,26.9792740578363));
#4899=CARTESIAN_POINT('',(118.,17.5,26.9792740578363));
#4900=CARTESIAN_POINT('',(121.,21.,24.9585481156726));
#4901=CARTESIAN_POINT('Origin',(118.,17.5,31.0207259421637));
#4902=CARTESIAN_POINT('',(118.,17.5,31.0207259421637));
#4903=CARTESIAN_POINT('',(118.,17.5,30.0103629710818));
#4904=CARTESIAN_POINT('',(121.,17.5,31.0207259421637));
#4905=CARTESIAN_POINT('',(118.,17.5,31.0207259421637));
#4906=CARTESIAN_POINT('',(121.,17.5,26.9792740578363));
#4907=CARTESIAN_POINT('Origin',(118.,21.,33.0414518843274));
#4908=CARTESIAN_POINT('',(118.,21.,33.0414518843274));
#4909=CARTESIAN_POINT('',(118.,20.125,32.5362703987865));
#4910=CARTESIAN_POINT('',(121.,21.,33.0414518843274));
#4911=CARTESIAN_POINT('',(118.,21.,33.0414518843274));
#4912=CARTESIAN_POINT('',(121.,17.5,31.0207259421637));
#4913=CARTESIAN_POINT('Origin',(118.,24.5,31.0207259421637));
#4914=CARTESIAN_POINT('',(118.,24.5,31.0207259421637));
#4915=CARTESIAN_POINT('',(118.,23.625,31.5259074277046));
#4916=CARTESIAN_POINT('',(121.,24.5,31.0207259421637));
#4917=CARTESIAN_POINT('',(118.,24.5,31.0207259421637));
#4918=CARTESIAN_POINT('',(121.,21.,33.0414518843274));
#4919=CARTESIAN_POINT('Origin',(118.,24.5,26.9792740578363));
#4920=CARTESIAN_POINT('',(118.,24.5,27.9896370289182));
#4921=CARTESIAN_POINT('',(121.,24.5,31.0207259421637));
#4922=CARTESIAN_POINT('Origin',(121.,21.,29.));
#4923=CARTESIAN_POINT('Origin',(121.,29.,33.618802153517));
#4924=CARTESIAN_POINT('',(119.999991850203,27.999991850203,27.971937012237));
#4925=CARTESIAN_POINT('',(121.,29.,29.0140845070422));
#4926=CARTESIAN_POINT('Ctrl Pts',(119.999991850203,27.999991850203,27.971937012237));
#4927=CARTESIAN_POINT('Ctrl Pts',(120.166697333586,28.1666973335863,28.1456672982485));
#4928=CARTESIAN_POINT('Ctrl Pts',(120.333402816969,28.3334028169695,28.3193975842601));
#4929=CARTESIAN_POINT('Ctrl Pts',(120.666738866902,28.6667388669018,28.6667800825286));
#4930=CARTESIAN_POINT('Ctrl Pts',(120.833369433451,28.8333694334509,28.8404322947854));
#4931=CARTESIAN_POINT('Ctrl Pts',(121.,29.,29.0140845070422));
#4932=CARTESIAN_POINT('',(119.999991850203,27.999991850203,25.9719558333869));
#4933=CARTESIAN_POINT('Ctrl Pts',(119.999991850203,27.999991850203,25.9719558333869));
#4934=CARTESIAN_POINT('Ctrl Pts',(119.999991850203,27.999991850203,26.3052860298619));
#4935=CARTESIAN_POINT('Ctrl Pts',(119.999991850203,27.999991850203,26.6386162263369));
#4936=CARTESIAN_POINT('Ctrl Pts',(119.999991850203,27.999991850203,27.3052766192869));
#4937=CARTESIAN_POINT('Ctrl Pts',(119.999991850203,27.999991850203,27.638606815762));
#4938=CARTESIAN_POINT('Ctrl Pts',(119.999991850203,27.999991850203,27.971937012237));
#4939=CARTESIAN_POINT('',(121.,29.,24.7046834302838));
#4940=CARTESIAN_POINT('Ctrl Pts',(121.,29.,24.7046834302838));
#4941=CARTESIAN_POINT('Ctrl Pts',(120.83329891856,28.83329891856,24.9159373886833));
#4942=CARTESIAN_POINT('Ctrl Pts',(120.66659783712,28.66659783712,25.1271913470827));
#4943=CARTESIAN_POINT('Ctrl Pts',(120.333261787188,28.3332617871877,25.5496154814504));
#4944=CARTESIAN_POINT('Ctrl Pts',(120.166626818695,28.1666268186953,25.7607856574187));
#4945=CARTESIAN_POINT('Ctrl Pts',(119.999991850203,27.999991850203,25.9719558333869));
#4946=CARTESIAN_POINT('',(121.,29.,24.381197846483));
#4947=CARTESIAN_POINT('',(121.,29.,17.8094010767585));
#4948=CARTESIAN_POINT('',(118.,26.,26.1132486540519));
#4949=CARTESIAN_POINT('',(121.,29.,24.381197846483));
#4950=CARTESIAN_POINT('',(118.,26.,31.8867513459481));
#4951=CARTESIAN_POINT('',(118.,26.,31.8867513459481));
#4952=CARTESIAN_POINT('',(121.,29.,33.618802153517));
#4953=CARTESIAN_POINT('',(121.,29.,33.618802153517));
#4954=CARTESIAN_POINT('',(121.,29.,17.8094010767585));
#4955=CARTESIAN_POINT('Origin',(118.,21.,29.));
#4956=CARTESIAN_POINT('',(118.,21.,23.2264973081037));
#4957=CARTESIAN_POINT('',(118.,16.,26.1132486540519));
#4958=CARTESIAN_POINT('',(118.,21.,23.2264973081037));
#4959=CARTESIAN_POINT('',(118.,16.,31.8867513459481));
#4960=CARTESIAN_POINT('',(118.,16.,26.1132486540519));
#4961=CARTESIAN_POINT('',(118.,21.,34.7735026918963));
#4962=CARTESIAN_POINT('',(118.,16.,31.8867513459481));
#4963=CARTESIAN_POINT('',(118.,21.,34.7735026918963));
#4964=CARTESIAN_POINT('',(118.,26.,26.1132486540519));
#4965=CARTESIAN_POINT('Origin',(121.,21.,19.762395692966));
#4966=CARTESIAN_POINT('',(121.,15.6903638127823,22.8279155749551));
#4967=CARTESIAN_POINT('',(119.999991850203,17.3523925064581,23.0230528102147));
#4968=CARTESIAN_POINT('Ctrl Pts',(121.,15.6903638127823,22.8279155749551));
#4969=CARTESIAN_POINT('Ctrl Pts',(120.833228544826,15.9675404976342,22.8604586304187));
#4970=CARTESIAN_POINT('Ctrl Pts',(120.666457089652,16.2447171824861,22.8930016858824));
#4971=CARTESIAN_POINT('Ctrl Pts',(120.333121039719,16.7987267470447,22.9580474309689));
#4972=CARTESIAN_POINT('Ctrl Pts',(120.166556444961,17.0755596267514,22.9905501205918));
#4973=CARTESIAN_POINT('Ctrl Pts',(119.999991850203,17.3523925064581,23.0230528102147));
#4974=CARTESIAN_POINT('',(121.,13.,24.381197846483));
#4975=CARTESIAN_POINT('',(121.,81.095671475545,-14.9338564105712));
#4976=CARTESIAN_POINT('',(121.,13.,24.381197846483));
#4977=CARTESIAN_POINT('',(121.,21.,19.762395692966));
#4978=CARTESIAN_POINT('',(121.,21.,19.762395692966));
#4979=CARTESIAN_POINT('',(121.,19.8255137977731,20.4404856179812));
#4980=CARTESIAN_POINT('',(121.,81.095671475545,-14.9338564105712));
#4981=CARTESIAN_POINT('',(119.999991850203,19.2715042332146,21.9150531381669));
#4982=CARTESIAN_POINT('Ctrl Pts',(119.999991850203,19.2715042332145,21.9150531381669));
#4983=CARTESIAN_POINT('Ctrl Pts',(120.16667002231,19.3638447822081,21.6692769222807));
#4984=CARTESIAN_POINT('Ctrl Pts',(120.333348194416,19.4561853312016,21.4235007063945));
#4985=CARTESIAN_POINT('Ctrl Pts',(120.666684244349,19.6408551860545,20.9319781996659));
#4986=CARTESIAN_POINT('Ctrl Pts',(120.833342122174,19.7331844919138,20.6862319088235));
#4987=CARTESIAN_POINT('Ctrl Pts',(121.,19.8255137977731,20.4404856179812));
#4988=CARTESIAN_POINT('Ctrl Pts',(119.999991850203,17.3523925064581,23.0230528102147));
#4989=CARTESIAN_POINT('Ctrl Pts',(119.999991850203,17.6724835654752,22.838248151126));
#4990=CARTESIAN_POINT('Ctrl Pts',(119.999991850203,17.9925746244922,22.6534434920373));
#4991=CARTESIAN_POINT('Ctrl Pts',(119.999991850203,18.632278533411,22.2841102680214));
#4992=CARTESIAN_POINT('Ctrl Pts',(119.999991850203,18.9518913833128,22.0995817030941));
#4993=CARTESIAN_POINT('Ctrl Pts',(119.999991850203,19.2715042332145,21.9150531381669));
#4994=CARTESIAN_POINT('Origin',(121.,13.,24.381197846483));
#4995=CARTESIAN_POINT('',(121.,13.,33.618802153517));
#4996=CARTESIAN_POINT('',(121.,13.,13.1905989232415));
#4997=CARTESIAN_POINT('',(121.,13.,33.618802153517));
#4998=CARTESIAN_POINT('Origin',(121.,13.,33.618802153517));
#4999=CARTESIAN_POINT('',(121.,21.,38.237604307034));
#5000=CARTESIAN_POINT('',(121.,65.404328524455,63.8744553338127));
#5001=CARTESIAN_POINT('',(121.,21.,38.237604307034));
#5002=CARTESIAN_POINT('Origin',(121.,21.,38.237604307034));
#5003=CARTESIAN_POINT('',(121.,85.095671475545,1.23195112673835));
#5004=CARTESIAN_POINT('Origin',(121.,29.,24.381197846483));
#5005=CARTESIAN_POINT('',(121.,77.404328524455,52.3274499500202));
#5006=CARTESIAN_POINT('Origin',(121.,171.,2.));
#5007=CARTESIAN_POINT('',(121.,0.999999999999996,16.));
#5008=CARTESIAN_POINT('Ctrl Pts',(121.,15.6903638127819,22.8279155749549));
#5009=CARTESIAN_POINT('Ctrl Pts',(121.,10.7935758751879,20.5519437166366));
#5010=CARTESIAN_POINT('Ctrl Pts',(121.,5.89678793759396,18.2759718583183));
#5011=CARTESIAN_POINT('Ctrl Pts',(121.,0.999999999999996,16.));
#5012=CARTESIAN_POINT('',(121.,0.999999999999996,44.6905989232415));
#5013=CARTESIAN_POINT('',(121.,0.999999999999996,9.));
#5014=CARTESIAN_POINT('',(121.,62.7282573035016,44.6905984650078));
#5015=CARTESIAN_POINT('Ctrl Pts',(121.,0.999999999999997,44.6905989141988));
#5016=CARTESIAN_POINT('Ctrl Pts',(121.,21.5760857678339,44.6905987644685));
#5017=CARTESIAN_POINT('Ctrl Pts',(121.,42.1521715356677,44.6905986147381));
#5018=CARTESIAN_POINT('Ctrl Pts',(121.,62.7282573035016,44.6905984650078));
#5019=CARTESIAN_POINT('Ctrl Pts',(121.,62.7282573035016,44.6905984650078));
#5020=CARTESIAN_POINT('Ctrl Pts',(121.,51.485504869001,39.4650938123526));
#5021=CARTESIAN_POINT('Ctrl Pts',(121.,40.2427524345004,34.2395891596974));
#5022=CARTESIAN_POINT('Ctrl Pts',(121.,28.9999999999997,29.0140845070421));
#5023=CARTESIAN_POINT('Ctrl Pts',(121.,17.3523925064581,23.6004077846918));
#5024=CARTESIAN_POINT('Ctrl Pts',(121.,11.9015950043054,21.0669385231279));
#5025=CARTESIAN_POINT('Ctrl Pts',(121.,6.45079750215271,18.5334692615639));
#5026=CARTESIAN_POINT('Ctrl Pts',(121.,0.999999999999996,16.));
#5027=CARTESIAN_POINT('Ctrl Pts',(120.666663950068,17.3523925064581,23.4079561265328));
#5028=CARTESIAN_POINT('Ctrl Pts',(120.666663950068,11.9015950043054,20.8744868649688));
#5029=CARTESIAN_POINT('Ctrl Pts',(120.666663950068,6.4507975021527,18.3410176034049));
#5030=CARTESIAN_POINT('Ctrl Pts',(120.666663950068,0.999999999999996,15.807548341841));
#5031=CARTESIAN_POINT('Ctrl Pts',(120.333327900135,17.3523925064581,23.2155044683737));
#5032=CARTESIAN_POINT('Ctrl Pts',(120.333327900135,11.9015950043054,20.6820352068098));
#5033=CARTESIAN_POINT('Ctrl Pts',(120.333327900135,6.45079750215272,18.1485659452459));
#5034=CARTESIAN_POINT('Ctrl Pts',(120.333327900135,0.999999999999996,15.6150966836819));
#5035=CARTESIAN_POINT('Ctrl Pts',(119.999991850203,17.3523925064581,23.0230528102147));
#5036=CARTESIAN_POINT('Ctrl Pts',(119.999991850203,11.9015950043054,20.4895835486507));
#5037=CARTESIAN_POINT('Ctrl Pts',(119.999991850203,6.45079750215271,17.9561142870868));
#5038=CARTESIAN_POINT('Ctrl Pts',(119.999991850203,0.999999999999996,15.4226450255229));
#5039=CARTESIAN_POINT('Ctrl Pts',(119.999991850203,17.3523925064581,23.0230528102147));
#5040=CARTESIAN_POINT('Ctrl Pts',(119.999991850203,12.2349283376388,20.6445131261155));
#5041=CARTESIAN_POINT('Ctrl Pts',(119.999991850203,7.11746416881938,18.2659734420164));
#5042=CARTESIAN_POINT('Ctrl Pts',(119.999991850203,2.00000000000001,15.8874337579172));
#5043=CARTESIAN_POINT('Ctrl Pts',(121.,0.999999999999996,16.));
#5044=CARTESIAN_POINT('Ctrl Pts',(120.833379591446,1.19998491751117,15.9967523985771));
#5045=CARTESIAN_POINT('Ctrl Pts',(120.666759182893,1.39996983502234,15.9935047971542));
#5046=CARTESIAN_POINT('Ctrl Pts',(120.389037558304,1.73330316835567,15.9880917199027));
#5047=CARTESIAN_POINT('Ctrl Pts',(120.277936342268,1.86665158417784,15.9859262440741));
#5048=CARTESIAN_POINT('Ctrl Pts',(120.166835126233,1.99999999999999,15.9837607682455));
#5049=CARTESIAN_POINT('Ctrl Pts',(119.999991850203,19.2715042332145,23.915034317017));
#5050=CARTESIAN_POINT('Ctrl Pts',(119.999991850203,13.4594482644276,21.2136561906794));
#5051=CARTESIAN_POINT('Ctrl Pts',(119.999991850203,7.64739229564069,18.5122780643418));
#5052=CARTESIAN_POINT('Ctrl Pts',(119.999991850203,1.83533632685377,15.8108999380042));
#5053=CARTESIAN_POINT('Ctrl Pts',(119.999991850203,19.2715042332145,23.2483739240669));
#5054=CARTESIAN_POINT('Ctrl Pts',(119.999991850203,13.4594482644276,20.5469957977294));
#5055=CARTESIAN_POINT('Ctrl Pts',(119.999991850203,7.64739229564068,17.8456176713918));
#5056=CARTESIAN_POINT('Ctrl Pts',(119.999991850203,1.83533632685377,15.1442395450542));
#5057=CARTESIAN_POINT('Ctrl Pts',(119.999991850203,19.2715042332145,22.5817135311169));
#5058=CARTESIAN_POINT('Ctrl Pts',(119.999991850203,13.4594482644276,19.8803354047793));
#5059=CARTESIAN_POINT('Ctrl Pts',(119.999991850203,7.6473922956407,17.1789572784418));
#5060=CARTESIAN_POINT('Ctrl Pts',(119.999991850203,1.83533632685377,14.4775791521042));
#5061=CARTESIAN_POINT('Ctrl Pts',(119.999991850203,19.2715042332145,21.9150531381669));
#5062=CARTESIAN_POINT('Ctrl Pts',(119.999991850203,13.4594482644276,19.2136750118293));
#5063=CARTESIAN_POINT('Ctrl Pts',(119.999991850203,7.64739229564069,16.5122968854917));
#5064=CARTESIAN_POINT('Ctrl Pts',(119.999991850203,1.83533632685377,13.8109187591542));
#5065=CARTESIAN_POINT('',(119.999991850203,1.83533632685377,13.8109187591541));
#5066=CARTESIAN_POINT('Ctrl Pts',(119.999991850203,19.2715042332145,21.9150531381669));
#5067=CARTESIAN_POINT('Ctrl Pts',(119.999991850203,13.4594482644276,19.2136750118293));
#5068=CARTESIAN_POINT('Ctrl Pts',(119.999991850203,7.64739229564069,16.5122968854917));
#5069=CARTESIAN_POINT('Ctrl Pts',(119.999991850203,1.83533632685377,13.8109187591542));
#5070=CARTESIAN_POINT('Ctrl Pts',(119.999991850203,2.,14.0961246072043));
#5071=CARTESIAN_POINT('Ctrl Pts',(119.999991850203,1.94511210895126,14.0010559911876));
#5072=CARTESIAN_POINT('Ctrl Pts',(119.999991850203,1.89022421790251,13.9059873751709));
#5073=CARTESIAN_POINT('Ctrl Pts',(119.999991850203,1.83533632685378,13.8109187591542));
#5074=CARTESIAN_POINT('Ctrl Pts',(119.999991850203,19.8255137977731,22.1725505414124));
#5075=CARTESIAN_POINT('Ctrl Pts',(119.999991850203,13.5503425318488,19.2559216431659));
#5076=CARTESIAN_POINT('Ctrl Pts',(119.999991850203,7.27517126592438,16.3392927449194));
#5077=CARTESIAN_POINT('Ctrl Pts',(119.999991850203,1.00000000000001,13.4226638466728));
#5078=CARTESIAN_POINT('Ctrl Pts',(120.333327900135,19.8255137977731,21.5951955669353));
#5079=CARTESIAN_POINT('Ctrl Pts',(120.333327900135,13.5503425318488,18.6785666686888));
#5080=CARTESIAN_POINT('Ctrl Pts',(120.333327900135,7.27517126592437,15.7619377704423));
#5081=CARTESIAN_POINT('Ctrl Pts',(120.333327900135,1.00000000000001,12.8453088721957));
#5082=CARTESIAN_POINT('Ctrl Pts',(120.666663950068,19.8255137977731,21.0178405924583));
#5083=CARTESIAN_POINT('Ctrl Pts',(120.666663950068,13.5503425318487,18.1012116942117));
#5084=CARTESIAN_POINT('Ctrl Pts',(120.666663950068,7.27517126592439,15.1845827959652));
#5085=CARTESIAN_POINT('Ctrl Pts',(120.666663950068,1.00000000000001,12.2679538977186));
#5086=CARTESIAN_POINT('Ctrl Pts',(121.,19.8255137977731,20.4404856179812));
#5087=CARTESIAN_POINT('Ctrl Pts',(121.,13.5503425318488,17.5238567197346));
#5088=CARTESIAN_POINT('Ctrl Pts',(121.,7.27517126592438,14.6072278214881));
#5089=CARTESIAN_POINT('Ctrl Pts',(121.,1.00000000000001,11.6905989232415));
#5090=CARTESIAN_POINT('',(121.,0.999999999999996,11.6905989232415));
#5091=CARTESIAN_POINT('Ctrl Pts',(121.,1.00000000000001,11.6905989232415));
#5092=CARTESIAN_POINT('Ctrl Pts',(121.,7.27517126592438,14.6072278214881));
#5093=CARTESIAN_POINT('Ctrl Pts',(121.,13.5503425318488,17.5238567197346));
#5094=CARTESIAN_POINT('Ctrl Pts',(121.,19.8255137977731,20.4404856179812));
#5095=CARTESIAN_POINT('Ctrl Pts',(119.999991850203,1.83533632685378,13.8109187591542));
#5096=CARTESIAN_POINT('Ctrl Pts',(120.166636807792,1.69613287457254,13.4575810296541));
#5097=CARTESIAN_POINT('Ctrl Pts',(120.333281765381,1.55692942229131,13.1042433001541));
#5098=CARTESIAN_POINT('Ctrl Pts',(120.666617815313,1.27848398000672,12.3974700215165));
#5099=CARTESIAN_POINT('Ctrl Pts',(120.833308907657,1.13924199000336,12.044034472379));
#5100=CARTESIAN_POINT('Ctrl Pts',(121.,1.00000000000001,11.6905989232415));
#5101=CARTESIAN_POINT('Ctrl Pts',(121.,67.6969791764804,47.0000044059698));
#5102=CARTESIAN_POINT('Ctrl Pts',(121.,54.4646500677213,40.8497669328845));
#5103=CARTESIAN_POINT('Ctrl Pts',(121.,41.2323209589621,34.6995294597993));
#5104=CARTESIAN_POINT('Ctrl Pts',(121.,27.999991850203,28.5492919867141));
#5105=CARTESIAN_POINT('Ctrl Pts',(120.666663950068,67.6969791764804,46.8075527478107));
#5106=CARTESIAN_POINT('Ctrl Pts',(120.666663950068,54.4646500677213,40.6573152747255));
#5107=CARTESIAN_POINT('Ctrl Pts',(120.666663950068,41.2323209589621,34.5070778016403));
#5108=CARTESIAN_POINT('Ctrl Pts',(120.666663950068,27.999991850203,28.356840328555));
#5109=CARTESIAN_POINT('Ctrl Pts',(120.333327900135,67.6969791764804,46.6151010896517));
#5110=CARTESIAN_POINT('Ctrl Pts',(120.333327900135,54.4646500677212,40.4648636165664));
#5111=CARTESIAN_POINT('Ctrl Pts',(120.333327900135,41.2323209589622,34.3146261434812));
#5112=CARTESIAN_POINT('Ctrl Pts',(120.333327900135,27.999991850203,28.164388670396));
#5113=CARTESIAN_POINT('Ctrl Pts',(119.999991850203,67.6969791764804,46.4226494314926));
#5114=CARTESIAN_POINT('Ctrl Pts',(119.999991850203,54.4646500677213,40.2724119584074));
#5115=CARTESIAN_POINT('Ctrl Pts',(119.999991850203,41.2323209589621,34.1221744853222));
#5116=CARTESIAN_POINT('Ctrl Pts',(119.999991850203,27.999991850203,27.971937012237));
#5117=CARTESIAN_POINT('',(119.999991850203,67.6969791764804,46.4226494314926));
#5118=CARTESIAN_POINT('Ctrl Pts',(119.999999887375,67.6969691928839,46.4226494314927));
#5119=CARTESIAN_POINT('Ctrl Pts',(120.165855627366,66.8728798984774,46.1353788690967));
#5120=CARTESIAN_POINT('Ctrl Pts',(120.331711367358,66.0487906040709,45.8481083067007));
#5121=CARTESIAN_POINT('Ctrl Pts',(120.665044738233,64.3925533076102,45.270757984539));
#5122=CARTESIAN_POINT('Ctrl Pts',(120.832522369117,63.5604053055559,44.9806782247734));
#5123=CARTESIAN_POINT('Ctrl Pts',(121.,62.7282573035016,44.6905984650078));
#5124=CARTESIAN_POINT('Ctrl Pts',(119.999991850203,67.6969791764804,46.4226494314926));
#5125=CARTESIAN_POINT('Ctrl Pts',(119.999991850203,54.4646500677213,40.2724119584074));
#5126=CARTESIAN_POINT('Ctrl Pts',(119.999991850203,41.2323209589621,34.1221744853222));
#5127=CARTESIAN_POINT('Ctrl Pts',(119.999991850203,27.999991850203,27.971937012237));
#5128=CARTESIAN_POINT('Ctrl Pts',(119.999991850203,72.,46.4226638466728));
#5129=CARTESIAN_POINT('Ctrl Pts',(119.999991850203,57.3333306167343,39.6057611755775));
#5130=CARTESIAN_POINT('Ctrl Pts',(119.999991850203,42.6666612334687,32.7888585044822));
#5131=CARTESIAN_POINT('Ctrl Pts',(119.999991850203,27.999991850203,25.9719558333869));
#5132=CARTESIAN_POINT('Ctrl Pts',(120.333327900135,72.,45.8453088721957));
#5133=CARTESIAN_POINT('Ctrl Pts',(120.333327900135,57.3333306167344,39.0284062011004));
#5134=CARTESIAN_POINT('Ctrl Pts',(120.333327900135,42.6666612334687,32.2115035300051));
#5135=CARTESIAN_POINT('Ctrl Pts',(120.333327900135,27.999991850203,25.3946008589098));
#5136=CARTESIAN_POINT('Ctrl Pts',(120.666663950068,72.,45.2679538977186));
#5137=CARTESIAN_POINT('Ctrl Pts',(120.666663950068,57.3333306167343,38.4510512266233));
#5138=CARTESIAN_POINT('Ctrl Pts',(120.666663950068,42.6666612334687,31.634148555528));
#5139=CARTESIAN_POINT('Ctrl Pts',(120.666663950068,27.999991850203,24.8172458844327));
#5140=CARTESIAN_POINT('Ctrl Pts',(121.,72.,44.6905989232415));
#5141=CARTESIAN_POINT('Ctrl Pts',(121.,57.3333306167343,37.8736962521462));
#5142=CARTESIAN_POINT('Ctrl Pts',(121.,42.6666612334687,31.0567935810509));
#5143=CARTESIAN_POINT('Ctrl Pts',(121.,27.999991850203,24.2398909099556));
#5144=CARTESIAN_POINT('',(119.999999880108,72.0000000000011,46.4226494127653));
#5145=CARTESIAN_POINT('Ctrl Pts',(119.999991850203,72.,46.4226638466728));
#5146=CARTESIAN_POINT('Ctrl Pts',(119.999991850203,57.3333306167343,39.6057611755775));
#5147=CARTESIAN_POINT('Ctrl Pts',(119.999991850203,42.6666612334687,32.7888585044822));
#5148=CARTESIAN_POINT('Ctrl Pts',(119.999991850203,27.999991850203,25.9719558333869));
#5149=CARTESIAN_POINT('',(121.,72.,44.6905983975381));
#5150=CARTESIAN_POINT('Ctrl Pts',(121.,72.,44.6905983975381));
#5151=CARTESIAN_POINT('Ctrl Pts',(120.666666626703,72.0000000000003,45.2679487359472));
#5152=CARTESIAN_POINT('Ctrl Pts',(120.333333253406,72.0000000000007,45.8452990743562));
#5153=CARTESIAN_POINT('Ctrl Pts',(119.999999880108,72.0000000000011,46.4226494127653));
#5154=CARTESIAN_POINT('Ctrl Pts',(121.,29.,24.7046834302838));
#5155=CARTESIAN_POINT('Ctrl Pts',(121.,43.3333332663554,31.3666552301391));
#5156=CARTESIAN_POINT('Ctrl Pts',(121.,57.6666665327109,38.0286270299945));
#5157=CARTESIAN_POINT('Ctrl Pts',(121.,71.9999997990664,44.6905988298499));
#5158=CARTESIAN_POINT('Ctrl Pts',(119.999991850203,72.,48.4226450255229));
#5159=CARTESIAN_POINT('Ctrl Pts',(119.999991850203,57.3333306167343,41.6057423544276));
#5160=CARTESIAN_POINT('Ctrl Pts',(119.999991850203,42.6666612334687,34.7888396833323));
#5161=CARTESIAN_POINT('Ctrl Pts',(119.999991850203,27.999991850203,27.971937012237));
#5162=CARTESIAN_POINT('Ctrl Pts',(119.999991850203,72.,47.7559846325729));
#5163=CARTESIAN_POINT('Ctrl Pts',(119.999991850203,57.3333306167344,40.9390819614776));
#5164=CARTESIAN_POINT('Ctrl Pts',(119.999991850203,42.6666612334687,34.1221792903822));
#5165=CARTESIAN_POINT('Ctrl Pts',(119.999991850203,27.999991850203,27.3052766192869));
#5166=CARTESIAN_POINT('Ctrl Pts',(119.999991850203,72.,47.0893242396228));
#5167=CARTESIAN_POINT('Ctrl Pts',(119.999991850203,57.3333306167343,40.2724215685275));
#5168=CARTESIAN_POINT('Ctrl Pts',(119.999991850203,42.6666612334687,33.4555188974322));
#5169=CARTESIAN_POINT('Ctrl Pts',(119.999991850203,27.999991850203,26.6386162263369));
#5170=CARTESIAN_POINT('Ctrl Pts',(119.999991850203,72.,46.4226638466728));
#5171=CARTESIAN_POINT('Ctrl Pts',(119.999991850203,57.3333306167343,39.6057611755775));
#5172=CARTESIAN_POINT('Ctrl Pts',(119.999991850203,42.6666612334687,32.7888585044822));
#5173=CARTESIAN_POINT('Ctrl Pts',(119.999991850203,27.999991850203,25.9719558333869));
#5174=CARTESIAN_POINT('Ctrl Pts',(119.999999887375,67.6969791764804,46.4226494314926));
#5175=CARTESIAN_POINT('Ctrl Pts',(119.999999884953,69.1313194509873,46.4226494252502));
#5176=CARTESIAN_POINT('Ctrl Pts',(119.999999882531,70.5656597254942,46.4226494190077));
#5177=CARTESIAN_POINT('Ctrl Pts',(119.999999880108,72.0000000000011,46.4226494127653));
#5178=CARTESIAN_POINT('Ctrl Pts',(119.999999998311,2.,46.4226497174156));
#5179=CARTESIAN_POINT('Ctrl Pts',(119.99999995891,25.3333333333337,46.4226496158655));
#5180=CARTESIAN_POINT('Ctrl Pts',(119.999999919509,48.6666666666674,46.4226495143154));
#5181=CARTESIAN_POINT('Ctrl Pts',(119.999999880108,72.0000000000011,46.4226494127653));
#5182=CARTESIAN_POINT('Ctrl Pts',(119.999999998311,1.99999999999946,47.0893163882222));
#5183=CARTESIAN_POINT('Ctrl Pts',(119.99999995891,25.3333333333331,47.0893163129394));
#5184=CARTESIAN_POINT('Ctrl Pts',(119.999999919509,48.6666666666668,47.0893162376566));
#5185=CARTESIAN_POINT('Ctrl Pts',(119.999999880108,72.0000000000005,47.0893161623738));
#5186=CARTESIAN_POINT('Ctrl Pts',(119.999999998311,1.99999999999892,47.7559830590288));
#5187=CARTESIAN_POINT('Ctrl Pts',(119.99999995891,25.3333333333326,47.7559830100133));
#5188=CARTESIAN_POINT('Ctrl Pts',(119.999999919509,48.6666666666663,47.7559829609979));
#5189=CARTESIAN_POINT('Ctrl Pts',(119.999999880108,72.,47.7559829119824));
#5190=CARTESIAN_POINT('Ctrl Pts',(119.999999998311,1.99999999999838,48.4226497298354));
#5191=CARTESIAN_POINT('Ctrl Pts',(119.99999995891,25.3333333333321,48.4226497070873));
#5192=CARTESIAN_POINT('Ctrl Pts',(119.999999919509,48.6666666666658,48.4226496843391));
#5193=CARTESIAN_POINT('Ctrl Pts',(119.999999880108,71.9999999999994,48.422649661591));
#5194=CARTESIAN_POINT('Ctrl Pts',(119.999999998311,2.,46.4226497174156));
#5195=CARTESIAN_POINT('Ctrl Pts',(119.999999961332,23.8989930588268,46.4226496221079));
#5196=CARTESIAN_POINT('Ctrl Pts',(119.999999924354,45.7979861176536,46.4226495268003));
#5197=CARTESIAN_POINT('Ctrl Pts',(119.999999887375,67.6969791764804,46.4226494314926));
#5198=CARTESIAN_POINT('',(119.999999880108,71.9999999999994,48.4226496615909));
#5199=CARTESIAN_POINT('Ctrl Pts',(119.999999998311,1.99999999999838,48.4226497298354));
#5200=CARTESIAN_POINT('Ctrl Pts',(119.99999995891,25.3333333333321,48.4226497070873));
#5201=CARTESIAN_POINT('Ctrl Pts',(119.999999919509,48.6666666666658,48.4226496843391));
#5202=CARTESIAN_POINT('Ctrl Pts',(119.999999880108,71.9999999999994,48.422649661591));
#5203=CARTESIAN_POINT('Ctrl Pts',(119.999999880108,72.0000000000011,46.4226494127653));
#5204=CARTESIAN_POINT('Ctrl Pts',(119.999999880108,72.0000000000005,47.0893161623738));
#5205=CARTESIAN_POINT('Ctrl Pts',(119.999999880108,72.,47.7559829119824));
#5206=CARTESIAN_POINT('Ctrl Pts',(119.999999880108,71.9999999999994,48.422649661591));
#5207=CARTESIAN_POINT('Ctrl Pts',(121.,0.999999999999997,44.6905989141988));
#5208=CARTESIAN_POINT('Ctrl Pts',(121.,23.2323263921598,44.6905987524162));
#5209=CARTESIAN_POINT('Ctrl Pts',(121.,45.4646527843196,44.6905985906335));
#5210=CARTESIAN_POINT('Ctrl Pts',(121.,67.6969791764793,44.6905984288508));
#5211=CARTESIAN_POINT('Ctrl Pts',(120.666666666667,1.00000000000035,45.2679491833884));
#5212=CARTESIAN_POINT('Ctrl Pts',(120.666666654153,23.2323263921601,45.2679490432806));
#5213=CARTESIAN_POINT('Ctrl Pts',(120.666666641639,45.4646527843199,45.2679489031727));
#5214=CARTESIAN_POINT('Ctrl Pts',(120.666666629125,67.6969791764797,45.2679487630648));
#5215=CARTESIAN_POINT('Ctrl Pts',(120.333333333333,1.00000000000071,45.8452994525781));
#5216=CARTESIAN_POINT('Ctrl Pts',(120.333333308305,23.2323263921605,45.845299334145));
#5217=CARTESIAN_POINT('Ctrl Pts',(120.333333283278,45.4646527843203,45.8452992157118));
#5218=CARTESIAN_POINT('Ctrl Pts',(120.33333325825,67.6969791764801,45.8452990972787));
#5219=CARTESIAN_POINT('Ctrl Pts',(120.,1.00000000000106,46.4226497217677));
#5220=CARTESIAN_POINT('Ctrl Pts',(119.999999962458,23.2323263921608,46.4226496250094));
#5221=CARTESIAN_POINT('Ctrl Pts',(119.999999924916,45.4646527843206,46.422649528251));
#5222=CARTESIAN_POINT('Ctrl Pts',(119.999999887375,67.6969791764804,46.4226494314926));
#5223=CARTESIAN_POINT('Ctrl Pts',(119.999999998311,1.9999999922665,46.4226497174156));
#5224=CARTESIAN_POINT('Ctrl Pts',(120.166633609735,1.83336638154347,46.1340318373946));
#5225=CARTESIAN_POINT('Ctrl Pts',(120.333267221158,1.66673277082044,45.8454139573737));
#5226=CARTESIAN_POINT('Ctrl Pts',(120.499900832581,1.50009916009741,45.5567960773528));
#5227=CARTESIAN_POINT('Ctrl Pts',(120.666600554706,1.33339943867272,45.2680636902376));
#5228=CARTESIAN_POINT('Ctrl Pts',(120.833300277875,1.16669972142469,44.9793313013139));
#5229=CARTESIAN_POINT('Ctrl Pts',(121.,0.999999999999997,44.6905989141988));
#5230=CARTESIAN_POINT('Origin',(72.,0.999999999999996,44.6905989232415));
#5231=CARTESIAN_POINT('',(98.7449424726191,1.,26.6786988906613));
#5232=CARTESIAN_POINT('Origin',(121.,171.,2.));
#5233=CARTESIAN_POINT('',(121.,171.,14.9905869669206));
#5234=CARTESIAN_POINT('Ctrl Pts',(121.,72.,44.6905983975381));
#5235=CARTESIAN_POINT('Ctrl Pts',(121.,105.,34.7905945873323));
#5236=CARTESIAN_POINT('Ctrl Pts',(121.,138.,24.8905907771265));
#5237=CARTESIAN_POINT('Ctrl Pts',(121.,171.,14.9905869669206));
#5238=CARTESIAN_POINT('',(121.,171.,2.));
#5239=CARTESIAN_POINT('',(121.,171.,2.));
#5240=CARTESIAN_POINT('',(121.,115.1,2.));
#5241=CARTESIAN_POINT('',(121.,128.5,2.));
#5242=CARTESIAN_POINT('',(121.,115.1,9.));
#5243=CARTESIAN_POINT('',(121.,115.1,2.));
#5244=CARTESIAN_POINT('',(121.,112.9,9.));
#5245=CARTESIAN_POINT('',(121.,142.5,9.));
#5246=CARTESIAN_POINT('',(121.,112.9,2.));
#5247=CARTESIAN_POINT('',(121.,112.9,2.));
#5248=CARTESIAN_POINT('',(121.,2.05563491861042,2.));
#5249=CARTESIAN_POINT('',(121.,128.5,2.));
#5250=CARTESIAN_POINT('',(121.,2.05563491861042,9.));
#5251=CARTESIAN_POINT('',(121.,2.05563491861042,2.));
#5252=CARTESIAN_POINT('',(121.,0.999999999999996,9.));
#5253=CARTESIAN_POINT('',(121.,142.5,9.));
#5254=CARTESIAN_POINT('',(121.,0.999999999999996,9.));
#5255=CARTESIAN_POINT('',(121.,62.772999908,12.8290000148001));
#5256=CARTESIAN_POINT('Ctrl Pts',(121.,62.772999908,12.8290000148001));
#5257=CARTESIAN_POINT('Ctrl Pts',(121.,62.772999908,11.7690000148001));
#5258=CARTESIAN_POINT('Ctrl Pts',(121.,62.7728323295148,10.7089350230549));
#5259=CARTESIAN_POINT('Ctrl Pts',(121.,62.7734175501849,9.00690492331431));
#5260=CARTESIAN_POINT('Ctrl Pts',(121.,62.9886279419975,7.49530390546226));
#5261=CARTESIAN_POINT('Ctrl Pts',(121.,64.3910761318018,5.26733567186442));
#5262=CARTESIAN_POINT('Ctrl Pts',(121.,66.6190633281195,3.86489968612997));
#5263=CARTESIAN_POINT('Ctrl Pts',(121.,68.1306999331066,3.64977010311162));
#5264=CARTESIAN_POINT('Ctrl Pts',(121.,70.0276458687677,3.64910773414809));
#5265=CARTESIAN_POINT('Ctrl Pts',(121.,72.5375956983453,3.6494241695851));
#5266=CARTESIAN_POINT('Ctrl Pts',(121.,77.5574205721616,3.6493221545804));
#5267=CARTESIAN_POINT('Ctrl Pts',(121.,81.3218165398142,3.64964953222598));
#5268=CARTESIAN_POINT('Ctrl Pts',(121.,84.473196897832,3.65047631259055));
#5269=CARTESIAN_POINT('Ctrl Pts',(121.,85.9845155850698,3.86762843549613));
#5270=CARTESIAN_POINT('Ctrl Pts',(121.,88.2128684469324,5.26640007147973));
#5271=CARTESIAN_POINT('Ctrl Pts',(121.,89.6180270973475,7.49476682367537));
#5272=CARTESIAN_POINT('Ctrl Pts',(121.,89.8333635815975,9.00632737363008));
#5273=CARTESIAN_POINT('Ctrl Pts',(121.,89.833559104983,10.1785169836214));
#5274=CARTESIAN_POINT('Ctrl Pts',(121.,89.8333732216965,11.2385544475277));
#5275=CARTESIAN_POINT('Ctrl Pts',(121.,89.8334543793189,12.2985831960611));
#5276=CARTESIAN_POINT('Ctrl Pts',(121.,89.8329351131055,13.4707355383511));
#5277=CARTESIAN_POINT('Ctrl Pts',(121.,89.6176233514547,14.9824129365377));
#5278=CARTESIAN_POINT('Ctrl Pts',(121.,88.2151331620943,17.2103920742717));
#5279=CARTESIAN_POINT('Ctrl Pts',(121.,85.987100880076,18.6128523367356));
#5280=CARTESIAN_POINT('Ctrl Pts',(121.,84.4753955654182,18.8280006327877));
#5281=CARTESIAN_POINT('Ctrl Pts',(121.,81.3235027944915,18.8291556066025));
#5282=CARTESIAN_POINT('Ctrl Pts',(121.,77.55787198446,18.8289249716472));
#5283=CARTESIAN_POINT('Ctrl Pts',(121.,72.5380362391945,18.828888361405));
#5284=CARTESIAN_POINT('Ctrl Pts',(121.,70.0276900979401,18.8291099559745));
#5285=CARTESIAN_POINT('Ctrl Pts',(121.,68.1306386455454,18.8284408435938));
#5286=CARTESIAN_POINT('Ctrl Pts',(121.,66.6189441693975,18.6132942165066));
#5287=CARTESIAN_POINT('Ctrl Pts',(121.,64.3908825317552,17.2108817914469));
#5288=CARTESIAN_POINT('Ctrl Pts',(121.,62.9884657341172,14.9828778052545));
#5289=CARTESIAN_POINT('Ctrl Pts',(121.,62.772999908,13.4713848410297));
#5290=CARTESIAN_POINT('Ctrl Pts',(121.,62.772999908,12.8290000148001));
#5291=CARTESIAN_POINT('Ctrl Pts',(1.,19.2723746696002,20.1824903733415));
#5292=CARTESIAN_POINT('Ctrl Pts',(1.,13.1815831130668,17.3518598899749));
#5293=CARTESIAN_POINT('Ctrl Pts',(1.,7.09079155653338,14.5212294066082));
#5294=CARTESIAN_POINT('Ctrl Pts',(1.,0.999999999999996,11.6905989232415));
#5295=CARTESIAN_POINT('Ctrl Pts',(1.33313207405065,19.2723746696002,20.7594920512281));
#5296=CARTESIAN_POINT('Ctrl Pts',(1.33310882573761,13.1815831130668,17.928821300602));
#5297=CARTESIAN_POINT('Ctrl Pts',(1.33308557742457,7.09079155653338,15.098150549976));
#5298=CARTESIAN_POINT('Ctrl Pts',(1.33306232911153,0.999999999999999,12.2674797993499));
#5299=CARTESIAN_POINT('Ctrl Pts',(1.66626414810131,19.2723746696002,21.3364937291146));
#5300=CARTESIAN_POINT('Ctrl Pts',(1.66621765147522,13.1815831130668,18.5057827112292));
#5301=CARTESIAN_POINT('Ctrl Pts',(1.66617115484914,7.09079155653339,15.6750716933437));
#5302=CARTESIAN_POINT('Ctrl Pts',(1.66612465822306,1.,12.8443606754583));
#5303=CARTESIAN_POINT('Ctrl Pts',(1.99939622215196,19.2723746696002,21.9134954070011));
#5304=CARTESIAN_POINT('Ctrl Pts',(1.99932647721283,13.1815831130668,19.0827441218563));
#5305=CARTESIAN_POINT('Ctrl Pts',(1.99925673227371,7.09079155653339,16.2519928367115));
#5306=CARTESIAN_POINT('Ctrl Pts',(1.99918698733458,1.00000000000001,13.4212415515667));
#5307=CARTESIAN_POINT('Ctrl Pts',(1.,19.2723746696002,20.1824903733415));
#5308=CARTESIAN_POINT('Ctrl Pts',(1.,13.1815831130668,17.3518598899749));
#5309=CARTESIAN_POINT('Ctrl Pts',(1.,7.09079155653338,14.5212294066082));
#5310=CARTESIAN_POINT('Ctrl Pts',(1.,0.999999999999996,11.6905989232415));
#5311=CARTESIAN_POINT('Origin',(121.,1.99999999999999,48.4226497308104));
#5312=CARTESIAN_POINT('',(47.030303030303,1.99999999999999,46.4226497308104));
#5313=CARTESIAN_POINT('',(50.,1.99999999999999,48.4226497308104));
#5314=CARTESIAN_POINT('',(2.00001146019989,2.,46.4226497308104));
#5315=CARTESIAN_POINT('',(121.,2.,46.4226497308104));
#5316=CARTESIAN_POINT('',(2.0000114601999,1.99999999999999,48.422643114261));
#5317=CARTESIAN_POINT('Ctrl Pts',(2.00001146019989,2.,46.4226497308104));
#5318=CARTESIAN_POINT('Ctrl Pts',(2.00001146019989,2.,46.7559770385606));
#5319=CARTESIAN_POINT('Ctrl Pts',(2.0000114601999,2.,47.0893043463108));
#5320=CARTESIAN_POINT('Ctrl Pts',(2.0000114601999,1.99999999999999,47.755968807461));
#5321=CARTESIAN_POINT('Ctrl Pts',(2.0000114601999,1.99999999999999,48.089305960861));
#5322=CARTESIAN_POINT('Ctrl Pts',(2.0000114601999,1.99999999999999,48.422643114261));
#5323=CARTESIAN_POINT('',(121.,1.99999999999999,48.4226497308104));
#5324=CARTESIAN_POINT('Origin',(1.,1.00000000000001,2.));
#5325=CARTESIAN_POINT('',(1.,0.999999999999996,9.));
#5326=CARTESIAN_POINT('',(1.,0.999999999999996,9.));
#5327=CARTESIAN_POINT('',(1.,2.05563491861041,9.));
#5328=CARTESIAN_POINT('',(0.999999999999996,57.5,9.));
#5329=CARTESIAN_POINT('',(1.,2.05563491861041,2.));
#5330=CARTESIAN_POINT('',(1.,2.05563491861041,2.));
#5331=CARTESIAN_POINT('',(0.999999999999998,112.9,2.));
#5332=CARTESIAN_POINT('',(0.999999999999996,43.5,2.));
#5333=CARTESIAN_POINT('',(0.999999999999999,112.9,9.));
#5334=CARTESIAN_POINT('',(1.,112.9,2.));
#5335=CARTESIAN_POINT('',(0.999999999999998,115.1,9.));
#5336=CARTESIAN_POINT('',(0.999999999999996,57.5,9.));
#5337=CARTESIAN_POINT('',(0.999999999999997,115.1,2.));
#5338=CARTESIAN_POINT('',(1.,115.1,2.));
#5339=CARTESIAN_POINT('',(1.,171.,2.));
#5340=CARTESIAN_POINT('',(0.999999999999996,43.5,2.));
#5341=CARTESIAN_POINT('',(1.,171.,14.989725221937));
#5342=CARTESIAN_POINT('',(1.,171.,2.));
#5343=CARTESIAN_POINT('Ctrl Pts',(1.,171.,14.989725221937));
#5344=CARTESIAN_POINT('Ctrl Pts',(1.,138.,24.8888476395576));
#5345=CARTESIAN_POINT('Ctrl Pts',(1.,105.,34.7879700571782));
#5346=CARTESIAN_POINT('Ctrl Pts',(1.,72.,44.6870924747988));
#5347=CARTESIAN_POINT('Origin',(50.,0.999999999999996,49.));
#5348=CARTESIAN_POINT('',(43.6011923405708,1.,44.6905989232415));
#5349=CARTESIAN_POINT('',(63.534670487106,1.,58.1151862464183));
#5350=CARTESIAN_POINT('',(76.1122678890531,10.4809058353903,61.1120095319135));
#5351=CARTESIAN_POINT('Origin',(72.,1.99999999999999,48.4226497308104));
#5352=CARTESIAN_POINT('',(78.3988076594292,1.,44.6905989232415));
#5353=CARTESIAN_POINT('',(90.658146220185,-2.57507810916212,38.4983819971456));
#5354=CARTESIAN_POINT('',(99.8770165308424,1.,30.2256827445347));
#5355=CARTESIAN_POINT('Origin',(121.,2.,46.4226497308104));
#5356=CARTESIAN_POINT('',(121.,1.,44.6905989232415));
#5357=CARTESIAN_POINT('',(2.00001146000447,1.9999829471252,46.4226201943648));
#5358=CARTESIAN_POINT('Ctrl Pts',(0.999999999999996,0.999999999999996,44.6905989232415));
#5359=CARTESIAN_POINT('Ctrl Pts',(1.16663456731125,1.1666298161344,44.9792102308422));
#5360=CARTESIAN_POINT('Ctrl Pts',(1.33326913462578,1.33325963225568,45.2678215384485));
#5361=CARTESIAN_POINT('Ctrl Pts',(1.66660628796061,1.66658728129741,45.8451619621563));
#5362=CARTESIAN_POINT('Ctrl Pts',(1.8333088739809,1.83328511421787,46.1338910782577));
#5363=CARTESIAN_POINT('Ctrl Pts',(2.00001146000447,1.9999829471252,46.4226201943648));
#5364=CARTESIAN_POINT('Ctrl Pts',(2.00001146000447,1.9999829471252,46.4226201943648));
#5365=CARTESIAN_POINT('Ctrl Pts',(2.00001146006961,1.9999886314168,46.4226300398467));
#5366=CARTESIAN_POINT('Ctrl Pts',(2.00001146013475,1.9999943157084,46.4226398853285));
#5367=CARTESIAN_POINT('Ctrl Pts',(2.00001146019989,2.,46.4226497308104));
#5368=CARTESIAN_POINT('Origin',(121.,1.,2.));
#5369=CARTESIAN_POINT('Origin',(121.,1.,2.));
#5370=CARTESIAN_POINT('',(118.94436508139,1.,9.));
#5371=CARTESIAN_POINT('',(117.75,0.999999999999996,9.));
#5372=CARTESIAN_POINT('',(118.94436508139,0.999999999999999,2.));
#5373=CARTESIAN_POINT('',(118.94436508139,1.,2.));
#5374=CARTESIAN_POINT('',(114.5,0.999999999999996,2.));
#5375=CARTESIAN_POINT('',(91.,0.999999999999996,2.));
#5376=CARTESIAN_POINT('',(7.5,0.999999999999996,2.));
#5377=CARTESIAN_POINT('',(91.,0.999999999999996,2.));
#5378=CARTESIAN_POINT('',(3.05563491861039,0.999999999999996,2.));
#5379=CARTESIAN_POINT('',(91.,0.999999999999996,2.));
#5380=CARTESIAN_POINT('',(3.05563491861039,0.999999999999996,9.));
#5381=CARTESIAN_POINT('',(3.05563491861038,1.,2.));
#5382=CARTESIAN_POINT('',(117.75,0.999999999999996,9.));
#5383=CARTESIAN_POINT('',(100.11,1.,11.0440000000001));
#5384=CARTESIAN_POINT('Origin',(107.11,1.,11.0440000000001));
#5385=CARTESIAN_POINT('Origin',(121.,1.,2.));
#5386=CARTESIAN_POINT('',(121.,1.,44.6905989232415));
#5387=CARTESIAN_POINT('Ctrl Pts',(120.000023176869,169.999999997661,19.022498352265));
#5388=CARTESIAN_POINT('Ctrl Pts',(80.3333565099899,169.999933897216,19.0224800092827));
#5389=CARTESIAN_POINT('Ctrl Pts',(40.6666898431112,169.999867796771,19.0224616663004));
#5390=CARTESIAN_POINT('Ctrl Pts',(1.0000231762325,169.999801696327,19.0224433233182));
#5391=CARTESIAN_POINT('Ctrl Pts',(120.000015451459,170.333333331774,19.1149989015086));
#5392=CARTESIAN_POINT('Ctrl Pts',(80.3333487845802,170.333289264811,19.1149866728538));
#5393=CARTESIAN_POINT('Ctrl Pts',(40.6666821177015,170.333245197848,19.1149744441989));
#5394=CARTESIAN_POINT('Ctrl Pts',(1.00001545082283,170.333201130885,19.1149622155441));
#5395=CARTESIAN_POINT('Ctrl Pts',(120.000007726049,170.666666665887,19.2074994507523));
#5396=CARTESIAN_POINT('Ctrl Pts',(80.3333410591705,170.666644632406,19.2074933364249));
#5397=CARTESIAN_POINT('Ctrl Pts',(40.6666743922919,170.666622598924,19.2074872220974));
#5398=CARTESIAN_POINT('Ctrl Pts',(1.00000772541317,170.666600565443,19.20748110777));
#5399=CARTESIAN_POINT('Ctrl Pts',(120.00000000064,171.000000000001,19.2999999999959));
#5400=CARTESIAN_POINT('Ctrl Pts',(80.3333333337609,171.000000000001,19.2999999999959));
#5401=CARTESIAN_POINT('Ctrl Pts',(40.6666666668822,171.000000000001,19.2999999999959));
#5402=CARTESIAN_POINT('Ctrl Pts',(1.0000000000035,171.000000000001,19.2999999999959));
#5403=CARTESIAN_POINT('',(119.999999880108,170.00025938061,19.0225703314606));
#5404=CARTESIAN_POINT('',(119.999999880108,169.999999997622,19.0224983522542));
#5405=CARTESIAN_POINT('Ctrl Pts',(119.999999880108,170.00025938061,19.0225703314606));
#5406=CARTESIAN_POINT('Ctrl Pts',(119.999999880108,170.000172919614,19.0225463383918));
#5407=CARTESIAN_POINT('Ctrl Pts',(119.999999880108,170.000086458618,19.022522345323));
#5408=CARTESIAN_POINT('Ctrl Pts',(119.999999880108,169.999999997622,19.0224983522542));
#5409=CARTESIAN_POINT('',(120.000023170317,170.000282664775,19.0225767928547));
#5410=CARTESIAN_POINT('Ctrl Pts',(120.000023170317,170.000282664775,19.0225767928547));
#5411=CARTESIAN_POINT('Ctrl Pts',(120.000015406914,170.000274903387,19.0225746390567));
#5412=CARTESIAN_POINT('Ctrl Pts',(120.000007643511,170.000267141998,19.0225724852587));
#5413=CARTESIAN_POINT('Ctrl Pts',(119.999999880108,170.00025938061,19.0225703314607));
#5414=CARTESIAN_POINT('',(120.00000000064,171.000000000001,19.2999999999959));
#5415=CARTESIAN_POINT('',(120.000023176869,169.999999997661,19.022498352265));
#5416=CARTESIAN_POINT('',(1.,171.,19.3000000000004));
#5417=CARTESIAN_POINT('',(0.499999999999998,171.,19.3000000000004));
#5418=CARTESIAN_POINT('',(2.00020891378589,170.000053266456,19.0225131344435));
#5419=CARTESIAN_POINT('Ctrl Pts',(2.00020891378589,170.000053266456,19.0225131344435));
#5420=CARTESIAN_POINT('Ctrl Pts',(1.83347768977418,170.166740785967,19.0687691956557));
#5421=CARTESIAN_POINT('Ctrl Pts',(1.66674646576265,170.333428305478,19.1150252568679));
#5422=CARTESIAN_POINT('Ctrl Pts',(1.33334349450252,170.666743883327,19.2075208787189));
#5423=CARTESIAN_POINT('Ctrl Pts',(1.16667174725191,170.833371941663,19.2537604393571));
#5424=CARTESIAN_POINT('Ctrl Pts',(1.0000000000035,171.000000000001,19.2999999999959));
#5425=CARTESIAN_POINT('',(2.00020891532805,169.999803363034,19.0224437858322));
#5426=CARTESIAN_POINT('Ctrl Pts',(2.00020891532805,169.999803363034,19.0224437858322));
#5427=CARTESIAN_POINT('Ctrl Pts',(2.000208914814,169.999886664175,19.022466902036));
#5428=CARTESIAN_POINT('Ctrl Pts',(2.00020891429994,169.999969965316,19.0224900182397));
#5429=CARTESIAN_POINT('Ctrl Pts',(2.00020891378589,170.000053266456,19.0225131344435));
#5430=CARTESIAN_POINT('Ctrl Pts',(119.999999880108,169.999999997622,19.0224983522542));
#5431=CARTESIAN_POINT('Ctrl Pts',(80.6667362251817,169.999934452759,19.0224801634469));
#5432=CARTESIAN_POINT('Ctrl Pts',(41.3334725702548,169.999868907897,19.0224619746395));
#5433=CARTESIAN_POINT('Ctrl Pts',(2.00020891532805,169.999803363034,19.0224437858322));
#5434=CARTESIAN_POINT('Ctrl Pts',(120.000023176867,169.999999997665,17.0224328058725));
#5435=CARTESIAN_POINT('Ctrl Pts',(80.6667160920649,169.99993445273,17.0222835228791));
#5436=CARTESIAN_POINT('Ctrl Pts',(41.3334090072625,169.999868907795,17.0221342398857));
#5437=CARTESIAN_POINT('Ctrl Pts',(2.00010192246008,169.99980336286,17.0219849568923));
#5438=CARTESIAN_POINT('Ctrl Pts',(120.000023176868,169.999999997664,17.6891213213367));
#5439=CARTESIAN_POINT('Ctrl Pts',(80.6667160920654,169.999934452729,17.6890157363986));
#5440=CARTESIAN_POINT('Ctrl Pts',(41.3334090072629,169.999868907794,17.6889101514605));
#5441=CARTESIAN_POINT('Ctrl Pts',(2.00010192246047,169.999803362859,17.6888045665225));
#5442=CARTESIAN_POINT('Ctrl Pts',(120.000023176868,169.999999997662,18.3558098368008));
#5443=CARTESIAN_POINT('Ctrl Pts',(80.6667160920657,169.999934452727,18.3557479499181));
#5444=CARTESIAN_POINT('Ctrl Pts',(41.3334090072634,169.999868907792,18.3556860630353));
#5445=CARTESIAN_POINT('Ctrl Pts',(2.00010192246087,169.999803362857,18.3556241761526));
#5446=CARTESIAN_POINT('Ctrl Pts',(120.000023176869,169.999999997661,19.022498352265));
#5447=CARTESIAN_POINT('Ctrl Pts',(80.6667160920661,169.999934452726,19.0224801634376));
#5448=CARTESIAN_POINT('Ctrl Pts',(41.3334090072637,169.999868907791,19.0224619746101));
#5449=CARTESIAN_POINT('Ctrl Pts',(2.00010192246125,169.999803362856,19.0224437857827));
#5450=CARTESIAN_POINT('',(120.000060455496,169.999999997727,17.0225377261978));
#5451=CARTESIAN_POINT('Ctrl Pts',(119.999999880108,169.999999997622,19.0224983522542));
#5452=CARTESIAN_POINT('Ctrl Pts',(119.999999880108,169.999999997623,18.6891540945092));
#5453=CARTESIAN_POINT('Ctrl Pts',(119.999999880108,169.999999997623,18.3558098367642));
#5454=CARTESIAN_POINT('Ctrl Pts',(119.999999880108,169.999999997625,17.6891912680633));
#5455=CARTESIAN_POINT('Ctrl Pts',(119.999999880108,169.999999997626,17.3559169571075));
#5456=CARTESIAN_POINT('Ctrl Pts',(119.999999880108,169.999999997627,17.0226426461517));
#5457=CARTESIAN_POINT('',(2.00020891532805,169.999803363039,17.0221702739222));
#5458=CARTESIAN_POINT('Ctrl Pts',(2.00020891532804,169.999803363039,17.0221702739222));
#5459=CARTESIAN_POINT('Ctrl Pts',(2.00020891532804,169.999803363038,17.3555800786779));
#5460=CARTESIAN_POINT('Ctrl Pts',(2.00020891532805,169.999803363037,17.6889898834335));
#5461=CARTESIAN_POINT('Ctrl Pts',(2.00020891532805,169.999803363036,18.3557477207368));
#5462=CARTESIAN_POINT('Ctrl Pts',(2.00020891532805,169.999803363035,18.6890957532845));
#5463=CARTESIAN_POINT('Ctrl Pts',(2.00020891532805,169.999803363034,19.0224437858322));
#5464=CARTESIAN_POINT('',(2.00010192246008,169.99980336286,17.0219849568923));
#5465=CARTESIAN_POINT('Ctrl Pts',(2.00010192246008,169.99980336286,17.0219849568923));
#5466=CARTESIAN_POINT('Ctrl Pts',(2.00013758674941,169.99980336292,17.0220467292356));
#5467=CARTESIAN_POINT('Ctrl Pts',(2.00017325103872,169.999803362979,17.0221085015789));
#5468=CARTESIAN_POINT('Ctrl Pts',(2.00020891532804,169.999803363039,17.0221702739222));
#5469=CARTESIAN_POINT('Ctrl Pts',(120.000023176867,169.999999997665,17.0224328058725));
#5470=CARTESIAN_POINT('Ctrl Pts',(80.6667160920649,169.99993445273,17.0222835228791));
#5471=CARTESIAN_POINT('Ctrl Pts',(41.3334090072625,169.999868907795,17.0221342398857));
#5472=CARTESIAN_POINT('Ctrl Pts',(2.00010192246008,169.99980336286,17.0219849568923));
#5473=CARTESIAN_POINT('Ctrl Pts',(120.000000000636,170.999999999999,14.9905797857125));
#5474=CARTESIAN_POINT('Ctrl Pts',(80.3333333337574,170.999999999999,14.9902949311207));
#5475=CARTESIAN_POINT('Ctrl Pts',(40.6666666668787,170.999999999999,14.9900100765289));
#5476=CARTESIAN_POINT('Ctrl Pts',(0.999999999999996,170.999999999999,14.9897252219371));
#5477=CARTESIAN_POINT('Ctrl Pts',(120.000007726046,170.666666665888,15.6678641257659));
#5478=CARTESIAN_POINT('Ctrl Pts',(80.3333410591678,170.666644632406,15.66762403997));
#5479=CARTESIAN_POINT('Ctrl Pts',(40.6666743922891,170.666622598925,15.6673839541741));
#5480=CARTESIAN_POINT('Ctrl Pts',(1.00000772541045,170.666600565443,15.6671438683782));
#5481=CARTESIAN_POINT('Ctrl Pts',(120.000015451457,170.333333331777,16.3451484658192));
#5482=CARTESIAN_POINT('Ctrl Pts',(80.3333487845783,170.333289264813,16.3449531488193));
#5483=CARTESIAN_POINT('Ctrl Pts',(40.6666821176996,170.33324519785,16.3447578318193));
#5484=CARTESIAN_POINT('Ctrl Pts',(1.0000154508209,170.333201130887,16.3445625148194));
#5485=CARTESIAN_POINT('Ctrl Pts',(120.000023176867,169.999999997665,17.0224328058725));
#5486=CARTESIAN_POINT('Ctrl Pts',(80.3333565099887,169.999933897221,17.0222822576685));
#5487=CARTESIAN_POINT('Ctrl Pts',(40.66668984311,169.999867796776,17.0221317094646));
#5488=CARTESIAN_POINT('Ctrl Pts',(1.00002317623135,169.999801696331,17.0219811612606));
#5489=CARTESIAN_POINT('Ctrl Pts',(0.999999999999996,170.999999999999,14.9897252219371));
#5490=CARTESIAN_POINT('Ctrl Pts',(1.1666720209424,170.833312194379,15.3284115392992));
#5491=CARTESIAN_POINT('Ctrl Pts',(1.33334404188451,170.666624388758,15.6670978566615));
#5492=CARTESIAN_POINT('Ctrl Pts',(1.66671134937123,170.333225509712,16.3445177683133));
#5493=CARTESIAN_POINT('Ctrl Pts',(1.83340663591577,170.166514436286,16.6832513626028));
#5494=CARTESIAN_POINT('Ctrl Pts',(2.00010192246008,169.99980336286,17.0219849568923));
#5495=CARTESIAN_POINT('',(120.000000000636,170.999999999999,14.9905797857125));
#5496=CARTESIAN_POINT('Ctrl Pts',(120.000000000636,170.999999999999,14.9905797857125));
#5497=CARTESIAN_POINT('Ctrl Pts',(80.3333333337574,170.999999999999,14.9902949311207));
#5498=CARTESIAN_POINT('Ctrl Pts',(40.6666666668787,170.999999999999,14.9900100765289));
#5499=CARTESIAN_POINT('Ctrl Pts',(0.999999999999996,170.999999999999,14.9897252219371));
#5500=CARTESIAN_POINT('',(120.000000000636,170.999999999999,14.9905797857125));
#5501=CARTESIAN_POINT('Ctrl Pts',(119.999999880108,72.0000000000011,46.4226494127653));
#5502=CARTESIAN_POINT('Ctrl Pts',(119.999999880108,104.666753126871,36.6226212189229));
#5503=CARTESIAN_POINT('Ctrl Pts',(119.999999880108,137.333506253741,26.8225930250806));
#5504=CARTESIAN_POINT('Ctrl Pts',(119.999999880108,170.000259380612,17.0225648312383));
#5505=CARTESIAN_POINT('Ctrl Pts',(119.999999880108,72.0000000000005,47.0893161623738));
#5506=CARTESIAN_POINT('Ctrl Pts',(119.999999880108,104.666753126871,37.28928855202));
#5507=CARTESIAN_POINT('Ctrl Pts',(119.999999880108,137.333506253741,27.4892609416662));
#5508=CARTESIAN_POINT('Ctrl Pts',(119.999999880108,170.000259380611,17.6892333313124));
#5509=CARTESIAN_POINT('Ctrl Pts',(119.999999880108,72.,47.7559829119824));
#5510=CARTESIAN_POINT('Ctrl Pts',(119.999999880108,104.66675312687,37.9559558851171));
#5511=CARTESIAN_POINT('Ctrl Pts',(119.999999880108,137.33350625374,28.1559288582518));
#5512=CARTESIAN_POINT('Ctrl Pts',(119.999999880108,170.00025938061,18.3559018313865));
#5513=CARTESIAN_POINT('Ctrl Pts',(119.999999880108,71.9999999999994,48.422649661591));
#5514=CARTESIAN_POINT('Ctrl Pts',(119.999999880108,104.66675312687,38.6226232182142));
#5515=CARTESIAN_POINT('Ctrl Pts',(119.999999880108,137.33350625374,28.8225967748374));
#5516=CARTESIAN_POINT('Ctrl Pts',(119.999999880108,170.00025938061,19.0225703314606));
#5517=CARTESIAN_POINT('Ctrl Pts',(119.999999880108,72.0000000000011,46.4226494127653));
#5518=CARTESIAN_POINT('Ctrl Pts',(119.999999880108,104.666666665876,36.6226471572274));
#5519=CARTESIAN_POINT('Ctrl Pts',(119.999999880108,137.333333331751,26.8226449016896));
#5520=CARTESIAN_POINT('Ctrl Pts',(119.999999880108,169.999999997627,17.0226426461517));
#5521=CARTESIAN_POINT('Ctrl Pts',(119.999999880108,71.9999999999994,48.422649661591));
#5522=CARTESIAN_POINT('Ctrl Pts',(119.999999880108,104.66675312687,38.6226232182142));
#5523=CARTESIAN_POINT('Ctrl Pts',(119.999999880108,137.33350625374,28.8225967748374));
#5524=CARTESIAN_POINT('Ctrl Pts',(119.999999880108,170.00025938061,19.0225703314606));
#5525=CARTESIAN_POINT('Ctrl Pts',(121.,72.,44.6905983975381));
#5526=CARTESIAN_POINT('Ctrl Pts',(121.,105.,34.7905945873323));
#5527=CARTESIAN_POINT('Ctrl Pts',(121.,138.,24.8905907771265));
#5528=CARTESIAN_POINT('Ctrl Pts',(121.,171.,14.9905869669206));
#5529=CARTESIAN_POINT('Ctrl Pts',(120.666666626703,72.0000000000003,45.2679487359472));
#5530=CARTESIAN_POINT('Ctrl Pts',(120.666666626703,105.,35.3679454362122));
#5531=CARTESIAN_POINT('Ctrl Pts',(120.666666626703,138.,25.4679421364771));
#5532=CARTESIAN_POINT('Ctrl Pts',(120.666666626703,171.,15.5679388367421));
#5533=CARTESIAN_POINT('Ctrl Pts',(120.333333253406,72.0000000000007,45.8452990743562));
#5534=CARTESIAN_POINT('Ctrl Pts',(120.333333253406,105.000000000001,35.945296285092));
#5535=CARTESIAN_POINT('Ctrl Pts',(120.333333253406,138.000000000001,26.0452934958278));
#5536=CARTESIAN_POINT('Ctrl Pts',(120.333333253406,171.000000000001,16.1452907065636));
#5537=CARTESIAN_POINT('Ctrl Pts',(119.999999880108,72.0000000000011,46.4226494127653));
#5538=CARTESIAN_POINT('Ctrl Pts',(119.999999880108,105.000000000001,36.5226471339718));
#5539=CARTESIAN_POINT('Ctrl Pts',(119.999999880108,138.000000000001,26.6226448551784));
#5540=CARTESIAN_POINT('Ctrl Pts',(119.999999880108,171.000000000001,16.722642576385));
#5541=CARTESIAN_POINT('Ctrl Pts',(120.000121030883,169.999999997828,17.0224328062439));
#5542=CARTESIAN_POINT('Ctrl Pts',(120.166764343264,170.166663477534,16.6837983091711));
#5543=CARTESIAN_POINT('Ctrl Pts',(120.333407653777,170.333326957605,16.3451638113582));
#5544=CARTESIAN_POINT('Ctrl Pts',(120.666700643483,170.666660291662,15.6678818649172));
#5545=CARTESIAN_POINT('Ctrl Pts',(120.833350322676,170.833330145648,15.3292344162891));
#5546=CARTESIAN_POINT('Ctrl Pts',(121.,170.999999999999,14.9905869669208));
#5547=CARTESIAN_POINT('Origin',(0.999999999999996,171.,2.));
#5548=CARTESIAN_POINT('',(31.,171.,2.));
#5549=CARTESIAN_POINT('Ctrl Pts',(121.,170.999999999999,14.9905869669207));
#5550=CARTESIAN_POINT('Ctrl Pts',(120.666666666879,170.999999999999,14.9905845731847));
#5551=CARTESIAN_POINT('Ctrl Pts',(120.333333333757,170.999999999999,14.9905821794486));
#5552=CARTESIAN_POINT('Ctrl Pts',(120.000000000636,170.999999999999,14.9905797857125));
#5553=CARTESIAN_POINT('Ctrl Pts',(2.00081367419285,71.9999999999999,46.4205526074104));
#5554=CARTESIAN_POINT('Ctrl Pts',(2.00061003049303,105.,36.5210774685551));
#5555=CARTESIAN_POINT('Ctrl Pts',(2.00040638679321,138.,26.6216023296998));
#5556=CARTESIAN_POINT('Ctrl Pts',(2.00020274309339,171.,16.7221271908445));
#5557=CARTESIAN_POINT('Ctrl Pts',(1.66720911612857,72.,45.8427325632066));
#5558=CARTESIAN_POINT('Ctrl Pts',(1.66707335366202,105.,35.9433749980961));
#5559=CARTESIAN_POINT('Ctrl Pts',(1.66693759119547,138.,26.0440174329857));
#5560=CARTESIAN_POINT('Ctrl Pts',(1.66680182872893,171.,16.1446598678753));
#5561=CARTESIAN_POINT('Ctrl Pts',(1.33360455806428,72.,45.2649125190026));
#5562=CARTESIAN_POINT('Ctrl Pts',(1.33353667683101,105.,35.3656725276372));
#5563=CARTESIAN_POINT('Ctrl Pts',(1.33346879559774,138.,25.4664325362717));
#5564=CARTESIAN_POINT('Ctrl Pts',(1.33340091436447,171.,15.5671925449062));
#5565=CARTESIAN_POINT('Ctrl Pts',(1.,72.,44.6870924747988));
#5566=CARTESIAN_POINT('Ctrl Pts',(1.,105.,34.7879700571782));
#5567=CARTESIAN_POINT('Ctrl Pts',(1.,138.,24.8888476395576));
#5568=CARTESIAN_POINT('Ctrl Pts',(1.,171.,14.989725221937));
#5569=CARTESIAN_POINT('',(2.00081367419285,71.9999999999999,46.4205526074104));
#5570=CARTESIAN_POINT('Ctrl Pts',(2.00081367419285,71.9999999999999,46.4205526074104));
#5571=CARTESIAN_POINT('Ctrl Pts',(2.00061208790458,104.666601121013,36.621091829581));
#5572=CARTESIAN_POINT('Ctrl Pts',(2.00041050161632,137.333202242026,26.8216310517516));
#5573=CARTESIAN_POINT('Ctrl Pts',(2.00020891532805,169.999803363039,17.0221702739222));
#5574=CARTESIAN_POINT('Ctrl Pts',(2.00081367419285,71.9999999999999,46.4205526074104));
#5575=CARTESIAN_POINT('Ctrl Pts',(2.0005424494619,71.9999999999999,46.4200828323962));
#5576=CARTESIAN_POINT('Ctrl Pts',(2.00027122473096,72.,46.4196130573819));
#5577=CARTESIAN_POINT('Ctrl Pts',(2.00000000000001,72.,46.4191432823677));
#5578=CARTESIAN_POINT('Ctrl Pts',(120.00000000064,171.000000000001,19.2999999999959));
#5579=CARTESIAN_POINT('Ctrl Pts',(120.333333333761,171.000000000001,19.2999999999959));
#5580=CARTESIAN_POINT('Ctrl Pts',(120.666666666882,171.000000000001,19.2999999999959));
#5581=CARTESIAN_POINT('Ctrl Pts',(121.000000000003,171.000000000001,19.2999999999959));
#5582=CARTESIAN_POINT('Ctrl Pts',(120.000007723865,170.666760888259,19.2075255976155));
#5583=CARTESIAN_POINT('Ctrl Pts',(120.333341056987,170.666761073362,19.2075256489819));
#5584=CARTESIAN_POINT('Ctrl Pts',(120.666674390108,170.666761258465,19.2075257003483));
#5585=CARTESIAN_POINT('Ctrl Pts',(121.000007723229,170.666761443568,19.2075257517147));
#5586=CARTESIAN_POINT('Ctrl Pts',(120.000015447091,170.333521776517,19.1150511952351));
#5587=CARTESIAN_POINT('Ctrl Pts',(120.333348780213,170.333522146723,19.1150512979679));
#5588=CARTESIAN_POINT('Ctrl Pts',(120.666682113334,170.333522516929,19.1150514007006));
#5589=CARTESIAN_POINT('Ctrl Pts',(121.000015446455,170.333522887135,19.1150515034334));
#5590=CARTESIAN_POINT('Ctrl Pts',(120.000023170317,170.000282664775,19.0225767928547));
#5591=CARTESIAN_POINT('Ctrl Pts',(120.333356503439,170.000283220084,19.0225769469538));
#5592=CARTESIAN_POINT('Ctrl Pts',(120.66668983656,170.000283775393,19.022577101053));
#5593=CARTESIAN_POINT('Ctrl Pts',(121.000023169681,170.000284330701,19.0225772551521));
#5594=CARTESIAN_POINT('',(121.,171.,19.3000000000004));
#5595=CARTESIAN_POINT('Ctrl Pts',(121.000000000001,171.000000000002,19.3000000000003));
#5596=CARTESIAN_POINT('Ctrl Pts',(120.833324083398,170.833367331413,19.2537591600093));
#5597=CARTESIAN_POINT('Ctrl Pts',(120.666648165635,170.666734663903,19.2075183203136));
#5598=CARTESIAN_POINT('Ctrl Pts',(120.333322555741,170.33349555216,19.1150439179328));
#5599=CARTESIAN_POINT('Ctrl Pts',(120.166672863608,170.16688910793,19.0688103552447));
#5600=CARTESIAN_POINT('Ctrl Pts',(120.000023170317,170.000282664775,19.0225767928547));
#5601=CARTESIAN_POINT('',(0.499999999999998,171.,19.3000000000004));
#5602=CARTESIAN_POINT('Ctrl Pts',(120.000023176867,169.999999997665,17.0224328058725));
#5603=CARTESIAN_POINT('Ctrl Pts',(120.333356509989,170.000000553131,17.0224340709835));
#5604=CARTESIAN_POINT('Ctrl Pts',(120.66668984311,170.000001108597,17.0224353360944));
#5605=CARTESIAN_POINT('Ctrl Pts',(121.000023176231,170.000001664063,17.0224366012054));
#5606=CARTESIAN_POINT('Ctrl Pts',(120.000015451457,170.333333331777,16.3451484658192));
#5607=CARTESIAN_POINT('Ctrl Pts',(120.333348784578,170.333333702087,16.3451501071385));
#5608=CARTESIAN_POINT('Ctrl Pts',(120.6666821177,170.333334072398,16.3451517484578));
#5609=CARTESIAN_POINT('Ctrl Pts',(121.000015450821,170.333334442708,16.3451533897772));
#5610=CARTESIAN_POINT('Ctrl Pts',(120.000007726046,170.666666665888,15.6678641257659));
#5611=CARTESIAN_POINT('Ctrl Pts',(120.333341059168,170.666666851043,15.6678661432936));
#5612=CARTESIAN_POINT('Ctrl Pts',(120.666674392289,170.666667036198,15.6678681608213));
#5613=CARTESIAN_POINT('Ctrl Pts',(121.00000772541,170.666667221354,15.667870178349));
#5614=CARTESIAN_POINT('Ctrl Pts',(120.000000000636,170.999999999999,14.9905797857125));
#5615=CARTESIAN_POINT('Ctrl Pts',(120.333333333757,170.999999999999,14.9905821794486));
#5616=CARTESIAN_POINT('Ctrl Pts',(120.666666666879,170.999999999999,14.9905845731847));
#5617=CARTESIAN_POINT('Ctrl Pts',(121.,170.999999999999,14.9905869669207));
#5618=CARTESIAN_POINT('Ctrl Pts',(2.00081367419285,71.9999999999999,48.4221799557962));
#5619=CARTESIAN_POINT('Ctrl Pts',(2.00061208739053,104.666684422152,38.6222910153453));
#5620=CARTESIAN_POINT('Ctrl Pts',(2.00041050058821,137.333368844304,28.8224020748944));
#5621=CARTESIAN_POINT('Ctrl Pts',(2.00020891378589,170.000053266456,19.0225131344435));
#5622=CARTESIAN_POINT('Ctrl Pts',(2.00081367419285,71.9999999999999,47.7549708396676));
#5623=CARTESIAN_POINT('Ctrl Pts',(2.00061208739053,104.666684422152,37.9552162904183));
#5624=CARTESIAN_POINT('Ctrl Pts',(2.00041050058821,137.333368844304,28.1554617411689));
#5625=CARTESIAN_POINT('Ctrl Pts',(2.00020891378589,170.000053266456,18.3557071919195));
#5626=CARTESIAN_POINT('Ctrl Pts',(2.00081367419285,71.9999999999999,47.087761723539));
#5627=CARTESIAN_POINT('Ctrl Pts',(2.00061208739053,104.666684422152,37.2881415654912));
#5628=CARTESIAN_POINT('Ctrl Pts',(2.00041050058821,137.333368844304,27.4885214074434));
#5629=CARTESIAN_POINT('Ctrl Pts',(2.00020891378589,170.000053266456,17.6889012493956));
#5630=CARTESIAN_POINT('Ctrl Pts',(2.00081367419285,71.9999999999999,46.4205526074104));
#5631=CARTESIAN_POINT('Ctrl Pts',(2.00061208739053,104.666684422152,36.6210668405642));
#5632=CARTESIAN_POINT('Ctrl Pts',(2.00041050058821,137.333368844304,26.8215810737179));
#5633=CARTESIAN_POINT('Ctrl Pts',(2.00020891378589,170.000053266456,17.0220953068716));
#5634=CARTESIAN_POINT('',(2.00081367419285,71.9999999999999,48.4221799557962));
#5635=CARTESIAN_POINT('Ctrl Pts',(2.00081367419285,72.,48.4221799557962));
#5636=CARTESIAN_POINT('Ctrl Pts',(2.00061208739053,104.666684422152,38.6222910153453));
#5637=CARTESIAN_POINT('Ctrl Pts',(2.00041050058821,137.333368844304,28.8224020748944));
#5638=CARTESIAN_POINT('Ctrl Pts',(2.00020891378589,170.000053266456,19.0225131344435));
#5639=CARTESIAN_POINT('Ctrl Pts',(2.00081367419285,71.9999999999999,48.4221799557962));
#5640=CARTESIAN_POINT('Ctrl Pts',(2.00081367419285,71.9999999999999,47.7549708396676));
#5641=CARTESIAN_POINT('Ctrl Pts',(2.00081367419285,71.9999999999999,47.087761723539));
#5642=CARTESIAN_POINT('Ctrl Pts',(2.00081367419285,71.9999999999999,46.4205526074104));
#5643=CARTESIAN_POINT('Ctrl Pts',(1.,72.,49.));
#5644=CARTESIAN_POINT('Ctrl Pts',(1.,105.,39.1000000000001));
#5645=CARTESIAN_POINT('Ctrl Pts',(1.,138.,29.2000000000003));
#5646=CARTESIAN_POINT('Ctrl Pts',(1.,171.,19.3000000000004));
#5647=CARTESIAN_POINT('Ctrl Pts',(1.33360455806428,72.,48.8073933185987));
#5648=CARTESIAN_POINT('Ctrl Pts',(1.33353667683101,105.,38.9074325098472));
#5649=CARTESIAN_POINT('Ctrl Pts',(1.33346879559774,138.,29.0074717010956));
#5650=CARTESIAN_POINT('Ctrl Pts',(1.33340091436446,171.,19.1075108923441));
#5651=CARTESIAN_POINT('Ctrl Pts',(1.66720911612856,72.,48.6147866371975));
#5652=CARTESIAN_POINT('Ctrl Pts',(1.66707335366202,105.,38.7148650196942));
#5653=CARTESIAN_POINT('Ctrl Pts',(1.66693759119547,138.,28.814943402191));
#5654=CARTESIAN_POINT('Ctrl Pts',(1.66680182872893,171.,18.9150217846877));
#5655=CARTESIAN_POINT('Ctrl Pts',(2.00081367419285,72.,48.4221799557962));
#5656=CARTESIAN_POINT('Ctrl Pts',(2.00061003049303,105.,38.5222975295413));
#5657=CARTESIAN_POINT('Ctrl Pts',(2.00040638679321,138.,28.6224151032863));
#5658=CARTESIAN_POINT('Ctrl Pts',(2.00020274309339,171.,18.7225326770314));
#5659=CARTESIAN_POINT('',(1.,45.8990825688072,56.8302752293577));
#5660=CARTESIAN_POINT('Ctrl Pts',(1.,72.,49.));
#5661=CARTESIAN_POINT('Ctrl Pts',(1.33360455806428,72.,48.8073933185987));
#5662=CARTESIAN_POINT('Ctrl Pts',(1.66720911612856,72.,48.6147866371975));
#5663=CARTESIAN_POINT('Ctrl Pts',(2.00081367419285,72.,48.4221799557962));
#5664=CARTESIAN_POINT('Ctrl Pts',(0.999999999999996,0.999999999999996,49.));
#5665=CARTESIAN_POINT('Ctrl Pts',(0.999999999999998,24.6666666666667,49.));
#5666=CARTESIAN_POINT('Ctrl Pts',(0.999999999999999,48.3333333333333,49.));
#5667=CARTESIAN_POINT('Ctrl Pts',(1.,72.,49.));
#5668=CARTESIAN_POINT('Ctrl Pts',(1.33333333333333,0.999999999999996,48.8075499102702));
#5669=CARTESIAN_POINT('Ctrl Pts',(1.33342374157698,24.6666666666667,48.8074977130464));
#5670=CARTESIAN_POINT('Ctrl Pts',(1.33351414982063,48.3333333333333,48.8074455158225));
#5671=CARTESIAN_POINT('Ctrl Pts',(1.33360455806428,72.,48.8073933185987));
#5672=CARTESIAN_POINT('Ctrl Pts',(1.66666666666666,0.999999999999996,48.6150998205403));
#5673=CARTESIAN_POINT('Ctrl Pts',(1.66684748315396,24.6666666666667,48.6149954260927));
#5674=CARTESIAN_POINT('Ctrl Pts',(1.66702829964126,48.3333333333333,48.6148910316451));
#5675=CARTESIAN_POINT('Ctrl Pts',(1.66720911612856,72.,48.6147866371975));
#5676=CARTESIAN_POINT('Ctrl Pts',(2.,0.999999999999996,48.4226497308105));
#5677=CARTESIAN_POINT('Ctrl Pts',(2.00027122473095,24.6666666666667,48.4224931391391));
#5678=CARTESIAN_POINT('Ctrl Pts',(2.0005424494619,48.3333333333333,48.4223365474676));
#5679=CARTESIAN_POINT('Ctrl Pts',(2.00081367419285,72.,48.4221799557962));
#5680=CARTESIAN_POINT('',(2.00000000000019,1.99999999999999,48.4226497308104));
#5681=CARTESIAN_POINT('Ctrl Pts',(2.00000000000019,1.99999999999999,48.4226497308104));
#5682=CARTESIAN_POINT('Ctrl Pts',(1.83336734572825,1.83336734572809,48.51885513861));
#5683=CARTESIAN_POINT('Ctrl Pts',(1.66673469144927,1.66673469146556,48.6150605464138));
#5684=CARTESIAN_POINT('Ctrl Pts',(1.33340135811588,1.33340135813222,48.8075106361437));
#5685=CARTESIAN_POINT('Ctrl Pts',(1.16670067906145,1.16670067906142,48.9037553180698));
#5686=CARTESIAN_POINT('Ctrl Pts',(0.999999999999996,0.999999999999996,49.));
#5687=CARTESIAN_POINT('',(121.,1.99999999999999,48.4226497308104));
#5688=CARTESIAN_POINT('Ctrl Pts',(2.0000114601999,1.99999999999999,48.422643114261));
#5689=CARTESIAN_POINT('Ctrl Pts',(2.00027886486421,25.3333333333333,48.4224887281061));
#5690=CARTESIAN_POINT('Ctrl Pts',(2.00054626952853,48.6666666666667,48.4223343419511));
#5691=CARTESIAN_POINT('Ctrl Pts',(2.00081367419285,72.,48.4221799557962));
#5692=CARTESIAN_POINT('Ctrl Pts',(2.,0.999999999999944,46.4226497308104));
#5693=CARTESIAN_POINT('Ctrl Pts',(2.00027122473095,24.6666666666666,46.4219506896771));
#5694=CARTESIAN_POINT('Ctrl Pts',(2.0005424494619,48.3333333333333,46.4212516485438));
#5695=CARTESIAN_POINT('Ctrl Pts',(2.00081367419285,71.9999999999999,46.4205526074104));
#5696=CARTESIAN_POINT('Ctrl Pts',(1.66666666666666,0.999999999999961,45.8452994616208));
#5697=CARTESIAN_POINT('Ctrl Pts',(1.66684748315396,24.6666666666666,45.844443828816));
#5698=CARTESIAN_POINT('Ctrl Pts',(1.66702829964126,48.3333333333333,45.8435881960113));
#5699=CARTESIAN_POINT('Ctrl Pts',(1.66720911612857,72.,45.8427325632066));
#5700=CARTESIAN_POINT('Ctrl Pts',(1.33333333333333,0.999999999999979,45.2679491924312));
#5701=CARTESIAN_POINT('Ctrl Pts',(1.33342374157698,24.6666666666667,45.266936967955));
#5702=CARTESIAN_POINT('Ctrl Pts',(1.33351414982063,48.3333333333333,45.2659247434788));
#5703=CARTESIAN_POINT('Ctrl Pts',(1.33360455806428,72.,45.2649125190026));
#5704=CARTESIAN_POINT('Ctrl Pts',(0.999999999999996,0.999999999999996,44.6905989232415));
#5705=CARTESIAN_POINT('Ctrl Pts',(0.999999999999998,24.6666666666667,44.6894301070939));
#5706=CARTESIAN_POINT('Ctrl Pts',(0.999999999999999,48.3333333333333,44.6882612909463));
#5707=CARTESIAN_POINT('Ctrl Pts',(1.,72.,44.6870924747988));
#5708=CARTESIAN_POINT('Ctrl Pts',(2.00001146000447,1.9999829471252,46.4226201943648));
#5709=CARTESIAN_POINT('Ctrl Pts',(2.00027886473393,25.3333219647501,46.4219309987134));
#5710=CARTESIAN_POINT('Ctrl Pts',(2.00054626946339,48.666660982375,46.4212418030619));
#5711=CARTESIAN_POINT('Ctrl Pts',(2.00081367419285,71.9999999999999,46.4205526074104));
#5712=CARTESIAN_POINT('Ctrl Pts',(2.00001146000447,1.99998294712519,48.4226431143738));
#5713=CARTESIAN_POINT('Ctrl Pts',(2.00027886473393,25.3333219647501,48.4224887281813));
#5714=CARTESIAN_POINT('Ctrl Pts',(2.00054626946339,48.666660982375,48.4223343419887));
#5715=CARTESIAN_POINT('Ctrl Pts',(2.00081367419285,71.9999999999999,48.4221799557962));
#5716=CARTESIAN_POINT('Ctrl Pts',(2.00001146000447,1.99998294712519,47.7559688077041));
#5717=CARTESIAN_POINT('Ctrl Pts',(2.00027886473393,25.3333219647501,47.755636151692));
#5718=CARTESIAN_POINT('Ctrl Pts',(2.00054626946339,48.666660982375,47.7553034956798));
#5719=CARTESIAN_POINT('Ctrl Pts',(2.00081367419285,71.9999999999999,47.7549708396676));
#5720=CARTESIAN_POINT('Ctrl Pts',(2.00001146000447,1.99998294712519,47.0892945010345));
#5721=CARTESIAN_POINT('Ctrl Pts',(2.00027886473393,25.3333219647501,47.0887835752027));
#5722=CARTESIAN_POINT('Ctrl Pts',(2.00054626946339,48.666660982375,47.0882726493709));
#5723=CARTESIAN_POINT('Ctrl Pts',(2.00081367419285,71.9999999999999,47.087761723539));
#5724=CARTESIAN_POINT('Ctrl Pts',(2.00001146000447,1.9999829471252,46.4226201943648));
#5725=CARTESIAN_POINT('Ctrl Pts',(2.00027886473393,25.3333219647501,46.4219309987134));
#5726=CARTESIAN_POINT('Ctrl Pts',(2.00054626946339,48.666660982375,46.4212418030619));
#5727=CARTESIAN_POINT('Ctrl Pts',(2.00081367419285,71.9999999999999,46.4205526074104));
#5728=CARTESIAN_POINT('Origin',(121.,2.,46.4226497308104));
#5729=CARTESIAN_POINT('Ctrl Pts',(119.999999880108,72.,48.422649661591));
#5730=CARTESIAN_POINT('Ctrl Pts',(119.999999880108,105.,38.5226491511203));
#5731=CARTESIAN_POINT('Ctrl Pts',(119.999999880108,138.,28.6226486406496));
#5732=CARTESIAN_POINT('Ctrl Pts',(119.999999880108,171.,18.722648130179));
#5733=CARTESIAN_POINT('Ctrl Pts',(120.333333253406,72.,48.615099774394));
#5734=CARTESIAN_POINT('Ctrl Pts',(120.333333253406,105.,38.7150994340802));
#5735=CARTESIAN_POINT('Ctrl Pts',(120.333333253406,138.,28.8150990937665));
#5736=CARTESIAN_POINT('Ctrl Pts',(120.333333253406,171.,18.9150987534528));
#5737=CARTESIAN_POINT('Ctrl Pts',(120.666666626703,72.,48.807549887197));
#5738=CARTESIAN_POINT('Ctrl Pts',(120.666666626703,105.,38.9075497170402));
#5739=CARTESIAN_POINT('Ctrl Pts',(120.666666626703,138.,29.0075495468834));
#5740=CARTESIAN_POINT('Ctrl Pts',(120.666666626703,171.,19.1075493767266));
#5741=CARTESIAN_POINT('Ctrl Pts',(121.,72.,49.));
#5742=CARTESIAN_POINT('Ctrl Pts',(121.,105.,39.1000000000001));
#5743=CARTESIAN_POINT('Ctrl Pts',(121.,138.,29.2000000000003));
#5744=CARTESIAN_POINT('Ctrl Pts',(121.,171.,19.3000000000004));
#5745=CARTESIAN_POINT('Ctrl Pts',(119.999999880108,72.,48.422649661591));
#5746=CARTESIAN_POINT('Ctrl Pts',(120.333333253406,72.,48.615099774394));
#5747=CARTESIAN_POINT('Ctrl Pts',(120.666666626703,72.,48.807549887197));
#5748=CARTESIAN_POINT('Ctrl Pts',(121.,72.,49.));
#5749=CARTESIAN_POINT('',(121.,123.880733944954,33.435779816514));
#5750=CARTESIAN_POINT('Ctrl Pts',(120.,0.999999999999996,48.4226497308104));
#5751=CARTESIAN_POINT('Ctrl Pts',(119.999999960036,24.6666666666667,48.4226497077372));
#5752=CARTESIAN_POINT('Ctrl Pts',(119.999999920072,48.3333333333333,48.4226496846641));
#5753=CARTESIAN_POINT('Ctrl Pts',(119.999999880108,72.,48.422649661591));
#5754=CARTESIAN_POINT('Ctrl Pts',(120.333333333333,0.999999999999996,48.6150998205402));
#5755=CARTESIAN_POINT('Ctrl Pts',(120.333333306691,24.6666666666666,48.6150998051582));
#5756=CARTESIAN_POINT('Ctrl Pts',(120.333333280048,48.3333333333333,48.6150997897761));
#5757=CARTESIAN_POINT('Ctrl Pts',(120.333333253406,72.,48.615099774394));
#5758=CARTESIAN_POINT('Ctrl Pts',(120.666666666667,0.999999999999996,48.8075499102701));
#5759=CARTESIAN_POINT('Ctrl Pts',(120.666666653345,24.6666666666667,48.8075499025791));
#5760=CARTESIAN_POINT('Ctrl Pts',(120.666666640024,48.3333333333333,48.807549894888));
#5761=CARTESIAN_POINT('Ctrl Pts',(120.666666626703,72.,48.807549887197));
#5762=CARTESIAN_POINT('Ctrl Pts',(121.,0.999999999999996,49.));
#5763=CARTESIAN_POINT('Ctrl Pts',(121.,24.6666666666667,49.));
#5764=CARTESIAN_POINT('Ctrl Pts',(121.,48.3333333333333,49.));
#5765=CARTESIAN_POINT('Ctrl Pts',(121.,72.,49.));
#5766=CARTESIAN_POINT('Origin',(119.,75.2548180898182,11.3835454693455));
#5767=CARTESIAN_POINT('',(119.,64.772999908,12.8290000148001));
#5768=CARTESIAN_POINT('Ctrl Pts',(119.,64.772999908,12.8290000148001));
#5769=CARTESIAN_POINT('Ctrl Pts',(119.,64.772999908,13.3525987903984));
#5770=CARTESIAN_POINT('Ctrl Pts',(119.,64.9811505648445,14.3996804082875));
#5771=CARTESIAN_POINT('Ctrl Pts',(119.,65.8707996752108,15.7312501911203));
#5772=CARTESIAN_POINT('Ctrl Pts',(119.,67.2023671110926,16.6208957000668));
#5773=CARTESIAN_POINT('Ctrl Pts',(119.,68.2494687747767,16.8290425700775));
#5774=CARTESIAN_POINT('Ctrl Pts',(119.,69.7959547062022,16.8290584870478));
#5775=CARTESIAN_POINT('Ctrl Pts',(119.,72.1899391195181,16.8290335220257));
#5776=CARTESIAN_POINT('Ctrl Pts',(119.,77.6740527754043,16.829032666696));
#5777=CARTESIAN_POINT('Ctrl Pts',(119.,81.7872037935047,16.8290285127071));
#5778=CARTESIAN_POINT('Ctrl Pts',(119.,84.3566059039207,16.8289868628807));
#5779=CARTESIAN_POINT('Ctrl Pts',(119.,85.4037114324413,16.6208356041077));
#5780=CARTESIAN_POINT('Ctrl Pts',(119.,86.7352840262695,15.7311820150148));
#5781=CARTESIAN_POINT('Ctrl Pts',(119.,87.6249384031534,14.3996130321824));
#5782=CARTESIAN_POINT('Ctrl Pts',(119.,87.8331038184833,13.3525035953687));
#5783=CARTESIAN_POINT('Ctrl Pts',(119.,87.8331265578303,12.3969323319046));
#5784=CARTESIAN_POINT('Ctrl Pts',(119.,87.8331270540153,11.2389224093657));
#5785=CARTESIAN_POINT('Ctrl Pts',(119.,87.8331378370163,10.080912171677));
#5786=CARTESIAN_POINT('Ctrl Pts',(119.,87.8331488085864,9.12533096249532));
#5787=CARTESIAN_POINT('Ctrl Pts',(119.,87.6249812329531,8.07824567317993));
#5788=CARTESIAN_POINT('Ctrl Pts',(119.,86.7350876111197,6.74677652451578));
#5789=CARTESIAN_POINT('Ctrl Pts',(119.,85.4033730979194,5.85741368711549));
#5790=CARTESIAN_POINT('Ctrl Pts',(119.,84.3563658698077,5.64910016819261));
#5791=CARTESIAN_POINT('Ctrl Pts',(119.,81.7870041875753,5.64907337107094));
#5792=CARTESIAN_POINT('Ctrl Pts',(119.,77.6739889599227,5.64900239243523));
#5793=CARTESIAN_POINT('Ctrl Pts',(119.,72.1898737181141,5.64900674624097));
#5794=CARTESIAN_POINT('Ctrl Pts',(119.,69.7959259714288,5.64896929104701));
#5795=CARTESIAN_POINT('Ctrl Pts',(119.,68.249448422703,5.64898379959727));
#5796=CARTESIAN_POINT('Ctrl Pts',(119.,67.2023524350971,5.85712832321119));
#5797=CARTESIAN_POINT('Ctrl Pts',(119.,65.8707880806825,6.7467764083705));
#5798=CARTESIAN_POINT('Ctrl Pts',(119.,64.98113961556,8.07834196375872));
#5799=CARTESIAN_POINT('Ctrl Pts',(119.,64.7729970643657,9.12543579978647));
#5800=CARTESIAN_POINT('Ctrl Pts',(119.,64.77298416619,10.5129847901768));
#5801=CARTESIAN_POINT('Ctrl Pts',(119.,64.772999908,11.9650090245524));
#5802=CARTESIAN_POINT('Ctrl Pts',(119.,64.772999908,12.8290000148001));
#5803=CARTESIAN_POINT('',(119.,85.832999908,9.64900001480006));
#5804=CARTESIAN_POINT('Origin',(119.,83.832999908,9.64900001480004));
#5805=CARTESIAN_POINT('',(119.,85.832999908,12.8290000148001));
#5806=CARTESIAN_POINT('',(119.,85.832999908,12.1062727420728));
#5807=CARTESIAN_POINT('',(119.,83.832999908,14.8290000148001));
#5808=CARTESIAN_POINT('Origin',(119.,83.832999908,12.8290000148001));
#5809=CARTESIAN_POINT('',(119.,72.0139089989091,14.8290000148001));
#5810=CARTESIAN_POINT('Ctrl Pts',(119.,64.772999908,12.8290000148001));
#5811=CARTESIAN_POINT('Ctrl Pts',(119.666666666667,64.1063332413333,12.8290000148001));
#5812=CARTESIAN_POINT('Ctrl Pts',(120.333333333333,63.4396665746667,12.8290000148001));
#5813=CARTESIAN_POINT('Ctrl Pts',(121.,62.772999908,12.8290000148001));
#5814=CARTESIAN_POINT('Ctrl Pts',(119.,64.772999908,13.3525987903984));
#5815=CARTESIAN_POINT('Ctrl Pts',(119.666666666667,64.1063575174978,13.3914557746729));
#5816=CARTESIAN_POINT('Ctrl Pts',(120.333333333333,63.4396422985023,13.4325278567552));
#5817=CARTESIAN_POINT('Ctrl Pts',(121.,62.772999908,13.4713848410297));
#5818=CARTESIAN_POINT('Ctrl Pts',(119.,64.9811505648445,14.3996804082875));
#5819=CARTESIAN_POINT('Ctrl Pts',(119.666666666667,64.3171461260507,14.5940929165388));
#5820=CARTESIAN_POINT('Ctrl Pts',(120.333333333333,63.652470172911,14.7884652970031));
#5821=CARTESIAN_POINT('Ctrl Pts',(121.,62.9884657341172,14.9828778052545));
#5822=CARTESIAN_POINT('Ctrl Pts',(119.,65.8707996752108,15.7312501911203));
#5823=CARTESIAN_POINT('Ctrl Pts',(119.666666666667,65.3778519666113,16.2241060679104));
#5824=CARTESIAN_POINT('Ctrl Pts',(120.333333333333,64.8838302403547,16.7180259146567));
#5825=CARTESIAN_POINT('Ctrl Pts',(121.,64.3908825317552,17.2108817914469));
#5826=CARTESIAN_POINT('Ctrl Pts',(119.,67.2023671110926,16.6208957000668));
#5827=CARTESIAN_POINT('Ctrl Pts',(119.666666666667,67.0081445994171,17.2849559026972));
#5828=CARTESIAN_POINT('Ctrl Pts',(120.333333333333,66.8131666810729,17.9492340138763));
#5829=CARTESIAN_POINT('Ctrl Pts',(121.,66.6189441693975,18.6132942165066));
#5830=CARTESIAN_POINT('Ctrl Pts',(119.,68.2494687747767,16.8290425700775));
#5831=CARTESIAN_POINT('Ctrl Pts',(119.666666666667,68.2102447473063,17.4956884396789));
#5832=CARTESIAN_POINT('Ctrl Pts',(120.333333333333,68.1698626730157,18.1617949739924));
#5833=CARTESIAN_POINT('Ctrl Pts',(121.,68.1306386455454,18.8284408435938));
#5834=CARTESIAN_POINT('Ctrl Pts',(119.,69.7959547062022,16.8290584870478));
#5835=CARTESIAN_POINT('Ctrl Pts',(119.666666666667,69.8730552054528,17.495748275522));
#5836=CARTESIAN_POINT('Ctrl Pts',(120.333333333333,69.9505895986894,18.1624201675004));
#5837=CARTESIAN_POINT('Ctrl Pts',(121.,70.0276900979401,18.8291099559745));
#5838=CARTESIAN_POINT('Ctrl Pts',(119.,72.1899391195181,16.8290335220257));
#5839=CARTESIAN_POINT('Ctrl Pts',(119.666666666667,72.3061606204685,17.495692896901));
#5840=CARTESIAN_POINT('Ctrl Pts',(120.333333333333,72.4218147382441,18.1622289865298));
#5841=CARTESIAN_POINT('Ctrl Pts',(121.,72.5380362391945,18.828888361405));
#5842=CARTESIAN_POINT('Ctrl Pts',(119.,77.6740527754043,16.829032666696));
#5843=CARTESIAN_POINT('Ctrl Pts',(119.666666666667,77.635104470137,17.4956991414842));
#5844=CARTESIAN_POINT('Ctrl Pts',(120.333333333333,77.5968202897273,18.162258496859));
#5845=CARTESIAN_POINT('Ctrl Pts',(121.,77.55787198446,18.8289249716472));
#5846=CARTESIAN_POINT('Ctrl Pts',(119.,81.7872037935047,16.8290285127071));
#5847=CARTESIAN_POINT('Ctrl Pts',(119.666666666667,81.6328165361101,17.4957042746984));
#5848=CARTESIAN_POINT('Ctrl Pts',(120.333333333334,81.4778900518861,18.1624798446113));
#5849=CARTESIAN_POINT('Ctrl Pts',(121.,81.3235027944915,18.8291556066025));
#5850=CARTESIAN_POINT('Ctrl Pts',(119.,84.3566059039207,16.8289868628807));
#5851=CARTESIAN_POINT('Ctrl Pts',(119.666666666667,84.3959120246343,17.4956522344263));
#5852=CARTESIAN_POINT('Ctrl Pts',(120.333333333334,84.4360894447046,18.1613352612421));
#5853=CARTESIAN_POINT('Ctrl Pts',(121.,84.4753955654182,18.8280006327877));
#5854=CARTESIAN_POINT('Ctrl Pts',(119.,85.4037114324413,16.6208356041077));
#5855=CARTESIAN_POINT('Ctrl Pts',(119.666666666667,85.5978849813332,17.2848491431383));
#5856=CARTESIAN_POINT('Ctrl Pts',(120.333333333334,85.792927331184,17.9488387977049));
#5857=CARTESIAN_POINT('Ctrl Pts',(121.,85.987100880076,18.6128523367356));
#5858=CARTESIAN_POINT('Ctrl Pts',(119.,86.7352840262695,15.7311820150148));
#5859=CARTESIAN_POINT('Ctrl Pts',(119.666666666667,87.22826102932,16.2241010461338));
#5860=CARTESIAN_POINT('Ctrl Pts',(120.333333333334,87.7221561590438,16.7174730431527));
#5861=CARTESIAN_POINT('Ctrl Pts',(121.,88.2151331620943,17.2103920742717));
#5862=CARTESIAN_POINT('Ctrl Pts',(119.,87.6249384031534,14.3996130321824));
#5863=CARTESIAN_POINT('Ctrl Pts',(119.666666666667,88.2889139832228,14.5939029023728));
#5864=CARTESIAN_POINT('Ctrl Pts',(120.333333333334,88.9536477713853,14.7881230663474));
#5865=CARTESIAN_POINT('Ctrl Pts',(121.,89.6176233514547,14.9824129365377));
#5866=CARTESIAN_POINT('Ctrl Pts',(119.,87.8331038184833,13.3525035953687));
#5867=CARTESIAN_POINT('Ctrl Pts',(119.666666666667,88.4997741171863,13.3915940928116));
#5868=CARTESIAN_POINT('Ctrl Pts',(120.333333333334,89.1662648144026,13.4316450409082));
#5869=CARTESIAN_POINT('Ctrl Pts',(121.,89.8329351131055,13.4707355383511));
#5870=CARTESIAN_POINT('Ctrl Pts',(119.,87.8331265578303,12.3969323319046));
#5871=CARTESIAN_POINT('Ctrl Pts',(119.666666666667,88.4997986069368,12.3644318361236));
#5872=CARTESIAN_POINT('Ctrl Pts',(120.333333333334,89.1667823302124,12.3310836918421));
#5873=CARTESIAN_POINT('Ctrl Pts',(121.,89.8334543793189,12.2985831960611));
#5874=CARTESIAN_POINT('Ctrl Pts',(119.,87.8331270540153,11.2389224093657));
#5875=CARTESIAN_POINT('Ctrl Pts',(119.666666666667,88.4998055751196,11.2389101795775));
#5876=CARTESIAN_POINT('Ctrl Pts',(120.333333333334,89.1666947005922,11.2385666773159));
#5877=CARTESIAN_POINT('Ctrl Pts',(121.,89.8333732216965,11.2385544475277));
#5878=CARTESIAN_POINT('Ctrl Pts',(119.,87.8331378370163,10.080912171677));
#5879=CARTESIAN_POINT('Ctrl Pts',(119.666666666667,88.4997801196086,10.1134301746262));
#5880=CARTESIAN_POINT('Ctrl Pts',(120.333333333334,89.1669168223907,10.1459989806722));
#5881=CARTESIAN_POINT('Ctrl Pts',(121.,89.833559104983,10.1785169836214));
#5882=CARTESIAN_POINT('Ctrl Pts',(119.,87.8331488085864,9.12533096249532));
#5883=CARTESIAN_POINT('Ctrl Pts',(119.666666666667,88.4999043364365,9.0862111217766));
#5884=CARTESIAN_POINT('Ctrl Pts',(120.333333333334,89.1666080537474,9.0454472143488));
#5885=CARTESIAN_POINT('Ctrl Pts',(121.,89.8333635815975,9.00632737363008));
#5886=CARTESIAN_POINT('Ctrl Pts',(119.,87.6249812329531,8.07824567317993));
#5887=CARTESIAN_POINT('Ctrl Pts',(119.666666666667,88.2887533881107,7.88402824893951));
#5888=CARTESIAN_POINT('Ctrl Pts',(120.333333333334,88.9542549421899,7.68898424791579));
#5889=CARTESIAN_POINT('Ctrl Pts',(121.,89.6180270973475,7.49476682367537));
#5890=CARTESIAN_POINT('Ctrl Pts',(119.,86.7350876111197,6.74677652451578));
#5891=CARTESIAN_POINT('Ctrl Pts',(119.666666666667,87.2282422760859,6.25391812337257));
#5892=CARTESIAN_POINT('Ctrl Pts',(120.333333333334,87.7197137819662,5.75925847262294));
#5893=CARTESIAN_POINT('Ctrl Pts',(121.,88.2128684469324,5.26640007147973));
#5894=CARTESIAN_POINT('Ctrl Pts',(119.,85.4033730979194,5.85741368711549));
#5895=CARTESIAN_POINT('Ctrl Pts',(119.666666666667,85.5974987599629,5.19340595762365));
#5896=CARTESIAN_POINT('Ctrl Pts',(120.333333333334,85.7903899230262,4.53163616498797));
#5897=CARTESIAN_POINT('Ctrl Pts',(121.,85.9845155850698,3.86762843549613));
#5898=CARTESIAN_POINT('Ctrl Pts',(119.,84.3563658698077,5.64910016819261));
#5899=CARTESIAN_POINT('Ctrl Pts',(119.666666666667,84.3956734675137,4.98242697815538));
#5900=CARTESIAN_POINT('Ctrl Pts',(120.333333333334,84.4338893001259,4.31714950262779));
#5901=CARTESIAN_POINT('Ctrl Pts',(121.,84.473196897832,3.65047631259055));
#5902=CARTESIAN_POINT('Ctrl Pts',(119.,81.7870041875753,5.64907337107094));
#5903=CARTESIAN_POINT('Ctrl Pts',(119.666666666667,81.6326162326506,4.98240310681546));
#5904=CARTESIAN_POINT('Ctrl Pts',(120.333333333334,81.4762044947389,4.31631979648146));
#5905=CARTESIAN_POINT('Ctrl Pts',(121.,81.3218165398142,3.64964953222598));
#5906=CARTESIAN_POINT('Ctrl Pts',(119.,77.6739889599227,5.64900239243523));
#5907=CARTESIAN_POINT('Ctrl Pts',(119.666666666667,77.6350412607794,4.98233479412159));
#5908=CARTESIAN_POINT('Ctrl Pts',(120.333333333333,77.596368271305,4.31598975289404));
#5909=CARTESIAN_POINT('Ctrl Pts',(121.,77.5574205721616,3.6493221545804));
#5910=CARTESIAN_POINT('Ctrl Pts',(119.,72.1898737181141,5.64900674624097));
#5911=CARTESIAN_POINT('Ctrl Pts',(119.666666666667,72.3060947047775,4.98234511698008));
#5912=CARTESIAN_POINT('Ctrl Pts',(120.333333333333,72.4213747116819,4.31608579884599));
#5913=CARTESIAN_POINT('Ctrl Pts',(121.,72.5375956983453,3.6494241695851));
#5914=CARTESIAN_POINT('Ctrl Pts',(119.,69.7959259714288,5.64896929104701));
#5915=CARTESIAN_POINT('Ctrl Pts',(119.666666666667,69.8730273581289,4.98228835968699));
#5916=CARTESIAN_POINT('Ctrl Pts',(120.333333333333,69.9505444820677,4.31578866550811));
#5917=CARTESIAN_POINT('Ctrl Pts',(121.,70.0276458687677,3.64910773414809));
#5918=CARTESIAN_POINT('Ctrl Pts',(119.,68.249448422703,5.64898379959727));
#5919=CARTESIAN_POINT('Ctrl Pts',(119.666666666667,68.2102230753414,4.98232236814057));
#5920=CARTESIAN_POINT('Ctrl Pts',(120.333333333333,68.1699252804682,4.31643153456833));
#5921=CARTESIAN_POINT('Ctrl Pts',(121.,68.1306999331066,3.64977010311162));
#5922=CARTESIAN_POINT('Ctrl Pts',(119.,67.2023524350971,5.85712832321119));
#5923=CARTESIAN_POINT('Ctrl Pts',(119.666666666667,67.0081339955711,5.19311804375667));
#5924=CARTESIAN_POINT('Ctrl Pts',(120.333333333333,66.8132817676455,4.52890996558449));
#5925=CARTESIAN_POINT('Ctrl Pts',(121.,66.6190633281195,3.86489968612997));
#5926=CARTESIAN_POINT('Ctrl Pts',(119.,65.8707880806825,6.7467764083705));
#5927=CARTESIAN_POINT('Ctrl Pts',(119.666666666667,65.3778346530868,6.25384975551633));
#5928=CARTESIAN_POINT('Ctrl Pts',(120.333333333333,64.8840295593976,5.76026232471859));
#5929=CARTESIAN_POINT('Ctrl Pts',(121.,64.3910761318018,5.26733567186442));
#5930=CARTESIAN_POINT('Ctrl Pts',(119.,64.98113961556,8.07834196375872));
#5931=CARTESIAN_POINT('Ctrl Pts',(119.666666666667,64.3171462429415,7.8840691638795));
#5932=CARTESIAN_POINT('Ctrl Pts',(120.333333333333,63.652621314616,7.68957670534148));
#5933=CARTESIAN_POINT('Ctrl Pts',(121.,62.9886279419975,7.49530390546226));
#5934=CARTESIAN_POINT('Ctrl Pts',(119.,64.7729970643657,9.12543579978647));
#5935=CARTESIAN_POINT('Ctrl Pts',(119.666666666667,64.1063350822567,9.08631188660326));
#5936=CARTESIAN_POINT('Ctrl Pts',(120.333333333333,63.4400795322939,9.04602883649752));
#5937=CARTESIAN_POINT('Ctrl Pts',(121.,62.7734175501849,9.00690492331431));
#5938=CARTESIAN_POINT('Ctrl Pts',(119.,64.77298416619,10.5129847901768));
#5939=CARTESIAN_POINT('Ctrl Pts',(119.666666666667,64.1062994063097,10.5779246990104));
#5940=CARTESIAN_POINT('Ctrl Pts',(120.333333333333,63.4395170893951,10.6439951142213));
#5941=CARTESIAN_POINT('Ctrl Pts',(121.,62.7728323295148,10.7089350230549));
#5942=CARTESIAN_POINT('Ctrl Pts',(119.,64.772999908,11.9650090245524));
#5943=CARTESIAN_POINT('Ctrl Pts',(119.666666666667,64.1063484084644,11.8999284598312));
#5944=CARTESIAN_POINT('Ctrl Pts',(120.333333333333,63.4396514075356,11.8340805795213));
#5945=CARTESIAN_POINT('Ctrl Pts',(121.,62.772999908,11.7690000148001));
#5946=CARTESIAN_POINT('Ctrl Pts',(119.,64.772999908,12.8290000148001));
#5947=CARTESIAN_POINT('Ctrl Pts',(119.666666666667,64.1063332413333,12.8290000148001));
#5948=CARTESIAN_POINT('Ctrl Pts',(120.333333333333,63.4396665746667,12.8290000148001));
#5949=CARTESIAN_POINT('Ctrl Pts',(121.,62.772999908,12.8290000148001));
#5950=CARTESIAN_POINT('',(119.,64.772999908,12.8290000148001));
#5951=CARTESIAN_POINT('Origin',(99.11,-1.5,11.0440000000001));
#5952=CARTESIAN_POINT('',(115.11,-1.5,11.0440000000001));
#5953=CARTESIAN_POINT('Origin',(107.11,-1.5,11.0440000000001));
#5954=CARTESIAN_POINT('',(100.11,-1.5,11.0440000000001));
#5955=CARTESIAN_POINT('Origin',(107.11,-1.5,11.0440000000001));
#5956=CARTESIAN_POINT('Origin',(107.11,-0.749999999999996,11.0440000000001));
#5957=CARTESIAN_POINT('',(116.409038105677,-0.749999999999996,11.0440000000001));
#5958=CARTESIAN_POINT('Origin',(121.,0.999999999999996,49.));
#5959=CARTESIAN_POINT('Origin',(132.,9.,2.));
#5960=CARTESIAN_POINT('',(132.,9.,2.));
#5961=CARTESIAN_POINT('',(127.,9.,7.));
#5962=CARTESIAN_POINT('',(132.,9.,2.));
#5963=CARTESIAN_POINT('Origin',(122.,1.,2.));
#5964=CARTESIAN_POINT('',(132.,1.,2.));
#5965=CARTESIAN_POINT('',(124.5,1.,9.5));
#5966=CARTESIAN_POINT('',(122.,1.,2.));
#5967=CARTESIAN_POINT('Origin',(127.,5.,2.));
#5968=CARTESIAN_POINT('',(132.,0.,2.));
#5969=CARTESIAN_POINT('',(125.25,5.,2.));
#5970=CARTESIAN_POINT('Origin',(127.,5.,2.));
#5971=CARTESIAN_POINT('Origin',(-10.,41.,2.));
#5972=CARTESIAN_POINT('',(-10.,41.,2.));
#5973=CARTESIAN_POINT('',(-10.,41.,2.));
#5974=CARTESIAN_POINT('',(-10.,41.,2.));
#5975=CARTESIAN_POINT('Origin',(0.,49.,2.));
#5976=CARTESIAN_POINT('',(-10.,49.,2.));
#5977=CARTESIAN_POINT('',(-7.5,49.,4.5));
#5978=CARTESIAN_POINT('',(0.,49.,2.));
#5979=CARTESIAN_POINT('Origin',(-5.,45.,2.));
#5980=CARTESIAN_POINT('',(-10.,40.,2.));
#5981=CARTESIAN_POINT('',(-6.75,45.,2.));
#5982=CARTESIAN_POINT('Origin',(-5.,45.,2.));
#5983=CARTESIAN_POINT('Origin',(-10.,1.,2.));
#5984=CARTESIAN_POINT('',(-10.,1.,2.));
#5985=CARTESIAN_POINT('',(-10.,1.,2.));
#5986=CARTESIAN_POINT('',(0.,1.,2.));
#5987=CARTESIAN_POINT('Origin',(0.,9.,2.));
#5988=CARTESIAN_POINT('',(-10.,9.,2.));
#5989=CARTESIAN_POINT('',(-7.5,9.,4.5));
#5990=CARTESIAN_POINT('',(-10.,9.,2.));
#5991=CARTESIAN_POINT('Origin',(-5.,5.,2.));
#5992=CARTESIAN_POINT('',(-10.,0.,2.));
#5993=CARTESIAN_POINT('',(-6.75,5.,2.));
#5994=CARTESIAN_POINT('Origin',(-5.,5.,2.));
#5995=CARTESIAN_POINT('Origin',(132.,49.,2.));
#5996=CARTESIAN_POINT('',(132.,49.,2.));
#5997=CARTESIAN_POINT('',(127.,49.,7.));
#5998=CARTESIAN_POINT('',(122.,49.,2.));
#5999=CARTESIAN_POINT('Origin',(122.,41.,2.));
#6000=CARTESIAN_POINT('',(132.,41.,2.));
#6001=CARTESIAN_POINT('',(124.5,41.,9.5));
#6002=CARTESIAN_POINT('',(132.,41.,2.));
#6003=CARTESIAN_POINT('Origin',(127.,45.,2.));
#6004=CARTESIAN_POINT('',(132.,40.,2.));
#6005=CARTESIAN_POINT('',(125.25,45.,2.));
#6006=CARTESIAN_POINT('Origin',(127.,45.,2.));
#6007=CARTESIAN_POINT('Origin',(-10.,0.,2.));
#6008=CARTESIAN_POINT('',(-10.,0.,2.));
#6009=CARTESIAN_POINT('Origin',(-10.,0.,2.));
#6010=CARTESIAN_POINT('',(-10.,10.,2.));
#6011=CARTESIAN_POINT('',(-10.,10.,2.));
#6012=CARTESIAN_POINT('',(-10.,0.,2.));
#6013=CARTESIAN_POINT('Origin',(-10.,0.,2.));
#6014=CARTESIAN_POINT('',(-10.,50.,2.));
#6015=CARTESIAN_POINT('',(-10.,50.,2.));
#6016=CARTESIAN_POINT('',(-10.,40.,2.));
#6017=CARTESIAN_POINT('Origin',(-10.,0.,2.));
#6018=CARTESIAN_POINT('',(-10.,40.,2.));
#6019=CARTESIAN_POINT('',(-10.,40.,2.));
#6020=CARTESIAN_POINT('',(-7.5,40.,4.5));
#6021=CARTESIAN_POINT('Origin',(122.,0.,12.));
#6022=CARTESIAN_POINT('',(132.,50.,2.));
#6023=CARTESIAN_POINT('',(132.,40.,2.));
#6024=CARTESIAN_POINT('',(132.,50.,2.));
#6025=CARTESIAN_POINT('Origin',(122.,0.,12.));
#6026=CARTESIAN_POINT('',(132.,40.,2.));
#6027=CARTESIAN_POINT('',(127.,40.,7.));
#6028=CARTESIAN_POINT('',(132.,40.,2.));
#6029=CARTESIAN_POINT('Origin',(122.,0.,12.));
#6030=CARTESIAN_POINT('',(132.,0.,2.));
#6031=CARTESIAN_POINT('Origin',(122.,0.,12.));
#6032=CARTESIAN_POINT('',(132.,10.,2.));
#6033=CARTESIAN_POINT('',(132.,0.,2.));
#6034=CARTESIAN_POINT('',(124.5,10.,9.5));
#6035=CARTESIAN_POINT('Origin',(127.,5.,0.));
#6036=CARTESIAN_POINT('',(125.25,5.,0.));
#6037=CARTESIAN_POINT('',(125.25,5.,0.));
#6038=CARTESIAN_POINT('Origin',(127.,5.,0.));
#6039=CARTESIAN_POINT('Origin',(132.,0.,0.));
#6040=CARTESIAN_POINT('',(132.,10.,0.));
#6041=CARTESIAN_POINT('',(132.,0.,0.));
#6042=CARTESIAN_POINT('',(132.,10.,0.));
#6043=CARTESIAN_POINT('Origin',(132.,10.,0.));
#6044=CARTESIAN_POINT('',(132.,10.,0.));
#6045=CARTESIAN_POINT('Origin',(-5.,45.,0.));
#6046=CARTESIAN_POINT('',(-6.75,45.,0.));
#6047=CARTESIAN_POINT('',(-6.75,45.,0.));
#6048=CARTESIAN_POINT('Origin',(-5.,45.,0.));
#6049=CARTESIAN_POINT('Origin',(-10.,40.,0.));
#6050=CARTESIAN_POINT('',(-10.,40.,0.));
#6051=CARTESIAN_POINT('',(0.,40.,0.));
#6052=CARTESIAN_POINT('',(-10.,40.,0.));
#6053=CARTESIAN_POINT('Origin',(-10.,50.,0.));
#6054=CARTESIAN_POINT('',(-10.,50.,0.));
#6055=CARTESIAN_POINT('',(-10.,40.,0.));
#6056=CARTESIAN_POINT('',(-10.,50.,0.));
#6057=CARTESIAN_POINT('Origin',(0.,50.,0.));
#6058=CARTESIAN_POINT('',(-10.,50.,0.));
#6059=CARTESIAN_POINT('Origin',(127.,45.,0.));
#6060=CARTESIAN_POINT('',(125.25,45.,0.));
#6061=CARTESIAN_POINT('',(125.25,45.,0.));
#6062=CARTESIAN_POINT('Origin',(127.,45.,0.));
#6063=CARTESIAN_POINT('Origin',(132.,40.,0.));
#6064=CARTESIAN_POINT('',(132.,40.,0.));
#6065=CARTESIAN_POINT('',(132.,50.,0.));
#6066=CARTESIAN_POINT('',(132.,40.,0.));
#6067=CARTESIAN_POINT('',(132.,50.,0.));
#6068=CARTESIAN_POINT('',(132.,40.,0.));
#6069=CARTESIAN_POINT('Origin',(122.,40.,0.));
#6070=CARTESIAN_POINT('',(122.,40.,0.));
#6071=CARTESIAN_POINT('Origin',(132.,50.,0.));
#6072=CARTESIAN_POINT('',(132.,50.,0.));
#6073=CARTESIAN_POINT('Origin',(-5.,5.,0.));
#6074=CARTESIAN_POINT('',(-6.75,5.,0.));
#6075=CARTESIAN_POINT('',(-6.75,5.,0.));
#6076=CARTESIAN_POINT('Origin',(-5.,5.,0.));
#6077=CARTESIAN_POINT('Origin',(-10.,10.,0.));
#6078=CARTESIAN_POINT('',(-10.,10.,0.));
#6079=CARTESIAN_POINT('',(-10.,0.,0.));
#6080=CARTESIAN_POINT('',(-10.,10.,0.));
#6081=CARTESIAN_POINT('Origin',(0.,10.,0.));
#6082=CARTESIAN_POINT('',(-10.,10.,0.));
#6083=CARTESIAN_POINT('Origin',(122.,83.832999908,9.64900001480004));
#6084=CARTESIAN_POINT('',(121.,85.832999908,9.64900001480006));
#6085=CARTESIAN_POINT('Origin',(122.,85.832999908,12.8290000148001));
#6086=CARTESIAN_POINT('',(121.,85.832999908,12.8290000148001));
#6087=CARTESIAN_POINT('Origin',(122.,83.832999908,12.8290000148001));
#6088=CARTESIAN_POINT('',(121.,83.832999908,14.8290000148001));
#6089=CARTESIAN_POINT('Origin',(122.,68.772999908,14.8290000148001));
#6090=CARTESIAN_POINT('Origin',(107.11,0.,11.0440000000001));
#6091=CARTESIAN_POINT('',(100.11,0.,11.0440000000001));
#6092=CARTESIAN_POINT('Origin',(0.,72.,49.));
#6093=CARTESIAN_POINT('',(61.,172.,19.0000000000004));
#6094=CARTESIAN_POINT('Origin',(122.,172.,0.));
#6095=CARTESIAN_POINT('',(122.,172.,0.));
#6096=CARTESIAN_POINT('Origin',(114.5,114.,9.));
#6097=CARTESIAN_POINT('',(117.291057147391,115.1,9.));
#6098=CARTESIAN_POINT('',(121.,115.1,9.));
#6099=CARTESIAN_POINT('',(117.291057147391,112.9,9.));
#6100=CARTESIAN_POINT('Origin',(114.5,114.,9.));
#6101=CARTESIAN_POINT('',(115.6,112.9,9.));
#6102=CARTESIAN_POINT('',(115.6,114.,9.));
#6103=CARTESIAN_POINT('Origin',(114.5,114.,9.));
#6104=CARTESIAN_POINT('Origin',(114.5,114.,9.));
#6105=CARTESIAN_POINT('',(117.251392894904,5.80424202370618,9.));
#6106=CARTESIAN_POINT('',(116.05563491861,7.00000000000002,9.));
#6107=CARTESIAN_POINT('',(115.695757976294,4.24860710509576,9.));
#6108=CARTESIAN_POINT('Origin',(114.5,7.00000000000001,9.));
#6109=CARTESIAN_POINT('',(114.5,5.4443650813896,9.));
#6110=CARTESIAN_POINT('',(115.6,7.00000000000001,9.));
#6111=CARTESIAN_POINT('Origin',(114.5,7.00000000000001,9.));
#6112=CARTESIAN_POINT('Origin',(114.5,114.,9.));
#6113=CARTESIAN_POINT('',(4.70894285260943,112.9,9.));
#6114=CARTESIAN_POINT('',(6.4,112.9,9.));
#6115=CARTESIAN_POINT('',(4.70894285260943,115.1,9.));
#6116=CARTESIAN_POINT('Origin',(7.5,114.,9.));
#6117=CARTESIAN_POINT('',(0.999999999999997,115.1,9.));
#6118=CARTESIAN_POINT('',(8.6,114.,9.));
#6119=CARTESIAN_POINT('Origin',(7.5,114.,9.));
#6120=CARTESIAN_POINT('Origin',(121.,2.05563491861042,2.));
#6121=CARTESIAN_POINT('',(117.251392894904,5.80424202370617,5.));
#6122=CARTESIAN_POINT('',(119.44854881004,3.60708610857067,2.));
#6123=CARTESIAN_POINT('Ctrl Pts',(117.251392894904,5.80424202370618,5.));
#6124=CARTESIAN_POINT('Ctrl Pts',(117.251392894904,5.80424202370618,4.63563763754417));
#6125=CARTESIAN_POINT('Ctrl Pts',(117.315422859284,5.74021205932692,4.20788230068171));
#6126=CARTESIAN_POINT('Ctrl Pts',(117.522975284523,5.53265963408766,3.52713581091053));
#6127=CARTESIAN_POINT('Ctrl Pts',(117.705952566527,5.3496823520838,3.15609612589683));
#6128=CARTESIAN_POINT('Ctrl Pts',(118.091071792602,4.96456312600871,2.62673866263441));
#6129=CARTESIAN_POINT('Ctrl Pts',(118.362897171569,4.69273774704129,2.37584708444083));
#6130=CARTESIAN_POINT('Ctrl Pts',(118.862702520491,4.1929323981191,2.08836090786913));
#6131=CARTESIAN_POINT('Ctrl Pts',(119.179480964725,3.87615395388564,2.));
#6132=CARTESIAN_POINT('Ctrl Pts',(119.44854881004,3.60708610857067,2.));
#6133=CARTESIAN_POINT('',(117.251392894904,5.80424202370617,2.));
#6134=CARTESIAN_POINT('',(85.0139087296527,38.041726188958,2.));
#6135=CARTESIAN_POINT('Origin',(114.5,5.4443650813896,2.));
#6136=CARTESIAN_POINT('',(117.892913891429,2.05145118996028,2.));
#6137=CARTESIAN_POINT('',(115.695757976294,4.24860710509576,5.));
#6138=CARTESIAN_POINT('Ctrl Pts',(117.892913891429,2.05145118996028,2.));
#6139=CARTESIAN_POINT('Ctrl Pts',(117.623846046114,2.32051903527524,2.));
#6140=CARTESIAN_POINT('Ctrl Pts',(117.307067601881,2.6372974795087,2.08836090786913));
#6141=CARTESIAN_POINT('Ctrl Pts',(116.807262252959,3.13710282843089,2.37584708444083));
#6142=CARTESIAN_POINT('Ctrl Pts',(116.535436873991,3.4089282073983,2.62673866263441));
#6143=CARTESIAN_POINT('Ctrl Pts',(116.150317647916,3.79404743347338,3.15609612589682));
#6144=CARTESIAN_POINT('Ctrl Pts',(115.967340365912,3.97702471547724,3.52713581091053));
#6145=CARTESIAN_POINT('Ctrl Pts',(115.759787940673,4.1845771407165,4.20788230068171));
#6146=CARTESIAN_POINT('Ctrl Pts',(115.695757976294,4.24860710509576,4.63563763754417));
#6147=CARTESIAN_POINT('Ctrl Pts',(115.695757976294,4.24860710509576,5.));
#6148=CARTESIAN_POINT('',(80.9860912703473,38.958273811042,2.));
#6149=CARTESIAN_POINT('',(115.695757976294,4.24860710509576,2.));
#6150=CARTESIAN_POINT('Origin',(61.,86.,2.));
#6151=CARTESIAN_POINT('Origin',(114.5,7.00000000000001,2.));
#6152=CARTESIAN_POINT('Origin',(115.6,112.9,2.));
#6153=CARTESIAN_POINT('',(117.291057147391,112.9,5.));
#6154=CARTESIAN_POINT('',(117.291057147391,112.9,2.));
#6155=CARTESIAN_POINT('',(120.398304841223,112.9,2.));
#6156=CARTESIAN_POINT('Ctrl Pts',(120.398304841223,112.9,2.));
#6157=CARTESIAN_POINT('Ctrl Pts',(120.017785445181,112.9,2.));
#6158=CARTESIAN_POINT('Ctrl Pts',(119.569793073078,112.9,2.08836090786913));
#6159=CARTESIAN_POINT('Ctrl Pts',(118.862961570086,112.9,2.37584708444083));
#6160=CARTESIAN_POINT('Ctrl Pts',(118.478542432553,112.9,2.62673866263441));
#6161=CARTESIAN_POINT('Ctrl Pts',(117.933901599907,112.9,3.15609612589682));
#6162=CARTESIAN_POINT('Ctrl Pts',(117.675132646091,112.9,3.52713581091053));
#6163=CARTESIAN_POINT('Ctrl Pts',(117.381609191414,112.9,4.20788230068171));
#6164=CARTESIAN_POINT('Ctrl Pts',(117.291057147391,112.9,4.63563763754417));
#6165=CARTESIAN_POINT('Ctrl Pts',(117.291057147391,112.9,5.));
#6166=CARTESIAN_POINT('',(88.3,112.9,2.));
#6167=CARTESIAN_POINT('Origin',(121.,115.1,2.));
#6168=CARTESIAN_POINT('',(117.291057147391,115.1,5.));
#6169=CARTESIAN_POINT('',(117.291057147391,115.1,2.));
#6170=CARTESIAN_POINT('',(120.398304841223,115.1,2.));
#6171=CARTESIAN_POINT('',(91.,115.1,2.));
#6172=CARTESIAN_POINT('Ctrl Pts',(117.291057147391,115.1,5.));
#6173=CARTESIAN_POINT('Ctrl Pts',(117.291057147391,115.1,4.63563763754417));
#6174=CARTESIAN_POINT('Ctrl Pts',(117.381609191414,115.1,4.20788230068171));
#6175=CARTESIAN_POINT('Ctrl Pts',(117.675132646091,115.1,3.52713581091053));
#6176=CARTESIAN_POINT('Ctrl Pts',(117.933901599907,115.1,3.15609612589682));
#6177=CARTESIAN_POINT('Ctrl Pts',(118.478542432553,115.1,2.62673866263441));
#6178=CARTESIAN_POINT('Ctrl Pts',(118.862961570086,115.1,2.37584708444083));
#6179=CARTESIAN_POINT('Ctrl Pts',(119.569793073078,115.1,2.08836090786913));
#6180=CARTESIAN_POINT('Ctrl Pts',(120.017785445181,115.1,2.));
#6181=CARTESIAN_POINT('Ctrl Pts',(120.398304841223,115.1,2.));
#6182=CARTESIAN_POINT('Origin',(114.5,114.,9.));
#6183=CARTESIAN_POINT('',(6.30424202370615,4.24860710509575,9.));
#6184=CARTESIAN_POINT('',(3.05563491861039,0.999999999999996,9.));
#6185=CARTESIAN_POINT('',(4.74860710509574,5.80424202370616,9.));
#6186=CARTESIAN_POINT('Origin',(7.5,7.00000000000001,9.));
#6187=CARTESIAN_POINT('',(5.9443650813896,7.00000000000001,9.));
#6188=CARTESIAN_POINT('',(8.6,7.00000000000001,9.));
#6189=CARTESIAN_POINT('Origin',(7.5,7.00000000000001,9.));
#6190=CARTESIAN_POINT('Origin',(5.9443650813896,7.00000000000001,2.));
#6191=CARTESIAN_POINT('',(4.74860710509574,5.80424202370616,5.));
#6192=CARTESIAN_POINT('',(4.74860710509574,5.80424202370616,2.));
#6193=CARTESIAN_POINT('',(2.55145118996025,3.60708610857067,2.));
#6194=CARTESIAN_POINT('Ctrl Pts',(2.55145118996025,3.60708610857067,2.));
#6195=CARTESIAN_POINT('Ctrl Pts',(2.82051903527521,3.87615395388562,2.));
#6196=CARTESIAN_POINT('Ctrl Pts',(3.13729747950868,4.19293239811909,2.08836090786913));
#6197=CARTESIAN_POINT('Ctrl Pts',(3.63710282843087,4.69273774704128,2.37584708444084));
#6198=CARTESIAN_POINT('Ctrl Pts',(3.90892820739828,4.9645631260087,2.62673866263441));
#6199=CARTESIAN_POINT('Ctrl Pts',(4.29404743347337,5.34968235208378,3.15609612589683));
#6200=CARTESIAN_POINT('Ctrl Pts',(4.47702471547723,5.53265963408764,3.52713581091053));
#6201=CARTESIAN_POINT('Ctrl Pts',(4.68457714071649,5.7402120593269,4.20788230068171));
#6202=CARTESIAN_POINT('Ctrl Pts',(4.74860710509575,5.80424202370616,4.63563763754417));
#6203=CARTESIAN_POINT('Ctrl Pts',(4.74860710509575,5.80424202370616,5.));
#6204=CARTESIAN_POINT('',(39.4582738110422,40.5139087296526,2.));
#6205=CARTESIAN_POINT('Origin',(3.05563491861039,0.999999999999996,2.));
#6206=CARTESIAN_POINT('',(6.30424202370615,4.24860710509575,5.));
#6207=CARTESIAN_POINT('',(6.30424202370615,4.24860710509575,2.));
#6208=CARTESIAN_POINT('',(4.10708610857066,2.05145118996026,2.));
#6209=CARTESIAN_POINT('',(38.7917261889578,36.7360912703474,2.));
#6210=CARTESIAN_POINT('Ctrl Pts',(6.30424202370615,4.24860710509575,5.));
#6211=CARTESIAN_POINT('Ctrl Pts',(6.30424202370615,4.24860710509575,4.63563763754417));
#6212=CARTESIAN_POINT('Ctrl Pts',(6.24021205932689,4.1845771407165,4.20788230068171));
#6213=CARTESIAN_POINT('Ctrl Pts',(6.03265963408763,3.97702471547724,3.52713581091053));
#6214=CARTESIAN_POINT('Ctrl Pts',(5.84968235208377,3.79404743347338,3.15609612589683));
#6215=CARTESIAN_POINT('Ctrl Pts',(5.46456312600869,3.40892820739829,2.62673866263441));
#6216=CARTESIAN_POINT('Ctrl Pts',(5.19273774704127,3.13710282843088,2.37584708444084));
#6217=CARTESIAN_POINT('Ctrl Pts',(4.69293239811908,2.63729747950869,2.08836090786913));
#6218=CARTESIAN_POINT('Ctrl Pts',(4.37615395388561,2.32051903527522,2.));
#6219=CARTESIAN_POINT('Ctrl Pts',(4.10708610857066,2.05145118996026,2.));
#6220=CARTESIAN_POINT('Origin',(61.,86.,2.));
#6221=CARTESIAN_POINT('Origin',(114.5,114.,2.));
#6222=CARTESIAN_POINT('',(1.60169515877655,115.1,2.));
#6223=CARTESIAN_POINT('',(33.7,115.1,2.));
#6224=CARTESIAN_POINT('',(1.60169515877655,112.9,2.));
#6225=CARTESIAN_POINT('Origin',(7.5,114.,2.));
#6226=CARTESIAN_POINT('',(31.,112.9,2.));
#6227=CARTESIAN_POINT('Origin',(7.5,7.00000000000001,2.));
#6228=CARTESIAN_POINT('Origin',(114.5,7.00000000000001,2.));
#6229=CARTESIAN_POINT('Origin',(7.5,7.00000000000001,5.));
#6230=CARTESIAN_POINT('Origin',(7.5,7.00000000000001,2.));
#6231=CARTESIAN_POINT('Origin',(7.5,7.00000000000001,5.));
#6232=CARTESIAN_POINT('Origin',(0.999999999999999,112.9,2.));
#6233=CARTESIAN_POINT('',(4.70894285260943,112.9,5.));
#6234=CARTESIAN_POINT('Ctrl Pts',(4.70894285260943,112.9,5.));
#6235=CARTESIAN_POINT('Ctrl Pts',(4.70894285260943,112.9,4.63563763754417));
#6236=CARTESIAN_POINT('Ctrl Pts',(4.61839080858602,112.9,4.20788230068171));
#6237=CARTESIAN_POINT('Ctrl Pts',(4.32486735390923,112.9,3.52713581091053));
#6238=CARTESIAN_POINT('Ctrl Pts',(4.06609840009321,112.9,3.15609612589683));
#6239=CARTESIAN_POINT('Ctrl Pts',(3.52145756744719,112.9,2.62673866263441));
#6240=CARTESIAN_POINT('Ctrl Pts',(3.13703842991427,112.9,2.37584708444084));
#6241=CARTESIAN_POINT('Ctrl Pts',(2.43020692692189,112.9,2.08836090786913));
#6242=CARTESIAN_POINT('Ctrl Pts',(1.98221455481947,112.9,2.));
#6243=CARTESIAN_POINT('Ctrl Pts',(1.60169515877655,112.9,2.));
#6244=CARTESIAN_POINT('',(4.70894285260943,112.9,2.));
#6245=CARTESIAN_POINT('Origin',(6.4,115.1,2.));
#6246=CARTESIAN_POINT('',(4.70894285260943,115.1,5.));
#6247=CARTESIAN_POINT('Ctrl Pts',(1.60169515877655,115.1,2.));
#6248=CARTESIAN_POINT('Ctrl Pts',(1.98221455481947,115.1,2.));
#6249=CARTESIAN_POINT('Ctrl Pts',(2.43020692692189,115.1,2.08836090786913));
#6250=CARTESIAN_POINT('Ctrl Pts',(3.13703842991427,115.1,2.37584708444084));
#6251=CARTESIAN_POINT('Ctrl Pts',(3.52145756744719,115.1,2.62673866263441));
#6252=CARTESIAN_POINT('Ctrl Pts',(4.06609840009321,115.1,3.15609612589683));
#6253=CARTESIAN_POINT('Ctrl Pts',(4.32486735390923,115.1,3.52713581091053));
#6254=CARTESIAN_POINT('Ctrl Pts',(4.61839080858602,115.1,4.20788230068171));
#6255=CARTESIAN_POINT('Ctrl Pts',(4.70894285260943,115.1,4.63563763754417));
#6256=CARTESIAN_POINT('Ctrl Pts',(4.70894285260943,115.1,5.));
#6257=CARTESIAN_POINT('',(4.70894285260943,115.1,2.));
#6258=CARTESIAN_POINT('Origin',(61.,86.,2.));
#6259=CARTESIAN_POINT('Origin',(7.5,7.00000000000001,2.));
#6260=CARTESIAN_POINT('Origin',(7.5,114.,5.));
#6261=CARTESIAN_POINT('Origin',(7.5,114.,5.));
#6262=CARTESIAN_POINT('Origin',(7.5,114.,2.));
#6263=CARTESIAN_POINT('Origin',(114.5,114.,5.));
#6264=CARTESIAN_POINT('Origin',(114.5,114.,5.));
#6265=CARTESIAN_POINT('Origin',(114.5,114.,2.));
#6266=CARTESIAN_POINT('Origin',(114.5,7.00000000000001,5.));
#6267=CARTESIAN_POINT('Origin',(114.5,7.00000000000001,5.));
#6268=CARTESIAN_POINT('Origin',(114.5,7.00000000000001,2.));
#6269=CARTESIAN_POINT('Origin',(114.5,7.00000000000001,2.));
#6270=CARTESIAN_POINT('',(115.6,7.00000000000001,2.));
#6271=CARTESIAN_POINT('',(115.6,7.00000000000001,2.));
#6272=CARTESIAN_POINT('Origin',(114.5,7.00000000000001,2.));
#6273=CARTESIAN_POINT('Origin',(114.5,114.,2.));
#6274=CARTESIAN_POINT('',(115.6,114.,2.));
#6275=CARTESIAN_POINT('',(115.6,114.,2.));
#6276=CARTESIAN_POINT('Origin',(114.5,114.,2.));
#6277=CARTESIAN_POINT('Origin',(61.,86.,2.));
#6278=CARTESIAN_POINT('Origin',(7.5,7.00000000000001,2.));
#6279=CARTESIAN_POINT('',(8.6,7.00000000000001,2.));
#6280=CARTESIAN_POINT('',(8.6,7.00000000000001,2.));
#6281=CARTESIAN_POINT('Origin',(7.5,7.00000000000001,2.));
#6282=CARTESIAN_POINT('Origin',(61.,86.,2.));
#6283=CARTESIAN_POINT('Origin',(7.5,114.,2.));
#6284=CARTESIAN_POINT('',(8.6,114.,2.));
#6285=CARTESIAN_POINT('',(8.6,114.,2.));
#6286=CARTESIAN_POINT('Origin',(7.5,114.,2.));
#6287=CARTESIAN_POINT('Origin',(61.,86.,2.));
#6288=CARTESIAN_POINT('Origin',(61.,86.,2.));
#6289=CARTESIAN_POINT('Origin',(61.,86.,0.));
#6290=CARTESIAN_POINT('',(-13.,152.,9.00000000000006));
#6291=UNCERTAINTY_MEASURE_WITH_UNIT(LENGTH_MEASURE(0.01),#6297,
'DISTANCE_ACCURACY_VALUE',
'Maximum model space distance between geometric entities at asserted c
onnectivities');
#6292=UNCERTAINTY_MEASURE_WITH_UNIT(LENGTH_MEASURE(0.01),#6297,
'DISTANCE_ACCURACY_VALUE',
'Maximum model space distance between geometric entities at asserted c
onnectivities');
#6293=UNCERTAINTY_MEASURE_WITH_UNIT(LENGTH_MEASURE(0.01),#6297,
'DISTANCE_ACCURACY_VALUE',
'Maximum model space distance between geometric entities at asserted c
onnectivities');
#6294=(
GEOMETRIC_REPRESENTATION_CONTEXT(3)
GLOBAL_UNCERTAINTY_ASSIGNED_CONTEXT((#6291))
GLOBAL_UNIT_ASSIGNED_CONTEXT((#6297,#6298,#6299))
REPRESENTATION_CONTEXT('','3D')
);
#6295=(
GEOMETRIC_REPRESENTATION_CONTEXT(3)
GLOBAL_UNCERTAINTY_ASSIGNED_CONTEXT((#6292))
GLOBAL_UNIT_ASSIGNED_CONTEXT((#6297,#6298,#6299))
REPRESENTATION_CONTEXT('','3D')
);
#6296=(
GEOMETRIC_REPRESENTATION_CONTEXT(3)
GLOBAL_UNCERTAINTY_ASSIGNED_CONTEXT((#6293))
GLOBAL_UNIT_ASSIGNED_CONTEXT((#6297,#6298,#6299))
REPRESENTATION_CONTEXT('','3D')
);
#6297=(
LENGTH_UNIT()
NAMED_UNIT(*)
SI_UNIT(.MILLI.,.METRE.)
);
#6298=(
NAMED_UNIT(*)
PLANE_ANGLE_UNIT()
SI_UNIT($,.RADIAN.)
);
#6299=(
NAMED_UNIT(*)
SI_UNIT($,.STERADIAN.)
SOLID_ANGLE_UNIT()
);
#6300=SHAPE_DEFINITION_REPRESENTATION(#6302,#6305);
#6301=SHAPE_DEFINITION_REPRESENTATION(#6303,#6306);
#6302=PRODUCT_DEFINITION_SHAPE('',$,#6308);
#6303=PRODUCT_DEFINITION_SHAPE('',$,#6309);
#6304=PRODUCT_DEFINITION_SHAPE($,$,#16);
#6305=SHAPE_REPRESENTATION('',(#3335,#3547),#6294);
#6306=SHAPE_REPRESENTATION('',(#3336),#6295);
#6307=PRODUCT_DEFINITION_CONTEXT('part definition',#6315,'design');
#6308=PRODUCT_DEFINITION('board_housing','board_housing v7',#6310,#6307);
#6309=PRODUCT_DEFINITION('uC_Agri-PV','uC_Agri-PV v1',#6311,#6307);
#6310=PRODUCT_DEFINITION_FORMATION('',$,#6317);
#6311=PRODUCT_DEFINITION_FORMATION('',$,#6318);
#6312=PRODUCT_RELATED_PRODUCT_CATEGORY('board_housing v7',
'board_housing v7',(#6317));
#6313=PRODUCT_RELATED_PRODUCT_CATEGORY('uC_Agri-PV v1','uC_Agri-PV v1',
(#6318));
#6314=APPLICATION_PROTOCOL_DEFINITION('international standard',
'automotive_design',2009,#6315);
#6315=APPLICATION_CONTEXT(
'Core Data for Automotive Mechanical Design Process');
#6316=PRODUCT_CONTEXT('part definition',#6315,'mechanical');
#6317=PRODUCT('board_housing','board_housing v7',$,(#6316));
#6318=PRODUCT('uC_Agri-PV','uC_Agri-PV v1','KiCad electronic assembly',
(#6316));
#6319=PRESENTATION_STYLE_ASSIGNMENT((#6320));
#6320=SURFACE_STYLE_USAGE(.BOTH.,#6321);
#6321=SURFACE_SIDE_STYLE('',(#6322));
#6322=SURFACE_STYLE_FILL_AREA(#6323);
#6323=FILL_AREA_STYLE('Stahl - satiniert',(#6324));
#6324=FILL_AREA_STYLE_COLOUR('Stahl - satiniert',#6325);
#6325=COLOUR_RGB('Stahl - satiniert',0.627450980392157,0.627450980392157,
0.627450980392157);
ENDSEC;
END-ISO-10303-21;
