ISO-10303-21;
HEADER;
/* Generated by software containing ST-Developer
 * from STEP Tools, Inc. (www.steptools.com) 
 */

FILE_DESCRIPTION(
/* description */ (''),
/* implementation_level */ '2;1');

FILE_NAME(
/* name */ 'board_housing.step',
/* time_stamp */ '2026-01-16T18:13:42+01:00',
/* author */ (''),
/* organization */ (''),
/* preprocessor_version */ 'ST-DEVELOPER v20.1',
/* originating_system */ 'Autodesk Translation Framework v14.21.0.0',
/* authorisation */ '');

FILE_SCHEMA (('AUTOMOTIVE_DESIGN { 1 0 10303 214 3 1 1 }'));
ENDSEC;

DATA;
#10=MECHANICAL_DESIGN_GEOMETRIC_PRESENTATION_REPRESENTATION('',(#62,#63,
#64),#7857);
#11=ITEM_DEFINED_TRANSFORMATION($,$,#4275,#4564);
#12=(
REPRESENTATION_RELATIONSHIP($,$,#7868,#7867)
REPRESENTATION_RELATIONSHIP_WITH_TRANSFORMATION(#11)
SHAPE_REPRESENTATION_RELATIONSHIP()
);
#13=CONTEXT_DEPENDENT_SHAPE_REPRESENTATION(#12,#7866);
#14=NEXT_ASSEMBLY_USAGE_OCCURRENCE('adapter_stange:1',
'adapter_stange:1','adapter_stange:1',#7870,#7871,'adapter_stange:1');
#15=TOROIDAL_SURFACE('',#4507,6.,3.);
#16=TOROIDAL_SURFACE('',#4514,6.,3.);
#17=TOROIDAL_SURFACE('',#4517,6.00000000000001,3.);
#18=TOROIDAL_SURFACE('',#4520,6.00000000000001,3.);
#19=B_SPLINE_SURFACE_WITH_KNOTS('',3,3,((#6056,#6057,#6058,#6059),(#6060,
#6061,#6062,#6063),(#6064,#6065,#6066,#6067),(#6068,#6069,#6070,#6071)),
 .UNSPECIFIED.,.F.,.F.,.F.,(4,4),(4,4),(-0.200000000000003,0.),(0.,4.79685038000549),
 .UNSPECIFIED.);
#20=B_SPLINE_SURFACE_WITH_KNOTS('',3,3,((#6086,#6087,#6088,#6089),(#6090,
#6091,#6092,#6093),(#6094,#6095,#6096,#6097),(#6098,#6099,#6100,#6101)),
 .UNSPECIFIED.,.F.,.F.,.F.,(4,4),(4,4),(-0.115470053837926,-1.20185167898972E-17),
(0.47531947171939,4.79685038000549),.UNSPECIFIED.);
#21=B_SPLINE_SURFACE_WITH_KNOTS('',3,3,((#6114,#6115,#6116,#6117),(#6118,
#6119,#6120,#6121),(#6122,#6123,#6124,#6125),(#6126,#6127,#6128,#6129)),
 .UNSPECIFIED.,.F.,.F.,.F.,(4,4),(4,4),(-0.115470053837926,-1.20185167898972E-17),
(6.08740259292946,7.82943165242535),.UNSPECIFIED.);
#22=B_SPLINE_SURFACE_WITH_KNOTS('',3,3,((#6146,#6147,#6148,#6149),(#6150,
#6151,#6152,#6153),(#6154,#6155,#6156,#6157),(#6158,#6159,#6160,#6161)),
 .UNSPECIFIED.,.F.,.F.,.F.,(4,4),(4,4),(-0.200350644844271,0.),(0.,4.79685038000549),
 .UNSPECIFIED.);
#23=B_SPLINE_SURFACE_WITH_KNOTS('',3,3,((#6169,#6170,#6171,#6172),(#6173,
#6174,#6175,#6176),(#6177,#6178,#6179,#6180),(#6181,#6182,#6183,#6184)),
 .UNSPECIFIED.,.F.,.F.,.F.,(4,4),(4,4),(-0.200350644844271,0.),(5.87552735794165,
7.73739438494592),.UNSPECIFIED.);
#24=B_SPLINE_SURFACE_WITH_KNOTS('',3,3,((#6474,#6475,#6476,#6477),(#6478,
#6479,#6480,#6481),(#6482,#6483,#6484,#6485),(#6486,#6487,#6488,#6489)),
 .UNSPECIFIED.,.F.,.F.,.F.,(4,4),(4,4),(0.,0.115470994895421),(6.0261930681585,
7.82943165242535),.UNSPECIFIED.);
#25=B_SPLINE_SURFACE_WITH_KNOTS('',3,3,((#6500,#6501,#6502,#6503),(#6504,
#6505,#6506,#6507),(#6508,#6509,#6510,#6511),(#6512,#6513,#6514,#6515)),
 .UNSPECIFIED.,.F.,.F.,.F.,(4,4),(4,4),(0.,0.199998117885006),(5.81456554565136,
7.73731603724381),.UNSPECIFIED.);
#26=B_SPLINE_SURFACE_WITH_KNOTS('',3,3,((#6525,#6526,#6527,#6528),(#6529,
#6530,#6531,#6532),(#6533,#6534,#6535,#6536),(#6537,#6538,#6539,#6540)),
 .UNSPECIFIED.,.F.,.F.,.F.,(4,4),(4,4),(0.,0.200001629959395),(5.75347286930627,
7.82943165242535),.UNSPECIFIED.);
#27=B_SPLINE_SURFACE_WITH_KNOTS('',3,3,((#6552,#6553,#6554,#6555),(#6556,
#6557,#6558,#6559),(#6560,#6561,#6562,#6563),(#6564,#6565,#6566,#6567)),
 .UNSPECIFIED.,.F.,.F.,.F.,(4,4),(4,4),(0.,0.115470994895421),(0.474509963897322,
4.85204304950696),.UNSPECIFIED.);
#28=B_SPLINE_SURFACE_WITH_KNOTS('',3,3,((#6579,#6580,#6581,#6582),(#6583,
#6584,#6585,#6586),(#6587,#6588,#6589,#6590),(#6591,#6592,#6593,#6594)),
 .UNSPECIFIED.,.F.,.F.,.F.,(4,4),(4,4),(0.,0.200001629959395),(0.,4.85204304950696),
 .UNSPECIFIED.);
#29=B_SPLINE_SURFACE_WITH_KNOTS('',3,3,((#6609,#6610,#6611,#6612),(#6613,
#6614,#6615,#6616),(#6617,#6618,#6619,#6620),(#6621,#6622,#6623,#6624)),
 .UNSPECIFIED.,.F.,.F.,.F.,(4,4),(4,4),(0.,0.199998117885006),(0.,4.85204304950696),
 .UNSPECIFIED.);
#30=B_SPLINE_SURFACE_WITH_KNOTS('',3,3,((#6629,#6630,#6631,#6632),(#6633,
#6634,#6635,#6636),(#6637,#6638,#6639,#6640),(#6641,#6642,#6643,#6644)),
 .UNSPECIFIED.,.F.,.F.,.F.,(4,4),(4,4),(-0.200000000904263,0.),(0.0999999999998935,
7.1),.UNSPECIFIED.);
#31=B_SPLINE_SURFACE_WITH_KNOTS('',3,3,((#6658,#6659,#6660,#6661),(#6662,
#6663,#6664,#6665),(#6666,#6667,#6668,#6669),(#6670,#6671,#6672,#6673)),
 .UNSPECIFIED.,.F.,.F.,.F.,(4,4),(4,4),(-0.200000000000002,0.),(0.,6.66969791764793),
 .UNSPECIFIED.);
#32=B_SPLINE_SURFACE_WITH_KNOTS('',3,3,((#6742,#6743,#6744,#6745),(#6746,
#6747,#6748,#6749),(#6750,#6751,#6752,#6753),(#6754,#6755,#6756,#6757)),
 .UNSPECIFIED.,.F.,.F.,.F.,(4,4),(4,4),(-0.200000000000003,0.),(5.81446955942334,
7.82943165242535),.UNSPECIFIED.);
#33=B_SPLINE_SURFACE_WITH_KNOTS('',3,3,((#6838,#6839,#6840,#6841),(#6842,
#6843,#6844,#6845),(#6846,#6847,#6848,#6849),(#6850,#6851,#6852,#6853)),
 .UNSPECIFIED.,.F.,.F.,.F.,(4,4),(4,4),(0.,0.103778955945343),(0.,11.9000000000636),
 .UNSPECIFIED.);
#34=B_SPLINE_SURFACE_WITH_KNOTS('',3,3,((#6885,#6886,#6887,#6888),(#6889,
#6890,#6891,#6892),(#6893,#6894,#6895,#6896),(#6897,#6898,#6899,#6900)),
 .UNSPECIFIED.,.F.,.F.,.F.,(4,4),(4,4),(0.,0.200006554639248),(0.,11.7999921254407),
 .UNSPECIFIED.);
#35=B_SPLINE_SURFACE_WITH_KNOTS('',3,3,((#6924,#6925,#6926,#6927),(#6928,
#6929,#6930,#6931),(#6932,#6933,#6934,#6935),(#6936,#6937,#6938,#6939)),
 .UNSPECIFIED.,.F.,.F.,.F.,(4,4),(4,4),(0.,0.226460298965133),(0.,11.9000000000636),
 .UNSPECIFIED.);
#36=B_SPLINE_SURFACE_WITH_KNOTS('',3,3,((#6952,#6953,#6954,#6955),(#6956,
#6957,#6958,#6959),(#6960,#6961,#6962,#6963),(#6964,#6965,#6966,#6967)),
 .UNSPECIFIED.,.F.,.F.,.F.,(4,4),(4,4),(-0.200000000904263,0.),(0.,10.2315274588631),
 .UNSPECIFIED.);
#37=B_SPLINE_SURFACE_WITH_KNOTS('',3,3,((#6976,#6977,#6978,#6979),(#6980,
#6981,#6982,#6983),(#6984,#6985,#6986,#6987),(#6988,#6989,#6990,#6991)),
 .UNSPECIFIED.,.F.,.F.,.F.,(4,4),(4,4),(-0.200000000000002,0.),(0.,10.3359034438214),
 .UNSPECIFIED.);
#38=B_SPLINE_SURFACE_WITH_KNOTS('',3,3,((#7004,#7005,#7006,#7007),(#7008,
#7009,#7010,#7011),(#7012,#7013,#7014,#7015),(#7016,#7017,#7018,#7019)),
 .UNSPECIFIED.,.F.,.F.,.F.,(4,4),(4,4),(0.,0.2),(0.,10.3359034438214),
 .UNSPECIFIED.);
#39=B_SPLINE_SURFACE_WITH_KNOTS('',3,3,((#7029,#7030,#7031,#7032),(#7033,
#7034,#7035,#7036),(#7037,#7038,#7039,#7040),(#7041,#7042,#7043,#7044)),
 .UNSPECIFIED.,.F.,.F.,.F.,(4,4),(4,4),(-0.103778955945343,-2.93348978951366E-5),
(0.,0.0999999999363954),.UNSPECIFIED.);
#40=B_SPLINE_SURFACE_WITH_KNOTS('',3,3,((#7053,#7054,#7055,#7056),(#7057,
#7058,#7059,#7060),(#7061,#7062,#7063,#7064),(#7065,#7066,#7067,#7068)),
 .UNSPECIFIED.,.F.,.F.,.F.,(4,4),(4,4),(-0.226460298965133,0.),(0.,0.0999999999363954),
 .UNSPECIFIED.);
#41=B_SPLINE_SURFACE_WITH_KNOTS('',3,3,((#7069,#7070,#7071,#7072),(#7073,
#7074,#7075,#7076),(#7077,#7078,#7079,#7080),(#7081,#7082,#7083,#7084)),
 .UNSPECIFIED.,.F.,.F.,.F.,(4,4),(4,4),(0.,0.200000000000008),(0.,10.2315059399136),
 .UNSPECIFIED.);
#42=B_SPLINE_SURFACE_WITH_KNOTS('',3,3,((#7094,#7095,#7096,#7097),(#7098,
#7099,#7100,#7101),(#7102,#7103,#7104,#7105),(#7106,#7107,#7108,#7109)),
 .UNSPECIFIED.,.F.,.F.,.F.,(4,4),(4,4),(0.,0.11547005383792),(0.,10.3359034438214),
 .UNSPECIFIED.);
#43=B_SPLINE_SURFACE_WITH_KNOTS('',3,3,((#7115,#7116,#7117,#7118),(#7119,
#7120,#7121,#7122),(#7123,#7124,#7125,#7126),(#7127,#7128,#7129,#7130)),
 .UNSPECIFIED.,.F.,.F.,.F.,(4,4),(4,4),(0.,0.11547005383792),(0.,7.1),
 .UNSPECIFIED.);
#44=B_SPLINE_SURFACE_WITH_KNOTS('',3,3,((#7143,#7144,#7145,#7146),(#7147,
#7148,#7149,#7150),(#7151,#7152,#7153,#7154),(#7155,#7156,#7157,#7158)),
 .UNSPECIFIED.,.F.,.F.,.F.,(4,4),(4,4),(0.,0.2),(0.,7.1),.UNSPECIFIED.);
#45=B_SPLINE_SURFACE_WITH_KNOTS('',3,3,((#7163,#7164,#7165,#7166),(#7167,
#7168,#7169,#7170),(#7171,#7172,#7173,#7174),(#7175,#7176,#7177,#7178)),
 .UNSPECIFIED.,.F.,.F.,.F.,(4,4),(4,4),(0.,0.200000000000008),(0.0999982947125252,
7.1),.UNSPECIFIED.);
#46=B_SPLINE_SURFACE_WITH_KNOTS('',3,3,((#7180,#7181,#7182,#7183),(#7184,
#7185,#7186,#7187),(#7188,#7189,#7190,#7191),(#7192,#7193,#7194,#7195)),
 .UNSPECIFIED.,.F.,.F.,.F.,(4,4),(4,4),(-0.115470053837926,0.),(0.,10.3359034438214),
 .UNSPECIFIED.);
#47=B_SPLINE_SURFACE_WITH_KNOTS('',3,3,((#7201,#7202,#7203,#7204),(#7205,
#7206,#7207,#7208),(#7209,#7210,#7211,#7212),(#7213,#7214,#7215,#7216)),
 .UNSPECIFIED.,.F.,.F.,.F.,(4,4),(4,4),(-0.115470053837926,0.),(0.,7.1),
 .UNSPECIFIED.);
#48=B_SPLINE_SURFACE_WITH_KNOTS('',3,3,((#7261,#7262,#7263,#7264),(#7265,
#7266,#7267,#7268),(#7269,#7270,#7271,#7272),(#7273,#7274,#7275,#7276),
(#7277,#7278,#7279,#7280),(#7281,#7282,#7283,#7284),(#7285,#7286,#7287,
#7288),(#7289,#7290,#7291,#7292),(#7293,#7294,#7295,#7296),(#7297,#7298,
#7299,#7300),(#7301,#7302,#7303,#7304),(#7305,#7306,#7307,#7308),(#7309,
#7310,#7311,#7312),(#7313,#7314,#7315,#7316),(#7317,#7318,#7319,#7320),
(#7321,#7322,#7323,#7324),(#7325,#7326,#7327,#7328),(#7329,#7330,#7331,
#7332),(#7333,#7334,#7335,#7336),(#7337,#7338,#7339,#7340),(#7341,#7342,
#7343,#7344),(#7345,#7346,#7347,#7348),(#7349,#7350,#7351,#7352),(#7353,
#7354,#7355,#7356),(#7357,#7358,#7359,#7360),(#7361,#7362,#7363,#7364),
(#7365,#7366,#7367,#7368),(#7369,#7370,#7371,#7372),(#7373,#7374,#7375,
#7376),(#7377,#7378,#7379,#7380),(#7381,#7382,#7383,#7384),(#7385,#7386,
#7387,#7388),(#7389,#7390,#7391,#7392),(#7393,#7394,#7395,#7396),(#7397,
#7398,#7399,#7400)),.UNSPECIFIED.,.T.,.F.,.F.,(4,1,1,1,2,1,1,2,1,1,1,2,
1,2,1,1,1,2,1,1,2,1,1,1,2,4),(4,4),(0.,0.0286291258208301,0.0572582516416601,
0.0858873774624902,0.11451650328332,0.17044801261866,0.226379521954,0.338242540624679,
0.366871666445509,0.39550079226634,0.42412991808717,0.452759043908,0.476379521954,
0.5,0.52862912582083,0.55725825164166,0.58588737746249,0.614516503283321,
0.726379521954,0.782311031289339,0.838242540624679,0.866871666445509,0.895500792266339,
0.92412991808717,0.952759043908,1.),(0.,1.),.UNSPECIFIED.);
#49=CONICAL_SURFACE('',#4327,2.50000000000001,0.785398163397449);
#50=CONICAL_SURFACE('',#4331,2.5,0.785398163397449);
#51=CONICAL_SURFACE('',#4335,2.49999999999999,0.785398163397448);
#52=CONICAL_SURFACE('',#4339,2.49999999999999,0.785398163397448);
#53=CONICAL_SURFACE('',#4350,2.25,0.785398163397442);
#54=CONICAL_SURFACE('',#4354,2.25,0.785398163397447);
#55=CONICAL_SURFACE('',#4389,14.1650635094611,1.04719755119659);
#56=CONICAL_SURFACE('',#4395,10.5,0.785398163397447);
#57=CONICAL_SURFACE('',#4431,9.29903810567676,1.04719755119663);
#58=SHAPE_REPRESENTATION_RELATIONSHIP('SRR','None',#7868,#60);
#59=SHAPE_REPRESENTATION_RELATIONSHIP('SRR','None',#7867,#61);
#60=ADVANCED_BREP_SHAPE_REPRESENTATION('',(#65),#7856);
#61=ADVANCED_BREP_SHAPE_REPRESENTATION('',(#66,#67),#7855);
#62=STYLED_ITEM('',(#7881),#65);
#63=STYLED_ITEM('',(#7881),#66);
#64=STYLED_ITEM('',(#7881),#67);
#65=MANIFOLD_SOLID_BREP('K\X\F6rper1',#4259);
#66=MANIFOLD_SOLID_BREP('Gehoaeuse',#4260);
#67=MANIFOLD_SOLID_BREP('Deckel',#4261);
#68=B_SPLINE_CURVE_WITH_KNOTS('',3,(#5686,#5687,#5688,#5689,#5690,#5691,
#5692,#5693,#5694,#5695,#5696,#5697,#5698,#5699,#5700,#5701,#5702,#5703,
#5704,#5705,#5706,#5707,#5708,#5709,#5710,#5711,#5712,#5713,#5714,#5715,
#5716,#5717,#5718,#5719),.UNSPECIFIED.,.T.,.F.,(4,2,2,2,2,2,2,2,2,2,2,2,
2,2,2,2,4),(-6.10698487275516,-5.72507777820835,-5.34317068366154,-4.96170466911396,
-4.58023865456637,-4.19877264001878,-3.8173066254712,-3.43539953092439,
-3.05349243637758,-2.67158534183077,-2.28967824728396,-1.90821223273638,
-1.52674621818879,-1.1452802036412,-0.763814189093616,-0.381907094546808,
0.),.UNSPECIFIED.);
#69=B_SPLINE_CURVE_WITH_KNOTS('',3,(#5959,#5960,#5961,#5962,#5963,#5964),
 .UNSPECIFIED.,.F.,.F.,(4,2,4),(-0.189802181366402,-0.0948828303375108,
0.),.UNSPECIFIED.);
#70=B_SPLINE_CURVE_WITH_KNOTS('',3,(#5966,#5967,#5968,#5969,#5970,#5971),
 .UNSPECIFIED.,.F.,.F.,(4,2,4),(-0.200250848647411,-0.100125424323706,0.),
 .UNSPECIFIED.);
#71=B_SPLINE_CURVE_WITH_KNOTS('',3,(#5973,#5974,#5975,#5976,#5977,#5978),
 .UNSPECIFIED.,.F.,.F.,(4,2,4),(-0.175584170418355,-0.0877718673760788,
0.),.UNSPECIFIED.);
#72=B_SPLINE_CURVE_WITH_KNOTS('',3,(#6011,#6012,#6013,#6014,#6015,#6016),
 .UNSPECIFIED.,.F.,.F.,(4,2,4),(-0.186468833810918,-0.0932284513627983,
0.),.UNSPECIFIED.);
#73=B_SPLINE_CURVE_WITH_KNOTS('',3,(#6023,#6024,#6025,#6026,#6027,#6028),
 .UNSPECIFIED.,.F.,.F.,(4,2,4),(-0.194822206504904,-0.0973497910599994,
0.),.UNSPECIFIED.);
#74=B_SPLINE_CURVE_WITH_KNOTS('',3,(#6029,#6030,#6031,#6032,#6033,#6034),
 .UNSPECIFIED.,.F.,.F.,(4,2,4),(-0.221858049493845,-0.110844689296964,0.),
 .UNSPECIFIED.);
#75=B_SPLINE_CURVE_WITH_KNOTS('',3,(#6041,#6042,#6043,#6044),
 .UNSPECIFIED.,.F.,.F.,(4,4),(-4.68663162293067,-1.02315233517823),
 .UNSPECIFIED.);
#76=B_SPLINE_CURVE_WITH_KNOTS('',3,(#6046,#6047,#6048,#6049),
 .UNSPECIFIED.,.F.,.F.,(4,4),(-6.17216999876164,0.),.UNSPECIFIED.);
#77=B_SPLINE_CURVE_WITH_KNOTS('',3,(#6052,#6053,#6054,#6055),
 .UNSPECIFIED.,.F.,.F.,(4,4),(-7.82943165242535,-6.27056327565002),
 .UNSPECIFIED.);
#78=B_SPLINE_CURVE_WITH_KNOTS('',3,(#6073,#6074,#6075,#6076),
 .UNSPECIFIED.,.F.,.F.,(4,4),(0.,4.68663162293067),.UNSPECIFIED.);
#79=B_SPLINE_CURVE_WITH_KNOTS('',3,(#6078,#6079,#6080,#6081),
 .UNSPECIFIED.,.F.,.F.,(4,4),(0.000162602533081832,0.2),.UNSPECIFIED.);
#80=B_SPLINE_CURVE_WITH_KNOTS('',3,(#6082,#6083,#6084,#6085),
 .UNSPECIFIED.,.F.,.F.,(4,4),(0.,4.79685038000549),.UNSPECIFIED.);
#81=B_SPLINE_CURVE_WITH_KNOTS('',3,(#6103,#6104,#6105,#6106),
 .UNSPECIFIED.,.F.,.F.,(4,4),(0.47531947171939,4.79685038000549),
 .UNSPECIFIED.);
#82=B_SPLINE_CURVE_WITH_KNOTS('',3,(#6107,#6108,#6109,#6110,#6111,#6112,
#6113),.UNSPECIFIED.,.F.,.F.,(4,3,4),(0.,0.266452587122219,0.535529328824518),
 .UNSPECIFIED.);
#83=B_SPLINE_CURVE_WITH_KNOTS('',3,(#6131,#6132,#6133,#6134,#6135,#6136),
 .UNSPECIFIED.,.F.,.F.,(4,2,4),(0.0259407419787798,0.0780337297580878,0.156110915963745),
 .UNSPECIFIED.);
#84=B_SPLINE_CURVE_WITH_KNOTS('',3,(#6138,#6139,#6140,#6141),
 .UNSPECIFIED.,.F.,.F.,(4,4),(0.,0.0191719046259336),.UNSPECIFIED.);
#85=B_SPLINE_CURVE_WITH_KNOTS('',3,(#6142,#6143,#6144,#6145),
 .UNSPECIFIED.,.F.,.F.,(4,4),(6.08740259292946,7.71915796717992),
 .UNSPECIFIED.);
#86=B_SPLINE_CURVE_WITH_KNOTS('',3,(#6162,#6163,#6164,#6165,#6166,#6167,
#6168),.UNSPECIFIED.,.F.,.F.,(4,3,4),(0.,0.214721424415072,0.431036172320018),
 .UNSPECIFIED.);
#87=B_SPLINE_CURVE_WITH_KNOTS('',3,(#6186,#6187,#6188,#6189,#6190,#6191),
 .UNSPECIFIED.,.F.,.F.,(4,2,4),(0.0209578560368653,0.100095025712101,0.200190051424202),
 .UNSPECIFIED.);
#88=B_SPLINE_CURVE_WITH_KNOTS('',3,(#6193,#6194,#6195,#6196),
 .UNSPECIFIED.,.F.,.F.,(4,4),(0.,0.0330749419009521),.UNSPECIFIED.);
#89=B_SPLINE_CURVE_WITH_KNOTS('',3,(#6197,#6198,#6199,#6200),
 .UNSPECIFIED.,.F.,.F.,(4,4),(5.87552735794165,7.73739438494592),
 .UNSPECIFIED.);
#90=B_SPLINE_CURVE_WITH_KNOTS('',3,(#6207,#6208,#6209,#6210,#6211,#6212),
 .UNSPECIFIED.,.F.,.F.,(4,2,4),(0.,0.124312603517139,0.248660752672036),
 .UNSPECIFIED.);
#91=B_SPLINE_CURVE_WITH_KNOTS('',3,(#6221,#6222,#6223,#6224,#6225,#6226),
 .UNSPECIFIED.,.F.,.F.,(4,2,4),(0.,0.100000000620993,0.200000001241986),
 .UNSPECIFIED.);
#92=B_SPLINE_CURVE_WITH_KNOTS('',3,(#6232,#6233,#6234,#6235),
 .UNSPECIFIED.,.F.,.F.,(4,4),(0.0962055928297822,0.115470994895421),
 .UNSPECIFIED.);
#93=B_SPLINE_CURVE_WITH_KNOTS('',3,(#6244,#6245,#6246,#6247,#6248,#6249),
 .UNSPECIFIED.,.F.,.F.,(4,2,4),(0.,0.0763611136380055,0.152752523423137),
 .UNSPECIFIED.);
#94=B_SPLINE_CURVE_WITH_KNOTS('',3,(#6377,#6378,#6379,#6380,#6381,#6382),
 .UNSPECIFIED.,.F.,.F.,(4,2,4),(-0.175673105518451,-0.0878168116107457,
0.),.UNSPECIFIED.);
#95=B_SPLINE_CURVE_WITH_KNOTS('',3,(#6384,#6385,#6386,#6387,#6388,#6389),
 .UNSPECIFIED.,.F.,.F.,(4,2,4),(-0.199998117885005,-0.0999990589425028,
0.),.UNSPECIFIED.);
#96=B_SPLINE_CURVE_WITH_KNOTS('',3,(#6391,#6392,#6393,#6394,#6395,#6396),
 .UNSPECIFIED.,.F.,.F.,(4,2,4),(-0.189895022130322,-0.0949286794391452,
0.),.UNSPECIFIED.);
#97=B_SPLINE_CURVE_WITH_KNOTS('',3,(#6419,#6420,#6421,#6422,#6423,#6424),
 .UNSPECIFIED.,.F.,.F.,(4,2,4),(-0.194947024056462,-0.0974130222874349,
0.),.UNSPECIFIED.);
#98=B_SPLINE_CURVE_WITH_KNOTS('',3,(#6433,#6434,#6435,#6436,#6437,#6438),
 .UNSPECIFIED.,.F.,.F.,(4,2,4),(-0.186582214288221,-0.0932854273625539,
0.),.UNSPECIFIED.);
#99=B_SPLINE_CURVE_WITH_KNOTS('',3,(#6439,#6440,#6441,#6442,#6443,#6444),
 .UNSPECIFIED.,.F.,.F.,(4,2,4),(-0.221599934409556,-0.110717138956344,0.),
 .UNSPECIFIED.);
#100=B_SPLINE_CURVE_WITH_KNOTS('',3,(#6459,#6460,#6461,#6462),
 .UNSPECIFIED.,.F.,.F.,(4,4),(6.20947109719383,7.82943165242535),
 .UNSPECIFIED.);
#101=B_SPLINE_CURVE_WITH_KNOTS('',3,(#6466,#6467,#6468,#6469),
 .UNSPECIFIED.,.F.,.F.,(4,4),(0.,6.17282573035016),.UNSPECIFIED.);
#102=B_SPLINE_CURVE_WITH_KNOTS('',3,(#6470,#6471,#6472,#6473),
 .UNSPECIFIED.,.F.,.F.,(4,4),(1.02242923579026,4.74176846555341),
 .UNSPECIFIED.);
#103=B_SPLINE_CURVE_WITH_KNOTS('',3,(#6490,#6491,#6492,#6493),
 .UNSPECIFIED.,.F.,.F.,(4,4),(6.0261930681585,7.71915796717992),
 .UNSPECIFIED.);
#104=B_SPLINE_CURVE_WITH_KNOTS('',3,(#6494,#6495,#6496,#6497,#6498,#6499),
 .UNSPECIFIED.,.F.,.F.,(4,2,4),(0.,0.0780962145203961,0.130170173984966),
 .UNSPECIFIED.);
#105=B_SPLINE_CURVE_WITH_KNOTS('',3,(#6517,#6518,#6519,#6520),
 .UNSPECIFIED.,.F.,.F.,(4,4),(5.81456554565136,7.73731603724381),
 .UNSPECIFIED.);
#106=B_SPLINE_CURVE_WITH_KNOTS('',3,(#6521,#6522,#6523,#6524),
 .UNSPECIFIED.,.F.,.F.,(4,4),(0.282705398639223,0.315638133268467),
 .UNSPECIFIED.);
#107=B_SPLINE_CURVE_WITH_KNOTS('',3,(#6542,#6543,#6544,#6545),
 .UNSPECIFIED.,.F.,.F.,(4,4),(-7.82943165242535,-5.75347286930627),
 .UNSPECIFIED.);
#108=B_SPLINE_CURVE_WITH_KNOTS('',3,(#6546,#6547,#6548,#6549,#6550,#6551),
 .UNSPECIFIED.,.F.,.F.,(4,2,4),(0.,0.124417090745042,0.248868625688062),
 .UNSPECIFIED.);
#109=B_SPLINE_CURVE_WITH_KNOTS('',3,(#6569,#6570,#6571,#6572,#6573,#6574),
 .UNSPECIFIED.,.F.,.F.,(4,2,4),(0.,0.266503302211559,0.535612720306756),
 .UNSPECIFIED.);
#110=B_SPLINE_CURVE_WITH_KNOTS('',3,(#6575,#6576,#6577,#6578),
 .UNSPECIFIED.,.F.,.F.,(4,4),(0.474509963897322,4.85204304950696),
 .UNSPECIFIED.);
#111=B_SPLINE_CURVE_WITH_KNOTS('',3,(#6596,#6597,#6598,#6599),
 .UNSPECIFIED.,.F.,.F.,(4,4),(0.,4.85204304950696),.UNSPECIFIED.);
#112=B_SPLINE_CURVE_WITH_KNOTS('',3,(#6601,#6602,#6603,#6604),
 .UNSPECIFIED.,.F.,.F.,(4,4),(-0.200000000000002,0.),.UNSPECIFIED.);
#113=B_SPLINE_CURVE_WITH_KNOTS('',3,(#6605,#6606,#6607,#6608),
 .UNSPECIFIED.,.F.,.F.,(4,4),(-4.74176846555339,-2.21576907934283E-8),
 .UNSPECIFIED.);
#114=B_SPLINE_CURVE_WITH_KNOTS('',3,(#6625,#6626,#6627,#6628),
 .UNSPECIFIED.,.F.,.F.,(4,4),(6.66969791764793,7.1),.UNSPECIFIED.);
#115=B_SPLINE_CURVE_WITH_KNOTS('',3,(#6645,#6646,#6647,#6648),
 .UNSPECIFIED.,.F.,.F.,(4,4),(0.0999999999998936,6.66969791764793),
 .UNSPECIFIED.);
#116=B_SPLINE_CURVE_WITH_KNOTS('',3,(#6650,#6651,#6652,#6653),
 .UNSPECIFIED.,.F.,.F.,(4,4),(0.0999999999998935,7.1),.UNSPECIFIED.);
#117=B_SPLINE_CURVE_WITH_KNOTS('',3,(#6654,#6655,#6656,#6657),
 .UNSPECIFIED.,.F.,.F.,(4,4),(-0.200000000904263,0.),.UNSPECIFIED.);
#118=B_SPLINE_CURVE_WITH_KNOTS('',3,(#6674,#6675,#6676,#6677,#6678,#6679,
#6680),.UNSPECIFIED.,.F.,.F.,(4,3,4),(0.,0.111781224367803,0.223606797142529),
 .UNSPECIFIED.);
#119=B_SPLINE_CURVE_WITH_KNOTS('',3,(#6685,#6686,#6687,#6688),
 .UNSPECIFIED.,.F.,.F.,(4,4),(0.,10.3359034438214),.UNSPECIFIED.);
#120=B_SPLINE_CURVE_WITH_KNOTS('',3,(#6707,#6708,#6709,#6710,#6711,#6712,
#6713,#6714,#6715,#6716,#6717,#6718,#6719,#6720,#6721,#6722,#6723,#6724,
#6725,#6726,#6727,#6728,#6729,#6730,#6731,#6732,#6733,#6734,#6735,#6736,
#6737,#6738,#6739,#6740,#6741),.UNSPECIFIED.,.T.,.F.,(4,2,1,1,1,2,1,1,2,
1,1,1,2,1,2,1,1,1,2,1,1,2,1,1,1,4),(-1.,-0.952759043908,-0.92412991808717,
-0.895500792266339,-0.866871666445509,-0.838242540624679,-0.782311031289339,
-0.726379521954,-0.614516503283321,-0.58588737746249,-0.55725825164166,
-0.52862912582083,-0.5,-0.476379521954,-0.452759043908,-0.42412991808717,
-0.39550079226634,-0.366871666445509,-0.338242540624679,-0.226379521954,
-0.17044801261866,-0.11451650328332,-0.0858873774624902,-0.0572582516416601,
-0.0286291258208301,0.),.UNSPECIFIED.);
#121=B_SPLINE_CURVE_WITH_KNOTS('',3,(#6758,#6759,#6760,#6761),
 .UNSPECIFIED.,.F.,.F.,(4,4),(5.81446955942334,7.82943165242535),
 .UNSPECIFIED.);
#122=B_SPLINE_CURVE_WITH_KNOTS('',3,(#6768,#6769,#6770,#6771,#6772,#6773),
 .UNSPECIFIED.,.F.,.F.,(4,2,4),(2.95369492597786E-6,0.100001146019993,0.200002292039987),
 .UNSPECIFIED.);
#123=B_SPLINE_CURVE_WITH_KNOTS('',3,(#6794,#6795,#6796,#6797),
 .UNSPECIFIED.,.F.,.F.,(4,4),(-10.3359034438214,0.),.UNSPECIFIED.);
#124=B_SPLINE_CURVE_WITH_KNOTS('',3,(#6809,#6810,#6811,#6812,#6813,#6814),
 .UNSPECIFIED.,.F.,.F.,(4,2,4),(0.,0.111779316230978,0.223604259760519),
 .UNSPECIFIED.);
#125=B_SPLINE_CURVE_WITH_KNOTS('',3,(#6815,#6816,#6817,#6818),
 .UNSPECIFIED.,.F.,.F.,(4,4),(0.,3.41057495961766E-6),.UNSPECIFIED.);
#126=B_SPLINE_CURVE_WITH_KNOTS('',3,(#6856,#6857,#6858,#6859),
 .UNSPECIFIED.,.F.,.F.,(4,4),(0.,2.69184956162665E-5),.UNSPECIFIED.);
#127=B_SPLINE_CURVE_WITH_KNOTS('',3,(#6861,#6862,#6863,#6864),
 .UNSPECIFIED.,.F.,.F.,(4,4),(-3.35609260983365E-6,0.),.UNSPECIFIED.);
#128=B_SPLINE_CURVE_WITH_KNOTS('',3,(#6870,#6871,#6872,#6873,#6874,#6875),
 .UNSPECIFIED.,.F.,.F.,(4,2,4),(0.,0.0720772419547196,0.144128772342311),
 .UNSPECIFIED.);
#129=B_SPLINE_CURVE_WITH_KNOTS('',3,(#6877,#6878,#6879,#6880),
 .UNSPECIFIED.,.F.,.F.,(4,4),(0.,2.59347161823835E-5),.UNSPECIFIED.);
#130=B_SPLINE_CURVE_WITH_KNOTS('',3,(#6881,#6882,#6883,#6884),
 .UNSPECIFIED.,.F.,.F.,(4,4),(2.32967600986876E-6,11.7999814261541),
 .UNSPECIFIED.);
#131=B_SPLINE_CURVE_WITH_KNOTS('',3,(#6902,#6903,#6904,#6905,#6906,#6907),
 .UNSPECIFIED.,.F.,.F.,(4,2,4),(0.,0.100003277323506,0.19998557061025),
 .UNSPECIFIED.);
#132=B_SPLINE_CURVE_WITH_KNOTS('',3,(#6909,#6910,#6911,#6912,#6913,#6914),
 .UNSPECIFIED.,.F.,.F.,(4,2,4),(0.,0.100022941426689,0.200027351190996),
 .UNSPECIFIED.);
#133=B_SPLINE_CURVE_WITH_KNOTS('',3,(#6916,#6917,#6918,#6919),
 .UNSPECIFIED.,.F.,.F.,(4,4),(0.,2.13985689625019E-5),.UNSPECIFIED.);
#134=B_SPLINE_CURVE_WITH_KNOTS('',3,(#6920,#6921,#6922,#6923),
 .UNSPECIFIED.,.F.,.F.,(4,4),(0.,11.7999921254407),.UNSPECIFIED.);
#135=B_SPLINE_CURVE_WITH_KNOTS('',3,(#6940,#6941,#6942,#6943,#6944,#6945),
 .UNSPECIFIED.,.F.,.F.,(4,2,4),(0.,0.123792377717027,0.247602035504),
 .UNSPECIFIED.);
#136=B_SPLINE_CURVE_WITH_KNOTS('',3,(#6947,#6948,#6949,#6950),
 .UNSPECIFIED.,.F.,.F.,(4,4),(0.,11.9000000000636),.UNSPECIFIED.);
#137=B_SPLINE_CURVE_WITH_KNOTS('',3,(#6968,#6969,#6970,#6971),
 .UNSPECIFIED.,.F.,.F.,(4,4),(0.,10.2315003784844),.UNSPECIFIED.);
#138=B_SPLINE_CURVE_WITH_KNOTS('',3,(#6972,#6973,#6974,#6975),
 .UNSPECIFIED.,.F.,.F.,(4,4),(0.,10.2315274588631),.UNSPECIFIED.);
#139=B_SPLINE_CURVE_WITH_KNOTS('',3,(#6992,#6993,#6994,#6995,#6996,#6997),
 .UNSPECIFIED.,.F.,.F.,(4,2,4),(-0.247551115368106,-0.123777924218671,0.),
 .UNSPECIFIED.);
#140=B_SPLINE_CURVE_WITH_KNOTS('',3,(#7000,#7001,#7002,#7003),
 .UNSPECIFIED.,.F.,.F.,(4,4),(-0.0999999999363954,0.),.UNSPECIFIED.);
#141=B_SPLINE_CURVE_WITH_KNOTS('',3,(#7021,#7022,#7023,#7024),
 .UNSPECIFIED.,.F.,.F.,(4,4),(0.,10.2314798492309),.UNSPECIFIED.);
#142=B_SPLINE_CURVE_WITH_KNOTS('',3,(#7025,#7026,#7027,#7028),
 .UNSPECIFIED.,.F.,.F.,(4,4),(0.,0.000162602533081832),.UNSPECIFIED.);
#143=B_SPLINE_CURVE_WITH_KNOTS('',3,(#7046,#7047,#7048,#7049,#7050,#7051),
 .UNSPECIFIED.,.F.,.F.,(4,2,4),(-0.144095525472556,-0.0720420936114499,
0.),.UNSPECIFIED.);
#144=B_SPLINE_CURVE_WITH_KNOTS('',3,(#7086,#7087,#7088,#7089),
 .UNSPECIFIED.,.F.,.F.,(4,4),(0.,10.2315059399136),.UNSPECIFIED.);
#145=B_SPLINE_CURVE_WITH_KNOTS('',3,(#7090,#7091,#7092,#7093),
 .UNSPECIFIED.,.F.,.F.,(4,4),(0.,0.200000000000008),.UNSPECIFIED.);
#146=B_SPLINE_CURVE_WITH_KNOTS('',3,(#7111,#7112,#7113,#7114),
 .UNSPECIFIED.,.F.,.F.,(4,4),(0.,0.11547005383792),.UNSPECIFIED.);
#147=B_SPLINE_CURVE_WITH_KNOTS('',3,(#7132,#7133,#7134,#7135,#7136,#7137),
 .UNSPECIFIED.,.F.,.F.,(4,2,4),(1.75059448452126E-6,0.0763624257397333,
0.152754273759692),.UNSPECIFIED.);
#148=B_SPLINE_CURVE_WITH_KNOTS('',3,(#7139,#7140,#7141,#7142),
 .UNSPECIFIED.,.F.,.F.,(4,4),(0.0999999999999998,7.1),.UNSPECIFIED.);
#149=B_SPLINE_CURVE_WITH_KNOTS('',3,(#7159,#7160,#7161,#7162),
 .UNSPECIFIED.,.F.,.F.,(4,4),(0.0999982947125252,7.1),.UNSPECIFIED.);
#150=B_SPLINE_CURVE_WITH_KNOTS('',3,(#7196,#7197,#7198,#7199),
 .UNSPECIFIED.,.F.,.F.,(4,4),(-0.115470053837926,0.),.UNSPECIFIED.);
#151=B_SPLINE_CURVE_WITH_KNOTS('',3,(#7219,#7220,#7221,#7222,#7223,#7224,
#7225,#7226,#7227,#7228,#7229,#7230,#7231,#7232,#7233,#7234,#7235,#7236,
#7237,#7238,#7239,#7240,#7241,#7242,#7243,#7244,#7245,#7246,#7247,#7248,
#7249,#7250,#7251,#7252,#7253),.UNSPECIFIED.,.T.,.F.,(4,1,1,1,2,1,1,2,1,
1,1,2,1,2,1,1,1,2,1,1,2,1,1,1,2,4),(0.,0.0286291258208301,0.0572582516416601,
0.0858873774624902,0.11451650328332,0.17044801261866,0.226379521954,0.338242540624679,
0.366871666445509,0.39550079226634,0.42412991808717,0.452759043908,0.476379521954,
0.5,0.52862912582083,0.55725825164166,0.58588737746249,0.614516503283321,
0.726379521954,0.782311031289339,0.838242540624679,0.866871666445509,0.895500792266339,
0.92412991808717,0.952759043908,1.),.UNSPECIFIED.);
#152=B_SPLINE_CURVE_WITH_KNOTS('',3,(#7574,#7575,#7576,#7577,#7578,#7579,
#7580,#7581,#7582,#7583),.UNSPECIFIED.,.F.,.F.,(4,2,2,2,4),(0.898289414857624,
1.00759812359437,1.12068874525299,1.23545063388278,1.34960645269565),
 .UNSPECIFIED.);
#153=B_SPLINE_CURVE_WITH_KNOTS('',3,(#7589,#7590,#7591,#7592,#7593,#7594,
#7595,#7596,#7597,#7598),.UNSPECIFIED.,.F.,.F.,(4,2,2,2,4),(0.446972377019595,
0.56112819583247,0.675890084462259,0.788980706120873,0.898289414857623),
 .UNSPECIFIED.);
#154=B_SPLINE_CURVE_WITH_KNOTS('',3,(#7607,#7608,#7609,#7610,#7611,#7612,
#7613,#7614,#7615,#7616),.UNSPECIFIED.,.F.,.F.,(4,2,2,2,4),(0.446972377019594,
0.56112819583247,0.675890084462258,0.788980706120873,0.898289414857623),
 .UNSPECIFIED.);
#155=B_SPLINE_CURVE_WITH_KNOTS('',3,(#7623,#7624,#7625,#7626,#7627,#7628,
#7629,#7630,#7631,#7632),.UNSPECIFIED.,.F.,.F.,(4,2,2,2,4),(0.898289414857623,
1.00759812359437,1.12068874525299,1.23545063388278,1.34960645269565),
 .UNSPECIFIED.);
#156=B_SPLINE_CURVE_WITH_KNOTS('',3,(#7645,#7646,#7647,#7648,#7649,#7650,
#7651,#7652,#7653,#7654),.UNSPECIFIED.,.F.,.F.,(4,2,2,2,4),(0.446972377019594,
0.56112819583247,0.675890084462259,0.788980706120873,0.898289414857623),
 .UNSPECIFIED.);
#157=B_SPLINE_CURVE_WITH_KNOTS('',3,(#7661,#7662,#7663,#7664,#7665,#7666,
#7667,#7668,#7669,#7670),.UNSPECIFIED.,.F.,.F.,(4,2,2,2,4),(0.898289414857623,
1.00759812359437,1.12068874525299,1.23545063388278,1.34960645269565),
 .UNSPECIFIED.);
#158=B_SPLINE_CURVE_WITH_KNOTS('',3,(#7685,#7686,#7687,#7688,#7689,#7690,
#7691,#7692,#7693,#7694),.UNSPECIFIED.,.F.,.F.,(4,2,2,2,4),(0.898289414857623,
1.00759812359437,1.12068874525299,1.23545063388278,1.34960645269565),
 .UNSPECIFIED.);
#159=B_SPLINE_CURVE_WITH_KNOTS('',3,(#7698,#7699,#7700,#7701,#7702,#7703,
#7704,#7705,#7706,#7707),.UNSPECIFIED.,.F.,.F.,(4,2,2,2,4),(0.446972377019594,
0.56112819583247,0.675890084462259,0.788980706120873,0.898289414857623),
 .UNSPECIFIED.);
#160=CIRCLE('',#4288,1.54999999999999);
#161=CIRCLE('',#4291,1.55);
#162=CIRCLE('',#4293,1.54999999999999);
#163=CIRCLE('',#4296,1.55);
#164=CIRCLE('',#4301,24.25);
#165=CIRCLE('',#4303,24.25);
#166=CIRCLE('',#4306,10.);
#167=CIRCLE('',#4308,3.2);
#168=CIRCLE('',#4310,3.2);
#169=CIRCLE('',#4312,3.2);
#170=CIRCLE('',#4314,3.2);
#171=CIRCLE('',#4316,3.2);
#172=CIRCLE('',#4318,3.2);
#173=CIRCLE('',#4320,3.2);
#174=CIRCLE('',#4322,3.2);
#175=CIRCLE('',#4328,3.00000000000001);
#176=CIRCLE('',#4329,2.00000000000001);
#177=CIRCLE('',#4332,3.);
#178=CIRCLE('',#4333,2.);
#179=CIRCLE('',#4336,2.99999999999999);
#180=CIRCLE('',#4337,1.99999999999999);
#181=CIRCLE('',#4340,2.99999999999999);
#182=CIRCLE('',#4341,1.99999999999999);
#183=CIRCLE('',#4343,2.);
#184=CIRCLE('',#4346,2.00000000000001);
#185=CIRCLE('',#4349,2.5);
#186=CIRCLE('',#4351,2.);
#187=CIRCLE('',#4353,2.);
#188=CIRCLE('',#4355,2.5);
#189=CIRCLE('',#4356,2.);
#190=CIRCLE('',#4358,2.);
#191=CIRCLE('',#4387,16.3301270189222);
#192=CIRCLE('',#4388,10.5980762113535);
#193=CIRCLE('',#4390,12.);
#194=CIRCLE('',#4392,10.);
#195=CIRCLE('',#4394,10.);
#196=CIRCLE('',#4396,11.);
#197=CIRCLE('',#4421,6.99999999999999);
#198=CIRCLE('',#4426,1.99999999999999);
#199=CIRCLE('',#4427,1.99999999999999);
#200=CIRCLE('',#4429,7.99999999999999);
#201=CIRCLE('',#4430,6.99999999999999);
#202=CIRCLE('',#4436,1.75000000000001);
#203=CIRCLE('',#4440,1.75);
#204=CIRCLE('',#4444,1.75);
#205=CIRCLE('',#4448,1.75000000000001);
#206=CIRCLE('',#4458,1.75000000000001);
#207=CIRCLE('',#4462,1.75);
#208=CIRCLE('',#4467,1.75000000000001);
#209=CIRCLE('',#4472,1.75);
#210=CIRCLE('',#4483,3.00000000000001);
#211=CIRCLE('',#4484,1.09999999999999);
#212=CIRCLE('',#4486,3.00000000000001);
#213=CIRCLE('',#4487,1.09999999999999);
#214=CIRCLE('',#4489,3.);
#215=CIRCLE('',#4490,1.1);
#216=CIRCLE('',#4494,6.00000000000001);
#217=CIRCLE('',#4498,3.);
#218=CIRCLE('',#4499,1.1);
#219=CIRCLE('',#4503,6.00000000000001);
#220=CIRCLE('',#4504,6.);
#221=CIRCLE('',#4505,6.);
#222=CIRCLE('',#4506,6.00000000000001);
#223=CIRCLE('',#4508,6.);
#224=CIRCLE('',#4509,3.);
#225=CIRCLE('',#4515,3.);
#226=CIRCLE('',#4518,3.00000000000001);
#227=CIRCLE('',#4521,3.00000000000001);
#228=CIRCLE('',#4524,1.09999999999999);
#229=CIRCLE('',#4526,1.09999999999999);
#230=CIRCLE('',#4529,1.1);
#231=CIRCLE('',#4532,1.1);
#232=CIRCLE('',#4537,2.);
#233=CIRCLE('',#4538,2.);
#234=CIRCLE('',#4540,2.);
#235=CIRCLE('',#4541,2.);
#236=CIRCLE('',#4543,13.5000000000004);
#237=CIRCLE('',#4544,13.5000000000004);
#238=CIRCLE('',#4550,13.5000000000004);
#239=CIRCLE('',#4551,13.5000000000004);
#240=CYLINDRICAL_SURFACE('',#4287,1.54999999999999);
#241=CYLINDRICAL_SURFACE('',#4290,1.55);
#242=CYLINDRICAL_SURFACE('',#4292,1.54999999999999);
#243=CYLINDRICAL_SURFACE('',#4295,1.55);
#244=CYLINDRICAL_SURFACE('',#4304,24.25);
#245=CYLINDRICAL_SURFACE('',#4315,3.2);
#246=CYLINDRICAL_SURFACE('',#4317,3.2);
#247=CYLINDRICAL_SURFACE('',#4319,3.2);
#248=CYLINDRICAL_SURFACE('',#4321,3.2);
#249=CYLINDRICAL_SURFACE('',#4323,10.);
#250=CYLINDRICAL_SURFACE('',#4342,2.);
#251=CYLINDRICAL_SURFACE('',#4345,2.00000000000001);
#252=CYLINDRICAL_SURFACE('',#4352,2.);
#253=CYLINDRICAL_SURFACE('',#4357,2.);
#254=CYLINDRICAL_SURFACE('',#4393,10.);
#255=CYLINDRICAL_SURFACE('',#4457,1.75000000000001);
#256=CYLINDRICAL_SURFACE('',#4461,1.75);
#257=CYLINDRICAL_SURFACE('',#4466,1.75000000000001);
#258=CYLINDRICAL_SURFACE('',#4471,1.75);
#259=CYLINDRICAL_SURFACE('',#4475,1.99999999999999);
#260=CYLINDRICAL_SURFACE('',#4477,1.99999999999999);
#261=CYLINDRICAL_SURFACE('',#4479,6.99999999999999);
#262=CYLINDRICAL_SURFACE('',#4513,3.);
#263=CYLINDRICAL_SURFACE('',#4516,3.);
#264=CYLINDRICAL_SURFACE('',#4519,3.00000000000001);
#265=CYLINDRICAL_SURFACE('',#4522,3.00000000000001);
#266=CYLINDRICAL_SURFACE('',#4523,1.09999999999999);
#267=CYLINDRICAL_SURFACE('',#4525,1.09999999999999);
#268=CYLINDRICAL_SURFACE('',#4528,1.1);
#269=CYLINDRICAL_SURFACE('',#4531,1.1);
#270=CYLINDRICAL_SURFACE('',#4536,2.);
#271=CYLINDRICAL_SURFACE('',#4539,2.);
#272=CYLINDRICAL_SURFACE('',#4542,13.5000000000004);
#273=CYLINDRICAL_SURFACE('',#4549,13.5000000000004);
#274=FACE_BOUND('',#563,.T.);
#275=FACE_BOUND('',#564,.T.);
#276=FACE_BOUND('',#571,.T.);
#277=FACE_BOUND('',#572,.T.);
#278=FACE_BOUND('',#577,.T.);
#279=FACE_BOUND('',#579,.T.);
#280=FACE_BOUND('',#580,.T.);
#281=FACE_BOUND('',#581,.T.);
#282=FACE_BOUND('',#582,.T.);
#283=FACE_BOUND('',#583,.T.);
#284=FACE_BOUND('',#594,.T.);
#285=FACE_BOUND('',#595,.T.);
#286=FACE_BOUND('',#597,.T.);
#287=FACE_BOUND('',#598,.T.);
#288=FACE_BOUND('',#612,.T.);
#289=FACE_BOUND('',#613,.T.);
#290=FACE_BOUND('',#619,.T.);
#291=FACE_BOUND('',#627,.T.);
#292=FACE_BOUND('',#630,.T.);
#293=FACE_BOUND('',#654,.T.);
#294=FACE_BOUND('',#666,.T.);
#295=FACE_BOUND('',#669,.T.);
#296=FACE_BOUND('',#686,.T.);
#297=FACE_BOUND('',#695,.T.);
#298=FACE_BOUND('',#715,.T.);
#299=FACE_BOUND('',#718,.T.);
#300=FACE_BOUND('',#724,.T.);
#301=FACE_BOUND('',#728,.T.);
#302=FACE_BOUND('',#732,.T.);
#303=FACE_BOUND('',#736,.T.);
#304=FACE_BOUND('',#767,.T.);
#305=FACE_BOUND('',#769,.T.);
#306=FACE_BOUND('',#771,.T.);
#307=FACE_BOUND('',#778,.T.);
#308=FACE_BOUND('',#802,.T.);
#309=FACE_BOUND('',#803,.T.);
#310=FACE_BOUND('',#804,.T.);
#311=FACE_BOUND('',#805,.T.);
#312=FACE_BOUND('',#819,.T.);
#313=FACE_BOUND('',#822,.T.);
#314=FACE_BOUND('',#824,.T.);
#315=FACE_BOUND('',#827,.T.);
#316=ELLIPSE('',#4285,2.02338129846503,1.55);
#317=ELLIPSE('',#4286,2.02338129846503,1.55);
#318=ELLIPSE('',#4289,2.023381298465,1.54999999999999);
#319=ELLIPSE('',#4294,2.023381298465,1.54999999999999);
#320=FACE_OUTER_BOUND('',#554,.T.);
#321=FACE_OUTER_BOUND('',#555,.T.);
#322=FACE_OUTER_BOUND('',#556,.T.);
#323=FACE_OUTER_BOUND('',#557,.T.);
#324=FACE_OUTER_BOUND('',#558,.T.);
#325=FACE_OUTER_BOUND('',#559,.T.);
#326=FACE_OUTER_BOUND('',#560,.T.);
#327=FACE_OUTER_BOUND('',#561,.T.);
#328=FACE_OUTER_BOUND('',#562,.T.);
#329=FACE_OUTER_BOUND('',#565,.T.);
#330=FACE_OUTER_BOUND('',#566,.T.);
#331=FACE_OUTER_BOUND('',#567,.T.);
#332=FACE_OUTER_BOUND('',#568,.T.);
#333=FACE_OUTER_BOUND('',#569,.T.);
#334=FACE_OUTER_BOUND('',#570,.T.);
#335=FACE_OUTER_BOUND('',#573,.T.);
#336=FACE_OUTER_BOUND('',#574,.T.);
#337=FACE_OUTER_BOUND('',#575,.T.);
#338=FACE_OUTER_BOUND('',#576,.T.);
#339=FACE_OUTER_BOUND('',#578,.T.);
#340=FACE_OUTER_BOUND('',#584,.T.);
#341=FACE_OUTER_BOUND('',#585,.T.);
#342=FACE_OUTER_BOUND('',#586,.T.);
#343=FACE_OUTER_BOUND('',#587,.T.);
#344=FACE_OUTER_BOUND('',#588,.T.);
#345=FACE_OUTER_BOUND('',#589,.T.);
#346=FACE_OUTER_BOUND('',#590,.T.);
#347=FACE_OUTER_BOUND('',#591,.T.);
#348=FACE_OUTER_BOUND('',#592,.T.);
#349=FACE_OUTER_BOUND('',#593,.T.);
#350=FACE_OUTER_BOUND('',#596,.T.);
#351=FACE_OUTER_BOUND('',#599,.T.);
#352=FACE_OUTER_BOUND('',#600,.T.);
#353=FACE_OUTER_BOUND('',#601,.T.);
#354=FACE_OUTER_BOUND('',#602,.T.);
#355=FACE_OUTER_BOUND('',#603,.T.);
#356=FACE_OUTER_BOUND('',#604,.T.);
#357=FACE_OUTER_BOUND('',#605,.T.);
#358=FACE_OUTER_BOUND('',#606,.T.);
#359=FACE_OUTER_BOUND('',#607,.T.);
#360=FACE_OUTER_BOUND('',#608,.T.);
#361=FACE_OUTER_BOUND('',#609,.T.);
#362=FACE_OUTER_BOUND('',#610,.T.);
#363=FACE_OUTER_BOUND('',#611,.T.);
#364=FACE_OUTER_BOUND('',#614,.T.);
#365=FACE_OUTER_BOUND('',#615,.T.);
#366=FACE_OUTER_BOUND('',#616,.T.);
#367=FACE_OUTER_BOUND('',#617,.T.);
#368=FACE_OUTER_BOUND('',#618,.T.);
#369=FACE_OUTER_BOUND('',#620,.T.);
#370=FACE_OUTER_BOUND('',#621,.T.);
#371=FACE_OUTER_BOUND('',#622,.T.);
#372=FACE_OUTER_BOUND('',#623,.T.);
#373=FACE_OUTER_BOUND('',#624,.T.);
#374=FACE_OUTER_BOUND('',#625,.T.);
#375=FACE_OUTER_BOUND('',#626,.T.);
#376=FACE_OUTER_BOUND('',#628,.T.);
#377=FACE_OUTER_BOUND('',#629,.T.);
#378=FACE_OUTER_BOUND('',#631,.T.);
#379=FACE_OUTER_BOUND('',#632,.T.);
#380=FACE_OUTER_BOUND('',#633,.T.);
#381=FACE_OUTER_BOUND('',#634,.T.);
#382=FACE_OUTER_BOUND('',#635,.T.);
#383=FACE_OUTER_BOUND('',#636,.T.);
#384=FACE_OUTER_BOUND('',#637,.T.);
#385=FACE_OUTER_BOUND('',#638,.T.);
#386=FACE_OUTER_BOUND('',#639,.T.);
#387=FACE_OUTER_BOUND('',#640,.T.);
#388=FACE_OUTER_BOUND('',#641,.T.);
#389=FACE_OUTER_BOUND('',#642,.T.);
#390=FACE_OUTER_BOUND('',#643,.T.);
#391=FACE_OUTER_BOUND('',#644,.T.);
#392=FACE_OUTER_BOUND('',#645,.T.);
#393=FACE_OUTER_BOUND('',#646,.T.);
#394=FACE_OUTER_BOUND('',#647,.T.);
#395=FACE_OUTER_BOUND('',#648,.T.);
#396=FACE_OUTER_BOUND('',#649,.T.);
#397=FACE_OUTER_BOUND('',#650,.T.);
#398=FACE_OUTER_BOUND('',#651,.T.);
#399=FACE_OUTER_BOUND('',#652,.T.);
#400=FACE_OUTER_BOUND('',#653,.T.);
#401=FACE_OUTER_BOUND('',#655,.T.);
#402=FACE_OUTER_BOUND('',#656,.T.);
#403=FACE_OUTER_BOUND('',#657,.T.);
#404=FACE_OUTER_BOUND('',#658,.T.);
#405=FACE_OUTER_BOUND('',#659,.T.);
#406=FACE_OUTER_BOUND('',#660,.T.);
#407=FACE_OUTER_BOUND('',#661,.T.);
#408=FACE_OUTER_BOUND('',#662,.T.);
#409=FACE_OUTER_BOUND('',#663,.T.);
#410=FACE_OUTER_BOUND('',#664,.T.);
#411=FACE_OUTER_BOUND('',#665,.T.);
#412=FACE_OUTER_BOUND('',#667,.T.);
#413=FACE_OUTER_BOUND('',#668,.T.);
#414=FACE_OUTER_BOUND('',#670,.T.);
#415=FACE_OUTER_BOUND('',#671,.T.);
#416=FACE_OUTER_BOUND('',#672,.T.);
#417=FACE_OUTER_BOUND('',#673,.T.);
#418=FACE_OUTER_BOUND('',#674,.T.);
#419=FACE_OUTER_BOUND('',#675,.T.);
#420=FACE_OUTER_BOUND('',#676,.T.);
#421=FACE_OUTER_BOUND('',#677,.T.);
#422=FACE_OUTER_BOUND('',#678,.T.);
#423=FACE_OUTER_BOUND('',#679,.T.);
#424=FACE_OUTER_BOUND('',#680,.T.);
#425=FACE_OUTER_BOUND('',#681,.T.);
#426=FACE_OUTER_BOUND('',#682,.T.);
#427=FACE_OUTER_BOUND('',#683,.T.);
#428=FACE_OUTER_BOUND('',#684,.T.);
#429=FACE_OUTER_BOUND('',#685,.T.);
#430=FACE_OUTER_BOUND('',#687,.T.);
#431=FACE_OUTER_BOUND('',#688,.T.);
#432=FACE_OUTER_BOUND('',#689,.T.);
#433=FACE_OUTER_BOUND('',#690,.T.);
#434=FACE_OUTER_BOUND('',#691,.T.);
#435=FACE_OUTER_BOUND('',#692,.T.);
#436=FACE_OUTER_BOUND('',#693,.T.);
#437=FACE_OUTER_BOUND('',#694,.T.);
#438=FACE_OUTER_BOUND('',#696,.T.);
#439=FACE_OUTER_BOUND('',#697,.T.);
#440=FACE_OUTER_BOUND('',#698,.T.);
#441=FACE_OUTER_BOUND('',#699,.T.);
#442=FACE_OUTER_BOUND('',#700,.T.);
#443=FACE_OUTER_BOUND('',#701,.T.);
#444=FACE_OUTER_BOUND('',#702,.T.);
#445=FACE_OUTER_BOUND('',#703,.T.);
#446=FACE_OUTER_BOUND('',#704,.T.);
#447=FACE_OUTER_BOUND('',#705,.T.);
#448=FACE_OUTER_BOUND('',#706,.T.);
#449=FACE_OUTER_BOUND('',#707,.T.);
#450=FACE_OUTER_BOUND('',#708,.T.);
#451=FACE_OUTER_BOUND('',#709,.T.);
#452=FACE_OUTER_BOUND('',#710,.T.);
#453=FACE_OUTER_BOUND('',#711,.T.);
#454=FACE_OUTER_BOUND('',#712,.T.);
#455=FACE_OUTER_BOUND('',#713,.T.);
#456=FACE_OUTER_BOUND('',#714,.T.);
#457=FACE_OUTER_BOUND('',#716,.T.);
#458=FACE_OUTER_BOUND('',#717,.T.);
#459=FACE_OUTER_BOUND('',#719,.T.);
#460=FACE_OUTER_BOUND('',#720,.T.);
#461=FACE_OUTER_BOUND('',#721,.T.);
#462=FACE_OUTER_BOUND('',#722,.T.);
#463=FACE_OUTER_BOUND('',#723,.T.);
#464=FACE_OUTER_BOUND('',#725,.T.);
#465=FACE_OUTER_BOUND('',#726,.T.);
#466=FACE_OUTER_BOUND('',#727,.T.);
#467=FACE_OUTER_BOUND('',#729,.T.);
#468=FACE_OUTER_BOUND('',#730,.T.);
#469=FACE_OUTER_BOUND('',#731,.T.);
#470=FACE_OUTER_BOUND('',#733,.T.);
#471=FACE_OUTER_BOUND('',#734,.T.);
#472=FACE_OUTER_BOUND('',#735,.T.);
#473=FACE_OUTER_BOUND('',#737,.T.);
#474=FACE_OUTER_BOUND('',#738,.T.);
#475=FACE_OUTER_BOUND('',#739,.T.);
#476=FACE_OUTER_BOUND('',#740,.T.);
#477=FACE_OUTER_BOUND('',#741,.T.);
#478=FACE_OUTER_BOUND('',#742,.T.);
#479=FACE_OUTER_BOUND('',#743,.T.);
#480=FACE_OUTER_BOUND('',#744,.T.);
#481=FACE_OUTER_BOUND('',#745,.T.);
#482=FACE_OUTER_BOUND('',#746,.T.);
#483=FACE_OUTER_BOUND('',#747,.T.);
#484=FACE_OUTER_BOUND('',#748,.T.);
#485=FACE_OUTER_BOUND('',#749,.T.);
#486=FACE_OUTER_BOUND('',#750,.T.);
#487=FACE_OUTER_BOUND('',#751,.T.);
#488=FACE_OUTER_BOUND('',#752,.T.);
#489=FACE_OUTER_BOUND('',#753,.T.);
#490=FACE_OUTER_BOUND('',#754,.T.);
#491=FACE_OUTER_BOUND('',#755,.T.);
#492=FACE_OUTER_BOUND('',#756,.T.);
#493=FACE_OUTER_BOUND('',#757,.T.);
#494=FACE_OUTER_BOUND('',#758,.T.);
#495=FACE_OUTER_BOUND('',#759,.T.);
#496=FACE_OUTER_BOUND('',#760,.T.);
#497=FACE_OUTER_BOUND('',#761,.T.);
#498=FACE_OUTER_BOUND('',#762,.T.);
#499=FACE_OUTER_BOUND('',#763,.T.);
#500=FACE_OUTER_BOUND('',#764,.T.);
#501=FACE_OUTER_BOUND('',#765,.T.);
#502=FACE_OUTER_BOUND('',#766,.T.);
#503=FACE_OUTER_BOUND('',#768,.T.);
#504=FACE_OUTER_BOUND('',#770,.T.);
#505=FACE_OUTER_BOUND('',#772,.T.);
#506=FACE_OUTER_BOUND('',#773,.T.);
#507=FACE_OUTER_BOUND('',#774,.T.);
#508=FACE_OUTER_BOUND('',#775,.T.);
#509=FACE_OUTER_BOUND('',#776,.T.);
#510=FACE_OUTER_BOUND('',#777,.T.);
#511=FACE_OUTER_BOUND('',#779,.T.);
#512=FACE_OUTER_BOUND('',#780,.T.);
#513=FACE_OUTER_BOUND('',#781,.T.);
#514=FACE_OUTER_BOUND('',#782,.T.);
#515=FACE_OUTER_BOUND('',#783,.T.);
#516=FACE_OUTER_BOUND('',#784,.T.);
#517=FACE_OUTER_BOUND('',#785,.T.);
#518=FACE_OUTER_BOUND('',#786,.T.);
#519=FACE_OUTER_BOUND('',#787,.T.);
#520=FACE_OUTER_BOUND('',#788,.T.);
#521=FACE_OUTER_BOUND('',#789,.T.);
#522=FACE_OUTER_BOUND('',#790,.T.);
#523=FACE_OUTER_BOUND('',#791,.T.);
#524=FACE_OUTER_BOUND('',#792,.T.);
#525=FACE_OUTER_BOUND('',#793,.T.);
#526=FACE_OUTER_BOUND('',#794,.T.);
#527=FACE_OUTER_BOUND('',#795,.T.);
#528=FACE_OUTER_BOUND('',#796,.T.);
#529=FACE_OUTER_BOUND('',#797,.T.);
#530=FACE_OUTER_BOUND('',#798,.T.);
#531=FACE_OUTER_BOUND('',#799,.T.);
#532=FACE_OUTER_BOUND('',#800,.T.);
#533=FACE_OUTER_BOUND('',#801,.T.);
#534=FACE_OUTER_BOUND('',#806,.T.);
#535=FACE_OUTER_BOUND('',#807,.T.);
#536=FACE_OUTER_BOUND('',#808,.T.);
#537=FACE_OUTER_BOUND('',#809,.T.);
#538=FACE_OUTER_BOUND('',#810,.T.);
#539=FACE_OUTER_BOUND('',#811,.T.);
#540=FACE_OUTER_BOUND('',#812,.T.);
#541=FACE_OUTER_BOUND('',#813,.T.);
#542=FACE_OUTER_BOUND('',#814,.T.);
#543=FACE_OUTER_BOUND('',#815,.T.);
#544=FACE_OUTER_BOUND('',#816,.T.);
#545=FACE_OUTER_BOUND('',#817,.T.);
#546=FACE_OUTER_BOUND('',#818,.T.);
#547=FACE_OUTER_BOUND('',#820,.T.);
#548=FACE_OUTER_BOUND('',#821,.T.);
#549=FACE_OUTER_BOUND('',#823,.T.);
#550=FACE_OUTER_BOUND('',#825,.T.);
#551=FACE_OUTER_BOUND('',#826,.T.);
#552=FACE_OUTER_BOUND('',#828,.T.);
#553=FACE_OUTER_BOUND('',#829,.T.);
#554=EDGE_LOOP('',(#2666,#2667,#2668));
#555=EDGE_LOOP('',(#2669,#2670,#2671));
#556=EDGE_LOOP('',(#2672,#2673,#2674,#2675));
#557=EDGE_LOOP('',(#2676,#2677,#2678,#2679));
#558=EDGE_LOOP('',(#2680,#2681,#2682,#2683));
#559=EDGE_LOOP('',(#2684,#2685,#2686));
#560=EDGE_LOOP('',(#2687,#2688,#2689,#2690));
#561=EDGE_LOOP('',(#2691,#2692,#2693));
#562=EDGE_LOOP('',(#2694,#2695,#2696,#2697,#2698,#2699,#2700,#2701));
#563=EDGE_LOOP('',(#2702));
#564=EDGE_LOOP('',(#2703));
#565=EDGE_LOOP('',(#2704,#2705,#2706,#2707));
#566=EDGE_LOOP('',(#2708,#2709,#2710,#2711));
#567=EDGE_LOOP('',(#2712,#2713,#2714,#2715));
#568=EDGE_LOOP('',(#2716,#2717,#2718,#2719));
#569=EDGE_LOOP('',(#2720,#2721,#2722,#2723));
#570=EDGE_LOOP('',(#2724,#2725,#2726,#2727,#2728,#2729,#2730,#2731));
#571=EDGE_LOOP('',(#2732));
#572=EDGE_LOOP('',(#2733));
#573=EDGE_LOOP('',(#2734,#2735,#2736,#2737));
#574=EDGE_LOOP('',(#2738,#2739,#2740,#2741,#2742,#2743,#2744,#2745));
#575=EDGE_LOOP('',(#2746,#2747,#2748,#2749,#2750,#2751,#2752,#2753));
#576=EDGE_LOOP('',(#2754,#2755,#2756,#2757));
#577=EDGE_LOOP('',(#2758));
#578=EDGE_LOOP('',(#2759,#2760,#2761,#2762));
#579=EDGE_LOOP('',(#2763));
#580=EDGE_LOOP('',(#2764));
#581=EDGE_LOOP('',(#2765));
#582=EDGE_LOOP('',(#2766));
#583=EDGE_LOOP('',(#2767));
#584=EDGE_LOOP('',(#2768));
#585=EDGE_LOOP('',(#2769));
#586=EDGE_LOOP('',(#2770));
#587=EDGE_LOOP('',(#2771));
#588=EDGE_LOOP('',(#2772,#2773,#2774,#2775));
#589=EDGE_LOOP('',(#2776,#2777,#2778,#2779));
#590=EDGE_LOOP('',(#2780,#2781,#2782,#2783));
#591=EDGE_LOOP('',(#2784,#2785,#2786,#2787));
#592=EDGE_LOOP('',(#2788,#2789,#2790,#2791));
#593=EDGE_LOOP('',(#2792,#2793,#2794,#2795,#2796,#2797));
#594=EDGE_LOOP('',(#2798));
#595=EDGE_LOOP('',(#2799));
#596=EDGE_LOOP('',(#2800,#2801,#2802,#2803,#2804,#2805));
#597=EDGE_LOOP('',(#2806));
#598=EDGE_LOOP('',(#2807));
#599=EDGE_LOOP('',(#2808,#2809,#2810,#2811));
#600=EDGE_LOOP('',(#2812,#2813,#2814,#2815));
#601=EDGE_LOOP('',(#2816,#2817,#2818,#2819));
#602=EDGE_LOOP('',(#2820,#2821,#2822,#2823));
#603=EDGE_LOOP('',(#2824,#2825,#2826,#2827));
#604=EDGE_LOOP('',(#2828,#2829,#2830,#2831));
#605=EDGE_LOOP('',(#2832,#2833,#2834,#2835));
#606=EDGE_LOOP('',(#2836,#2837,#2838,#2839));
#607=EDGE_LOOP('',(#2840,#2841,#2842,#2843));
#608=EDGE_LOOP('',(#2844,#2845,#2846,#2847));
#609=EDGE_LOOP('',(#2848,#2849,#2850,#2851));
#610=EDGE_LOOP('',(#2852,#2853,#2854,#2855));
#611=EDGE_LOOP('',(#2856,#2857,#2858,#2859,#2860,#2861,#2862,#2863,#2864,
#2865,#2866,#2867,#2868,#2869,#2870,#2871,#2872,#2873,#2874));
#612=EDGE_LOOP('',(#2875));
#613=EDGE_LOOP('',(#2876,#2877,#2878,#2879,#2880,#2881,#2882,#2883));
#614=EDGE_LOOP('',(#2884,#2885,#2886,#2887));
#615=EDGE_LOOP('',(#2888,#2889,#2890,#2891));
#616=EDGE_LOOP('',(#2892,#2893,#2894,#2895));
#617=EDGE_LOOP('',(#2896,#2897,#2898,#2899));
#618=EDGE_LOOP('',(#2900,#2901,#2902,#2903,#2904,#2905,#2906,#2907,#2908,
#2909,#2910,#2911,#2912,#2913,#2914,#2915,#2916,#2917,#2918));
#619=EDGE_LOOP('',(#2919));
#620=EDGE_LOOP('',(#2920,#2921,#2922,#2923));
#621=EDGE_LOOP('',(#2924,#2925,#2926,#2927));
#622=EDGE_LOOP('',(#2928,#2929,#2930,#2931));
#623=EDGE_LOOP('',(#2932,#2933,#2934,#2935));
#624=EDGE_LOOP('',(#2936,#2937,#2938,#2939));
#625=EDGE_LOOP('',(#2940,#2941,#2942,#2943));
#626=EDGE_LOOP('',(#2944,#2945,#2946,#2947,#2948,#2949));
#627=EDGE_LOOP('',(#2950));
#628=EDGE_LOOP('',(#2951,#2952,#2953,#2954,#2955,#2956,#2957,#2958));
#629=EDGE_LOOP('',(#2959,#2960,#2961,#2962,#2963,#2964));
#630=EDGE_LOOP('',(#2965,#2966,#2967,#2968,#2969,#2970));
#631=EDGE_LOOP('',(#2971,#2972,#2973,#2974));
#632=EDGE_LOOP('',(#2975,#2976,#2977,#2978));
#633=EDGE_LOOP('',(#2979,#2980,#2981,#2982,#2983,#2984,#2985,#2986));
#634=EDGE_LOOP('',(#2987,#2988,#2989,#2990));
#635=EDGE_LOOP('',(#2991,#2992,#2993,#2994));
#636=EDGE_LOOP('',(#2995,#2996,#2997,#2998,#2999,#3000,#3001,#3002,#3003));
#637=EDGE_LOOP('',(#3004,#3005,#3006,#3007));
#638=EDGE_LOOP('',(#3008,#3009,#3010,#3011));
#639=EDGE_LOOP('',(#3012,#3013,#3014,#3015,#3016));
#640=EDGE_LOOP('',(#3017,#3018,#3019,#3020));
#641=EDGE_LOOP('',(#3021,#3022,#3023,#3024,#3025));
#642=EDGE_LOOP('',(#3026,#3027,#3028,#3029,#3030));
#643=EDGE_LOOP('',(#3031,#3032,#3033,#3034,#3035,#3036,#3037,#3038));
#644=EDGE_LOOP('',(#3039,#3040,#3041,#3042));
#645=EDGE_LOOP('',(#3043,#3044,#3045,#3046,#3047,#3048,#3049));
#646=EDGE_LOOP('',(#3050,#3051,#3052,#3053));
#647=EDGE_LOOP('',(#3054,#3055,#3056,#3057));
#648=EDGE_LOOP('',(#3058,#3059,#3060,#3061));
#649=EDGE_LOOP('',(#3062,#3063,#3064,#3065,#3066,#3067,#3068));
#650=EDGE_LOOP('',(#3069,#3070,#3071,#3072));
#651=EDGE_LOOP('',(#3073,#3074,#3075,#3076,#3077,#3078,#3079,#3080,#3081));
#652=EDGE_LOOP('',(#3082,#3083,#3084,#3085,#3086,#3087,#3088,#3089,#3090));
#653=EDGE_LOOP('',(#3091,#3092,#3093,#3094,#3095,#3096,#3097,#3098,#3099,
#3100,#3101,#3102));
#654=EDGE_LOOP('',(#3103));
#655=EDGE_LOOP('',(#3104,#3105,#3106,#3107));
#656=EDGE_LOOP('',(#3108,#3109,#3110,#3111,#3112,#3113,#3114,#3115));
#657=EDGE_LOOP('',(#3116,#3117,#3118,#3119));
#658=EDGE_LOOP('',(#3120,#3121,#3122,#3123));
#659=EDGE_LOOP('',(#3124,#3125,#3126,#3127));
#660=EDGE_LOOP('',(#3128,#3129,#3130,#3131));
#661=EDGE_LOOP('',(#3132,#3133,#3134,#3135));
#662=EDGE_LOOP('',(#3136,#3137,#3138,#3139));
#663=EDGE_LOOP('',(#3140,#3141,#3142,#3143));
#664=EDGE_LOOP('',(#3144,#3145,#3146,#3147));
#665=EDGE_LOOP('',(#3148,#3149,#3150,#3151,#3152,#3153));
#666=EDGE_LOOP('',(#3154));
#667=EDGE_LOOP('',(#3155,#3156,#3157,#3158,#3159,#3160,#3161,#3162));
#668=EDGE_LOOP('',(#3163,#3164,#3165,#3166,#3167,#3168));
#669=EDGE_LOOP('',(#3169,#3170,#3171,#3172,#3173,#3174));
#670=EDGE_LOOP('',(#3175,#3176,#3177,#3178,#3179,#3180,#3181,#3182));
#671=EDGE_LOOP('',(#3183,#3184,#3185,#3186));
#672=EDGE_LOOP('',(#3187,#3188,#3189,#3190));
#673=EDGE_LOOP('',(#3191,#3192,#3193,#3194));
#674=EDGE_LOOP('',(#3195,#3196,#3197,#3198));
#675=EDGE_LOOP('',(#3199,#3200,#3201,#3202,#3203,#3204,#3205,#3206,#3207));
#676=EDGE_LOOP('',(#3208,#3209,#3210,#3211,#3212));
#677=EDGE_LOOP('',(#3213,#3214,#3215,#3216,#3217));
#678=EDGE_LOOP('',(#3218,#3219,#3220,#3221));
#679=EDGE_LOOP('',(#3222,#3223,#3224,#3225));
#680=EDGE_LOOP('',(#3226,#3227,#3228,#3229));
#681=EDGE_LOOP('',(#3230,#3231,#3232,#3233));
#682=EDGE_LOOP('',(#3234,#3235,#3236,#3237,#3238));
#683=EDGE_LOOP('',(#3239,#3240,#3241,#3242));
#684=EDGE_LOOP('',(#3243,#3244,#3245,#3246,#3247));
#685=EDGE_LOOP('',(#3248,#3249,#3250,#3251,#3252,#3253,#3254,#3255,#3256,
#3257,#3258,#3259,#3260,#3261,#3262));
#686=EDGE_LOOP('',(#3263));
#687=EDGE_LOOP('',(#3264,#3265,#3266,#3267));
#688=EDGE_LOOP('',(#3268,#3269,#3270,#3271,#3272,#3273,#3274,#3275));
#689=EDGE_LOOP('',(#3276,#3277,#3278,#3279,#3280,#3281,#3282,#3283,#3284,
#3285,#3286,#3287,#3288,#3289,#3290));
#690=EDGE_LOOP('',(#3291,#3292,#3293,#3294));
#691=EDGE_LOOP('',(#3295,#3296,#3297,#3298));
#692=EDGE_LOOP('',(#3299,#3300,#3301,#3302,#3303));
#693=EDGE_LOOP('',(#3304,#3305,#3306));
#694=EDGE_LOOP('',(#3307,#3308,#3309,#3310,#3311,#3312,#3313,#3314,#3315,
#3316,#3317,#3318,#3319,#3320));
#695=EDGE_LOOP('',(#3321));
#696=EDGE_LOOP('',(#3322,#3323,#3324));
#697=EDGE_LOOP('',(#3325,#3326,#3327,#3328,#3329,#3330,#3331));
#698=EDGE_LOOP('',(#3332,#3333,#3334,#3335,#3336));
#699=EDGE_LOOP('',(#3337,#3338,#3339,#3340));
#700=EDGE_LOOP('',(#3341,#3342,#3343,#3344,#3345));
#701=EDGE_LOOP('',(#3346,#3347,#3348,#3349));
#702=EDGE_LOOP('',(#3350,#3351,#3352,#3353,#3354));
#703=EDGE_LOOP('',(#3355,#3356,#3357,#3358,#3359,#3360));
#704=EDGE_LOOP('',(#3361,#3362,#3363));
#705=EDGE_LOOP('',(#3364,#3365,#3366));
#706=EDGE_LOOP('',(#3367,#3368,#3369,#3370,#3371));
#707=EDGE_LOOP('',(#3372,#3373,#3374,#3375));
#708=EDGE_LOOP('',(#3376,#3377,#3378,#3379,#3380));
#709=EDGE_LOOP('',(#3381,#3382,#3383,#3384,#3385,#3386));
#710=EDGE_LOOP('',(#3387,#3388,#3389,#3390,#3391));
#711=EDGE_LOOP('',(#3392,#3393,#3394,#3395));
#712=EDGE_LOOP('',(#3396,#3397,#3398,#3399,#3400));
#713=EDGE_LOOP('',(#3401,#3402,#3403,#3404));
#714=EDGE_LOOP('',(#3405));
#715=EDGE_LOOP('',(#3406,#3407,#3408,#3409,#3410,#3411,#3412,#3413));
#716=EDGE_LOOP('',(#3414,#3415,#3416,#3417));
#717=EDGE_LOOP('',(#3418));
#718=EDGE_LOOP('',(#3419));
#719=EDGE_LOOP('',(#3420,#3421,#3422,#3423));
#720=EDGE_LOOP('',(#3424,#3425,#3426,#3427,#3428));
#721=EDGE_LOOP('',(#3429,#3430,#3431));
#722=EDGE_LOOP('',(#3432,#3433,#3434));
#723=EDGE_LOOP('',(#3435,#3436,#3437,#3438));
#724=EDGE_LOOP('',(#3439));
#725=EDGE_LOOP('',(#3440,#3441,#3442));
#726=EDGE_LOOP('',(#3443,#3444,#3445));
#727=EDGE_LOOP('',(#3446,#3447,#3448,#3449));
#728=EDGE_LOOP('',(#3450));
#729=EDGE_LOOP('',(#3451,#3452,#3453));
#730=EDGE_LOOP('',(#3454,#3455,#3456));
#731=EDGE_LOOP('',(#3457,#3458,#3459,#3460));
#732=EDGE_LOOP('',(#3461));
#733=EDGE_LOOP('',(#3462,#3463,#3464));
#734=EDGE_LOOP('',(#3465,#3466,#3467));
#735=EDGE_LOOP('',(#3468,#3469,#3470,#3471));
#736=EDGE_LOOP('',(#3472));
#737=EDGE_LOOP('',(#3473,#3474,#3475,#3476));
#738=EDGE_LOOP('',(#3477,#3478,#3479,#3480));
#739=EDGE_LOOP('',(#3481,#3482,#3483,#3484));
#740=EDGE_LOOP('',(#3485,#3486,#3487,#3488));
#741=EDGE_LOOP('',(#3489,#3490,#3491,#3492));
#742=EDGE_LOOP('',(#3493,#3494,#3495,#3496));
#743=EDGE_LOOP('',(#3497,#3498,#3499,#3500));
#744=EDGE_LOOP('',(#3501,#3502,#3503,#3504));
#745=EDGE_LOOP('',(#3505,#3506,#3507,#3508));
#746=EDGE_LOOP('',(#3509,#3510,#3511,#3512,#3513,#3514));
#747=EDGE_LOOP('',(#3515,#3516,#3517,#3518));
#748=EDGE_LOOP('',(#3519,#3520,#3521,#3522));
#749=EDGE_LOOP('',(#3523,#3524,#3525,#3526));
#750=EDGE_LOOP('',(#3527,#3528,#3529,#3530,#3531,#3532));
#751=EDGE_LOOP('',(#3533,#3534,#3535,#3536));
#752=EDGE_LOOP('',(#3537,#3538,#3539,#3540));
#753=EDGE_LOOP('',(#3541,#3542,#3543,#3544,#3545,#3546));
#754=EDGE_LOOP('',(#3547,#3548,#3549,#3550));
#755=EDGE_LOOP('',(#3551,#3552,#3553,#3554));
#756=EDGE_LOOP('',(#3555,#3556,#3557,#3558));
#757=EDGE_LOOP('',(#3559,#3560,#3561,#3562,#3563,#3564));
#758=EDGE_LOOP('',(#3565,#3566,#3567,#3568));
#759=EDGE_LOOP('',(#3569,#3570,#3571,#3572));
#760=EDGE_LOOP('',(#3573,#3574,#3575,#3576));
#761=EDGE_LOOP('',(#3577,#3578,#3579,#3580));
#762=EDGE_LOOP('',(#3581,#3582,#3583,#3584));
#763=EDGE_LOOP('',(#3585,#3586,#3587,#3588));
#764=EDGE_LOOP('',(#3589,#3590,#3591,#3592,#3593,#3594,#3595,#3596,#3597));
#765=EDGE_LOOP('',(#3598,#3599,#3600,#3601));
#766=EDGE_LOOP('',(#3602,#3603,#3604,#3605));
#767=EDGE_LOOP('',(#3606));
#768=EDGE_LOOP('',(#3607,#3608,#3609,#3610,#3611));
#769=EDGE_LOOP('',(#3612));
#770=EDGE_LOOP('',(#3613,#3614,#3615,#3616));
#771=EDGE_LOOP('',(#3617));
#772=EDGE_LOOP('',(#3618,#3619,#3620,#3621,#3622));
#773=EDGE_LOOP('',(#3623,#3624,#3625,#3626,#3627));
#774=EDGE_LOOP('',(#3628,#3629,#3630));
#775=EDGE_LOOP('',(#3631,#3632,#3633,#3634,#3635));
#776=EDGE_LOOP('',(#3636,#3637,#3638,#3639,#3640));
#777=EDGE_LOOP('',(#3641,#3642,#3643,#3644,#3645));
#778=EDGE_LOOP('',(#3646));
#779=EDGE_LOOP('',(#3647,#3648,#3649,#3650,#3651));
#780=EDGE_LOOP('',(#3652,#3653,#3654,#3655,#3656));
#781=EDGE_LOOP('',(#3657,#3658,#3659,#3660,#3661,#3662,#3663,#3664,#3665,
#3666,#3667,#3668,#3669,#3670,#3671,#3672));
#782=EDGE_LOOP('',(#3673,#3674,#3675,#3676,#3677));
#783=EDGE_LOOP('',(#3678,#3679,#3680,#3681,#3682));
#784=EDGE_LOOP('',(#3683,#3684,#3685,#3686,#3687));
#785=EDGE_LOOP('',(#3688,#3689,#3690));
#786=EDGE_LOOP('',(#3691,#3692,#3693,#3694));
#787=EDGE_LOOP('',(#3695,#3696,#3697,#3698));
#788=EDGE_LOOP('',(#3699,#3700,#3701,#3702));
#789=EDGE_LOOP('',(#3703,#3704,#3705,#3706));
#790=EDGE_LOOP('',(#3707,#3708,#3709,#3710));
#791=EDGE_LOOP('',(#3711,#3712,#3713,#3714,#3715));
#792=EDGE_LOOP('',(#3716,#3717,#3718,#3719));
#793=EDGE_LOOP('',(#3720,#3721,#3722,#3723));
#794=EDGE_LOOP('',(#3724,#3725,#3726,#3727));
#795=EDGE_LOOP('',(#3728));
#796=EDGE_LOOP('',(#3729,#3730,#3731,#3732));
#797=EDGE_LOOP('',(#3733));
#798=EDGE_LOOP('',(#3734,#3735,#3736,#3737));
#799=EDGE_LOOP('',(#3738));
#800=EDGE_LOOP('',(#3739));
#801=EDGE_LOOP('',(#3740,#3741,#3742,#3743,#3744,#3745,#3746,#3747,#3748,
#3749,#3750,#3751,#3752,#3753,#3754,#3755));
#802=EDGE_LOOP('',(#3756));
#803=EDGE_LOOP('',(#3757));
#804=EDGE_LOOP('',(#3758));
#805=EDGE_LOOP('',(#3759));
#806=EDGE_LOOP('',(#3760,#3761,#3762,#3763));
#807=EDGE_LOOP('',(#3764,#3765,#3766,#3767));
#808=EDGE_LOOP('',(#3768,#3769,#3770,#3771));
#809=EDGE_LOOP('',(#3772,#3773,#3774,#3775));
#810=EDGE_LOOP('',(#3776,#3777,#3778,#3779));
#811=EDGE_LOOP('',(#3780,#3781,#3782,#3783));
#812=EDGE_LOOP('',(#3784,#3785,#3786,#3787));
#813=EDGE_LOOP('',(#3788,#3789,#3790,#3791));
#814=EDGE_LOOP('',(#3792,#3793,#3794,#3795,#3796,#3797,#3798,#3799));
#815=EDGE_LOOP('',(#3800,#3801,#3802,#3803,#3804,#3805,#3806,#3807));
#816=EDGE_LOOP('',(#3808,#3809,#3810,#3811));
#817=EDGE_LOOP('',(#3812,#3813,#3814,#3815));
#818=EDGE_LOOP('',(#3816,#3817,#3818,#3819,#3820,#3821,#3822,#3823,#3824));
#819=EDGE_LOOP('',(#3825));
#820=EDGE_LOOP('',(#3826,#3827,#3828,#3829));
#821=EDGE_LOOP('',(#3830,#3831,#3832,#3833,#3834,#3835,#3836,#3837,#3838));
#822=EDGE_LOOP('',(#3839));
#823=EDGE_LOOP('',(#3840,#3841,#3842,#3843,#3844,#3845,#3846));
#824=EDGE_LOOP('',(#3847));
#825=EDGE_LOOP('',(#3848,#3849,#3850,#3851));
#826=EDGE_LOOP('',(#3852,#3853,#3854,#3855,#3856,#3857,#3858));
#827=EDGE_LOOP('',(#3859));
#828=EDGE_LOOP('',(#3860,#3861,#3862,#3863));
#829=EDGE_LOOP('',(#3864,#3865,#3866,#3867));
#830=LINE('',#5577,#1255);
#831=LINE('',#5579,#1256);
#832=LINE('',#5580,#1257);
#833=LINE('',#5584,#1258);
#834=LINE('',#5586,#1259);
#835=LINE('',#5587,#1260);
#836=LINE('',#5589,#1261);
#837=LINE('',#5590,#1262);
#838=LINE('',#5592,#1263);
#839=LINE('',#5596,#1264);
#840=LINE('',#5598,#1265);
#841=LINE('',#5600,#1266);
#842=LINE('',#5601,#1267);
#843=LINE('',#5604,#1268);
#844=LINE('',#5605,#1269);
#845=LINE('',#5608,#1270);
#846=LINE('',#5609,#1271);
#847=LINE('',#5611,#1272);
#848=LINE('',#5614,#1273);
#849=LINE('',#5616,#1274);
#850=LINE('',#5618,#1275);
#851=LINE('',#5620,#1276);
#852=LINE('',#5621,#1277);
#853=LINE('',#5630,#1278);
#854=LINE('',#5635,#1279);
#855=LINE('',#5640,#1280);
#856=LINE('',#5645,#1281);
#857=LINE('',#5648,#1282);
#858=LINE('',#5650,#1283);
#859=LINE('',#5651,#1284);
#860=LINE('',#5654,#1285);
#861=LINE('',#5656,#1286);
#862=LINE('',#5658,#1287);
#863=LINE('',#5660,#1288);
#864=LINE('',#5661,#1289);
#865=LINE('',#5664,#1290);
#866=LINE('',#5666,#1291);
#867=LINE('',#5667,#1292);
#868=LINE('',#5670,#1293);
#869=LINE('',#5673,#1294);
#870=LINE('',#5674,#1295);
#871=LINE('',#5676,#1296);
#872=LINE('',#5678,#1297);
#873=LINE('',#5681,#1298);
#874=LINE('',#5683,#1299);
#875=LINE('',#5684,#1300);
#876=LINE('',#5737,#1301);
#877=LINE('',#5741,#1302);
#878=LINE('',#5745,#1303);
#879=LINE('',#5749,#1304);
#880=LINE('',#5752,#1305);
#881=LINE('',#5758,#1306);
#882=LINE('',#5760,#1307);
#883=LINE('',#5762,#1308);
#884=LINE('',#5763,#1309);
#885=LINE('',#5767,#1310);
#886=LINE('',#5773,#1311);
#887=LINE('',#5774,#1312);
#888=LINE('',#5775,#1313);
#889=LINE('',#5779,#1314);
#890=LINE('',#5785,#1315);
#891=LINE('',#5786,#1316);
#892=LINE('',#5787,#1317);
#893=LINE('',#5791,#1318);
#894=LINE('',#5797,#1319);
#895=LINE('',#5798,#1320);
#896=LINE('',#5799,#1321);
#897=LINE('',#5805,#1322);
#898=LINE('',#5808,#1323);
#899=LINE('',#5811,#1324);
#900=LINE('',#5812,#1325);
#901=LINE('',#5815,#1326);
#902=LINE('',#5819,#1327);
#903=LINE('',#5820,#1328);
#904=LINE('',#5824,#1329);
#905=LINE('',#5826,#1330);
#906=LINE('',#5828,#1331);
#907=LINE('',#5830,#1332);
#908=LINE('',#5832,#1333);
#909=LINE('',#5834,#1334);
#910=LINE('',#5836,#1335);
#911=LINE('',#5838,#1336);
#912=LINE('',#5840,#1337);
#913=LINE('',#5842,#1338);
#914=LINE('',#5844,#1339);
#915=LINE('',#5846,#1340);
#916=LINE('',#5848,#1341);
#917=LINE('',#5850,#1342);
#918=LINE('',#5852,#1343);
#919=LINE('',#5854,#1344);
#920=LINE('',#5856,#1345);
#921=LINE('',#5858,#1346);
#922=LINE('',#5859,#1347);
#923=LINE('',#5864,#1348);
#924=LINE('',#5869,#1349);
#925=LINE('',#5874,#1350);
#926=LINE('',#5879,#1351);
#927=LINE('',#5883,#1352);
#928=LINE('',#5885,#1353);
#929=LINE('',#5887,#1354);
#930=LINE('',#5889,#1355);
#931=LINE('',#5891,#1356);
#932=LINE('',#5893,#1357);
#933=LINE('',#5895,#1358);
#934=LINE('',#5897,#1359);
#935=LINE('',#5899,#1360);
#936=LINE('',#5901,#1361);
#937=LINE('',#5903,#1362);
#938=LINE('',#5905,#1363);
#939=LINE('',#5907,#1364);
#940=LINE('',#5909,#1365);
#941=LINE('',#5911,#1366);
#942=LINE('',#5913,#1367);
#943=LINE('',#5915,#1368);
#944=LINE('',#5917,#1369);
#945=LINE('',#5918,#1370);
#946=LINE('',#5922,#1371);
#947=LINE('',#5924,#1372);
#948=LINE('',#5926,#1373);
#949=LINE('',#5927,#1374);
#950=LINE('',#5930,#1375);
#951=LINE('',#5932,#1376);
#952=LINE('',#5933,#1377);
#953=LINE('',#5936,#1378);
#954=LINE('',#5938,#1379);
#955=LINE('',#5939,#1380);
#956=LINE('',#5942,#1381);
#957=LINE('',#5944,#1382);
#958=LINE('',#5945,#1383);
#959=LINE('',#5948,#1384);
#960=LINE('',#5950,#1385);
#961=LINE('',#5951,#1386);
#962=LINE('',#5953,#1387);
#963=LINE('',#5954,#1388);
#964=LINE('',#5980,#1389);
#965=LINE('',#5982,#1390);
#966=LINE('',#5984,#1391);
#967=LINE('',#5986,#1392);
#968=LINE('',#5987,#1393);
#969=LINE('',#5991,#1394);
#970=LINE('',#5993,#1395);
#971=LINE('',#5995,#1396);
#972=LINE('',#5996,#1397);
#973=LINE('',#5997,#1398);
#974=LINE('',#6001,#1399);
#975=LINE('',#6002,#1400);
#976=LINE('',#6003,#1401);
#977=LINE('',#6006,#1402);
#978=LINE('',#6007,#1403);
#979=LINE('',#6018,#1404);
#980=LINE('',#6019,#1405);
#981=LINE('',#6021,#1406);
#982=LINE('',#6036,#1407);
#983=LINE('',#6038,#1408);
#984=LINE('',#6051,#1409);
#985=LINE('',#6204,#1410);
#986=LINE('',#6206,#1411);
#987=LINE('',#6213,#1412);
#988=LINE('',#6217,#1413);
#989=LINE('',#6219,#1414);
#990=LINE('',#6228,#1415);
#991=LINE('',#6230,#1416);
#992=LINE('',#6237,#1417);
#993=LINE('',#6238,#1418);
#994=LINE('',#6241,#1419);
#995=LINE('',#6243,#1420);
#996=LINE('',#6253,#1421);
#997=LINE('',#6254,#1422);
#998=LINE('',#6256,#1423);
#999=LINE('',#6258,#1424);
#1000=LINE('',#6260,#1425);
#1001=LINE('',#6261,#1426);
#1002=LINE('',#6264,#1427);
#1003=LINE('',#6266,#1428);
#1004=LINE('',#6267,#1429);
#1005=LINE('',#6271,#1430);
#1006=LINE('',#6273,#1431);
#1007=LINE('',#6275,#1432);
#1008=LINE('',#6276,#1433);
#1009=LINE('',#6280,#1434);
#1010=LINE('',#6282,#1435);
#1011=LINE('',#6284,#1436);
#1012=LINE('',#6285,#1437);
#1013=LINE('',#6288,#1438);
#1014=LINE('',#6289,#1439);
#1015=LINE('',#6291,#1440);
#1016=LINE('',#6292,#1441);
#1017=LINE('',#6296,#1442);
#1018=LINE('',#6298,#1443);
#1019=LINE('',#6300,#1444);
#1020=LINE('',#6301,#1445);
#1021=LINE('',#6304,#1446);
#1022=LINE('',#6306,#1447);
#1023=LINE('',#6307,#1448);
#1024=LINE('',#6308,#1449);
#1025=LINE('',#6309,#1450);
#1026=LINE('',#6311,#1451);
#1027=LINE('',#6313,#1452);
#1028=LINE('',#6314,#1453);
#1029=LINE('',#6315,#1454);
#1030=LINE('',#6319,#1455);
#1031=LINE('',#6321,#1456);
#1032=LINE('',#6323,#1457);
#1033=LINE('',#6325,#1458);
#1034=LINE('',#6326,#1459);
#1035=LINE('',#6340,#1460);
#1036=LINE('',#6342,#1461);
#1037=LINE('',#6344,#1462);
#1038=LINE('',#6345,#1463);
#1039=LINE('',#6348,#1464);
#1040=LINE('',#6350,#1465);
#1041=LINE('',#6351,#1466);
#1042=LINE('',#6354,#1467);
#1043=LINE('',#6356,#1468);
#1044=LINE('',#6357,#1469);
#1045=LINE('',#6360,#1470);
#1046=LINE('',#6362,#1471);
#1047=LINE('',#6363,#1472);
#1048=LINE('',#6366,#1473);
#1049=LINE('',#6368,#1474);
#1050=LINE('',#6369,#1475);
#1051=LINE('',#6371,#1476);
#1052=LINE('',#6372,#1477);
#1053=LINE('',#6398,#1478);
#1054=LINE('',#6400,#1479);
#1055=LINE('',#6402,#1480);
#1056=LINE('',#6404,#1481);
#1057=LINE('',#6405,#1482);
#1058=LINE('',#6409,#1483);
#1059=LINE('',#6411,#1484);
#1060=LINE('',#6413,#1485);
#1061=LINE('',#6414,#1486);
#1062=LINE('',#6415,#1487);
#1063=LINE('',#6426,#1488);
#1064=LINE('',#6427,#1489);
#1065=LINE('',#6429,#1490);
#1066=LINE('',#6431,#1491);
#1067=LINE('',#6447,#1492);
#1068=LINE('',#6448,#1493);
#1069=LINE('',#6451,#1494);
#1070=LINE('',#6452,#1495);
#1071=LINE('',#6454,#1496);
#1072=LINE('',#6456,#1497);
#1073=LINE('',#6464,#1498);
#1074=LINE('',#6682,#1499);
#1075=LINE('',#6690,#1500);
#1076=LINE('',#6692,#1501);
#1077=LINE('',#6694,#1502);
#1078=LINE('',#6696,#1503);
#1079=LINE('',#6698,#1504);
#1080=LINE('',#6700,#1505);
#1081=LINE('',#6702,#1506);
#1082=LINE('',#6704,#1507);
#1083=LINE('',#6705,#1508);
#1084=LINE('',#6764,#1509);
#1085=LINE('',#6766,#1510);
#1086=LINE('',#6774,#1511);
#1087=LINE('',#6777,#1512);
#1088=LINE('',#6779,#1513);
#1089=LINE('',#6781,#1514);
#1090=LINE('',#6783,#1515);
#1091=LINE('',#6785,#1516);
#1092=LINE('',#6787,#1517);
#1093=LINE('',#6789,#1518);
#1094=LINE('',#6791,#1519);
#1095=LINE('',#6793,#1520);
#1096=LINE('',#6800,#1521);
#1097=LINE('',#6801,#1522);
#1098=LINE('',#6804,#1523);
#1099=LINE('',#6805,#1524);
#1100=LINE('',#6807,#1525);
#1101=LINE('',#6822,#1526);
#1102=LINE('',#6824,#1527);
#1103=LINE('',#6826,#1528);
#1104=LINE('',#6828,#1529);
#1105=LINE('',#6830,#1530);
#1106=LINE('',#6832,#1531);
#1107=LINE('',#6833,#1532);
#1108=LINE('',#6837,#1533);
#1109=LINE('',#6866,#1534);
#1110=LINE('',#6868,#1535);
#1111=LINE('',#6951,#1536);
#1112=LINE('',#6999,#1537);
#1113=LINE('',#7052,#1538);
#1114=LINE('',#7110,#1539);
#1115=LINE('',#7138,#1540);
#1116=LINE('',#7200,#1541);
#1117=LINE('',#7257,#1542);
#1118=LINE('',#7260,#1543);
#1119=LINE('',#7401,#1544);
#1120=LINE('',#7408,#1545);
#1121=LINE('',#7412,#1546);
#1122=LINE('',#7413,#1547);
#1123=LINE('',#7416,#1548);
#1124=LINE('',#7417,#1549);
#1125=LINE('',#7419,#1550);
#1126=LINE('',#7424,#1551);
#1127=LINE('',#7425,#1552);
#1128=LINE('',#7428,#1553);
#1129=LINE('',#7429,#1554);
#1130=LINE('',#7431,#1555);
#1131=LINE('',#7436,#1556);
#1132=LINE('',#7437,#1557);
#1133=LINE('',#7440,#1558);
#1134=LINE('',#7441,#1559);
#1135=LINE('',#7443,#1560);
#1136=LINE('',#7448,#1561);
#1137=LINE('',#7449,#1562);
#1138=LINE('',#7452,#1563);
#1139=LINE('',#7453,#1564);
#1140=LINE('',#7455,#1565);
#1141=LINE('',#7459,#1566);
#1142=LINE('',#7462,#1567);
#1143=LINE('',#7463,#1568);
#1144=LINE('',#7466,#1569);
#1145=LINE('',#7467,#1570);
#1146=LINE('',#7470,#1571);
#1147=LINE('',#7471,#1572);
#1148=LINE('',#7474,#1573);
#1149=LINE('',#7475,#1574);
#1150=LINE('',#7478,#1575);
#1151=LINE('',#7479,#1576);
#1152=LINE('',#7481,#1577);
#1153=LINE('',#7484,#1578);
#1154=LINE('',#7485,#1579);
#1155=LINE('',#7488,#1580);
#1156=LINE('',#7492,#1581);
#1157=LINE('',#7493,#1582);
#1158=LINE('',#7495,#1583);
#1159=LINE('',#7498,#1584);
#1160=LINE('',#7502,#1585);
#1161=LINE('',#7503,#1586);
#1162=LINE('',#7506,#1587);
#1163=LINE('',#7507,#1588);
#1164=LINE('',#7509,#1589);
#1165=LINE('',#7512,#1590);
#1166=LINE('',#7517,#1591);
#1167=LINE('',#7518,#1592);
#1168=LINE('',#7519,#1593);
#1169=LINE('',#7521,#1594);
#1170=LINE('',#7523,#1595);
#1171=LINE('',#7526,#1596);
#1172=LINE('',#7530,#1597);
#1173=LINE('',#7531,#1598);
#1174=LINE('',#7533,#1599);
#1175=LINE('',#7535,#1600);
#1176=LINE('',#7537,#1601);
#1177=LINE('',#7539,#1602);
#1178=LINE('',#7542,#1603);
#1179=LINE('',#7544,#1604);
#1180=LINE('',#7546,#1605);
#1181=LINE('',#7549,#1606);
#1182=LINE('',#7552,#1607);
#1183=LINE('',#7557,#1608);
#1184=LINE('',#7560,#1609);
#1185=LINE('',#7565,#1610);
#1186=LINE('',#7568,#1611);
#1187=LINE('',#7584,#1612);
#1188=LINE('',#7585,#1613);
#1189=LINE('',#7599,#1614);
#1190=LINE('',#7600,#1615);
#1191=LINE('',#7605,#1616);
#1192=LINE('',#7617,#1617);
#1193=LINE('',#7620,#1618);
#1194=LINE('',#7622,#1619);
#1195=LINE('',#7635,#1620);
#1196=LINE('',#7638,#1621);
#1197=LINE('',#7643,#1622);
#1198=LINE('',#7655,#1623);
#1199=LINE('',#7658,#1624);
#1200=LINE('',#7660,#1625);
#1201=LINE('',#7674,#1626);
#1202=LINE('',#7677,#1627);
#1203=LINE('',#7695,#1628);
#1204=LINE('',#7708,#1629);
#1205=LINE('',#7722,#1630);
#1206=LINE('',#7726,#1631);
#1207=LINE('',#7731,#1632);
#1208=LINE('',#7736,#1633);
#1209=LINE('',#7745,#1634);
#1210=LINE('',#7751,#1635);
#1211=LINE('',#7758,#1636);
#1212=LINE('',#7761,#1637);
#1213=LINE('',#7764,#1638);
#1214=LINE('',#7766,#1639);
#1215=LINE('',#7767,#1640);
#1216=LINE('',#7771,#1641);
#1217=LINE('',#7773,#1642);
#1218=LINE('',#7775,#1643);
#1219=LINE('',#7776,#1644);
#1220=LINE('',#7779,#1645);
#1221=LINE('',#7781,#1646);
#1222=LINE('',#7782,#1647);
#1223=LINE('',#7786,#1648);
#1224=LINE('',#7788,#1649);
#1225=LINE('',#7790,#1650);
#1226=LINE('',#7791,#1651);
#1227=LINE('',#7797,#1652);
#1228=LINE('',#7799,#1653);
#1229=LINE('',#7800,#1654);
#1230=LINE('',#7802,#1655);
#1231=LINE('',#7804,#1656);
#1232=LINE('',#7805,#1657);
#1233=LINE('',#7808,#1658);
#1234=LINE('',#7810,#1659);
#1235=LINE('',#7811,#1660);
#1236=LINE('',#7813,#1661);
#1237=LINE('',#7815,#1662);
#1238=LINE('',#7816,#1663);
#1239=LINE('',#7819,#1664);
#1240=LINE('',#7821,#1665);
#1241=LINE('',#7822,#1666);
#1242=LINE('',#7825,#1667);
#1243=LINE('',#7827,#1668);
#1244=LINE('',#7828,#1669);
#1245=LINE('',#7831,#1670);
#1246=LINE('',#7832,#1671);
#1247=LINE('',#7835,#1672);
#1248=LINE('',#7836,#1673);
#1249=LINE('',#7838,#1674);
#1250=LINE('',#7841,#1675);
#1251=LINE('',#7842,#1676);
#1252=LINE('',#7845,#1677);
#1253=LINE('',#7846,#1678);
#1254=LINE('',#7848,#1679);
#1255=VECTOR('',#4571,10.);
#1256=VECTOR('',#4572,10.);
#1257=VECTOR('',#4573,10.);
#1258=VECTOR('',#4576,10.);
#1259=VECTOR('',#4577,10.);
#1260=VECTOR('',#4578,10.);
#1261=VECTOR('',#4581,50.);
#1262=VECTOR('',#4582,10.);
#1263=VECTOR('',#4585,10.);
#1264=VECTOR('',#4588,10.);
#1265=VECTOR('',#4589,10.);
#1266=VECTOR('',#4590,10.);
#1267=VECTOR('',#4591,10.);
#1268=VECTOR('',#4594,10.);
#1269=VECTOR('',#4595,10.);
#1270=VECTOR('',#4598,50.);
#1271=VECTOR('',#4599,10.);
#1272=VECTOR('',#4602,10.);
#1273=VECTOR('',#4605,50.);
#1274=VECTOR('',#4606,10.);
#1275=VECTOR('',#4607,10.);
#1276=VECTOR('',#4608,10.);
#1277=VECTOR('',#4609,50.);
#1278=VECTOR('',#4618,1.54999999999999);
#1279=VECTOR('',#4625,1.55);
#1280=VECTOR('',#4630,1.54999999999999);
#1281=VECTOR('',#4637,1.55);
#1282=VECTOR('',#4640,10.);
#1283=VECTOR('',#4641,10.);
#1284=VECTOR('',#4642,10.);
#1285=VECTOR('',#4645,50.);
#1286=VECTOR('',#4646,10.);
#1287=VECTOR('',#4647,10.);
#1288=VECTOR('',#4648,10.);
#1289=VECTOR('',#4649,50.);
#1290=VECTOR('',#4652,10.);
#1291=VECTOR('',#4653,10.);
#1292=VECTOR('',#4654,10.);
#1293=VECTOR('',#4657,13.25);
#1294=VECTOR('',#4660,13.25);
#1295=VECTOR('',#4661,10.);
#1296=VECTOR('',#4664,10.);
#1297=VECTOR('',#4665,13.25);
#1298=VECTOR('',#4668,13.25);
#1299=VECTOR('',#4671,50.);
#1300=VECTOR('',#4672,50.);
#1301=VECTOR('',#4695,3.2);
#1302=VECTOR('',#4700,3.2);
#1303=VECTOR('',#4705,3.2);
#1304=VECTOR('',#4710,3.2);
#1305=VECTOR('',#4715,10.);
#1306=VECTOR('',#4722,10.);
#1307=VECTOR('',#4723,10.);
#1308=VECTOR('',#4724,10.);
#1309=VECTOR('',#4725,10.);
#1310=VECTOR('',#4728,10.);
#1311=VECTOR('',#4735,10.);
#1312=VECTOR('',#4736,10.);
#1313=VECTOR('',#4737,10.);
#1314=VECTOR('',#4740,10.);
#1315=VECTOR('',#4747,10.);
#1316=VECTOR('',#4748,10.);
#1317=VECTOR('',#4749,10.);
#1318=VECTOR('',#4752,10.);
#1319=VECTOR('',#4759,10.);
#1320=VECTOR('',#4760,10.);
#1321=VECTOR('',#4761,10.);
#1322=VECTOR('',#4770,10.);
#1323=VECTOR('',#4773,10.);
#1324=VECTOR('',#4776,10.);
#1325=VECTOR('',#4777,10.);
#1326=VECTOR('',#4780,10.);
#1327=VECTOR('',#4785,10.);
#1328=VECTOR('',#4786,10.);
#1329=VECTOR('',#4789,10.);
#1330=VECTOR('',#4790,10.);
#1331=VECTOR('',#4791,10.);
#1332=VECTOR('',#4792,10.);
#1333=VECTOR('',#4793,10.);
#1334=VECTOR('',#4794,10.);
#1335=VECTOR('',#4795,10.);
#1336=VECTOR('',#4796,10.);
#1337=VECTOR('',#4797,10.);
#1338=VECTOR('',#4798,10.);
#1339=VECTOR('',#4799,10.);
#1340=VECTOR('',#4800,10.);
#1341=VECTOR('',#4801,10.);
#1342=VECTOR('',#4802,10.);
#1343=VECTOR('',#4803,10.);
#1344=VECTOR('',#4804,10.);
#1345=VECTOR('',#4805,10.);
#1346=VECTOR('',#4806,10.);
#1347=VECTOR('',#4807,10.);
#1348=VECTOR('',#4812,2.25);
#1349=VECTOR('',#4819,2.);
#1350=VECTOR('',#4824,2.25);
#1351=VECTOR('',#4831,2.);
#1352=VECTOR('',#4834,10.);
#1353=VECTOR('',#4835,10.);
#1354=VECTOR('',#4836,10.);
#1355=VECTOR('',#4837,10.);
#1356=VECTOR('',#4838,10.);
#1357=VECTOR('',#4839,10.);
#1358=VECTOR('',#4840,10.);
#1359=VECTOR('',#4841,10.);
#1360=VECTOR('',#4842,10.);
#1361=VECTOR('',#4843,10.);
#1362=VECTOR('',#4844,10.);
#1363=VECTOR('',#4845,10.);
#1364=VECTOR('',#4846,10.);
#1365=VECTOR('',#4847,10.);
#1366=VECTOR('',#4848,10.);
#1367=VECTOR('',#4849,10.);
#1368=VECTOR('',#4850,10.);
#1369=VECTOR('',#4851,10.);
#1370=VECTOR('',#4852,10.);
#1371=VECTOR('',#4855,10.);
#1372=VECTOR('',#4856,10.);
#1373=VECTOR('',#4857,10.);
#1374=VECTOR('',#4858,10.);
#1375=VECTOR('',#4861,10.);
#1376=VECTOR('',#4862,10.);
#1377=VECTOR('',#4863,10.);
#1378=VECTOR('',#4866,10.);
#1379=VECTOR('',#4867,10.);
#1380=VECTOR('',#4868,10.);
#1381=VECTOR('',#4871,10.);
#1382=VECTOR('',#4872,10.);
#1383=VECTOR('',#4873,10.);
#1384=VECTOR('',#4876,10.);
#1385=VECTOR('',#4877,10.);
#1386=VECTOR('',#4878,10.);
#1387=VECTOR('',#4881,10.);
#1388=VECTOR('',#4882,10.);
#1389=VECTOR('',#4887,10.);
#1390=VECTOR('',#4888,10.);
#1391=VECTOR('',#4889,10.);
#1392=VECTOR('',#4890,10.);
#1393=VECTOR('',#4891,10.);
#1394=VECTOR('',#4894,10.);
#1395=VECTOR('',#4895,10.);
#1396=VECTOR('',#4896,10.);
#1397=VECTOR('',#4897,10.);
#1398=VECTOR('',#4898,10.);
#1399=VECTOR('',#4901,10.);
#1400=VECTOR('',#4902,10.);
#1401=VECTOR('',#4903,10.);
#1402=VECTOR('',#4906,10.);
#1403=VECTOR('',#4907,10.);
#1404=VECTOR('',#4910,10.);
#1405=VECTOR('',#4911,10.);
#1406=VECTOR('',#4912,10.);
#1407=VECTOR('',#4915,10.);
#1408=VECTOR('',#4918,10.);
#1409=VECTOR('',#4921,10.);
#1410=VECTOR('',#4924,10.);
#1411=VECTOR('',#4925,10.);
#1412=VECTOR('',#4926,10.);
#1413=VECTOR('',#4929,10.);
#1414=VECTOR('',#4930,10.);
#1415=VECTOR('',#4931,10.);
#1416=VECTOR('',#4932,10.);
#1417=VECTOR('',#4933,10.);
#1418=VECTOR('',#4934,10.);
#1419=VECTOR('',#4937,10.);
#1420=VECTOR('',#4938,10.);
#1421=VECTOR('',#4941,10.);
#1422=VECTOR('',#4942,10.);
#1423=VECTOR('',#4943,10.);
#1424=VECTOR('',#4944,10.);
#1425=VECTOR('',#4945,10.);
#1426=VECTOR('',#4946,10.);
#1427=VECTOR('',#4949,10.);
#1428=VECTOR('',#4950,10.);
#1429=VECTOR('',#4951,10.);
#1430=VECTOR('',#4954,10.);
#1431=VECTOR('',#4955,10.);
#1432=VECTOR('',#4956,10.);
#1433=VECTOR('',#4957,10.);
#1434=VECTOR('',#4960,10.);
#1435=VECTOR('',#4961,10.);
#1436=VECTOR('',#4962,10.);
#1437=VECTOR('',#4963,10.);
#1438=VECTOR('',#4966,10.);
#1439=VECTOR('',#4967,10.);
#1440=VECTOR('',#4968,10.);
#1441=VECTOR('',#4969,10.);
#1442=VECTOR('',#4972,10.);
#1443=VECTOR('',#4973,10.);
#1444=VECTOR('',#4974,10.);
#1445=VECTOR('',#4975,10.);
#1446=VECTOR('',#4978,10.);
#1447=VECTOR('',#4979,10.);
#1448=VECTOR('',#4980,10.);
#1449=VECTOR('',#4981,10.);
#1450=VECTOR('',#4982,10.);
#1451=VECTOR('',#4985,10.);
#1452=VECTOR('',#4986,10.);
#1453=VECTOR('',#4987,10.);
#1454=VECTOR('',#4988,10.);
#1455=VECTOR('',#4993,10.);
#1456=VECTOR('',#4994,10.);
#1457=VECTOR('',#4995,10.);
#1458=VECTOR('',#4996,10.);
#1459=VECTOR('',#4997,10.);
#1460=VECTOR('',#5018,10.);
#1461=VECTOR('',#5019,10.);
#1462=VECTOR('',#5020,10.);
#1463=VECTOR('',#5021,10.);
#1464=VECTOR('',#5024,10.);
#1465=VECTOR('',#5025,10.);
#1466=VECTOR('',#5026,10.);
#1467=VECTOR('',#5029,10.);
#1468=VECTOR('',#5030,10.);
#1469=VECTOR('',#5031,10.);
#1470=VECTOR('',#5034,10.);
#1471=VECTOR('',#5035,10.);
#1472=VECTOR('',#5036,10.);
#1473=VECTOR('',#5039,10.);
#1474=VECTOR('',#5040,10.);
#1475=VECTOR('',#5041,10.);
#1476=VECTOR('',#5044,10.);
#1477=VECTOR('',#5045,10.);
#1478=VECTOR('',#5050,10.);
#1479=VECTOR('',#5051,10.);
#1480=VECTOR('',#5052,10.);
#1481=VECTOR('',#5053,10.);
#1482=VECTOR('',#5054,10.);
#1483=VECTOR('',#5057,10.);
#1484=VECTOR('',#5058,10.);
#1485=VECTOR('',#5059,10.);
#1486=VECTOR('',#5060,10.);
#1487=VECTOR('',#5061,10.);
#1488=VECTOR('',#5064,10.);
#1489=VECTOR('',#5065,10.);
#1490=VECTOR('',#5066,10.);
#1491=VECTOR('',#5067,10.);
#1492=VECTOR('',#5070,10.);
#1493=VECTOR('',#5071,10.);
#1494=VECTOR('',#5074,10.);
#1495=VECTOR('',#5075,10.);
#1496=VECTOR('',#5078,10.);
#1497=VECTOR('',#5081,10.);
#1498=VECTOR('',#5084,10.);
#1499=VECTOR('',#5087,10.);
#1500=VECTOR('',#5090,10.);
#1501=VECTOR('',#5091,10.);
#1502=VECTOR('',#5092,10.);
#1503=VECTOR('',#5093,10.);
#1504=VECTOR('',#5094,10.);
#1505=VECTOR('',#5095,10.);
#1506=VECTOR('',#5096,10.);
#1507=VECTOR('',#5097,10.);
#1508=VECTOR('',#5098,10.);
#1509=VECTOR('',#5101,10.);
#1510=VECTOR('',#5102,10.);
#1511=VECTOR('',#5103,10.);
#1512=VECTOR('',#5106,10.);
#1513=VECTOR('',#5107,10.);
#1514=VECTOR('',#5108,10.);
#1515=VECTOR('',#5109,10.);
#1516=VECTOR('',#5110,10.);
#1517=VECTOR('',#5111,10.);
#1518=VECTOR('',#5112,10.);
#1519=VECTOR('',#5113,10.);
#1520=VECTOR('',#5114,10.);
#1521=VECTOR('',#5117,10.);
#1522=VECTOR('',#5118,10.);
#1523=VECTOR('',#5121,10.);
#1524=VECTOR('',#5122,10.);
#1525=VECTOR('',#5125,10.);
#1526=VECTOR('',#5130,10.);
#1527=VECTOR('',#5131,10.);
#1528=VECTOR('',#5132,10.);
#1529=VECTOR('',#5133,10.);
#1530=VECTOR('',#5134,10.);
#1531=VECTOR('',#5135,10.);
#1532=VECTOR('',#5136,10.);
#1533=VECTOR('',#5141,10.);
#1534=VECTOR('',#5142,10.);
#1535=VECTOR('',#5143,10.);
#1536=VECTOR('',#5144,10.);
#1537=VECTOR('',#5147,10.);
#1538=VECTOR('',#5148,10.);
#1539=VECTOR('',#5149,10.);
#1540=VECTOR('',#5150,10.);
#1541=VECTOR('',#5153,10.);
#1542=VECTOR('',#5158,10.);
#1543=VECTOR('',#5161,10.);
#1544=VECTOR('',#5162,2.82842712474619);
#1545=VECTOR('',#5171,9.29903810567677);
#1546=VECTOR('',#5176,10.);
#1547=VECTOR('',#5177,10.);
#1548=VECTOR('',#5180,10.);
#1549=VECTOR('',#5181,10.);
#1550=VECTOR('',#5184,10.);
#1551=VECTOR('',#5189,10.);
#1552=VECTOR('',#5190,10.);
#1553=VECTOR('',#5193,10.);
#1554=VECTOR('',#5194,10.);
#1555=VECTOR('',#5197,10.);
#1556=VECTOR('',#5202,10.);
#1557=VECTOR('',#5203,10.);
#1558=VECTOR('',#5206,10.);
#1559=VECTOR('',#5207,10.);
#1560=VECTOR('',#5210,10.);
#1561=VECTOR('',#5215,10.);
#1562=VECTOR('',#5216,10.);
#1563=VECTOR('',#5219,10.);
#1564=VECTOR('',#5220,10.);
#1565=VECTOR('',#5223,10.);
#1566=VECTOR('',#5228,10.);
#1567=VECTOR('',#5231,10.);
#1568=VECTOR('',#5232,10.);
#1569=VECTOR('',#5235,10.);
#1570=VECTOR('',#5236,10.);
#1571=VECTOR('',#5239,10.);
#1572=VECTOR('',#5240,10.);
#1573=VECTOR('',#5243,10.);
#1574=VECTOR('',#5244,10.);
#1575=VECTOR('',#5247,10.);
#1576=VECTOR('',#5248,10.);
#1577=VECTOR('',#5251,10.);
#1578=VECTOR('',#5254,10.);
#1579=VECTOR('',#5255,10.);
#1580=VECTOR('',#5258,1.75000000000001);
#1581=VECTOR('',#5263,10.);
#1582=VECTOR('',#5264,10.);
#1583=VECTOR('',#5267,10.);
#1584=VECTOR('',#5270,1.75);
#1585=VECTOR('',#5275,10.);
#1586=VECTOR('',#5276,10.);
#1587=VECTOR('',#5279,10.);
#1588=VECTOR('',#5280,10.);
#1589=VECTOR('',#5283,10.);
#1590=VECTOR('',#5286,1.75000000000001);
#1591=VECTOR('',#5291,10.);
#1592=VECTOR('',#5292,10.);
#1593=VECTOR('',#5293,10.);
#1594=VECTOR('',#5296,10.);
#1595=VECTOR('',#5299,10.);
#1596=VECTOR('',#5302,1.75);
#1597=VECTOR('',#5307,10.);
#1598=VECTOR('',#5308,10.);
#1599=VECTOR('',#5311,10.);
#1600=VECTOR('',#5314,10.);
#1601=VECTOR('',#5317,10.);
#1602=VECTOR('',#5320,10.);
#1603=VECTOR('',#5325,6.99999999999999);
#1604=VECTOR('',#5328,10.);
#1605=VECTOR('',#5331,10.);
#1606=VECTOR('',#5334,10.);
#1607=VECTOR('',#5337,10.);
#1608=VECTOR('',#5342,10.);
#1609=VECTOR('',#5345,10.);
#1610=VECTOR('',#5350,10.);
#1611=VECTOR('',#5353,10.);
#1612=VECTOR('',#5358,10.);
#1613=VECTOR('',#5359,10.);
#1614=VECTOR('',#5362,10.);
#1615=VECTOR('',#5363,10.);
#1616=VECTOR('',#5370,10.);
#1617=VECTOR('',#5371,10.);
#1618=VECTOR('',#5374,10.);
#1619=VECTOR('',#5375,10.);
#1620=VECTOR('',#5378,10.);
#1621=VECTOR('',#5381,10.);
#1622=VECTOR('',#5386,10.);
#1623=VECTOR('',#5387,10.);
#1624=VECTOR('',#5390,10.);
#1625=VECTOR('',#5391,10.);
#1626=VECTOR('',#5396,10.);
#1627=VECTOR('',#5399,10.);
#1628=VECTOR('',#5412,10.);
#1629=VECTOR('',#5415,10.);
#1630=VECTOR('',#5440,1.09999999999999);
#1631=VECTOR('',#5445,1.09999999999999);
#1632=VECTOR('',#5452,1.1);
#1633=VECTOR('',#5459,1.1);
#1634=VECTOR('',#5472,2.);
#1635=VECTOR('',#5479,2.);
#1636=VECTOR('',#5486,10.);
#1637=VECTOR('',#5489,10.);
#1638=VECTOR('',#5492,10.);
#1639=VECTOR('',#5493,10.);
#1640=VECTOR('',#5494,10.);
#1641=VECTOR('',#5497,10.);
#1642=VECTOR('',#5498,10.);
#1643=VECTOR('',#5499,10.);
#1644=VECTOR('',#5500,10.);
#1645=VECTOR('',#5503,10.);
#1646=VECTOR('',#5504,10.);
#1647=VECTOR('',#5505,10.);
#1648=VECTOR('',#5508,10.);
#1649=VECTOR('',#5509,10.);
#1650=VECTOR('',#5510,10.);
#1651=VECTOR('',#5511,10.);
#1652=VECTOR('',#5520,10.);
#1653=VECTOR('',#5521,10.);
#1654=VECTOR('',#5522,10.);
#1655=VECTOR('',#5523,10.);
#1656=VECTOR('',#5524,10.);
#1657=VECTOR('',#5525,10.);
#1658=VECTOR('',#5528,10.);
#1659=VECTOR('',#5529,10.);
#1660=VECTOR('',#5530,10.);
#1661=VECTOR('',#5531,10.);
#1662=VECTOR('',#5532,10.);
#1663=VECTOR('',#5533,10.);
#1664=VECTOR('',#5536,10.);
#1665=VECTOR('',#5537,10.);
#1666=VECTOR('',#5538,10.);
#1667=VECTOR('',#5541,10.);
#1668=VECTOR('',#5542,10.);
#1669=VECTOR('',#5543,10.);
#1670=VECTOR('',#5546,10.);
#1671=VECTOR('',#5547,10.);
#1672=VECTOR('',#5550,10.);
#1673=VECTOR('',#5551,10.);
#1674=VECTOR('',#5554,10.);
#1675=VECTOR('',#5557,10.);
#1676=VECTOR('',#5558,10.);
#1677=VECTOR('',#5561,10.);
#1678=VECTOR('',#5562,10.);
#1679=VECTOR('',#5565,10.);
#1680=VERTEX_POINT('',#5575);
#1681=VERTEX_POINT('',#5576);
#1682=VERTEX_POINT('',#5578);
#1683=VERTEX_POINT('',#5582);
#1684=VERTEX_POINT('',#5583);
#1685=VERTEX_POINT('',#5585);
#1686=VERTEX_POINT('',#5594);
#1687=VERTEX_POINT('',#5595);
#1688=VERTEX_POINT('',#5597);
#1689=VERTEX_POINT('',#5599);
#1690=VERTEX_POINT('',#5603);
#1691=VERTEX_POINT('',#5607);
#1692=VERTEX_POINT('',#5613);
#1693=VERTEX_POINT('',#5615);
#1694=VERTEX_POINT('',#5617);
#1695=VERTEX_POINT('',#5619);
#1696=VERTEX_POINT('',#5622);
#1697=VERTEX_POINT('',#5624);
#1698=VERTEX_POINT('',#5627);
#1699=VERTEX_POINT('',#5629);
#1700=VERTEX_POINT('',#5633);
#1701=VERTEX_POINT('',#5637);
#1702=VERTEX_POINT('',#5639);
#1703=VERTEX_POINT('',#5643);
#1704=VERTEX_POINT('',#5647);
#1705=VERTEX_POINT('',#5649);
#1706=VERTEX_POINT('',#5653);
#1707=VERTEX_POINT('',#5655);
#1708=VERTEX_POINT('',#5657);
#1709=VERTEX_POINT('',#5659);
#1710=VERTEX_POINT('',#5663);
#1711=VERTEX_POINT('',#5665);
#1712=VERTEX_POINT('',#5669);
#1713=VERTEX_POINT('',#5671);
#1714=VERTEX_POINT('',#5677);
#1715=VERTEX_POINT('',#5679);
#1716=VERTEX_POINT('',#5685);
#1717=VERTEX_POINT('',#5721);
#1718=VERTEX_POINT('',#5724);
#1719=VERTEX_POINT('',#5727);
#1720=VERTEX_POINT('',#5730);
#1721=VERTEX_POINT('',#5733);
#1722=VERTEX_POINT('',#5736);
#1723=VERTEX_POINT('',#5740);
#1724=VERTEX_POINT('',#5744);
#1725=VERTEX_POINT('',#5748);
#1726=VERTEX_POINT('',#5756);
#1727=VERTEX_POINT('',#5757);
#1728=VERTEX_POINT('',#5759);
#1729=VERTEX_POINT('',#5761);
#1730=VERTEX_POINT('',#5765);
#1731=VERTEX_POINT('',#5766);
#1732=VERTEX_POINT('',#5771);
#1733=VERTEX_POINT('',#5772);
#1734=VERTEX_POINT('',#5777);
#1735=VERTEX_POINT('',#5778);
#1736=VERTEX_POINT('',#5783);
#1737=VERTEX_POINT('',#5784);
#1738=VERTEX_POINT('',#5789);
#1739=VERTEX_POINT('',#5790);
#1740=VERTEX_POINT('',#5795);
#1741=VERTEX_POINT('',#5796);
#1742=VERTEX_POINT('',#5804);
#1743=VERTEX_POINT('',#5806);
#1744=VERTEX_POINT('',#5810);
#1745=VERTEX_POINT('',#5814);
#1746=VERTEX_POINT('',#5818);
#1747=VERTEX_POINT('',#5822);
#1748=VERTEX_POINT('',#5823);
#1749=VERTEX_POINT('',#5825);
#1750=VERTEX_POINT('',#5827);
#1751=VERTEX_POINT('',#5829);
#1752=VERTEX_POINT('',#5831);
#1753=VERTEX_POINT('',#5833);
#1754=VERTEX_POINT('',#5835);
#1755=VERTEX_POINT('',#5837);
#1756=VERTEX_POINT('',#5839);
#1757=VERTEX_POINT('',#5841);
#1758=VERTEX_POINT('',#5843);
#1759=VERTEX_POINT('',#5845);
#1760=VERTEX_POINT('',#5847);
#1761=VERTEX_POINT('',#5849);
#1762=VERTEX_POINT('',#5851);
#1763=VERTEX_POINT('',#5853);
#1764=VERTEX_POINT('',#5855);
#1765=VERTEX_POINT('',#5857);
#1766=VERTEX_POINT('',#5860);
#1767=VERTEX_POINT('',#5863);
#1768=VERTEX_POINT('',#5867);
#1769=VERTEX_POINT('',#5871);
#1770=VERTEX_POINT('',#5873);
#1771=VERTEX_POINT('',#5877);
#1772=VERTEX_POINT('',#5881);
#1773=VERTEX_POINT('',#5882);
#1774=VERTEX_POINT('',#5884);
#1775=VERTEX_POINT('',#5886);
#1776=VERTEX_POINT('',#5888);
#1777=VERTEX_POINT('',#5890);
#1778=VERTEX_POINT('',#5892);
#1779=VERTEX_POINT('',#5894);
#1780=VERTEX_POINT('',#5896);
#1781=VERTEX_POINT('',#5898);
#1782=VERTEX_POINT('',#5900);
#1783=VERTEX_POINT('',#5902);
#1784=VERTEX_POINT('',#5904);
#1785=VERTEX_POINT('',#5906);
#1786=VERTEX_POINT('',#5908);
#1787=VERTEX_POINT('',#5910);
#1788=VERTEX_POINT('',#5912);
#1789=VERTEX_POINT('',#5914);
#1790=VERTEX_POINT('',#5916);
#1791=VERTEX_POINT('',#5920);
#1792=VERTEX_POINT('',#5921);
#1793=VERTEX_POINT('',#5923);
#1794=VERTEX_POINT('',#5925);
#1795=VERTEX_POINT('',#5929);
#1796=VERTEX_POINT('',#5931);
#1797=VERTEX_POINT('',#5935);
#1798=VERTEX_POINT('',#5937);
#1799=VERTEX_POINT('',#5941);
#1800=VERTEX_POINT('',#5943);
#1801=VERTEX_POINT('',#5947);
#1802=VERTEX_POINT('',#5949);
#1803=VERTEX_POINT('',#5957);
#1804=VERTEX_POINT('',#5958);
#1805=VERTEX_POINT('',#5965);
#1806=VERTEX_POINT('',#5972);
#1807=VERTEX_POINT('',#5979);
#1808=VERTEX_POINT('',#5981);
#1809=VERTEX_POINT('',#5983);
#1810=VERTEX_POINT('',#5985);
#1811=VERTEX_POINT('',#5989);
#1812=VERTEX_POINT('',#5990);
#1813=VERTEX_POINT('',#5992);
#1814=VERTEX_POINT('',#5994);
#1815=VERTEX_POINT('',#5999);
#1816=VERTEX_POINT('',#6000);
#1817=VERTEX_POINT('',#6005);
#1818=VERTEX_POINT('',#6009);
#1819=VERTEX_POINT('',#6010);
#1820=VERTEX_POINT('',#6017);
#1821=VERTEX_POINT('',#6020);
#1822=VERTEX_POINT('',#6022);
#1823=VERTEX_POINT('',#6040);
#1824=VERTEX_POINT('',#6045);
#1825=VERTEX_POINT('',#6050);
#1826=VERTEX_POINT('',#6072);
#1827=VERTEX_POINT('',#6077);
#1828=VERTEX_POINT('',#6102);
#1829=VERTEX_POINT('',#6130);
#1830=VERTEX_POINT('',#6137);
#1831=VERTEX_POINT('',#6185);
#1832=VERTEX_POINT('',#6192);
#1833=VERTEX_POINT('',#6202);
#1834=VERTEX_POINT('',#6203);
#1835=VERTEX_POINT('',#6205);
#1836=VERTEX_POINT('',#6215);
#1837=VERTEX_POINT('',#6216);
#1838=VERTEX_POINT('',#6218);
#1839=VERTEX_POINT('',#6220);
#1840=VERTEX_POINT('',#6227);
#1841=VERTEX_POINT('',#6229);
#1842=VERTEX_POINT('',#6231);
#1843=VERTEX_POINT('',#6236);
#1844=VERTEX_POINT('',#6240);
#1845=VERTEX_POINT('',#6242);
#1846=VERTEX_POINT('',#6251);
#1847=VERTEX_POINT('',#6252);
#1848=VERTEX_POINT('',#6255);
#1849=VERTEX_POINT('',#6257);
#1850=VERTEX_POINT('',#6259);
#1851=VERTEX_POINT('',#6263);
#1852=VERTEX_POINT('',#6265);
#1853=VERTEX_POINT('',#6269);
#1854=VERTEX_POINT('',#6270);
#1855=VERTEX_POINT('',#6272);
#1856=VERTEX_POINT('',#6274);
#1857=VERTEX_POINT('',#6278);
#1858=VERTEX_POINT('',#6279);
#1859=VERTEX_POINT('',#6281);
#1860=VERTEX_POINT('',#6283);
#1861=VERTEX_POINT('',#6287);
#1862=VERTEX_POINT('',#6290);
#1863=VERTEX_POINT('',#6294);
#1864=VERTEX_POINT('',#6295);
#1865=VERTEX_POINT('',#6297);
#1866=VERTEX_POINT('',#6299);
#1867=VERTEX_POINT('',#6303);
#1868=VERTEX_POINT('',#6305);
#1869=VERTEX_POINT('',#6312);
#1870=VERTEX_POINT('',#6318);
#1871=VERTEX_POINT('',#6320);
#1872=VERTEX_POINT('',#6322);
#1873=VERTEX_POINT('',#6324);
#1874=VERTEX_POINT('',#6327);
#1875=VERTEX_POINT('',#6338);
#1876=VERTEX_POINT('',#6339);
#1877=VERTEX_POINT('',#6341);
#1878=VERTEX_POINT('',#6343);
#1879=VERTEX_POINT('',#6347);
#1880=VERTEX_POINT('',#6349);
#1881=VERTEX_POINT('',#6353);
#1882=VERTEX_POINT('',#6355);
#1883=VERTEX_POINT('',#6359);
#1884=VERTEX_POINT('',#6361);
#1885=VERTEX_POINT('',#6365);
#1886=VERTEX_POINT('',#6367);
#1887=VERTEX_POINT('',#6375);
#1888=VERTEX_POINT('',#6376);
#1889=VERTEX_POINT('',#6383);
#1890=VERTEX_POINT('',#6390);
#1891=VERTEX_POINT('',#6397);
#1892=VERTEX_POINT('',#6399);
#1893=VERTEX_POINT('',#6401);
#1894=VERTEX_POINT('',#6403);
#1895=VERTEX_POINT('',#6407);
#1896=VERTEX_POINT('',#6408);
#1897=VERTEX_POINT('',#6410);
#1898=VERTEX_POINT('',#6412);
#1899=VERTEX_POINT('',#6417);
#1900=VERTEX_POINT('',#6418);
#1901=VERTEX_POINT('',#6425);
#1902=VERTEX_POINT('',#6428);
#1903=VERTEX_POINT('',#6430);
#1904=VERTEX_POINT('',#6432);
#1905=VERTEX_POINT('',#6446);
#1906=VERTEX_POINT('',#6450);
#1907=VERTEX_POINT('',#6458);
#1908=VERTEX_POINT('',#6463);
#1909=VERTEX_POINT('',#6465);
#1910=VERTEX_POINT('',#6516);
#1911=VERTEX_POINT('',#6541);
#1912=VERTEX_POINT('',#6568);
#1913=VERTEX_POINT('',#6595);
#1914=VERTEX_POINT('',#6600);
#1915=VERTEX_POINT('',#6649);
#1916=VERTEX_POINT('',#6684);
#1917=VERTEX_POINT('',#6689);
#1918=VERTEX_POINT('',#6691);
#1919=VERTEX_POINT('',#6693);
#1920=VERTEX_POINT('',#6695);
#1921=VERTEX_POINT('',#6697);
#1922=VERTEX_POINT('',#6699);
#1923=VERTEX_POINT('',#6701);
#1924=VERTEX_POINT('',#6703);
#1925=VERTEX_POINT('',#6706);
#1926=VERTEX_POINT('',#6763);
#1927=VERTEX_POINT('',#6765);
#1928=VERTEX_POINT('',#6767);
#1929=VERTEX_POINT('',#6776);
#1930=VERTEX_POINT('',#6778);
#1931=VERTEX_POINT('',#6780);
#1932=VERTEX_POINT('',#6782);
#1933=VERTEX_POINT('',#6784);
#1934=VERTEX_POINT('',#6786);
#1935=VERTEX_POINT('',#6788);
#1936=VERTEX_POINT('',#6790);
#1937=VERTEX_POINT('',#6792);
#1938=VERTEX_POINT('',#6799);
#1939=VERTEX_POINT('',#6803);
#1940=VERTEX_POINT('',#6808);
#1941=VERTEX_POINT('',#6821);
#1942=VERTEX_POINT('',#6823);
#1943=VERTEX_POINT('',#6825);
#1944=VERTEX_POINT('',#6827);
#1945=VERTEX_POINT('',#6829);
#1946=VERTEX_POINT('',#6831);
#1947=VERTEX_POINT('',#6834);
#1948=VERTEX_POINT('',#6854);
#1949=VERTEX_POINT('',#6855);
#1950=VERTEX_POINT('',#6860);
#1951=VERTEX_POINT('',#6865);
#1952=VERTEX_POINT('',#6867);
#1953=VERTEX_POINT('',#6869);
#1954=VERTEX_POINT('',#6876);
#1955=VERTEX_POINT('',#6901);
#1956=VERTEX_POINT('',#6908);
#1957=VERTEX_POINT('',#6915);
#1958=VERTEX_POINT('',#6946);
#1959=VERTEX_POINT('',#7020);
#1960=VERTEX_POINT('',#7045);
#1961=VERTEX_POINT('',#7085);
#1962=VERTEX_POINT('',#7131);
#1963=VERTEX_POINT('',#7218);
#1964=VERTEX_POINT('',#7254);
#1965=VERTEX_POINT('',#7256);
#1966=VERTEX_POINT('',#7258);
#1967=VERTEX_POINT('',#7403);
#1968=VERTEX_POINT('',#7405);
#1969=VERTEX_POINT('',#7411);
#1970=VERTEX_POINT('',#7415);
#1971=VERTEX_POINT('',#7420);
#1972=VERTEX_POINT('',#7423);
#1973=VERTEX_POINT('',#7427);
#1974=VERTEX_POINT('',#7432);
#1975=VERTEX_POINT('',#7435);
#1976=VERTEX_POINT('',#7439);
#1977=VERTEX_POINT('',#7444);
#1978=VERTEX_POINT('',#7447);
#1979=VERTEX_POINT('',#7451);
#1980=VERTEX_POINT('',#7456);
#1981=VERTEX_POINT('',#7461);
#1982=VERTEX_POINT('',#7465);
#1983=VERTEX_POINT('',#7469);
#1984=VERTEX_POINT('',#7473);
#1985=VERTEX_POINT('',#7477);
#1986=VERTEX_POINT('',#7483);
#1987=VERTEX_POINT('',#7487);
#1988=VERTEX_POINT('',#7491);
#1989=VERTEX_POINT('',#7497);
#1990=VERTEX_POINT('',#7501);
#1991=VERTEX_POINT('',#7505);
#1992=VERTEX_POINT('',#7511);
#1993=VERTEX_POINT('',#7515);
#1994=VERTEX_POINT('',#7516);
#1995=VERTEX_POINT('',#7525);
#1996=VERTEX_POINT('',#7529);
#1997=VERTEX_POINT('',#7548);
#1998=VERTEX_POINT('',#7550);
#1999=VERTEX_POINT('',#7553);
#2000=VERTEX_POINT('',#7556);
#2001=VERTEX_POINT('',#7558);
#2002=VERTEX_POINT('',#7561);
#2003=VERTEX_POINT('',#7564);
#2004=VERTEX_POINT('',#7566);
#2005=VERTEX_POINT('',#7569);
#2006=VERTEX_POINT('',#7572);
#2007=VERTEX_POINT('',#7573);
#2008=VERTEX_POINT('',#7587);
#2009=VERTEX_POINT('',#7588);
#2010=VERTEX_POINT('',#7604);
#2011=VERTEX_POINT('',#7606);
#2012=VERTEX_POINT('',#7619);
#2013=VERTEX_POINT('',#7621);
#2014=VERTEX_POINT('',#7634);
#2015=VERTEX_POINT('',#7636);
#2016=VERTEX_POINT('',#7639);
#2017=VERTEX_POINT('',#7642);
#2018=VERTEX_POINT('',#7644);
#2019=VERTEX_POINT('',#7657);
#2020=VERTEX_POINT('',#7659);
#2021=VERTEX_POINT('',#7673);
#2022=VERTEX_POINT('',#7675);
#2023=VERTEX_POINT('',#7684);
#2024=VERTEX_POINT('',#7697);
#2025=VERTEX_POINT('',#7721);
#2026=VERTEX_POINT('',#7725);
#2027=VERTEX_POINT('',#7730);
#2028=VERTEX_POINT('',#7735);
#2029=VERTEX_POINT('',#7742);
#2030=VERTEX_POINT('',#7744);
#2031=VERTEX_POINT('',#7748);
#2032=VERTEX_POINT('',#7750);
#2033=VERTEX_POINT('',#7754);
#2034=VERTEX_POINT('',#7755);
#2035=VERTEX_POINT('',#7757);
#2036=VERTEX_POINT('',#7759);
#2037=VERTEX_POINT('',#7763);
#2038=VERTEX_POINT('',#7765);
#2039=VERTEX_POINT('',#7769);
#2040=VERTEX_POINT('',#7770);
#2041=VERTEX_POINT('',#7772);
#2042=VERTEX_POINT('',#7774);
#2043=VERTEX_POINT('',#7778);
#2044=VERTEX_POINT('',#7780);
#2045=VERTEX_POINT('',#7784);
#2046=VERTEX_POINT('',#7785);
#2047=VERTEX_POINT('',#7787);
#2048=VERTEX_POINT('',#7789);
#2049=VERTEX_POINT('',#7796);
#2050=VERTEX_POINT('',#7798);
#2051=VERTEX_POINT('',#7801);
#2052=VERTEX_POINT('',#7803);
#2053=VERTEX_POINT('',#7807);
#2054=VERTEX_POINT('',#7809);
#2055=VERTEX_POINT('',#7812);
#2056=VERTEX_POINT('',#7814);
#2057=VERTEX_POINT('',#7818);
#2058=VERTEX_POINT('',#7820);
#2059=VERTEX_POINT('',#7824);
#2060=VERTEX_POINT('',#7826);
#2061=VERTEX_POINT('',#7830);
#2062=VERTEX_POINT('',#7834);
#2063=VERTEX_POINT('',#7840);
#2064=VERTEX_POINT('',#7844);
#2065=EDGE_CURVE('',#1680,#1681,#830,.T.);
#2066=EDGE_CURVE('',#1680,#1682,#831,.T.);
#2067=EDGE_CURVE('',#1681,#1682,#832,.T.);
#2068=EDGE_CURVE('',#1683,#1684,#833,.T.);
#2069=EDGE_CURVE('',#1683,#1685,#834,.T.);
#2070=EDGE_CURVE('',#1685,#1684,#835,.T.);
#2071=EDGE_CURVE('',#1683,#1681,#836,.T.);
#2072=EDGE_CURVE('',#1682,#1685,#837,.T.);
#2073=EDGE_CURVE('',#1684,#1680,#838,.T.);
#2074=EDGE_CURVE('',#1686,#1687,#839,.T.);
#2075=EDGE_CURVE('',#1688,#1686,#840,.T.);
#2076=EDGE_CURVE('',#1689,#1688,#841,.T.);
#2077=EDGE_CURVE('',#1687,#1689,#842,.T.);
#2078=EDGE_CURVE('',#1687,#1690,#843,.T.);
#2079=EDGE_CURVE('',#1690,#1689,#844,.T.);
#2080=EDGE_CURVE('',#1690,#1691,#845,.T.);
#2081=EDGE_CURVE('',#1691,#1688,#846,.T.);
#2082=EDGE_CURVE('',#1691,#1686,#847,.T.);
#2083=EDGE_CURVE('',#1692,#1690,#848,.T.);
#2084=EDGE_CURVE('',#1693,#1692,#849,.T.);
#2085=EDGE_CURVE('',#1693,#1694,#850,.T.);
#2086=EDGE_CURVE('',#1695,#1694,#851,.T.);
#2087=EDGE_CURVE('',#1691,#1695,#852,.T.);
#2088=EDGE_CURVE('',#1696,#1696,#316,.T.);
#2089=EDGE_CURVE('',#1697,#1697,#317,.T.);
#2090=EDGE_CURVE('',#1698,#1698,#160,.T.);
#2091=EDGE_CURVE('',#1698,#1699,#853,.T.);
#2092=EDGE_CURVE('',#1699,#1699,#318,.T.);
#2093=EDGE_CURVE('',#1700,#1700,#161,.T.);
#2094=EDGE_CURVE('',#1700,#1697,#854,.T.);
#2095=EDGE_CURVE('',#1701,#1701,#162,.T.);
#2096=EDGE_CURVE('',#1701,#1702,#855,.T.);
#2097=EDGE_CURVE('',#1702,#1702,#319,.T.);
#2098=EDGE_CURVE('',#1703,#1703,#163,.T.);
#2099=EDGE_CURVE('',#1703,#1696,#856,.T.);
#2100=EDGE_CURVE('',#1704,#1693,#857,.T.);
#2101=EDGE_CURVE('',#1704,#1705,#858,.T.);
#2102=EDGE_CURVE('',#1694,#1705,#859,.T.);
#2103=EDGE_CURVE('',#1681,#1706,#860,.T.);
#2104=EDGE_CURVE('',#1707,#1706,#861,.T.);
#2105=EDGE_CURVE('',#1708,#1707,#862,.T.);
#2106=EDGE_CURVE('',#1708,#1709,#863,.T.);
#2107=EDGE_CURVE('',#1709,#1683,#864,.T.);
#2108=EDGE_CURVE('',#1710,#1708,#865,.T.);
#2109=EDGE_CURVE('',#1711,#1707,#866,.T.);
#2110=EDGE_CURVE('',#1710,#1711,#867,.T.);
#2111=EDGE_CURVE('',#1692,#1712,#868,.T.);
#2112=EDGE_CURVE('',#1712,#1713,#164,.T.);
#2113=EDGE_CURVE('',#1713,#1709,#869,.T.);
#2114=EDGE_CURVE('',#1704,#1710,#870,.T.);
#2115=EDGE_CURVE('',#1705,#1711,#871,.T.);
#2116=EDGE_CURVE('',#1714,#1706,#872,.T.);
#2117=EDGE_CURVE('',#1714,#1715,#165,.T.);
#2118=EDGE_CURVE('',#1695,#1715,#873,.T.);
#2119=EDGE_CURVE('',#1712,#1715,#874,.T.);
#2120=EDGE_CURVE('',#1713,#1714,#875,.T.);
#2121=EDGE_CURVE('',#1716,#1716,#68,.T.);
#2122=EDGE_CURVE('',#1717,#1717,#166,.T.);
#2123=EDGE_CURVE('',#1718,#1718,#167,.T.);
#2124=EDGE_CURVE('',#1719,#1719,#168,.T.);
#2125=EDGE_CURVE('',#1720,#1720,#169,.T.);
#2126=EDGE_CURVE('',#1721,#1721,#170,.T.);
#2127=EDGE_CURVE('',#1721,#1722,#876,.T.);
#2128=EDGE_CURVE('',#1722,#1722,#171,.T.);
#2129=EDGE_CURVE('',#1720,#1723,#877,.T.);
#2130=EDGE_CURVE('',#1723,#1723,#172,.T.);
#2131=EDGE_CURVE('',#1719,#1724,#878,.T.);
#2132=EDGE_CURVE('',#1724,#1724,#173,.T.);
#2133=EDGE_CURVE('',#1718,#1725,#879,.T.);
#2134=EDGE_CURVE('',#1725,#1725,#174,.T.);
#2135=EDGE_CURVE('',#1716,#1717,#880,.T.);
#2136=EDGE_CURVE('',#1726,#1727,#881,.T.);
#2137=EDGE_CURVE('',#1727,#1728,#882,.T.);
#2138=EDGE_CURVE('',#1728,#1729,#883,.T.);
#2139=EDGE_CURVE('',#1729,#1726,#884,.T.);
#2140=EDGE_CURVE('',#1730,#1731,#885,.T.);
#2141=EDGE_CURVE('',#1731,#1727,#175,.T.);
#2142=EDGE_CURVE('',#1726,#1730,#176,.T.);
#2143=EDGE_CURVE('',#1732,#1733,#886,.T.);
#2144=EDGE_CURVE('',#1733,#1731,#887,.T.);
#2145=EDGE_CURVE('',#1730,#1732,#888,.T.);
#2146=EDGE_CURVE('',#1734,#1735,#889,.T.);
#2147=EDGE_CURVE('',#1735,#1733,#177,.T.);
#2148=EDGE_CURVE('',#1732,#1734,#178,.T.);
#2149=EDGE_CURVE('',#1736,#1737,#890,.T.);
#2150=EDGE_CURVE('',#1737,#1735,#891,.T.);
#2151=EDGE_CURVE('',#1734,#1736,#892,.T.);
#2152=EDGE_CURVE('',#1738,#1739,#893,.T.);
#2153=EDGE_CURVE('',#1739,#1737,#179,.T.);
#2154=EDGE_CURVE('',#1736,#1738,#180,.T.);
#2155=EDGE_CURVE('',#1740,#1741,#894,.T.);
#2156=EDGE_CURVE('',#1741,#1739,#895,.T.);
#2157=EDGE_CURVE('',#1738,#1740,#896,.T.);
#2158=EDGE_CURVE('',#1728,#1741,#181,.T.);
#2159=EDGE_CURVE('',#1740,#1729,#182,.T.);
#2160=EDGE_CURVE('',#1732,#1742,#897,.T.);
#2161=EDGE_CURVE('',#1743,#1742,#183,.T.);
#2162=EDGE_CURVE('',#1734,#1743,#898,.T.);
#2163=EDGE_CURVE('',#1730,#1744,#899,.T.);
#2164=EDGE_CURVE('',#1742,#1744,#900,.T.);
#2165=EDGE_CURVE('',#1726,#1745,#901,.T.);
#2166=EDGE_CURVE('',#1744,#1745,#184,.T.);
#2167=EDGE_CURVE('',#1729,#1746,#902,.T.);
#2168=EDGE_CURVE('',#1745,#1746,#903,.T.);
#2169=EDGE_CURVE('',#1747,#1748,#904,.T.);
#2170=EDGE_CURVE('',#1748,#1749,#905,.T.);
#2171=EDGE_CURVE('',#1749,#1750,#906,.T.);
#2172=EDGE_CURVE('',#1750,#1751,#907,.T.);
#2173=EDGE_CURVE('',#1752,#1751,#908,.T.);
#2174=EDGE_CURVE('',#1752,#1753,#909,.T.);
#2175=EDGE_CURVE('',#1753,#1754,#910,.T.);
#2176=EDGE_CURVE('',#1754,#1755,#911,.T.);
#2177=EDGE_CURVE('',#1755,#1756,#912,.T.);
#2178=EDGE_CURVE('',#1756,#1757,#913,.T.);
#2179=EDGE_CURVE('',#1757,#1758,#914,.T.);
#2180=EDGE_CURVE('',#1758,#1759,#915,.T.);
#2181=EDGE_CURVE('',#1760,#1759,#916,.T.);
#2182=EDGE_CURVE('',#1761,#1760,#917,.T.);
#2183=EDGE_CURVE('',#1761,#1762,#918,.T.);
#2184=EDGE_CURVE('',#1763,#1762,#919,.T.);
#2185=EDGE_CURVE('',#1764,#1763,#920,.T.);
#2186=EDGE_CURVE('',#1764,#1765,#921,.T.);
#2187=EDGE_CURVE('',#1765,#1747,#922,.T.);
#2188=EDGE_CURVE('',#1766,#1766,#185,.T.);
#2189=EDGE_CURVE('',#1766,#1767,#923,.T.);
#2190=EDGE_CURVE('',#1767,#1767,#186,.T.);
#2191=EDGE_CURVE('',#1768,#1768,#187,.T.);
#2192=EDGE_CURVE('',#1768,#1767,#924,.T.);
#2193=EDGE_CURVE('',#1769,#1769,#188,.T.);
#2194=EDGE_CURVE('',#1769,#1770,#925,.T.);
#2195=EDGE_CURVE('',#1770,#1770,#189,.T.);
#2196=EDGE_CURVE('',#1771,#1771,#190,.T.);
#2197=EDGE_CURVE('',#1771,#1770,#926,.T.);
#2198=EDGE_CURVE('',#1772,#1773,#927,.T.);
#2199=EDGE_CURVE('',#1773,#1774,#928,.T.);
#2200=EDGE_CURVE('',#1775,#1774,#929,.T.);
#2201=EDGE_CURVE('',#1776,#1775,#930,.T.);
#2202=EDGE_CURVE('',#1776,#1777,#931,.T.);
#2203=EDGE_CURVE('',#1777,#1778,#932,.T.);
#2204=EDGE_CURVE('',#1778,#1779,#933,.T.);
#2205=EDGE_CURVE('',#1779,#1780,#934,.T.);
#2206=EDGE_CURVE('',#1780,#1781,#935,.T.);
#2207=EDGE_CURVE('',#1781,#1782,#936,.T.);
#2208=EDGE_CURVE('',#1783,#1782,#937,.T.);
#2209=EDGE_CURVE('',#1783,#1784,#938,.T.);
#2210=EDGE_CURVE('',#1784,#1785,#939,.T.);
#2211=EDGE_CURVE('',#1785,#1786,#940,.T.);
#2212=EDGE_CURVE('',#1786,#1787,#941,.T.);
#2213=EDGE_CURVE('',#1788,#1787,#942,.T.);
#2214=EDGE_CURVE('',#1788,#1789,#943,.T.);
#2215=EDGE_CURVE('',#1790,#1789,#944,.T.);
#2216=EDGE_CURVE('',#1790,#1772,#945,.T.);
#2217=EDGE_CURVE('',#1791,#1792,#946,.T.);
#2218=EDGE_CURVE('',#1791,#1793,#947,.T.);
#2219=EDGE_CURVE('',#1793,#1794,#948,.T.);
#2220=EDGE_CURVE('',#1792,#1794,#949,.T.);
#2221=EDGE_CURVE('',#1795,#1791,#950,.T.);
#2222=EDGE_CURVE('',#1795,#1796,#951,.T.);
#2223=EDGE_CURVE('',#1796,#1793,#952,.T.);
#2224=EDGE_CURVE('',#1797,#1795,#953,.T.);
#2225=EDGE_CURVE('',#1797,#1798,#954,.T.);
#2226=EDGE_CURVE('',#1798,#1796,#955,.T.);
#2227=EDGE_CURVE('',#1799,#1797,#956,.T.);
#2228=EDGE_CURVE('',#1799,#1800,#957,.T.);
#2229=EDGE_CURVE('',#1800,#1798,#958,.T.);
#2230=EDGE_CURVE('',#1801,#1799,#959,.T.);
#2231=EDGE_CURVE('',#1801,#1802,#960,.T.);
#2232=EDGE_CURVE('',#1802,#1800,#961,.T.);
#2233=EDGE_CURVE('',#1792,#1801,#962,.T.);
#2234=EDGE_CURVE('',#1794,#1802,#963,.T.);
#2235=EDGE_CURVE('',#1803,#1804,#69,.T.);
#2236=EDGE_CURVE('',#1805,#1803,#70,.T.);
#2237=EDGE_CURVE('',#1806,#1805,#71,.T.);
#2238=EDGE_CURVE('',#1807,#1806,#964,.T.);
#2239=EDGE_CURVE('',#1807,#1808,#965,.T.);
#2240=EDGE_CURVE('',#1809,#1808,#966,.T.);
#2241=EDGE_CURVE('',#1810,#1809,#967,.T.);
#2242=EDGE_CURVE('',#1804,#1810,#968,.T.);
#2243=EDGE_CURVE('',#1811,#1812,#969,.T.);
#2244=EDGE_CURVE('',#1812,#1813,#970,.T.);
#2245=EDGE_CURVE('',#1813,#1814,#971,.T.);
#2246=EDGE_CURVE('',#1814,#1809,#972,.T.);
#2247=EDGE_CURVE('',#1808,#1811,#973,.T.);
#2248=EDGE_CURVE('',#1815,#1816,#974,.T.);
#2249=EDGE_CURVE('',#1815,#1812,#975,.T.);
#2250=EDGE_CURVE('',#1816,#1811,#976,.T.);
#2251=EDGE_CURVE('',#1817,#1815,#977,.T.);
#2252=EDGE_CURVE('',#1817,#1813,#978,.T.);
#2253=EDGE_CURVE('',#1818,#1819,#72,.T.);
#2254=EDGE_CURVE('',#1820,#1818,#979,.T.);
#2255=EDGE_CURVE('',#1820,#1814,#980,.T.);
#2256=EDGE_CURVE('',#1821,#1817,#981,.T.);
#2257=EDGE_CURVE('',#1822,#1821,#73,.T.);
#2258=EDGE_CURVE('',#1819,#1822,#74,.T.);
#2259=EDGE_CURVE('',#1810,#1820,#982,.T.);
#2260=EDGE_CURVE('',#1816,#1807,#983,.T.);
#2261=EDGE_CURVE('',#1806,#1823,#75,.T.);
#2262=EDGE_CURVE('',#1823,#1824,#76,.T.);
#2263=EDGE_CURVE('',#1825,#1824,#984,.T.);
#2264=EDGE_CURVE('',#1825,#1821,#77,.T.);
#2265=EDGE_CURVE('',#1826,#1804,#78,.T.);
#2266=EDGE_CURVE('',#1827,#1826,#79,.T.);
#2267=EDGE_CURVE('',#1827,#1803,#80,.T.);
#2268=EDGE_CURVE('',#1828,#1805,#81,.T.);
#2269=EDGE_CURVE('',#1823,#1828,#82,.T.);
#2270=EDGE_CURVE('',#1829,#1825,#83,.T.);
#2271=EDGE_CURVE('',#1830,#1829,#84,.T.);
#2272=EDGE_CURVE('',#1822,#1830,#85,.T.);
#2273=EDGE_CURVE('',#1828,#1827,#86,.T.);
#2274=EDGE_CURVE('',#1831,#1830,#87,.T.);
#2275=EDGE_CURVE('',#1832,#1831,#88,.T.);
#2276=EDGE_CURVE('',#1819,#1832,#89,.T.);
#2277=EDGE_CURVE('',#1833,#1834,#985,.T.);
#2278=EDGE_CURVE('',#1835,#1834,#986,.T.);
#2279=EDGE_CURVE('',#1835,#1832,#90,.T.);
#2280=EDGE_CURVE('',#1833,#1831,#987,.T.);
#2281=EDGE_CURVE('',#1836,#1837,#988,.T.);
#2282=EDGE_CURVE('',#1838,#1837,#989,.T.);
#2283=EDGE_CURVE('',#1838,#1839,#91,.T.);
#2284=EDGE_CURVE('',#1839,#1840,#990,.T.);
#2285=EDGE_CURVE('',#1840,#1841,#991,.T.);
#2286=EDGE_CURVE('',#1841,#1842,#92,.T.);
#2287=EDGE_CURVE('',#1842,#1843,#992,.T.);
#2288=EDGE_CURVE('',#1836,#1843,#993,.T.);
#2289=EDGE_CURVE('',#1837,#1844,#994,.T.);
#2290=EDGE_CURVE('',#1845,#1844,#995,.T.);
#2291=EDGE_CURVE('',#1845,#1838,#93,.T.);
#2292=EDGE_CURVE('',#1846,#1847,#996,.T.);
#2293=EDGE_CURVE('',#1846,#1834,#997,.T.);
#2294=EDGE_CURVE('',#1848,#1833,#998,.T.);
#2295=EDGE_CURVE('',#1849,#1848,#999,.T.);
#2296=EDGE_CURVE('',#1850,#1849,#1000,.T.);
#2297=EDGE_CURVE('',#1847,#1850,#1001,.T.);
#2298=EDGE_CURVE('',#1847,#1851,#1002,.T.);
#2299=EDGE_CURVE('',#1852,#1850,#1003,.T.);
#2300=EDGE_CURVE('',#1851,#1852,#1004,.T.);
#2301=EDGE_CURVE('',#1853,#1854,#1005,.T.);
#2302=EDGE_CURVE('',#1853,#1855,#1006,.T.);
#2303=EDGE_CURVE('',#1856,#1855,#1007,.T.);
#2304=EDGE_CURVE('',#1854,#1856,#1008,.T.);
#2305=EDGE_CURVE('',#1857,#1858,#1009,.T.);
#2306=EDGE_CURVE('',#1857,#1859,#1010,.T.);
#2307=EDGE_CURVE('',#1860,#1859,#1011,.T.);
#2308=EDGE_CURVE('',#1858,#1860,#1012,.T.);
#2309=EDGE_CURVE('',#1858,#1861,#1013,.T.);
#2310=EDGE_CURVE('',#1844,#1860,#1014,.T.);
#2311=EDGE_CURVE('',#1862,#1836,#1015,.T.);
#2312=EDGE_CURVE('',#1861,#1862,#1016,.T.);
#2313=EDGE_CURVE('',#1863,#1864,#1017,.T.);
#2314=EDGE_CURVE('',#1865,#1863,#1018,.T.);
#2315=EDGE_CURVE('',#1866,#1865,#1019,.T.);
#2316=EDGE_CURVE('',#1864,#1866,#1020,.T.);
#2317=EDGE_CURVE('',#1849,#1867,#1021,.T.);
#2318=EDGE_CURVE('',#1867,#1868,#1022,.T.);
#2319=EDGE_CURVE('',#1868,#1788,#1023,.T.);
#2320=EDGE_CURVE('',#1787,#1856,#1024,.T.);
#2321=EDGE_CURVE('',#1855,#1852,#1025,.T.);
#2322=EDGE_CURVE('',#1865,#1760,#1026,.T.);
#2323=EDGE_CURVE('',#1759,#1869,#1027,.T.);
#2324=EDGE_CURVE('',#1869,#1845,#1028,.T.);
#2325=EDGE_CURVE('',#1859,#1866,#1029,.T.);
#2326=EDGE_CURVE('',#1863,#1854,#191,.T.);
#2327=EDGE_CURVE('',#1870,#1786,#1030,.T.);
#2328=EDGE_CURVE('',#1871,#1870,#1031,.T.);
#2329=EDGE_CURVE('',#1872,#1871,#1032,.T.);
#2330=EDGE_CURVE('',#1872,#1873,#1033,.T.);
#2331=EDGE_CURVE('',#1873,#1761,#1034,.T.);
#2332=EDGE_CURVE('',#1874,#1874,#192,.T.);
#2333=EDGE_CURVE('',#1864,#1853,#193,.T.);
#2334=EDGE_CURVE('',#1857,#1851,#194,.T.);
#2335=EDGE_CURVE('',#1847,#1858,#195,.T.);
#2336=EDGE_CURVE('',#1861,#1846,#196,.T.);
#2337=EDGE_CURVE('',#1875,#1876,#1035,.T.);
#2338=EDGE_CURVE('',#1875,#1877,#1036,.T.);
#2339=EDGE_CURVE('',#1877,#1878,#1037,.T.);
#2340=EDGE_CURVE('',#1876,#1878,#1038,.T.);
#2341=EDGE_CURVE('',#1879,#1875,#1039,.T.);
#2342=EDGE_CURVE('',#1879,#1880,#1040,.T.);
#2343=EDGE_CURVE('',#1880,#1877,#1041,.T.);
#2344=EDGE_CURVE('',#1881,#1879,#1042,.T.);
#2345=EDGE_CURVE('',#1881,#1882,#1043,.T.);
#2346=EDGE_CURVE('',#1882,#1880,#1044,.T.);
#2347=EDGE_CURVE('',#1883,#1881,#1045,.T.);
#2348=EDGE_CURVE('',#1883,#1884,#1046,.T.);
#2349=EDGE_CURVE('',#1884,#1882,#1047,.T.);
#2350=EDGE_CURVE('',#1885,#1883,#1048,.T.);
#2351=EDGE_CURVE('',#1885,#1886,#1049,.T.);
#2352=EDGE_CURVE('',#1886,#1884,#1050,.T.);
#2353=EDGE_CURVE('',#1876,#1885,#1051,.T.);
#2354=EDGE_CURVE('',#1878,#1886,#1052,.T.);
#2355=EDGE_CURVE('',#1887,#1888,#94,.T.);
#2356=EDGE_CURVE('',#1889,#1887,#95,.T.);
#2357=EDGE_CURVE('',#1890,#1889,#96,.T.);
#2358=EDGE_CURVE('',#1891,#1890,#1053,.T.);
#2359=EDGE_CURVE('',#1891,#1892,#1054,.T.);
#2360=EDGE_CURVE('',#1893,#1892,#1055,.T.);
#2361=EDGE_CURVE('',#1894,#1893,#1056,.T.);
#2362=EDGE_CURVE('',#1888,#1894,#1057,.T.);
#2363=EDGE_CURVE('',#1895,#1896,#1058,.T.);
#2364=EDGE_CURVE('',#1896,#1897,#1059,.T.);
#2365=EDGE_CURVE('',#1897,#1898,#1060,.T.);
#2366=EDGE_CURVE('',#1898,#1893,#1061,.T.);
#2367=EDGE_CURVE('',#1892,#1895,#1062,.T.);
#2368=EDGE_CURVE('',#1899,#1900,#97,.T.);
#2369=EDGE_CURVE('',#1901,#1899,#1063,.T.);
#2370=EDGE_CURVE('',#1901,#1896,#1064,.T.);
#2371=EDGE_CURVE('',#1902,#1895,#1065,.T.);
#2372=EDGE_CURVE('',#1903,#1902,#1066,.T.);
#2373=EDGE_CURVE('',#1904,#1903,#98,.T.);
#2374=EDGE_CURVE('',#1900,#1904,#99,.T.);
#2375=EDGE_CURVE('',#1905,#1901,#1067,.T.);
#2376=EDGE_CURVE('',#1905,#1897,#1068,.T.);
#2377=EDGE_CURVE('',#1906,#1905,#1069,.T.);
#2378=EDGE_CURVE('',#1906,#1898,#1070,.T.);
#2379=EDGE_CURVE('',#1894,#1906,#1071,.T.);
#2380=EDGE_CURVE('',#1902,#1891,#1072,.T.);
#2381=EDGE_CURVE('',#1899,#1907,#100,.T.);
#2382=EDGE_CURVE('',#1907,#1908,#1073,.T.);
#2383=EDGE_CURVE('',#1908,#1909,#101,.T.);
#2384=EDGE_CURVE('',#1909,#1888,#102,.T.);
#2385=EDGE_CURVE('',#1900,#1842,#103,.T.);
#2386=EDGE_CURVE('',#1907,#1841,#104,.T.);
#2387=EDGE_CURVE('',#1904,#1910,#105,.T.);
#2388=EDGE_CURVE('',#1843,#1910,#106,.T.);
#2389=EDGE_CURVE('',#1911,#1903,#107,.T.);
#2390=EDGE_CURVE('',#1910,#1911,#108,.T.);
#2391=EDGE_CURVE('',#1912,#1909,#109,.T.);
#2392=EDGE_CURVE('',#1912,#1887,#110,.T.);
#2393=EDGE_CURVE('',#1913,#1889,#111,.T.);
#2394=EDGE_CURVE('',#1914,#1913,#112,.T.);
#2395=EDGE_CURVE('',#1890,#1914,#113,.T.);
#2396=EDGE_CURVE('',#1912,#1913,#114,.T.);
#2397=EDGE_CURVE('',#1839,#1912,#115,.T.);
#2398=EDGE_CURVE('',#1838,#1915,#116,.T.);
#2399=EDGE_CURVE('',#1913,#1915,#117,.T.);
#2400=EDGE_CURVE('',#1839,#1908,#118,.T.);
#2401=EDGE_CURVE('',#1862,#1911,#1074,.T.);
#2402=EDGE_CURVE('',#1914,#1916,#119,.T.);
#2403=EDGE_CURVE('',#1917,#1916,#1075,.T.);
#2404=EDGE_CURVE('',#1918,#1917,#1076,.T.);
#2405=EDGE_CURVE('',#1918,#1919,#1077,.T.);
#2406=EDGE_CURVE('',#1920,#1919,#1078,.T.);
#2407=EDGE_CURVE('',#1920,#1921,#1079,.T.);
#2408=EDGE_CURVE('',#1922,#1921,#1080,.T.);
#2409=EDGE_CURVE('',#1922,#1923,#1081,.T.);
#2410=EDGE_CURVE('',#1924,#1923,#1082,.T.);
#2411=EDGE_CURVE('',#1924,#1911,#1083,.T.);
#2412=EDGE_CURVE('',#1925,#1925,#120,.T.);
#2413=EDGE_CURVE('',#1818,#1835,#121,.T.);
#2414=EDGE_CURVE('',#1926,#1829,#1084,.T.);
#2415=EDGE_CURVE('',#1926,#1927,#1085,.T.);
#2416=EDGE_CURVE('',#1927,#1928,#122,.T.);
#2417=EDGE_CURVE('',#1848,#1928,#1086,.T.);
#2418=EDGE_CURVE('',#1929,#1835,#1087,.T.);
#2419=EDGE_CURVE('',#1930,#1929,#1088,.T.);
#2420=EDGE_CURVE('',#1930,#1931,#1089,.T.);
#2421=EDGE_CURVE('',#1932,#1931,#1090,.T.);
#2422=EDGE_CURVE('',#1932,#1933,#1091,.T.);
#2423=EDGE_CURVE('',#1934,#1933,#1092,.T.);
#2424=EDGE_CURVE('',#1934,#1935,#1093,.T.);
#2425=EDGE_CURVE('',#1936,#1935,#1094,.T.);
#2426=EDGE_CURVE('',#1936,#1937,#1095,.T.);
#2427=EDGE_CURVE('',#1937,#1826,#123,.T.);
#2428=EDGE_CURVE('',#1938,#1825,#1096,.T.);
#2429=EDGE_CURVE('',#1926,#1938,#1097,.T.);
#2430=EDGE_CURVE('',#1939,#1840,#1098,.T.);
#2431=EDGE_CURVE('',#1907,#1939,#1099,.T.);
#2432=EDGE_CURVE('',#1824,#1938,#1100,.T.);
#2433=EDGE_CURVE('',#1824,#1940,#124,.T.);
#2434=EDGE_CURVE('',#1940,#1927,#125,.T.);
#2435=EDGE_CURVE('',#1941,#1924,#1101,.T.);
#2436=EDGE_CURVE('',#1941,#1942,#1102,.T.);
#2437=EDGE_CURVE('',#1943,#1942,#1103,.T.);
#2438=EDGE_CURVE('',#1944,#1943,#1104,.T.);
#2439=EDGE_CURVE('',#1945,#1944,#1105,.T.);
#2440=EDGE_CURVE('',#1945,#1946,#1106,.T.);
#2441=EDGE_CURVE('',#1929,#1946,#1107,.T.);
#2442=EDGE_CURVE('',#1947,#1947,#197,.T.);
#2443=EDGE_CURVE('',#1939,#1908,#1108,.T.);
#2444=EDGE_CURVE('',#1948,#1949,#126,.T.);
#2445=EDGE_CURVE('',#1950,#1948,#127,.T.);
#2446=EDGE_CURVE('',#1950,#1951,#1109,.T.);
#2447=EDGE_CURVE('',#1951,#1952,#1110,.T.);
#2448=EDGE_CURVE('',#1953,#1952,#128,.T.);
#2449=EDGE_CURVE('',#1954,#1953,#129,.T.);
#2450=EDGE_CURVE('',#1949,#1954,#130,.T.);
#2451=EDGE_CURVE('',#1949,#1955,#131,.T.);
#2452=EDGE_CURVE('',#1956,#1954,#132,.T.);
#2453=EDGE_CURVE('',#1957,#1956,#133,.T.);
#2454=EDGE_CURVE('',#1955,#1957,#134,.T.);
#2455=EDGE_CURVE('',#1937,#1957,#135,.T.);
#2456=EDGE_CURVE('',#1958,#1937,#136,.T.);
#2457=EDGE_CURVE('',#1958,#1955,#1111,.T.);
#2458=EDGE_CURVE('',#1913,#1955,#137,.T.);
#2459=EDGE_CURVE('',#1915,#1948,#138,.T.);
#2460=EDGE_CURVE('',#1955,#1916,#139,.T.);
#2461=EDGE_CURVE('',#1917,#1936,#1112,.T.);
#2462=EDGE_CURVE('',#1916,#1958,#140,.T.);
#2463=EDGE_CURVE('',#1959,#1956,#141,.T.);
#2464=EDGE_CURVE('',#1959,#1827,#142,.T.);
#2465=EDGE_CURVE('',#1960,#1950,#143,.T.);
#2466=EDGE_CURVE('',#1960,#1951,#1113,.T.);
#2467=EDGE_CURVE('',#1961,#1953,#144,.T.);
#2468=EDGE_CURVE('',#1961,#1959,#145,.T.);
#2469=EDGE_CURVE('',#1952,#1868,#1114,.T.);
#2470=EDGE_CURVE('',#1868,#1961,#146,.T.);
#2471=EDGE_CURVE('',#1962,#1867,#147,.T.);
#2472=EDGE_CURVE('',#1928,#1962,#1115,.T.);
#2473=EDGE_CURVE('',#1928,#1961,#148,.T.);
#2474=EDGE_CURVE('',#1940,#1959,#149,.T.);
#2475=EDGE_CURVE('',#1915,#1869,#150,.T.);
#2476=EDGE_CURVE('',#1869,#1960,#1116,.T.);
#2477=EDGE_CURVE('',#1963,#1963,#151,.T.);
#2478=EDGE_CURVE('',#1746,#1964,#198,.T.);
#2479=EDGE_CURVE('',#1964,#1965,#1117,.T.);
#2480=EDGE_CURVE('',#1965,#1966,#199,.T.);
#2481=EDGE_CURVE('',#1966,#1743,#1118,.T.);
#2482=EDGE_CURVE('',#1963,#1925,#1119,.T.);
#2483=EDGE_CURVE('',#1967,#1967,#200,.T.);
#2484=EDGE_CURVE('',#1968,#1968,#201,.T.);
#2485=EDGE_CURVE('',#1874,#1967,#1120,.T.);
#2486=EDGE_CURVE('',#1765,#1969,#1121,.T.);
#2487=EDGE_CURVE('',#1969,#1764,#1122,.T.);
#2488=EDGE_CURVE('',#1970,#1762,#1123,.T.);
#2489=EDGE_CURVE('',#1763,#1970,#1124,.T.);
#2490=EDGE_CURVE('',#1970,#1969,#1125,.T.);
#2491=EDGE_CURVE('',#1971,#1971,#202,.T.);
#2492=EDGE_CURVE('',#1777,#1972,#1126,.T.);
#2493=EDGE_CURVE('',#1972,#1776,#1127,.T.);
#2494=EDGE_CURVE('',#1973,#1774,#1128,.T.);
#2495=EDGE_CURVE('',#1775,#1973,#1129,.T.);
#2496=EDGE_CURVE('',#1973,#1972,#1130,.T.);
#2497=EDGE_CURVE('',#1974,#1974,#203,.T.);
#2498=EDGE_CURVE('',#1785,#1975,#1131,.T.);
#2499=EDGE_CURVE('',#1784,#1975,#1132,.T.);
#2500=EDGE_CURVE('',#1976,#1782,#1133,.T.);
#2501=EDGE_CURVE('',#1976,#1783,#1134,.T.);
#2502=EDGE_CURVE('',#1976,#1975,#1135,.T.);
#2503=EDGE_CURVE('',#1977,#1977,#204,.T.);
#2504=EDGE_CURVE('',#1754,#1978,#1136,.T.);
#2505=EDGE_CURVE('',#1753,#1978,#1137,.T.);
#2506=EDGE_CURVE('',#1979,#1751,#1138,.T.);
#2507=EDGE_CURVE('',#1979,#1752,#1139,.T.);
#2508=EDGE_CURVE('',#1979,#1978,#1140,.T.);
#2509=EDGE_CURVE('',#1980,#1980,#205,.T.);
#2510=EDGE_CURVE('',#1975,#1870,#1141,.T.);
#2511=EDGE_CURVE('',#1781,#1981,#1142,.T.);
#2512=EDGE_CURVE('',#1981,#1976,#1143,.T.);
#2513=EDGE_CURVE('',#1982,#1773,#1144,.T.);
#2514=EDGE_CURVE('',#1982,#1973,#1145,.T.);
#2515=EDGE_CURVE('',#1972,#1983,#1146,.T.);
#2516=EDGE_CURVE('',#1983,#1778,#1147,.T.);
#2517=EDGE_CURVE('',#1978,#1984,#1148,.T.);
#2518=EDGE_CURVE('',#1755,#1984,#1149,.T.);
#2519=EDGE_CURVE('',#1750,#1985,#1150,.T.);
#2520=EDGE_CURVE('',#1985,#1979,#1151,.T.);
#2521=EDGE_CURVE('',#1873,#1970,#1152,.T.);
#2522=EDGE_CURVE('',#1969,#1986,#1153,.T.);
#2523=EDGE_CURVE('',#1986,#1747,#1154,.T.);
#2524=EDGE_CURVE('',#1971,#1987,#1155,.T.);
#2525=EDGE_CURVE('',#1987,#1987,#206,.T.);
#2526=EDGE_CURVE('',#1872,#1988,#1156,.T.);
#2527=EDGE_CURVE('',#1988,#1986,#1157,.T.);
#2528=EDGE_CURVE('',#1988,#1748,#1158,.T.);
#2529=EDGE_CURVE('',#1974,#1989,#1159,.T.);
#2530=EDGE_CURVE('',#1989,#1989,#207,.T.);
#2531=EDGE_CURVE('',#1779,#1990,#1160,.T.);
#2532=EDGE_CURVE('',#1990,#1983,#1161,.T.);
#2533=EDGE_CURVE('',#1990,#1991,#1162,.T.);
#2534=EDGE_CURVE('',#1991,#1982,#1163,.T.);
#2535=EDGE_CURVE('',#1991,#1772,#1164,.T.);
#2536=EDGE_CURVE('',#1980,#1992,#1165,.T.);
#2537=EDGE_CURVE('',#1992,#1992,#208,.T.);
#2538=EDGE_CURVE('',#1993,#1994,#1166,.T.);
#2539=EDGE_CURVE('',#1994,#1984,#1167,.T.);
#2540=EDGE_CURVE('',#1993,#1985,#1168,.T.);
#2541=EDGE_CURVE('',#1749,#1993,#1169,.T.);
#2542=EDGE_CURVE('',#1994,#1756,#1170,.T.);
#2543=EDGE_CURVE('',#1977,#1995,#1171,.T.);
#2544=EDGE_CURVE('',#1995,#1995,#209,.T.);
#2545=EDGE_CURVE('',#1871,#1996,#1172,.T.);
#2546=EDGE_CURVE('',#1996,#1981,#1173,.T.);
#2547=EDGE_CURVE('',#1996,#1780,#1174,.T.);
#2548=EDGE_CURVE('',#1740,#1964,#1175,.T.);
#2549=EDGE_CURVE('',#1738,#1965,#1176,.T.);
#2550=EDGE_CURVE('',#1736,#1966,#1177,.T.);
#2551=EDGE_CURVE('',#1968,#1947,#1178,.T.);
#2552=EDGE_CURVE('',#1789,#1758,#1179,.T.);
#2553=EDGE_CURVE('',#1757,#1790,#1180,.T.);
#2554=EDGE_CURVE('',#1919,#1997,#1181,.T.);
#2555=EDGE_CURVE('',#1997,#1998,#210,.T.);
#2556=EDGE_CURVE('',#1998,#1920,#1182,.T.);
#2557=EDGE_CURVE('',#1999,#1999,#211,.T.);
#2558=EDGE_CURVE('',#1923,#2000,#1183,.T.);
#2559=EDGE_CURVE('',#2000,#2001,#212,.T.);
#2560=EDGE_CURVE('',#2001,#1941,#1184,.T.);
#2561=EDGE_CURVE('',#2002,#2002,#213,.T.);
#2562=EDGE_CURVE('',#1933,#2003,#1185,.T.);
#2563=EDGE_CURVE('',#2003,#2004,#214,.T.);
#2564=EDGE_CURVE('',#2004,#1934,#1186,.T.);
#2565=EDGE_CURVE('',#2005,#2005,#215,.T.);
#2566=EDGE_CURVE('',#2006,#2007,#152,.T.);
#2567=EDGE_CURVE('',#2000,#2006,#1187,.T.);
#2568=EDGE_CURVE('',#2007,#1922,#1188,.T.);
#2569=EDGE_CURVE('',#2008,#2009,#153,.T.);
#2570=EDGE_CURVE('',#1942,#2008,#1189,.T.);
#2571=EDGE_CURVE('',#2009,#2001,#1190,.T.);
#2572=EDGE_CURVE('',#1943,#2008,#216,.T.);
#2573=EDGE_CURVE('',#2010,#1998,#1191,.T.);
#2574=EDGE_CURVE('',#2011,#2010,#154,.T.);
#2575=EDGE_CURVE('',#1921,#2011,#1192,.T.);
#2576=EDGE_CURVE('',#1997,#2012,#1193,.T.);
#2577=EDGE_CURVE('',#2013,#1918,#1194,.T.);
#2578=EDGE_CURVE('',#2012,#2013,#155,.T.);
#2579=EDGE_CURVE('',#1946,#2014,#1195,.T.);
#2580=EDGE_CURVE('',#2014,#2015,#217,.T.);
#2581=EDGE_CURVE('',#2015,#1930,#1196,.T.);
#2582=EDGE_CURVE('',#2016,#2016,#218,.T.);
#2583=EDGE_CURVE('',#2017,#2015,#1197,.T.);
#2584=EDGE_CURVE('',#2018,#2017,#156,.T.);
#2585=EDGE_CURVE('',#1931,#2018,#1198,.T.);
#2586=EDGE_CURVE('',#2014,#2019,#1199,.T.);
#2587=EDGE_CURVE('',#2020,#1945,#1200,.T.);
#2588=EDGE_CURVE('',#2019,#2020,#157,.T.);
#2589=EDGE_CURVE('',#2013,#2011,#219,.T.);
#2590=EDGE_CURVE('',#1935,#2021,#1201,.T.);
#2591=EDGE_CURVE('',#2022,#2021,#220,.T.);
#2592=EDGE_CURVE('',#2022,#1932,#1202,.T.);
#2593=EDGE_CURVE('',#1944,#2018,#221,.T.);
#2594=EDGE_CURVE('',#2007,#1943,#222,.T.);
#2595=EDGE_CURVE('',#2020,#1944,#223,.T.);
#2596=EDGE_CURVE('',#2017,#2019,#224,.T.);
#2597=EDGE_CURVE('',#2023,#2022,#158,.T.);
#2598=EDGE_CURVE('',#2003,#2023,#1203,.T.);
#2599=EDGE_CURVE('',#2021,#2024,#159,.T.);
#2600=EDGE_CURVE('',#2024,#2004,#1204,.T.);
#2601=EDGE_CURVE('',#2024,#2023,#225,.T.);
#2602=EDGE_CURVE('',#2010,#2012,#226,.T.);
#2603=EDGE_CURVE('',#2009,#2006,#227,.T.);
#2604=EDGE_CURVE('',#2002,#2025,#1205,.T.);
#2605=EDGE_CURVE('',#2025,#2025,#228,.T.);
#2606=EDGE_CURVE('',#1999,#2026,#1206,.T.);
#2607=EDGE_CURVE('',#2026,#2026,#229,.T.);
#2608=EDGE_CURVE('',#2016,#2027,#1207,.T.);
#2609=EDGE_CURVE('',#2027,#2027,#230,.T.);
#2610=EDGE_CURVE('',#2005,#2028,#1208,.T.);
#2611=EDGE_CURVE('',#2028,#2028,#231,.T.);
#2612=EDGE_CURVE('',#2029,#2029,#232,.T.);
#2613=EDGE_CURVE('',#2029,#2030,#1209,.T.);
#2614=EDGE_CURVE('',#2030,#2030,#233,.T.);
#2615=EDGE_CURVE('',#2031,#2031,#234,.T.);
#2616=EDGE_CURVE('',#2031,#2032,#1210,.T.);
#2617=EDGE_CURVE('',#2032,#2032,#235,.T.);
#2618=EDGE_CURVE('',#2033,#2034,#236,.T.);
#2619=EDGE_CURVE('',#2035,#2033,#1211,.T.);
#2620=EDGE_CURVE('',#2036,#2035,#237,.T.);
#2621=EDGE_CURVE('',#2036,#2034,#1212,.T.);
#2622=EDGE_CURVE('',#2034,#2037,#1213,.T.);
#2623=EDGE_CURVE('',#2038,#2036,#1214,.T.);
#2624=EDGE_CURVE('',#2037,#2038,#1215,.T.);
#2625=EDGE_CURVE('',#2039,#2040,#1216,.T.);
#2626=EDGE_CURVE('',#2041,#2039,#1217,.T.);
#2627=EDGE_CURVE('',#2042,#2041,#1218,.T.);
#2628=EDGE_CURVE('',#2040,#2042,#1219,.T.);
#2629=EDGE_CURVE('',#2043,#2033,#1220,.T.);
#2630=EDGE_CURVE('',#2044,#2043,#1221,.T.);
#2631=EDGE_CURVE('',#2035,#2044,#1222,.T.);
#2632=EDGE_CURVE('',#2045,#2046,#1223,.T.);
#2633=EDGE_CURVE('',#2045,#2047,#1224,.T.);
#2634=EDGE_CURVE('',#2048,#2047,#1225,.T.);
#2635=EDGE_CURVE('',#2046,#2048,#1226,.T.);
#2636=EDGE_CURVE('',#2041,#2045,#238,.T.);
#2637=EDGE_CURVE('',#2047,#2039,#239,.T.);
#2638=EDGE_CURVE('',#2049,#2048,#1227,.T.);
#2639=EDGE_CURVE('',#2050,#2049,#1228,.T.);
#2640=EDGE_CURVE('',#2044,#2050,#1229,.T.);
#2641=EDGE_CURVE('',#2043,#2051,#1230,.T.);
#2642=EDGE_CURVE('',#2051,#2052,#1231,.T.);
#2643=EDGE_CURVE('',#2052,#2046,#1232,.T.);
#2644=EDGE_CURVE('',#2042,#2053,#1233,.T.);
#2645=EDGE_CURVE('',#2053,#2054,#1234,.T.);
#2646=EDGE_CURVE('',#2054,#2037,#1235,.T.);
#2647=EDGE_CURVE('',#2038,#2055,#1236,.T.);
#2648=EDGE_CURVE('',#2055,#2056,#1237,.T.);
#2649=EDGE_CURVE('',#2056,#2040,#1238,.T.);
#2650=EDGE_CURVE('',#2051,#2057,#1239,.T.);
#2651=EDGE_CURVE('',#2058,#2057,#1240,.T.);
#2652=EDGE_CURVE('',#2052,#2058,#1241,.T.);
#2653=EDGE_CURVE('',#2059,#2057,#1242,.T.);
#2654=EDGE_CURVE('',#2060,#2059,#1243,.T.);
#2655=EDGE_CURVE('',#2060,#2058,#1244,.T.);
#2656=EDGE_CURVE('',#2061,#2054,#1245,.T.);
#2657=EDGE_CURVE('',#2059,#2061,#1246,.T.);
#2658=EDGE_CURVE('',#2061,#2062,#1247,.T.);
#2659=EDGE_CURVE('',#2062,#2053,#1248,.T.);
#2660=EDGE_CURVE('',#2062,#2060,#1249,.T.);
#2661=EDGE_CURVE('',#2063,#2050,#1250,.T.);
#2662=EDGE_CURVE('',#2055,#2063,#1251,.T.);
#2663=EDGE_CURVE('',#2064,#2063,#1252,.T.);
#2664=EDGE_CURVE('',#2056,#2064,#1253,.T.);
#2665=EDGE_CURVE('',#2049,#2064,#1254,.T.);
#2666=ORIENTED_EDGE('',*,*,#2065,.F.);
#2667=ORIENTED_EDGE('',*,*,#2066,.T.);
#2668=ORIENTED_EDGE('',*,*,#2067,.F.);
#2669=ORIENTED_EDGE('',*,*,#2068,.F.);
#2670=ORIENTED_EDGE('',*,*,#2069,.T.);
#2671=ORIENTED_EDGE('',*,*,#2070,.T.);
#2672=ORIENTED_EDGE('',*,*,#2071,.T.);
#2673=ORIENTED_EDGE('',*,*,#2067,.T.);
#2674=ORIENTED_EDGE('',*,*,#2072,.T.);
#2675=ORIENTED_EDGE('',*,*,#2069,.F.);
#2676=ORIENTED_EDGE('',*,*,#2073,.F.);
#2677=ORIENTED_EDGE('',*,*,#2070,.F.);
#2678=ORIENTED_EDGE('',*,*,#2072,.F.);
#2679=ORIENTED_EDGE('',*,*,#2066,.F.);
#2680=ORIENTED_EDGE('',*,*,#2074,.F.);
#2681=ORIENTED_EDGE('',*,*,#2075,.F.);
#2682=ORIENTED_EDGE('',*,*,#2076,.F.);
#2683=ORIENTED_EDGE('',*,*,#2077,.F.);
#2684=ORIENTED_EDGE('',*,*,#2078,.F.);
#2685=ORIENTED_EDGE('',*,*,#2077,.T.);
#2686=ORIENTED_EDGE('',*,*,#2079,.F.);
#2687=ORIENTED_EDGE('',*,*,#2080,.F.);
#2688=ORIENTED_EDGE('',*,*,#2079,.T.);
#2689=ORIENTED_EDGE('',*,*,#2076,.T.);
#2690=ORIENTED_EDGE('',*,*,#2081,.F.);
#2691=ORIENTED_EDGE('',*,*,#2082,.F.);
#2692=ORIENTED_EDGE('',*,*,#2081,.T.);
#2693=ORIENTED_EDGE('',*,*,#2075,.T.);
#2694=ORIENTED_EDGE('',*,*,#2082,.T.);
#2695=ORIENTED_EDGE('',*,*,#2074,.T.);
#2696=ORIENTED_EDGE('',*,*,#2078,.T.);
#2697=ORIENTED_EDGE('',*,*,#2083,.F.);
#2698=ORIENTED_EDGE('',*,*,#2084,.F.);
#2699=ORIENTED_EDGE('',*,*,#2085,.T.);
#2700=ORIENTED_EDGE('',*,*,#2086,.F.);
#2701=ORIENTED_EDGE('',*,*,#2087,.F.);
#2702=ORIENTED_EDGE('',*,*,#2088,.T.);
#2703=ORIENTED_EDGE('',*,*,#2089,.T.);
#2704=ORIENTED_EDGE('',*,*,#2090,.F.);
#2705=ORIENTED_EDGE('',*,*,#2091,.T.);
#2706=ORIENTED_EDGE('',*,*,#2092,.F.);
#2707=ORIENTED_EDGE('',*,*,#2091,.F.);
#2708=ORIENTED_EDGE('',*,*,#2093,.F.);
#2709=ORIENTED_EDGE('',*,*,#2094,.T.);
#2710=ORIENTED_EDGE('',*,*,#2089,.F.);
#2711=ORIENTED_EDGE('',*,*,#2094,.F.);
#2712=ORIENTED_EDGE('',*,*,#2095,.F.);
#2713=ORIENTED_EDGE('',*,*,#2096,.T.);
#2714=ORIENTED_EDGE('',*,*,#2097,.F.);
#2715=ORIENTED_EDGE('',*,*,#2096,.F.);
#2716=ORIENTED_EDGE('',*,*,#2098,.F.);
#2717=ORIENTED_EDGE('',*,*,#2099,.T.);
#2718=ORIENTED_EDGE('',*,*,#2088,.F.);
#2719=ORIENTED_EDGE('',*,*,#2099,.F.);
#2720=ORIENTED_EDGE('',*,*,#2100,.F.);
#2721=ORIENTED_EDGE('',*,*,#2101,.T.);
#2722=ORIENTED_EDGE('',*,*,#2102,.F.);
#2723=ORIENTED_EDGE('',*,*,#2085,.F.);
#2724=ORIENTED_EDGE('',*,*,#2065,.T.);
#2725=ORIENTED_EDGE('',*,*,#2103,.T.);
#2726=ORIENTED_EDGE('',*,*,#2104,.F.);
#2727=ORIENTED_EDGE('',*,*,#2105,.F.);
#2728=ORIENTED_EDGE('',*,*,#2106,.T.);
#2729=ORIENTED_EDGE('',*,*,#2107,.T.);
#2730=ORIENTED_EDGE('',*,*,#2068,.T.);
#2731=ORIENTED_EDGE('',*,*,#2073,.T.);
#2732=ORIENTED_EDGE('',*,*,#2092,.T.);
#2733=ORIENTED_EDGE('',*,*,#2097,.T.);
#2734=ORIENTED_EDGE('',*,*,#2108,.T.);
#2735=ORIENTED_EDGE('',*,*,#2105,.T.);
#2736=ORIENTED_EDGE('',*,*,#2109,.F.);
#2737=ORIENTED_EDGE('',*,*,#2110,.F.);
#2738=ORIENTED_EDGE('',*,*,#2111,.T.);
#2739=ORIENTED_EDGE('',*,*,#2112,.T.);
#2740=ORIENTED_EDGE('',*,*,#2113,.T.);
#2741=ORIENTED_EDGE('',*,*,#2106,.F.);
#2742=ORIENTED_EDGE('',*,*,#2108,.F.);
#2743=ORIENTED_EDGE('',*,*,#2114,.F.);
#2744=ORIENTED_EDGE('',*,*,#2100,.T.);
#2745=ORIENTED_EDGE('',*,*,#2084,.T.);
#2746=ORIENTED_EDGE('',*,*,#2115,.T.);
#2747=ORIENTED_EDGE('',*,*,#2109,.T.);
#2748=ORIENTED_EDGE('',*,*,#2104,.T.);
#2749=ORIENTED_EDGE('',*,*,#2116,.F.);
#2750=ORIENTED_EDGE('',*,*,#2117,.T.);
#2751=ORIENTED_EDGE('',*,*,#2118,.F.);
#2752=ORIENTED_EDGE('',*,*,#2086,.T.);
#2753=ORIENTED_EDGE('',*,*,#2102,.T.);
#2754=ORIENTED_EDGE('',*,*,#2112,.F.);
#2755=ORIENTED_EDGE('',*,*,#2119,.T.);
#2756=ORIENTED_EDGE('',*,*,#2117,.F.);
#2757=ORIENTED_EDGE('',*,*,#2120,.F.);
#2758=ORIENTED_EDGE('',*,*,#2121,.F.);
#2759=ORIENTED_EDGE('',*,*,#2114,.T.);
#2760=ORIENTED_EDGE('',*,*,#2110,.T.);
#2761=ORIENTED_EDGE('',*,*,#2115,.F.);
#2762=ORIENTED_EDGE('',*,*,#2101,.F.);
#2763=ORIENTED_EDGE('',*,*,#2090,.T.);
#2764=ORIENTED_EDGE('',*,*,#2093,.T.);
#2765=ORIENTED_EDGE('',*,*,#2095,.T.);
#2766=ORIENTED_EDGE('',*,*,#2098,.T.);
#2767=ORIENTED_EDGE('',*,*,#2122,.F.);
#2768=ORIENTED_EDGE('',*,*,#2123,.T.);
#2769=ORIENTED_EDGE('',*,*,#2124,.T.);
#2770=ORIENTED_EDGE('',*,*,#2125,.T.);
#2771=ORIENTED_EDGE('',*,*,#2126,.T.);
#2772=ORIENTED_EDGE('',*,*,#2126,.F.);
#2773=ORIENTED_EDGE('',*,*,#2127,.T.);
#2774=ORIENTED_EDGE('',*,*,#2128,.T.);
#2775=ORIENTED_EDGE('',*,*,#2127,.F.);
#2776=ORIENTED_EDGE('',*,*,#2125,.F.);
#2777=ORIENTED_EDGE('',*,*,#2129,.T.);
#2778=ORIENTED_EDGE('',*,*,#2130,.T.);
#2779=ORIENTED_EDGE('',*,*,#2129,.F.);
#2780=ORIENTED_EDGE('',*,*,#2124,.F.);
#2781=ORIENTED_EDGE('',*,*,#2131,.T.);
#2782=ORIENTED_EDGE('',*,*,#2132,.T.);
#2783=ORIENTED_EDGE('',*,*,#2131,.F.);
#2784=ORIENTED_EDGE('',*,*,#2123,.F.);
#2785=ORIENTED_EDGE('',*,*,#2133,.T.);
#2786=ORIENTED_EDGE('',*,*,#2134,.T.);
#2787=ORIENTED_EDGE('',*,*,#2133,.F.);
#2788=ORIENTED_EDGE('',*,*,#2121,.T.);
#2789=ORIENTED_EDGE('',*,*,#2135,.T.);
#2790=ORIENTED_EDGE('',*,*,#2122,.T.);
#2791=ORIENTED_EDGE('',*,*,#2135,.F.);
#2792=ORIENTED_EDGE('',*,*,#2113,.F.);
#2793=ORIENTED_EDGE('',*,*,#2120,.T.);
#2794=ORIENTED_EDGE('',*,*,#2116,.T.);
#2795=ORIENTED_EDGE('',*,*,#2103,.F.);
#2796=ORIENTED_EDGE('',*,*,#2071,.F.);
#2797=ORIENTED_EDGE('',*,*,#2107,.F.);
#2798=ORIENTED_EDGE('',*,*,#2128,.F.);
#2799=ORIENTED_EDGE('',*,*,#2130,.F.);
#2800=ORIENTED_EDGE('',*,*,#2111,.F.);
#2801=ORIENTED_EDGE('',*,*,#2083,.T.);
#2802=ORIENTED_EDGE('',*,*,#2080,.T.);
#2803=ORIENTED_EDGE('',*,*,#2087,.T.);
#2804=ORIENTED_EDGE('',*,*,#2118,.T.);
#2805=ORIENTED_EDGE('',*,*,#2119,.F.);
#2806=ORIENTED_EDGE('',*,*,#2134,.F.);
#2807=ORIENTED_EDGE('',*,*,#2132,.F.);
#2808=ORIENTED_EDGE('',*,*,#2136,.T.);
#2809=ORIENTED_EDGE('',*,*,#2137,.T.);
#2810=ORIENTED_EDGE('',*,*,#2138,.T.);
#2811=ORIENTED_EDGE('',*,*,#2139,.T.);
#2812=ORIENTED_EDGE('',*,*,#2140,.T.);
#2813=ORIENTED_EDGE('',*,*,#2141,.T.);
#2814=ORIENTED_EDGE('',*,*,#2136,.F.);
#2815=ORIENTED_EDGE('',*,*,#2142,.T.);
#2816=ORIENTED_EDGE('',*,*,#2143,.T.);
#2817=ORIENTED_EDGE('',*,*,#2144,.T.);
#2818=ORIENTED_EDGE('',*,*,#2140,.F.);
#2819=ORIENTED_EDGE('',*,*,#2145,.T.);
#2820=ORIENTED_EDGE('',*,*,#2146,.T.);
#2821=ORIENTED_EDGE('',*,*,#2147,.T.);
#2822=ORIENTED_EDGE('',*,*,#2143,.F.);
#2823=ORIENTED_EDGE('',*,*,#2148,.T.);
#2824=ORIENTED_EDGE('',*,*,#2149,.T.);
#2825=ORIENTED_EDGE('',*,*,#2150,.T.);
#2826=ORIENTED_EDGE('',*,*,#2146,.F.);
#2827=ORIENTED_EDGE('',*,*,#2151,.T.);
#2828=ORIENTED_EDGE('',*,*,#2152,.T.);
#2829=ORIENTED_EDGE('',*,*,#2153,.T.);
#2830=ORIENTED_EDGE('',*,*,#2149,.F.);
#2831=ORIENTED_EDGE('',*,*,#2154,.T.);
#2832=ORIENTED_EDGE('',*,*,#2155,.T.);
#2833=ORIENTED_EDGE('',*,*,#2156,.T.);
#2834=ORIENTED_EDGE('',*,*,#2152,.F.);
#2835=ORIENTED_EDGE('',*,*,#2157,.T.);
#2836=ORIENTED_EDGE('',*,*,#2138,.F.);
#2837=ORIENTED_EDGE('',*,*,#2158,.T.);
#2838=ORIENTED_EDGE('',*,*,#2155,.F.);
#2839=ORIENTED_EDGE('',*,*,#2159,.T.);
#2840=ORIENTED_EDGE('',*,*,#2148,.F.);
#2841=ORIENTED_EDGE('',*,*,#2160,.T.);
#2842=ORIENTED_EDGE('',*,*,#2161,.F.);
#2843=ORIENTED_EDGE('',*,*,#2162,.F.);
#2844=ORIENTED_EDGE('',*,*,#2145,.F.);
#2845=ORIENTED_EDGE('',*,*,#2163,.T.);
#2846=ORIENTED_EDGE('',*,*,#2164,.F.);
#2847=ORIENTED_EDGE('',*,*,#2160,.F.);
#2848=ORIENTED_EDGE('',*,*,#2142,.F.);
#2849=ORIENTED_EDGE('',*,*,#2165,.T.);
#2850=ORIENTED_EDGE('',*,*,#2166,.F.);
#2851=ORIENTED_EDGE('',*,*,#2163,.F.);
#2852=ORIENTED_EDGE('',*,*,#2139,.F.);
#2853=ORIENTED_EDGE('',*,*,#2167,.T.);
#2854=ORIENTED_EDGE('',*,*,#2168,.F.);
#2855=ORIENTED_EDGE('',*,*,#2165,.F.);
#2856=ORIENTED_EDGE('',*,*,#2169,.T.);
#2857=ORIENTED_EDGE('',*,*,#2170,.T.);
#2858=ORIENTED_EDGE('',*,*,#2171,.T.);
#2859=ORIENTED_EDGE('',*,*,#2172,.T.);
#2860=ORIENTED_EDGE('',*,*,#2173,.F.);
#2861=ORIENTED_EDGE('',*,*,#2174,.T.);
#2862=ORIENTED_EDGE('',*,*,#2175,.T.);
#2863=ORIENTED_EDGE('',*,*,#2176,.T.);
#2864=ORIENTED_EDGE('',*,*,#2177,.T.);
#2865=ORIENTED_EDGE('',*,*,#2178,.T.);
#2866=ORIENTED_EDGE('',*,*,#2179,.T.);
#2867=ORIENTED_EDGE('',*,*,#2180,.T.);
#2868=ORIENTED_EDGE('',*,*,#2181,.F.);
#2869=ORIENTED_EDGE('',*,*,#2182,.F.);
#2870=ORIENTED_EDGE('',*,*,#2183,.T.);
#2871=ORIENTED_EDGE('',*,*,#2184,.F.);
#2872=ORIENTED_EDGE('',*,*,#2185,.F.);
#2873=ORIENTED_EDGE('',*,*,#2186,.T.);
#2874=ORIENTED_EDGE('',*,*,#2187,.T.);
#2875=ORIENTED_EDGE('',*,*,#2188,.F.);
#2876=ORIENTED_EDGE('',*,*,#2137,.F.);
#2877=ORIENTED_EDGE('',*,*,#2141,.F.);
#2878=ORIENTED_EDGE('',*,*,#2144,.F.);
#2879=ORIENTED_EDGE('',*,*,#2147,.F.);
#2880=ORIENTED_EDGE('',*,*,#2150,.F.);
#2881=ORIENTED_EDGE('',*,*,#2153,.F.);
#2882=ORIENTED_EDGE('',*,*,#2156,.F.);
#2883=ORIENTED_EDGE('',*,*,#2158,.F.);
#2884=ORIENTED_EDGE('',*,*,#2188,.T.);
#2885=ORIENTED_EDGE('',*,*,#2189,.T.);
#2886=ORIENTED_EDGE('',*,*,#2190,.T.);
#2887=ORIENTED_EDGE('',*,*,#2189,.F.);
#2888=ORIENTED_EDGE('',*,*,#2191,.F.);
#2889=ORIENTED_EDGE('',*,*,#2192,.T.);
#2890=ORIENTED_EDGE('',*,*,#2190,.F.);
#2891=ORIENTED_EDGE('',*,*,#2192,.F.);
#2892=ORIENTED_EDGE('',*,*,#2193,.T.);
#2893=ORIENTED_EDGE('',*,*,#2194,.T.);
#2894=ORIENTED_EDGE('',*,*,#2195,.T.);
#2895=ORIENTED_EDGE('',*,*,#2194,.F.);
#2896=ORIENTED_EDGE('',*,*,#2196,.F.);
#2897=ORIENTED_EDGE('',*,*,#2197,.T.);
#2898=ORIENTED_EDGE('',*,*,#2195,.F.);
#2899=ORIENTED_EDGE('',*,*,#2197,.F.);
#2900=ORIENTED_EDGE('',*,*,#2198,.T.);
#2901=ORIENTED_EDGE('',*,*,#2199,.T.);
#2902=ORIENTED_EDGE('',*,*,#2200,.F.);
#2903=ORIENTED_EDGE('',*,*,#2201,.F.);
#2904=ORIENTED_EDGE('',*,*,#2202,.T.);
#2905=ORIENTED_EDGE('',*,*,#2203,.T.);
#2906=ORIENTED_EDGE('',*,*,#2204,.T.);
#2907=ORIENTED_EDGE('',*,*,#2205,.T.);
#2908=ORIENTED_EDGE('',*,*,#2206,.T.);
#2909=ORIENTED_EDGE('',*,*,#2207,.T.);
#2910=ORIENTED_EDGE('',*,*,#2208,.F.);
#2911=ORIENTED_EDGE('',*,*,#2209,.T.);
#2912=ORIENTED_EDGE('',*,*,#2210,.T.);
#2913=ORIENTED_EDGE('',*,*,#2211,.T.);
#2914=ORIENTED_EDGE('',*,*,#2212,.T.);
#2915=ORIENTED_EDGE('',*,*,#2213,.F.);
#2916=ORIENTED_EDGE('',*,*,#2214,.T.);
#2917=ORIENTED_EDGE('',*,*,#2215,.F.);
#2918=ORIENTED_EDGE('',*,*,#2216,.T.);
#2919=ORIENTED_EDGE('',*,*,#2193,.F.);
#2920=ORIENTED_EDGE('',*,*,#2217,.F.);
#2921=ORIENTED_EDGE('',*,*,#2218,.T.);
#2922=ORIENTED_EDGE('',*,*,#2219,.T.);
#2923=ORIENTED_EDGE('',*,*,#2220,.F.);
#2924=ORIENTED_EDGE('',*,*,#2221,.F.);
#2925=ORIENTED_EDGE('',*,*,#2222,.T.);
#2926=ORIENTED_EDGE('',*,*,#2223,.T.);
#2927=ORIENTED_EDGE('',*,*,#2218,.F.);
#2928=ORIENTED_EDGE('',*,*,#2224,.F.);
#2929=ORIENTED_EDGE('',*,*,#2225,.T.);
#2930=ORIENTED_EDGE('',*,*,#2226,.T.);
#2931=ORIENTED_EDGE('',*,*,#2222,.F.);
#2932=ORIENTED_EDGE('',*,*,#2227,.F.);
#2933=ORIENTED_EDGE('',*,*,#2228,.T.);
#2934=ORIENTED_EDGE('',*,*,#2229,.T.);
#2935=ORIENTED_EDGE('',*,*,#2225,.F.);
#2936=ORIENTED_EDGE('',*,*,#2230,.F.);
#2937=ORIENTED_EDGE('',*,*,#2231,.T.);
#2938=ORIENTED_EDGE('',*,*,#2232,.T.);
#2939=ORIENTED_EDGE('',*,*,#2228,.F.);
#2940=ORIENTED_EDGE('',*,*,#2233,.F.);
#2941=ORIENTED_EDGE('',*,*,#2220,.T.);
#2942=ORIENTED_EDGE('',*,*,#2234,.T.);
#2943=ORIENTED_EDGE('',*,*,#2231,.F.);
#2944=ORIENTED_EDGE('',*,*,#2234,.F.);
#2945=ORIENTED_EDGE('',*,*,#2219,.F.);
#2946=ORIENTED_EDGE('',*,*,#2223,.F.);
#2947=ORIENTED_EDGE('',*,*,#2226,.F.);
#2948=ORIENTED_EDGE('',*,*,#2229,.F.);
#2949=ORIENTED_EDGE('',*,*,#2232,.F.);
#2950=ORIENTED_EDGE('',*,*,#2196,.T.);
#2951=ORIENTED_EDGE('',*,*,#2235,.F.);
#2952=ORIENTED_EDGE('',*,*,#2236,.F.);
#2953=ORIENTED_EDGE('',*,*,#2237,.F.);
#2954=ORIENTED_EDGE('',*,*,#2238,.F.);
#2955=ORIENTED_EDGE('',*,*,#2239,.T.);
#2956=ORIENTED_EDGE('',*,*,#2240,.F.);
#2957=ORIENTED_EDGE('',*,*,#2241,.F.);
#2958=ORIENTED_EDGE('',*,*,#2242,.F.);
#2959=ORIENTED_EDGE('',*,*,#2243,.T.);
#2960=ORIENTED_EDGE('',*,*,#2244,.T.);
#2961=ORIENTED_EDGE('',*,*,#2245,.T.);
#2962=ORIENTED_EDGE('',*,*,#2246,.T.);
#2963=ORIENTED_EDGE('',*,*,#2240,.T.);
#2964=ORIENTED_EDGE('',*,*,#2247,.T.);
#2965=ORIENTED_EDGE('',*,*,#2217,.T.);
#2966=ORIENTED_EDGE('',*,*,#2233,.T.);
#2967=ORIENTED_EDGE('',*,*,#2230,.T.);
#2968=ORIENTED_EDGE('',*,*,#2227,.T.);
#2969=ORIENTED_EDGE('',*,*,#2224,.T.);
#2970=ORIENTED_EDGE('',*,*,#2221,.T.);
#2971=ORIENTED_EDGE('',*,*,#2248,.F.);
#2972=ORIENTED_EDGE('',*,*,#2249,.T.);
#2973=ORIENTED_EDGE('',*,*,#2243,.F.);
#2974=ORIENTED_EDGE('',*,*,#2250,.F.);
#2975=ORIENTED_EDGE('',*,*,#2251,.F.);
#2976=ORIENTED_EDGE('',*,*,#2252,.T.);
#2977=ORIENTED_EDGE('',*,*,#2244,.F.);
#2978=ORIENTED_EDGE('',*,*,#2249,.F.);
#2979=ORIENTED_EDGE('',*,*,#2253,.F.);
#2980=ORIENTED_EDGE('',*,*,#2254,.F.);
#2981=ORIENTED_EDGE('',*,*,#2255,.T.);
#2982=ORIENTED_EDGE('',*,*,#2245,.F.);
#2983=ORIENTED_EDGE('',*,*,#2252,.F.);
#2984=ORIENTED_EDGE('',*,*,#2256,.F.);
#2985=ORIENTED_EDGE('',*,*,#2257,.F.);
#2986=ORIENTED_EDGE('',*,*,#2258,.F.);
#2987=ORIENTED_EDGE('',*,*,#2259,.F.);
#2988=ORIENTED_EDGE('',*,*,#2241,.T.);
#2989=ORIENTED_EDGE('',*,*,#2246,.F.);
#2990=ORIENTED_EDGE('',*,*,#2255,.F.);
#2991=ORIENTED_EDGE('',*,*,#2260,.F.);
#2992=ORIENTED_EDGE('',*,*,#2250,.T.);
#2993=ORIENTED_EDGE('',*,*,#2247,.F.);
#2994=ORIENTED_EDGE('',*,*,#2239,.F.);
#2995=ORIENTED_EDGE('',*,*,#2256,.T.);
#2996=ORIENTED_EDGE('',*,*,#2251,.T.);
#2997=ORIENTED_EDGE('',*,*,#2248,.T.);
#2998=ORIENTED_EDGE('',*,*,#2260,.T.);
#2999=ORIENTED_EDGE('',*,*,#2238,.T.);
#3000=ORIENTED_EDGE('',*,*,#2261,.T.);
#3001=ORIENTED_EDGE('',*,*,#2262,.T.);
#3002=ORIENTED_EDGE('',*,*,#2263,.F.);
#3003=ORIENTED_EDGE('',*,*,#2264,.T.);
#3004=ORIENTED_EDGE('',*,*,#2235,.T.);
#3005=ORIENTED_EDGE('',*,*,#2265,.F.);
#3006=ORIENTED_EDGE('',*,*,#2266,.F.);
#3007=ORIENTED_EDGE('',*,*,#2267,.T.);
#3008=ORIENTED_EDGE('',*,*,#2237,.T.);
#3009=ORIENTED_EDGE('',*,*,#2268,.F.);
#3010=ORIENTED_EDGE('',*,*,#2269,.F.);
#3011=ORIENTED_EDGE('',*,*,#2261,.F.);
#3012=ORIENTED_EDGE('',*,*,#2257,.T.);
#3013=ORIENTED_EDGE('',*,*,#2264,.F.);
#3014=ORIENTED_EDGE('',*,*,#2270,.F.);
#3015=ORIENTED_EDGE('',*,*,#2271,.F.);
#3016=ORIENTED_EDGE('',*,*,#2272,.F.);
#3017=ORIENTED_EDGE('',*,*,#2236,.T.);
#3018=ORIENTED_EDGE('',*,*,#2267,.F.);
#3019=ORIENTED_EDGE('',*,*,#2273,.F.);
#3020=ORIENTED_EDGE('',*,*,#2268,.T.);
#3021=ORIENTED_EDGE('',*,*,#2258,.T.);
#3022=ORIENTED_EDGE('',*,*,#2272,.T.);
#3023=ORIENTED_EDGE('',*,*,#2274,.F.);
#3024=ORIENTED_EDGE('',*,*,#2275,.F.);
#3025=ORIENTED_EDGE('',*,*,#2276,.F.);
#3026=ORIENTED_EDGE('',*,*,#2277,.T.);
#3027=ORIENTED_EDGE('',*,*,#2278,.F.);
#3028=ORIENTED_EDGE('',*,*,#2279,.T.);
#3029=ORIENTED_EDGE('',*,*,#2275,.T.);
#3030=ORIENTED_EDGE('',*,*,#2280,.F.);
#3031=ORIENTED_EDGE('',*,*,#2281,.T.);
#3032=ORIENTED_EDGE('',*,*,#2282,.F.);
#3033=ORIENTED_EDGE('',*,*,#2283,.T.);
#3034=ORIENTED_EDGE('',*,*,#2284,.T.);
#3035=ORIENTED_EDGE('',*,*,#2285,.T.);
#3036=ORIENTED_EDGE('',*,*,#2286,.T.);
#3037=ORIENTED_EDGE('',*,*,#2287,.T.);
#3038=ORIENTED_EDGE('',*,*,#2288,.F.);
#3039=ORIENTED_EDGE('',*,*,#2289,.T.);
#3040=ORIENTED_EDGE('',*,*,#2290,.F.);
#3041=ORIENTED_EDGE('',*,*,#2291,.T.);
#3042=ORIENTED_EDGE('',*,*,#2282,.T.);
#3043=ORIENTED_EDGE('',*,*,#2292,.F.);
#3044=ORIENTED_EDGE('',*,*,#2293,.T.);
#3045=ORIENTED_EDGE('',*,*,#2277,.F.);
#3046=ORIENTED_EDGE('',*,*,#2294,.F.);
#3047=ORIENTED_EDGE('',*,*,#2295,.F.);
#3048=ORIENTED_EDGE('',*,*,#2296,.F.);
#3049=ORIENTED_EDGE('',*,*,#2297,.F.);
#3050=ORIENTED_EDGE('',*,*,#2298,.F.);
#3051=ORIENTED_EDGE('',*,*,#2297,.T.);
#3052=ORIENTED_EDGE('',*,*,#2299,.F.);
#3053=ORIENTED_EDGE('',*,*,#2300,.F.);
#3054=ORIENTED_EDGE('',*,*,#2301,.F.);
#3055=ORIENTED_EDGE('',*,*,#2302,.T.);
#3056=ORIENTED_EDGE('',*,*,#2303,.F.);
#3057=ORIENTED_EDGE('',*,*,#2304,.F.);
#3058=ORIENTED_EDGE('',*,*,#2305,.F.);
#3059=ORIENTED_EDGE('',*,*,#2306,.T.);
#3060=ORIENTED_EDGE('',*,*,#2307,.F.);
#3061=ORIENTED_EDGE('',*,*,#2308,.F.);
#3062=ORIENTED_EDGE('',*,*,#2309,.F.);
#3063=ORIENTED_EDGE('',*,*,#2308,.T.);
#3064=ORIENTED_EDGE('',*,*,#2310,.F.);
#3065=ORIENTED_EDGE('',*,*,#2289,.F.);
#3066=ORIENTED_EDGE('',*,*,#2281,.F.);
#3067=ORIENTED_EDGE('',*,*,#2311,.F.);
#3068=ORIENTED_EDGE('',*,*,#2312,.F.);
#3069=ORIENTED_EDGE('',*,*,#2313,.F.);
#3070=ORIENTED_EDGE('',*,*,#2314,.F.);
#3071=ORIENTED_EDGE('',*,*,#2315,.F.);
#3072=ORIENTED_EDGE('',*,*,#2316,.F.);
#3073=ORIENTED_EDGE('',*,*,#2317,.T.);
#3074=ORIENTED_EDGE('',*,*,#2318,.T.);
#3075=ORIENTED_EDGE('',*,*,#2319,.T.);
#3076=ORIENTED_EDGE('',*,*,#2213,.T.);
#3077=ORIENTED_EDGE('',*,*,#2320,.T.);
#3078=ORIENTED_EDGE('',*,*,#2303,.T.);
#3079=ORIENTED_EDGE('',*,*,#2321,.T.);
#3080=ORIENTED_EDGE('',*,*,#2299,.T.);
#3081=ORIENTED_EDGE('',*,*,#2296,.T.);
#3082=ORIENTED_EDGE('',*,*,#2322,.T.);
#3083=ORIENTED_EDGE('',*,*,#2181,.T.);
#3084=ORIENTED_EDGE('',*,*,#2323,.T.);
#3085=ORIENTED_EDGE('',*,*,#2324,.T.);
#3086=ORIENTED_EDGE('',*,*,#2290,.T.);
#3087=ORIENTED_EDGE('',*,*,#2310,.T.);
#3088=ORIENTED_EDGE('',*,*,#2307,.T.);
#3089=ORIENTED_EDGE('',*,*,#2325,.T.);
#3090=ORIENTED_EDGE('',*,*,#2315,.T.);
#3091=ORIENTED_EDGE('',*,*,#2314,.T.);
#3092=ORIENTED_EDGE('',*,*,#2326,.T.);
#3093=ORIENTED_EDGE('',*,*,#2304,.T.);
#3094=ORIENTED_EDGE('',*,*,#2320,.F.);
#3095=ORIENTED_EDGE('',*,*,#2212,.F.);
#3096=ORIENTED_EDGE('',*,*,#2327,.F.);
#3097=ORIENTED_EDGE('',*,*,#2328,.F.);
#3098=ORIENTED_EDGE('',*,*,#2329,.F.);
#3099=ORIENTED_EDGE('',*,*,#2330,.T.);
#3100=ORIENTED_EDGE('',*,*,#2331,.T.);
#3101=ORIENTED_EDGE('',*,*,#2182,.T.);
#3102=ORIENTED_EDGE('',*,*,#2322,.F.);
#3103=ORIENTED_EDGE('',*,*,#2332,.T.);
#3104=ORIENTED_EDGE('',*,*,#2313,.T.);
#3105=ORIENTED_EDGE('',*,*,#2333,.T.);
#3106=ORIENTED_EDGE('',*,*,#2301,.T.);
#3107=ORIENTED_EDGE('',*,*,#2326,.F.);
#3108=ORIENTED_EDGE('',*,*,#2334,.T.);
#3109=ORIENTED_EDGE('',*,*,#2300,.T.);
#3110=ORIENTED_EDGE('',*,*,#2321,.F.);
#3111=ORIENTED_EDGE('',*,*,#2302,.F.);
#3112=ORIENTED_EDGE('',*,*,#2333,.F.);
#3113=ORIENTED_EDGE('',*,*,#2316,.T.);
#3114=ORIENTED_EDGE('',*,*,#2325,.F.);
#3115=ORIENTED_EDGE('',*,*,#2306,.F.);
#3116=ORIENTED_EDGE('',*,*,#2305,.T.);
#3117=ORIENTED_EDGE('',*,*,#2335,.F.);
#3118=ORIENTED_EDGE('',*,*,#2298,.T.);
#3119=ORIENTED_EDGE('',*,*,#2334,.F.);
#3120=ORIENTED_EDGE('',*,*,#2309,.T.);
#3121=ORIENTED_EDGE('',*,*,#2336,.T.);
#3122=ORIENTED_EDGE('',*,*,#2292,.T.);
#3123=ORIENTED_EDGE('',*,*,#2335,.T.);
#3124=ORIENTED_EDGE('',*,*,#2337,.F.);
#3125=ORIENTED_EDGE('',*,*,#2338,.T.);
#3126=ORIENTED_EDGE('',*,*,#2339,.T.);
#3127=ORIENTED_EDGE('',*,*,#2340,.F.);
#3128=ORIENTED_EDGE('',*,*,#2341,.F.);
#3129=ORIENTED_EDGE('',*,*,#2342,.T.);
#3130=ORIENTED_EDGE('',*,*,#2343,.T.);
#3131=ORIENTED_EDGE('',*,*,#2338,.F.);
#3132=ORIENTED_EDGE('',*,*,#2344,.F.);
#3133=ORIENTED_EDGE('',*,*,#2345,.T.);
#3134=ORIENTED_EDGE('',*,*,#2346,.T.);
#3135=ORIENTED_EDGE('',*,*,#2342,.F.);
#3136=ORIENTED_EDGE('',*,*,#2347,.F.);
#3137=ORIENTED_EDGE('',*,*,#2348,.T.);
#3138=ORIENTED_EDGE('',*,*,#2349,.T.);
#3139=ORIENTED_EDGE('',*,*,#2345,.F.);
#3140=ORIENTED_EDGE('',*,*,#2350,.F.);
#3141=ORIENTED_EDGE('',*,*,#2351,.T.);
#3142=ORIENTED_EDGE('',*,*,#2352,.T.);
#3143=ORIENTED_EDGE('',*,*,#2348,.F.);
#3144=ORIENTED_EDGE('',*,*,#2353,.F.);
#3145=ORIENTED_EDGE('',*,*,#2340,.T.);
#3146=ORIENTED_EDGE('',*,*,#2354,.T.);
#3147=ORIENTED_EDGE('',*,*,#2351,.F.);
#3148=ORIENTED_EDGE('',*,*,#2354,.F.);
#3149=ORIENTED_EDGE('',*,*,#2339,.F.);
#3150=ORIENTED_EDGE('',*,*,#2343,.F.);
#3151=ORIENTED_EDGE('',*,*,#2346,.F.);
#3152=ORIENTED_EDGE('',*,*,#2349,.F.);
#3153=ORIENTED_EDGE('',*,*,#2352,.F.);
#3154=ORIENTED_EDGE('',*,*,#2191,.T.);
#3155=ORIENTED_EDGE('',*,*,#2355,.F.);
#3156=ORIENTED_EDGE('',*,*,#2356,.F.);
#3157=ORIENTED_EDGE('',*,*,#2357,.F.);
#3158=ORIENTED_EDGE('',*,*,#2358,.F.);
#3159=ORIENTED_EDGE('',*,*,#2359,.T.);
#3160=ORIENTED_EDGE('',*,*,#2360,.F.);
#3161=ORIENTED_EDGE('',*,*,#2361,.F.);
#3162=ORIENTED_EDGE('',*,*,#2362,.F.);
#3163=ORIENTED_EDGE('',*,*,#2363,.T.);
#3164=ORIENTED_EDGE('',*,*,#2364,.T.);
#3165=ORIENTED_EDGE('',*,*,#2365,.T.);
#3166=ORIENTED_EDGE('',*,*,#2366,.T.);
#3167=ORIENTED_EDGE('',*,*,#2360,.T.);
#3168=ORIENTED_EDGE('',*,*,#2367,.T.);
#3169=ORIENTED_EDGE('',*,*,#2337,.T.);
#3170=ORIENTED_EDGE('',*,*,#2353,.T.);
#3171=ORIENTED_EDGE('',*,*,#2350,.T.);
#3172=ORIENTED_EDGE('',*,*,#2347,.T.);
#3173=ORIENTED_EDGE('',*,*,#2344,.T.);
#3174=ORIENTED_EDGE('',*,*,#2341,.T.);
#3175=ORIENTED_EDGE('',*,*,#2368,.F.);
#3176=ORIENTED_EDGE('',*,*,#2369,.F.);
#3177=ORIENTED_EDGE('',*,*,#2370,.T.);
#3178=ORIENTED_EDGE('',*,*,#2363,.F.);
#3179=ORIENTED_EDGE('',*,*,#2371,.F.);
#3180=ORIENTED_EDGE('',*,*,#2372,.F.);
#3181=ORIENTED_EDGE('',*,*,#2373,.F.);
#3182=ORIENTED_EDGE('',*,*,#2374,.F.);
#3183=ORIENTED_EDGE('',*,*,#2375,.F.);
#3184=ORIENTED_EDGE('',*,*,#2376,.T.);
#3185=ORIENTED_EDGE('',*,*,#2364,.F.);
#3186=ORIENTED_EDGE('',*,*,#2370,.F.);
#3187=ORIENTED_EDGE('',*,*,#2377,.F.);
#3188=ORIENTED_EDGE('',*,*,#2378,.T.);
#3189=ORIENTED_EDGE('',*,*,#2365,.F.);
#3190=ORIENTED_EDGE('',*,*,#2376,.F.);
#3191=ORIENTED_EDGE('',*,*,#2379,.F.);
#3192=ORIENTED_EDGE('',*,*,#2361,.T.);
#3193=ORIENTED_EDGE('',*,*,#2366,.F.);
#3194=ORIENTED_EDGE('',*,*,#2378,.F.);
#3195=ORIENTED_EDGE('',*,*,#2380,.F.);
#3196=ORIENTED_EDGE('',*,*,#2371,.T.);
#3197=ORIENTED_EDGE('',*,*,#2367,.F.);
#3198=ORIENTED_EDGE('',*,*,#2359,.F.);
#3199=ORIENTED_EDGE('',*,*,#2362,.T.);
#3200=ORIENTED_EDGE('',*,*,#2379,.T.);
#3201=ORIENTED_EDGE('',*,*,#2377,.T.);
#3202=ORIENTED_EDGE('',*,*,#2375,.T.);
#3203=ORIENTED_EDGE('',*,*,#2369,.T.);
#3204=ORIENTED_EDGE('',*,*,#2381,.T.);
#3205=ORIENTED_EDGE('',*,*,#2382,.T.);
#3206=ORIENTED_EDGE('',*,*,#2383,.T.);
#3207=ORIENTED_EDGE('',*,*,#2384,.T.);
#3208=ORIENTED_EDGE('',*,*,#2368,.T.);
#3209=ORIENTED_EDGE('',*,*,#2385,.T.);
#3210=ORIENTED_EDGE('',*,*,#2286,.F.);
#3211=ORIENTED_EDGE('',*,*,#2386,.F.);
#3212=ORIENTED_EDGE('',*,*,#2381,.F.);
#3213=ORIENTED_EDGE('',*,*,#2374,.T.);
#3214=ORIENTED_EDGE('',*,*,#2387,.T.);
#3215=ORIENTED_EDGE('',*,*,#2388,.F.);
#3216=ORIENTED_EDGE('',*,*,#2287,.F.);
#3217=ORIENTED_EDGE('',*,*,#2385,.F.);
#3218=ORIENTED_EDGE('',*,*,#2373,.T.);
#3219=ORIENTED_EDGE('',*,*,#2389,.F.);
#3220=ORIENTED_EDGE('',*,*,#2390,.F.);
#3221=ORIENTED_EDGE('',*,*,#2387,.F.);
#3222=ORIENTED_EDGE('',*,*,#2355,.T.);
#3223=ORIENTED_EDGE('',*,*,#2384,.F.);
#3224=ORIENTED_EDGE('',*,*,#2391,.F.);
#3225=ORIENTED_EDGE('',*,*,#2392,.T.);
#3226=ORIENTED_EDGE('',*,*,#2357,.T.);
#3227=ORIENTED_EDGE('',*,*,#2393,.F.);
#3228=ORIENTED_EDGE('',*,*,#2394,.F.);
#3229=ORIENTED_EDGE('',*,*,#2395,.F.);
#3230=ORIENTED_EDGE('',*,*,#2356,.T.);
#3231=ORIENTED_EDGE('',*,*,#2392,.F.);
#3232=ORIENTED_EDGE('',*,*,#2396,.T.);
#3233=ORIENTED_EDGE('',*,*,#2393,.T.);
#3234=ORIENTED_EDGE('',*,*,#2397,.F.);
#3235=ORIENTED_EDGE('',*,*,#2283,.F.);
#3236=ORIENTED_EDGE('',*,*,#2398,.T.);
#3237=ORIENTED_EDGE('',*,*,#2399,.F.);
#3238=ORIENTED_EDGE('',*,*,#2396,.F.);
#3239=ORIENTED_EDGE('',*,*,#2391,.T.);
#3240=ORIENTED_EDGE('',*,*,#2383,.F.);
#3241=ORIENTED_EDGE('',*,*,#2400,.F.);
#3242=ORIENTED_EDGE('',*,*,#2397,.T.);
#3243=ORIENTED_EDGE('',*,*,#2311,.T.);
#3244=ORIENTED_EDGE('',*,*,#2288,.T.);
#3245=ORIENTED_EDGE('',*,*,#2388,.T.);
#3246=ORIENTED_EDGE('',*,*,#2390,.T.);
#3247=ORIENTED_EDGE('',*,*,#2401,.F.);
#3248=ORIENTED_EDGE('',*,*,#2358,.T.);
#3249=ORIENTED_EDGE('',*,*,#2395,.T.);
#3250=ORIENTED_EDGE('',*,*,#2402,.T.);
#3251=ORIENTED_EDGE('',*,*,#2403,.F.);
#3252=ORIENTED_EDGE('',*,*,#2404,.F.);
#3253=ORIENTED_EDGE('',*,*,#2405,.T.);
#3254=ORIENTED_EDGE('',*,*,#2406,.F.);
#3255=ORIENTED_EDGE('',*,*,#2407,.T.);
#3256=ORIENTED_EDGE('',*,*,#2408,.F.);
#3257=ORIENTED_EDGE('',*,*,#2409,.T.);
#3258=ORIENTED_EDGE('',*,*,#2410,.F.);
#3259=ORIENTED_EDGE('',*,*,#2411,.T.);
#3260=ORIENTED_EDGE('',*,*,#2389,.T.);
#3261=ORIENTED_EDGE('',*,*,#2372,.T.);
#3262=ORIENTED_EDGE('',*,*,#2380,.T.);
#3263=ORIENTED_EDGE('',*,*,#2412,.T.);
#3264=ORIENTED_EDGE('',*,*,#2253,.T.);
#3265=ORIENTED_EDGE('',*,*,#2276,.T.);
#3266=ORIENTED_EDGE('',*,*,#2279,.F.);
#3267=ORIENTED_EDGE('',*,*,#2413,.F.);
#3268=ORIENTED_EDGE('',*,*,#2294,.T.);
#3269=ORIENTED_EDGE('',*,*,#2280,.T.);
#3270=ORIENTED_EDGE('',*,*,#2274,.T.);
#3271=ORIENTED_EDGE('',*,*,#2271,.T.);
#3272=ORIENTED_EDGE('',*,*,#2414,.F.);
#3273=ORIENTED_EDGE('',*,*,#2415,.T.);
#3274=ORIENTED_EDGE('',*,*,#2416,.T.);
#3275=ORIENTED_EDGE('',*,*,#2417,.F.);
#3276=ORIENTED_EDGE('',*,*,#2254,.T.);
#3277=ORIENTED_EDGE('',*,*,#2413,.T.);
#3278=ORIENTED_EDGE('',*,*,#2418,.F.);
#3279=ORIENTED_EDGE('',*,*,#2419,.F.);
#3280=ORIENTED_EDGE('',*,*,#2420,.T.);
#3281=ORIENTED_EDGE('',*,*,#2421,.F.);
#3282=ORIENTED_EDGE('',*,*,#2422,.T.);
#3283=ORIENTED_EDGE('',*,*,#2423,.F.);
#3284=ORIENTED_EDGE('',*,*,#2424,.T.);
#3285=ORIENTED_EDGE('',*,*,#2425,.F.);
#3286=ORIENTED_EDGE('',*,*,#2426,.T.);
#3287=ORIENTED_EDGE('',*,*,#2427,.T.);
#3288=ORIENTED_EDGE('',*,*,#2265,.T.);
#3289=ORIENTED_EDGE('',*,*,#2242,.T.);
#3290=ORIENTED_EDGE('',*,*,#2259,.T.);
#3291=ORIENTED_EDGE('',*,*,#2270,.T.);
#3292=ORIENTED_EDGE('',*,*,#2428,.F.);
#3293=ORIENTED_EDGE('',*,*,#2429,.F.);
#3294=ORIENTED_EDGE('',*,*,#2414,.T.);
#3295=ORIENTED_EDGE('',*,*,#2386,.T.);
#3296=ORIENTED_EDGE('',*,*,#2285,.F.);
#3297=ORIENTED_EDGE('',*,*,#2430,.F.);
#3298=ORIENTED_EDGE('',*,*,#2431,.F.);
#3299=ORIENTED_EDGE('',*,*,#2429,.T.);
#3300=ORIENTED_EDGE('',*,*,#2432,.F.);
#3301=ORIENTED_EDGE('',*,*,#2433,.T.);
#3302=ORIENTED_EDGE('',*,*,#2434,.T.);
#3303=ORIENTED_EDGE('',*,*,#2415,.F.);
#3304=ORIENTED_EDGE('',*,*,#2428,.T.);
#3305=ORIENTED_EDGE('',*,*,#2263,.T.);
#3306=ORIENTED_EDGE('',*,*,#2432,.T.);
#3307=ORIENTED_EDGE('',*,*,#2401,.T.);
#3308=ORIENTED_EDGE('',*,*,#2411,.F.);
#3309=ORIENTED_EDGE('',*,*,#2435,.F.);
#3310=ORIENTED_EDGE('',*,*,#2436,.T.);
#3311=ORIENTED_EDGE('',*,*,#2437,.F.);
#3312=ORIENTED_EDGE('',*,*,#2438,.F.);
#3313=ORIENTED_EDGE('',*,*,#2439,.F.);
#3314=ORIENTED_EDGE('',*,*,#2440,.T.);
#3315=ORIENTED_EDGE('',*,*,#2441,.F.);
#3316=ORIENTED_EDGE('',*,*,#2418,.T.);
#3317=ORIENTED_EDGE('',*,*,#2278,.T.);
#3318=ORIENTED_EDGE('',*,*,#2293,.F.);
#3319=ORIENTED_EDGE('',*,*,#2336,.F.);
#3320=ORIENTED_EDGE('',*,*,#2312,.T.);
#3321=ORIENTED_EDGE('',*,*,#2442,.T.);
#3322=ORIENTED_EDGE('',*,*,#2431,.T.);
#3323=ORIENTED_EDGE('',*,*,#2443,.T.);
#3324=ORIENTED_EDGE('',*,*,#2382,.F.);
#3325=ORIENTED_EDGE('',*,*,#2444,.F.);
#3326=ORIENTED_EDGE('',*,*,#2445,.F.);
#3327=ORIENTED_EDGE('',*,*,#2446,.T.);
#3328=ORIENTED_EDGE('',*,*,#2447,.T.);
#3329=ORIENTED_EDGE('',*,*,#2448,.F.);
#3330=ORIENTED_EDGE('',*,*,#2449,.F.);
#3331=ORIENTED_EDGE('',*,*,#2450,.F.);
#3332=ORIENTED_EDGE('',*,*,#2451,.F.);
#3333=ORIENTED_EDGE('',*,*,#2450,.T.);
#3334=ORIENTED_EDGE('',*,*,#2452,.F.);
#3335=ORIENTED_EDGE('',*,*,#2453,.F.);
#3336=ORIENTED_EDGE('',*,*,#2454,.F.);
#3337=ORIENTED_EDGE('',*,*,#2455,.F.);
#3338=ORIENTED_EDGE('',*,*,#2456,.F.);
#3339=ORIENTED_EDGE('',*,*,#2457,.T.);
#3340=ORIENTED_EDGE('',*,*,#2454,.T.);
#3341=ORIENTED_EDGE('',*,*,#2444,.T.);
#3342=ORIENTED_EDGE('',*,*,#2451,.T.);
#3343=ORIENTED_EDGE('',*,*,#2458,.F.);
#3344=ORIENTED_EDGE('',*,*,#2399,.T.);
#3345=ORIENTED_EDGE('',*,*,#2459,.T.);
#3346=ORIENTED_EDGE('',*,*,#2460,.T.);
#3347=ORIENTED_EDGE('',*,*,#2402,.F.);
#3348=ORIENTED_EDGE('',*,*,#2394,.T.);
#3349=ORIENTED_EDGE('',*,*,#2458,.T.);
#3350=ORIENTED_EDGE('',*,*,#2456,.T.);
#3351=ORIENTED_EDGE('',*,*,#2426,.F.);
#3352=ORIENTED_EDGE('',*,*,#2461,.F.);
#3353=ORIENTED_EDGE('',*,*,#2403,.T.);
#3354=ORIENTED_EDGE('',*,*,#2462,.T.);
#3355=ORIENTED_EDGE('',*,*,#2455,.T.);
#3356=ORIENTED_EDGE('',*,*,#2453,.T.);
#3357=ORIENTED_EDGE('',*,*,#2463,.F.);
#3358=ORIENTED_EDGE('',*,*,#2464,.T.);
#3359=ORIENTED_EDGE('',*,*,#2266,.T.);
#3360=ORIENTED_EDGE('',*,*,#2427,.F.);
#3361=ORIENTED_EDGE('',*,*,#2465,.F.);
#3362=ORIENTED_EDGE('',*,*,#2466,.T.);
#3363=ORIENTED_EDGE('',*,*,#2446,.F.);
#3364=ORIENTED_EDGE('',*,*,#2457,.F.);
#3365=ORIENTED_EDGE('',*,*,#2462,.F.);
#3366=ORIENTED_EDGE('',*,*,#2460,.F.);
#3367=ORIENTED_EDGE('',*,*,#2449,.T.);
#3368=ORIENTED_EDGE('',*,*,#2467,.F.);
#3369=ORIENTED_EDGE('',*,*,#2468,.T.);
#3370=ORIENTED_EDGE('',*,*,#2463,.T.);
#3371=ORIENTED_EDGE('',*,*,#2452,.T.);
#3372=ORIENTED_EDGE('',*,*,#2448,.T.);
#3373=ORIENTED_EDGE('',*,*,#2469,.T.);
#3374=ORIENTED_EDGE('',*,*,#2470,.T.);
#3375=ORIENTED_EDGE('',*,*,#2467,.T.);
#3376=ORIENTED_EDGE('',*,*,#2471,.F.);
#3377=ORIENTED_EDGE('',*,*,#2472,.F.);
#3378=ORIENTED_EDGE('',*,*,#2473,.T.);
#3379=ORIENTED_EDGE('',*,*,#2470,.F.);
#3380=ORIENTED_EDGE('',*,*,#2318,.F.);
#3381=ORIENTED_EDGE('',*,*,#2273,.T.);
#3382=ORIENTED_EDGE('',*,*,#2464,.F.);
#3383=ORIENTED_EDGE('',*,*,#2474,.F.);
#3384=ORIENTED_EDGE('',*,*,#2433,.F.);
#3385=ORIENTED_EDGE('',*,*,#2262,.F.);
#3386=ORIENTED_EDGE('',*,*,#2269,.T.);
#3387=ORIENTED_EDGE('',*,*,#2434,.F.);
#3388=ORIENTED_EDGE('',*,*,#2474,.T.);
#3389=ORIENTED_EDGE('',*,*,#2468,.F.);
#3390=ORIENTED_EDGE('',*,*,#2473,.F.);
#3391=ORIENTED_EDGE('',*,*,#2416,.F.);
#3392=ORIENTED_EDGE('',*,*,#2430,.T.);
#3393=ORIENTED_EDGE('',*,*,#2284,.F.);
#3394=ORIENTED_EDGE('',*,*,#2400,.T.);
#3395=ORIENTED_EDGE('',*,*,#2443,.F.);
#3396=ORIENTED_EDGE('',*,*,#2445,.T.);
#3397=ORIENTED_EDGE('',*,*,#2459,.F.);
#3398=ORIENTED_EDGE('',*,*,#2475,.T.);
#3399=ORIENTED_EDGE('',*,*,#2476,.T.);
#3400=ORIENTED_EDGE('',*,*,#2465,.T.);
#3401=ORIENTED_EDGE('',*,*,#2291,.F.);
#3402=ORIENTED_EDGE('',*,*,#2324,.F.);
#3403=ORIENTED_EDGE('',*,*,#2475,.F.);
#3404=ORIENTED_EDGE('',*,*,#2398,.F.);
#3405=ORIENTED_EDGE('',*,*,#2477,.T.);
#3406=ORIENTED_EDGE('',*,*,#2166,.T.);
#3407=ORIENTED_EDGE('',*,*,#2168,.T.);
#3408=ORIENTED_EDGE('',*,*,#2478,.T.);
#3409=ORIENTED_EDGE('',*,*,#2479,.T.);
#3410=ORIENTED_EDGE('',*,*,#2480,.T.);
#3411=ORIENTED_EDGE('',*,*,#2481,.T.);
#3412=ORIENTED_EDGE('',*,*,#2161,.T.);
#3413=ORIENTED_EDGE('',*,*,#2164,.T.);
#3414=ORIENTED_EDGE('',*,*,#2477,.F.);
#3415=ORIENTED_EDGE('',*,*,#2482,.T.);
#3416=ORIENTED_EDGE('',*,*,#2412,.F.);
#3417=ORIENTED_EDGE('',*,*,#2482,.F.);
#3418=ORIENTED_EDGE('',*,*,#2483,.F.);
#3419=ORIENTED_EDGE('',*,*,#2484,.T.);
#3420=ORIENTED_EDGE('',*,*,#2332,.F.);
#3421=ORIENTED_EDGE('',*,*,#2485,.T.);
#3422=ORIENTED_EDGE('',*,*,#2483,.T.);
#3423=ORIENTED_EDGE('',*,*,#2485,.F.);
#3424=ORIENTED_EDGE('',*,*,#2295,.T.);
#3425=ORIENTED_EDGE('',*,*,#2417,.T.);
#3426=ORIENTED_EDGE('',*,*,#2472,.T.);
#3427=ORIENTED_EDGE('',*,*,#2471,.T.);
#3428=ORIENTED_EDGE('',*,*,#2317,.F.);
#3429=ORIENTED_EDGE('',*,*,#2486,.F.);
#3430=ORIENTED_EDGE('',*,*,#2186,.F.);
#3431=ORIENTED_EDGE('',*,*,#2487,.F.);
#3432=ORIENTED_EDGE('',*,*,#2488,.F.);
#3433=ORIENTED_EDGE('',*,*,#2489,.F.);
#3434=ORIENTED_EDGE('',*,*,#2184,.T.);
#3435=ORIENTED_EDGE('',*,*,#2490,.T.);
#3436=ORIENTED_EDGE('',*,*,#2487,.T.);
#3437=ORIENTED_EDGE('',*,*,#2185,.T.);
#3438=ORIENTED_EDGE('',*,*,#2489,.T.);
#3439=ORIENTED_EDGE('',*,*,#2491,.T.);
#3440=ORIENTED_EDGE('',*,*,#2492,.F.);
#3441=ORIENTED_EDGE('',*,*,#2202,.F.);
#3442=ORIENTED_EDGE('',*,*,#2493,.F.);
#3443=ORIENTED_EDGE('',*,*,#2494,.F.);
#3444=ORIENTED_EDGE('',*,*,#2495,.F.);
#3445=ORIENTED_EDGE('',*,*,#2200,.T.);
#3446=ORIENTED_EDGE('',*,*,#2496,.T.);
#3447=ORIENTED_EDGE('',*,*,#2493,.T.);
#3448=ORIENTED_EDGE('',*,*,#2201,.T.);
#3449=ORIENTED_EDGE('',*,*,#2495,.T.);
#3450=ORIENTED_EDGE('',*,*,#2497,.T.);
#3451=ORIENTED_EDGE('',*,*,#2498,.F.);
#3452=ORIENTED_EDGE('',*,*,#2210,.F.);
#3453=ORIENTED_EDGE('',*,*,#2499,.T.);
#3454=ORIENTED_EDGE('',*,*,#2500,.F.);
#3455=ORIENTED_EDGE('',*,*,#2501,.T.);
#3456=ORIENTED_EDGE('',*,*,#2208,.T.);
#3457=ORIENTED_EDGE('',*,*,#2499,.F.);
#3458=ORIENTED_EDGE('',*,*,#2209,.F.);
#3459=ORIENTED_EDGE('',*,*,#2501,.F.);
#3460=ORIENTED_EDGE('',*,*,#2502,.T.);
#3461=ORIENTED_EDGE('',*,*,#2503,.T.);
#3462=ORIENTED_EDGE('',*,*,#2504,.F.);
#3463=ORIENTED_EDGE('',*,*,#2175,.F.);
#3464=ORIENTED_EDGE('',*,*,#2505,.T.);
#3465=ORIENTED_EDGE('',*,*,#2506,.F.);
#3466=ORIENTED_EDGE('',*,*,#2507,.T.);
#3467=ORIENTED_EDGE('',*,*,#2173,.T.);
#3468=ORIENTED_EDGE('',*,*,#2505,.F.);
#3469=ORIENTED_EDGE('',*,*,#2174,.F.);
#3470=ORIENTED_EDGE('',*,*,#2507,.F.);
#3471=ORIENTED_EDGE('',*,*,#2508,.T.);
#3472=ORIENTED_EDGE('',*,*,#2509,.T.);
#3473=ORIENTED_EDGE('',*,*,#2498,.T.);
#3474=ORIENTED_EDGE('',*,*,#2510,.T.);
#3475=ORIENTED_EDGE('',*,*,#2327,.T.);
#3476=ORIENTED_EDGE('',*,*,#2211,.F.);
#3477=ORIENTED_EDGE('',*,*,#2500,.T.);
#3478=ORIENTED_EDGE('',*,*,#2207,.F.);
#3479=ORIENTED_EDGE('',*,*,#2511,.T.);
#3480=ORIENTED_EDGE('',*,*,#2512,.T.);
#3481=ORIENTED_EDGE('',*,*,#2494,.T.);
#3482=ORIENTED_EDGE('',*,*,#2199,.F.);
#3483=ORIENTED_EDGE('',*,*,#2513,.F.);
#3484=ORIENTED_EDGE('',*,*,#2514,.T.);
#3485=ORIENTED_EDGE('',*,*,#2492,.T.);
#3486=ORIENTED_EDGE('',*,*,#2515,.T.);
#3487=ORIENTED_EDGE('',*,*,#2516,.T.);
#3488=ORIENTED_EDGE('',*,*,#2203,.F.);
#3489=ORIENTED_EDGE('',*,*,#2504,.T.);
#3490=ORIENTED_EDGE('',*,*,#2517,.T.);
#3491=ORIENTED_EDGE('',*,*,#2518,.F.);
#3492=ORIENTED_EDGE('',*,*,#2176,.F.);
#3493=ORIENTED_EDGE('',*,*,#2519,.T.);
#3494=ORIENTED_EDGE('',*,*,#2520,.T.);
#3495=ORIENTED_EDGE('',*,*,#2506,.T.);
#3496=ORIENTED_EDGE('',*,*,#2172,.F.);
#3497=ORIENTED_EDGE('',*,*,#2488,.T.);
#3498=ORIENTED_EDGE('',*,*,#2183,.F.);
#3499=ORIENTED_EDGE('',*,*,#2331,.F.);
#3500=ORIENTED_EDGE('',*,*,#2521,.T.);
#3501=ORIENTED_EDGE('',*,*,#2486,.T.);
#3502=ORIENTED_EDGE('',*,*,#2522,.T.);
#3503=ORIENTED_EDGE('',*,*,#2523,.T.);
#3504=ORIENTED_EDGE('',*,*,#2187,.F.);
#3505=ORIENTED_EDGE('',*,*,#2491,.F.);
#3506=ORIENTED_EDGE('',*,*,#2524,.T.);
#3507=ORIENTED_EDGE('',*,*,#2525,.F.);
#3508=ORIENTED_EDGE('',*,*,#2524,.F.);
#3509=ORIENTED_EDGE('',*,*,#2526,.T.);
#3510=ORIENTED_EDGE('',*,*,#2527,.T.);
#3511=ORIENTED_EDGE('',*,*,#2522,.F.);
#3512=ORIENTED_EDGE('',*,*,#2490,.F.);
#3513=ORIENTED_EDGE('',*,*,#2521,.F.);
#3514=ORIENTED_EDGE('',*,*,#2330,.F.);
#3515=ORIENTED_EDGE('',*,*,#2528,.T.);
#3516=ORIENTED_EDGE('',*,*,#2169,.F.);
#3517=ORIENTED_EDGE('',*,*,#2523,.F.);
#3518=ORIENTED_EDGE('',*,*,#2527,.F.);
#3519=ORIENTED_EDGE('',*,*,#2497,.F.);
#3520=ORIENTED_EDGE('',*,*,#2529,.T.);
#3521=ORIENTED_EDGE('',*,*,#2530,.F.);
#3522=ORIENTED_EDGE('',*,*,#2529,.F.);
#3523=ORIENTED_EDGE('',*,*,#2531,.F.);
#3524=ORIENTED_EDGE('',*,*,#2204,.F.);
#3525=ORIENTED_EDGE('',*,*,#2516,.F.);
#3526=ORIENTED_EDGE('',*,*,#2532,.F.);
#3527=ORIENTED_EDGE('',*,*,#2533,.F.);
#3528=ORIENTED_EDGE('',*,*,#2532,.T.);
#3529=ORIENTED_EDGE('',*,*,#2515,.F.);
#3530=ORIENTED_EDGE('',*,*,#2496,.F.);
#3531=ORIENTED_EDGE('',*,*,#2514,.F.);
#3532=ORIENTED_EDGE('',*,*,#2534,.F.);
#3533=ORIENTED_EDGE('',*,*,#2535,.F.);
#3534=ORIENTED_EDGE('',*,*,#2534,.T.);
#3535=ORIENTED_EDGE('',*,*,#2513,.T.);
#3536=ORIENTED_EDGE('',*,*,#2198,.F.);
#3537=ORIENTED_EDGE('',*,*,#2509,.F.);
#3538=ORIENTED_EDGE('',*,*,#2536,.T.);
#3539=ORIENTED_EDGE('',*,*,#2537,.F.);
#3540=ORIENTED_EDGE('',*,*,#2536,.F.);
#3541=ORIENTED_EDGE('',*,*,#2538,.T.);
#3542=ORIENTED_EDGE('',*,*,#2539,.T.);
#3543=ORIENTED_EDGE('',*,*,#2517,.F.);
#3544=ORIENTED_EDGE('',*,*,#2508,.F.);
#3545=ORIENTED_EDGE('',*,*,#2520,.F.);
#3546=ORIENTED_EDGE('',*,*,#2540,.F.);
#3547=ORIENTED_EDGE('',*,*,#2541,.T.);
#3548=ORIENTED_EDGE('',*,*,#2540,.T.);
#3549=ORIENTED_EDGE('',*,*,#2519,.F.);
#3550=ORIENTED_EDGE('',*,*,#2171,.F.);
#3551=ORIENTED_EDGE('',*,*,#2542,.T.);
#3552=ORIENTED_EDGE('',*,*,#2177,.F.);
#3553=ORIENTED_EDGE('',*,*,#2518,.T.);
#3554=ORIENTED_EDGE('',*,*,#2539,.F.);
#3555=ORIENTED_EDGE('',*,*,#2503,.F.);
#3556=ORIENTED_EDGE('',*,*,#2543,.T.);
#3557=ORIENTED_EDGE('',*,*,#2544,.F.);
#3558=ORIENTED_EDGE('',*,*,#2543,.F.);
#3559=ORIENTED_EDGE('',*,*,#2545,.F.);
#3560=ORIENTED_EDGE('',*,*,#2328,.T.);
#3561=ORIENTED_EDGE('',*,*,#2510,.F.);
#3562=ORIENTED_EDGE('',*,*,#2502,.F.);
#3563=ORIENTED_EDGE('',*,*,#2512,.F.);
#3564=ORIENTED_EDGE('',*,*,#2546,.F.);
#3565=ORIENTED_EDGE('',*,*,#2547,.F.);
#3566=ORIENTED_EDGE('',*,*,#2546,.T.);
#3567=ORIENTED_EDGE('',*,*,#2511,.F.);
#3568=ORIENTED_EDGE('',*,*,#2206,.F.);
#3569=ORIENTED_EDGE('',*,*,#2159,.F.);
#3570=ORIENTED_EDGE('',*,*,#2548,.T.);
#3571=ORIENTED_EDGE('',*,*,#2478,.F.);
#3572=ORIENTED_EDGE('',*,*,#2167,.F.);
#3573=ORIENTED_EDGE('',*,*,#2157,.F.);
#3574=ORIENTED_EDGE('',*,*,#2549,.T.);
#3575=ORIENTED_EDGE('',*,*,#2479,.F.);
#3576=ORIENTED_EDGE('',*,*,#2548,.F.);
#3577=ORIENTED_EDGE('',*,*,#2154,.F.);
#3578=ORIENTED_EDGE('',*,*,#2550,.T.);
#3579=ORIENTED_EDGE('',*,*,#2480,.F.);
#3580=ORIENTED_EDGE('',*,*,#2549,.F.);
#3581=ORIENTED_EDGE('',*,*,#2151,.F.);
#3582=ORIENTED_EDGE('',*,*,#2162,.T.);
#3583=ORIENTED_EDGE('',*,*,#2481,.F.);
#3584=ORIENTED_EDGE('',*,*,#2550,.F.);
#3585=ORIENTED_EDGE('',*,*,#2484,.F.);
#3586=ORIENTED_EDGE('',*,*,#2551,.T.);
#3587=ORIENTED_EDGE('',*,*,#2442,.F.);
#3588=ORIENTED_EDGE('',*,*,#2551,.F.);
#3589=ORIENTED_EDGE('',*,*,#2476,.F.);
#3590=ORIENTED_EDGE('',*,*,#2323,.F.);
#3591=ORIENTED_EDGE('',*,*,#2180,.F.);
#3592=ORIENTED_EDGE('',*,*,#2552,.F.);
#3593=ORIENTED_EDGE('',*,*,#2214,.F.);
#3594=ORIENTED_EDGE('',*,*,#2319,.F.);
#3595=ORIENTED_EDGE('',*,*,#2469,.F.);
#3596=ORIENTED_EDGE('',*,*,#2447,.F.);
#3597=ORIENTED_EDGE('',*,*,#2466,.F.);
#3598=ORIENTED_EDGE('',*,*,#2552,.T.);
#3599=ORIENTED_EDGE('',*,*,#2179,.F.);
#3600=ORIENTED_EDGE('',*,*,#2553,.T.);
#3601=ORIENTED_EDGE('',*,*,#2215,.T.);
#3602=ORIENTED_EDGE('',*,*,#2406,.T.);
#3603=ORIENTED_EDGE('',*,*,#2554,.T.);
#3604=ORIENTED_EDGE('',*,*,#2555,.T.);
#3605=ORIENTED_EDGE('',*,*,#2556,.T.);
#3606=ORIENTED_EDGE('',*,*,#2557,.T.);
#3607=ORIENTED_EDGE('',*,*,#2435,.T.);
#3608=ORIENTED_EDGE('',*,*,#2410,.T.);
#3609=ORIENTED_EDGE('',*,*,#2558,.T.);
#3610=ORIENTED_EDGE('',*,*,#2559,.T.);
#3611=ORIENTED_EDGE('',*,*,#2560,.T.);
#3612=ORIENTED_EDGE('',*,*,#2561,.T.);
#3613=ORIENTED_EDGE('',*,*,#2423,.T.);
#3614=ORIENTED_EDGE('',*,*,#2562,.T.);
#3615=ORIENTED_EDGE('',*,*,#2563,.T.);
#3616=ORIENTED_EDGE('',*,*,#2564,.T.);
#3617=ORIENTED_EDGE('',*,*,#2565,.T.);
#3618=ORIENTED_EDGE('',*,*,#2566,.F.);
#3619=ORIENTED_EDGE('',*,*,#2567,.F.);
#3620=ORIENTED_EDGE('',*,*,#2558,.F.);
#3621=ORIENTED_EDGE('',*,*,#2409,.F.);
#3622=ORIENTED_EDGE('',*,*,#2568,.F.);
#3623=ORIENTED_EDGE('',*,*,#2569,.F.);
#3624=ORIENTED_EDGE('',*,*,#2570,.F.);
#3625=ORIENTED_EDGE('',*,*,#2436,.F.);
#3626=ORIENTED_EDGE('',*,*,#2560,.F.);
#3627=ORIENTED_EDGE('',*,*,#2571,.F.);
#3628=ORIENTED_EDGE('',*,*,#2570,.T.);
#3629=ORIENTED_EDGE('',*,*,#2572,.F.);
#3630=ORIENTED_EDGE('',*,*,#2437,.T.);
#3631=ORIENTED_EDGE('',*,*,#2573,.F.);
#3632=ORIENTED_EDGE('',*,*,#2574,.F.);
#3633=ORIENTED_EDGE('',*,*,#2575,.F.);
#3634=ORIENTED_EDGE('',*,*,#2407,.F.);
#3635=ORIENTED_EDGE('',*,*,#2556,.F.);
#3636=ORIENTED_EDGE('',*,*,#2576,.F.);
#3637=ORIENTED_EDGE('',*,*,#2554,.F.);
#3638=ORIENTED_EDGE('',*,*,#2405,.F.);
#3639=ORIENTED_EDGE('',*,*,#2577,.F.);
#3640=ORIENTED_EDGE('',*,*,#2578,.F.);
#3641=ORIENTED_EDGE('',*,*,#2441,.T.);
#3642=ORIENTED_EDGE('',*,*,#2579,.T.);
#3643=ORIENTED_EDGE('',*,*,#2580,.T.);
#3644=ORIENTED_EDGE('',*,*,#2581,.T.);
#3645=ORIENTED_EDGE('',*,*,#2419,.T.);
#3646=ORIENTED_EDGE('',*,*,#2582,.T.);
#3647=ORIENTED_EDGE('',*,*,#2583,.F.);
#3648=ORIENTED_EDGE('',*,*,#2584,.F.);
#3649=ORIENTED_EDGE('',*,*,#2585,.F.);
#3650=ORIENTED_EDGE('',*,*,#2420,.F.);
#3651=ORIENTED_EDGE('',*,*,#2581,.F.);
#3652=ORIENTED_EDGE('',*,*,#2586,.F.);
#3653=ORIENTED_EDGE('',*,*,#2579,.F.);
#3654=ORIENTED_EDGE('',*,*,#2440,.F.);
#3655=ORIENTED_EDGE('',*,*,#2587,.F.);
#3656=ORIENTED_EDGE('',*,*,#2588,.F.);
#3657=ORIENTED_EDGE('',*,*,#2568,.T.);
#3658=ORIENTED_EDGE('',*,*,#2408,.T.);
#3659=ORIENTED_EDGE('',*,*,#2575,.T.);
#3660=ORIENTED_EDGE('',*,*,#2589,.F.);
#3661=ORIENTED_EDGE('',*,*,#2577,.T.);
#3662=ORIENTED_EDGE('',*,*,#2404,.T.);
#3663=ORIENTED_EDGE('',*,*,#2461,.T.);
#3664=ORIENTED_EDGE('',*,*,#2425,.T.);
#3665=ORIENTED_EDGE('',*,*,#2590,.T.);
#3666=ORIENTED_EDGE('',*,*,#2591,.F.);
#3667=ORIENTED_EDGE('',*,*,#2592,.T.);
#3668=ORIENTED_EDGE('',*,*,#2421,.T.);
#3669=ORIENTED_EDGE('',*,*,#2585,.T.);
#3670=ORIENTED_EDGE('',*,*,#2593,.F.);
#3671=ORIENTED_EDGE('',*,*,#2438,.T.);
#3672=ORIENTED_EDGE('',*,*,#2594,.F.);
#3673=ORIENTED_EDGE('',*,*,#2588,.T.);
#3674=ORIENTED_EDGE('',*,*,#2595,.T.);
#3675=ORIENTED_EDGE('',*,*,#2593,.T.);
#3676=ORIENTED_EDGE('',*,*,#2584,.T.);
#3677=ORIENTED_EDGE('',*,*,#2596,.T.);
#3678=ORIENTED_EDGE('',*,*,#2597,.F.);
#3679=ORIENTED_EDGE('',*,*,#2598,.F.);
#3680=ORIENTED_EDGE('',*,*,#2562,.F.);
#3681=ORIENTED_EDGE('',*,*,#2422,.F.);
#3682=ORIENTED_EDGE('',*,*,#2592,.F.);
#3683=ORIENTED_EDGE('',*,*,#2599,.F.);
#3684=ORIENTED_EDGE('',*,*,#2590,.F.);
#3685=ORIENTED_EDGE('',*,*,#2424,.F.);
#3686=ORIENTED_EDGE('',*,*,#2564,.F.);
#3687=ORIENTED_EDGE('',*,*,#2600,.F.);
#3688=ORIENTED_EDGE('',*,*,#2587,.T.);
#3689=ORIENTED_EDGE('',*,*,#2439,.T.);
#3690=ORIENTED_EDGE('',*,*,#2595,.F.);
#3691=ORIENTED_EDGE('',*,*,#2586,.T.);
#3692=ORIENTED_EDGE('',*,*,#2596,.F.);
#3693=ORIENTED_EDGE('',*,*,#2583,.T.);
#3694=ORIENTED_EDGE('',*,*,#2580,.F.);
#3695=ORIENTED_EDGE('',*,*,#2597,.T.);
#3696=ORIENTED_EDGE('',*,*,#2591,.T.);
#3697=ORIENTED_EDGE('',*,*,#2599,.T.);
#3698=ORIENTED_EDGE('',*,*,#2601,.T.);
#3699=ORIENTED_EDGE('',*,*,#2598,.T.);
#3700=ORIENTED_EDGE('',*,*,#2601,.F.);
#3701=ORIENTED_EDGE('',*,*,#2600,.T.);
#3702=ORIENTED_EDGE('',*,*,#2563,.F.);
#3703=ORIENTED_EDGE('',*,*,#2574,.T.);
#3704=ORIENTED_EDGE('',*,*,#2602,.T.);
#3705=ORIENTED_EDGE('',*,*,#2578,.T.);
#3706=ORIENTED_EDGE('',*,*,#2589,.T.);
#3707=ORIENTED_EDGE('',*,*,#2573,.T.);
#3708=ORIENTED_EDGE('',*,*,#2555,.F.);
#3709=ORIENTED_EDGE('',*,*,#2576,.T.);
#3710=ORIENTED_EDGE('',*,*,#2602,.F.);
#3711=ORIENTED_EDGE('',*,*,#2566,.T.);
#3712=ORIENTED_EDGE('',*,*,#2594,.T.);
#3713=ORIENTED_EDGE('',*,*,#2572,.T.);
#3714=ORIENTED_EDGE('',*,*,#2569,.T.);
#3715=ORIENTED_EDGE('',*,*,#2603,.T.);
#3716=ORIENTED_EDGE('',*,*,#2567,.T.);
#3717=ORIENTED_EDGE('',*,*,#2603,.F.);
#3718=ORIENTED_EDGE('',*,*,#2571,.T.);
#3719=ORIENTED_EDGE('',*,*,#2559,.F.);
#3720=ORIENTED_EDGE('',*,*,#2561,.F.);
#3721=ORIENTED_EDGE('',*,*,#2604,.T.);
#3722=ORIENTED_EDGE('',*,*,#2605,.F.);
#3723=ORIENTED_EDGE('',*,*,#2604,.F.);
#3724=ORIENTED_EDGE('',*,*,#2557,.F.);
#3725=ORIENTED_EDGE('',*,*,#2606,.T.);
#3726=ORIENTED_EDGE('',*,*,#2607,.F.);
#3727=ORIENTED_EDGE('',*,*,#2606,.F.);
#3728=ORIENTED_EDGE('',*,*,#2605,.T.);
#3729=ORIENTED_EDGE('',*,*,#2582,.F.);
#3730=ORIENTED_EDGE('',*,*,#2608,.T.);
#3731=ORIENTED_EDGE('',*,*,#2609,.F.);
#3732=ORIENTED_EDGE('',*,*,#2608,.F.);
#3733=ORIENTED_EDGE('',*,*,#2607,.T.);
#3734=ORIENTED_EDGE('',*,*,#2565,.F.);
#3735=ORIENTED_EDGE('',*,*,#2610,.T.);
#3736=ORIENTED_EDGE('',*,*,#2611,.F.);
#3737=ORIENTED_EDGE('',*,*,#2610,.F.);
#3738=ORIENTED_EDGE('',*,*,#2609,.T.);
#3739=ORIENTED_EDGE('',*,*,#2611,.T.);
#3740=ORIENTED_EDGE('',*,*,#2216,.F.);
#3741=ORIENTED_EDGE('',*,*,#2553,.F.);
#3742=ORIENTED_EDGE('',*,*,#2178,.F.);
#3743=ORIENTED_EDGE('',*,*,#2542,.F.);
#3744=ORIENTED_EDGE('',*,*,#2538,.F.);
#3745=ORIENTED_EDGE('',*,*,#2541,.F.);
#3746=ORIENTED_EDGE('',*,*,#2170,.F.);
#3747=ORIENTED_EDGE('',*,*,#2528,.F.);
#3748=ORIENTED_EDGE('',*,*,#2526,.F.);
#3749=ORIENTED_EDGE('',*,*,#2329,.T.);
#3750=ORIENTED_EDGE('',*,*,#2545,.T.);
#3751=ORIENTED_EDGE('',*,*,#2547,.T.);
#3752=ORIENTED_EDGE('',*,*,#2205,.F.);
#3753=ORIENTED_EDGE('',*,*,#2531,.T.);
#3754=ORIENTED_EDGE('',*,*,#2533,.T.);
#3755=ORIENTED_EDGE('',*,*,#2535,.T.);
#3756=ORIENTED_EDGE('',*,*,#2525,.T.);
#3757=ORIENTED_EDGE('',*,*,#2530,.T.);
#3758=ORIENTED_EDGE('',*,*,#2537,.T.);
#3759=ORIENTED_EDGE('',*,*,#2544,.T.);
#3760=ORIENTED_EDGE('',*,*,#2612,.F.);
#3761=ORIENTED_EDGE('',*,*,#2613,.T.);
#3762=ORIENTED_EDGE('',*,*,#2614,.F.);
#3763=ORIENTED_EDGE('',*,*,#2613,.F.);
#3764=ORIENTED_EDGE('',*,*,#2615,.F.);
#3765=ORIENTED_EDGE('',*,*,#2616,.T.);
#3766=ORIENTED_EDGE('',*,*,#2617,.F.);
#3767=ORIENTED_EDGE('',*,*,#2616,.F.);
#3768=ORIENTED_EDGE('',*,*,#2618,.F.);
#3769=ORIENTED_EDGE('',*,*,#2619,.F.);
#3770=ORIENTED_EDGE('',*,*,#2620,.F.);
#3771=ORIENTED_EDGE('',*,*,#2621,.T.);
#3772=ORIENTED_EDGE('',*,*,#2622,.F.);
#3773=ORIENTED_EDGE('',*,*,#2621,.F.);
#3774=ORIENTED_EDGE('',*,*,#2623,.F.);
#3775=ORIENTED_EDGE('',*,*,#2624,.F.);
#3776=ORIENTED_EDGE('',*,*,#2625,.F.);
#3777=ORIENTED_EDGE('',*,*,#2626,.F.);
#3778=ORIENTED_EDGE('',*,*,#2627,.F.);
#3779=ORIENTED_EDGE('',*,*,#2628,.F.);
#3780=ORIENTED_EDGE('',*,*,#2629,.F.);
#3781=ORIENTED_EDGE('',*,*,#2630,.F.);
#3782=ORIENTED_EDGE('',*,*,#2631,.F.);
#3783=ORIENTED_EDGE('',*,*,#2619,.T.);
#3784=ORIENTED_EDGE('',*,*,#2632,.F.);
#3785=ORIENTED_EDGE('',*,*,#2633,.T.);
#3786=ORIENTED_EDGE('',*,*,#2634,.F.);
#3787=ORIENTED_EDGE('',*,*,#2635,.F.);
#3788=ORIENTED_EDGE('',*,*,#2636,.F.);
#3789=ORIENTED_EDGE('',*,*,#2626,.T.);
#3790=ORIENTED_EDGE('',*,*,#2637,.F.);
#3791=ORIENTED_EDGE('',*,*,#2633,.F.);
#3792=ORIENTED_EDGE('',*,*,#2635,.T.);
#3793=ORIENTED_EDGE('',*,*,#2638,.F.);
#3794=ORIENTED_EDGE('',*,*,#2639,.F.);
#3795=ORIENTED_EDGE('',*,*,#2640,.F.);
#3796=ORIENTED_EDGE('',*,*,#2630,.T.);
#3797=ORIENTED_EDGE('',*,*,#2641,.T.);
#3798=ORIENTED_EDGE('',*,*,#2642,.T.);
#3799=ORIENTED_EDGE('',*,*,#2643,.T.);
#3800=ORIENTED_EDGE('',*,*,#2628,.T.);
#3801=ORIENTED_EDGE('',*,*,#2644,.T.);
#3802=ORIENTED_EDGE('',*,*,#2645,.T.);
#3803=ORIENTED_EDGE('',*,*,#2646,.T.);
#3804=ORIENTED_EDGE('',*,*,#2624,.T.);
#3805=ORIENTED_EDGE('',*,*,#2647,.T.);
#3806=ORIENTED_EDGE('',*,*,#2648,.T.);
#3807=ORIENTED_EDGE('',*,*,#2649,.T.);
#3808=ORIENTED_EDGE('',*,*,#2642,.F.);
#3809=ORIENTED_EDGE('',*,*,#2650,.T.);
#3810=ORIENTED_EDGE('',*,*,#2651,.F.);
#3811=ORIENTED_EDGE('',*,*,#2652,.F.);
#3812=ORIENTED_EDGE('',*,*,#2651,.T.);
#3813=ORIENTED_EDGE('',*,*,#2653,.F.);
#3814=ORIENTED_EDGE('',*,*,#2654,.F.);
#3815=ORIENTED_EDGE('',*,*,#2655,.T.);
#3816=ORIENTED_EDGE('',*,*,#2622,.T.);
#3817=ORIENTED_EDGE('',*,*,#2646,.F.);
#3818=ORIENTED_EDGE('',*,*,#2656,.F.);
#3819=ORIENTED_EDGE('',*,*,#2657,.F.);
#3820=ORIENTED_EDGE('',*,*,#2653,.T.);
#3821=ORIENTED_EDGE('',*,*,#2650,.F.);
#3822=ORIENTED_EDGE('',*,*,#2641,.F.);
#3823=ORIENTED_EDGE('',*,*,#2629,.T.);
#3824=ORIENTED_EDGE('',*,*,#2618,.T.);
#3825=ORIENTED_EDGE('',*,*,#2617,.T.);
#3826=ORIENTED_EDGE('',*,*,#2658,.F.);
#3827=ORIENTED_EDGE('',*,*,#2656,.T.);
#3828=ORIENTED_EDGE('',*,*,#2645,.F.);
#3829=ORIENTED_EDGE('',*,*,#2659,.F.);
#3830=ORIENTED_EDGE('',*,*,#2632,.T.);
#3831=ORIENTED_EDGE('',*,*,#2643,.F.);
#3832=ORIENTED_EDGE('',*,*,#2652,.T.);
#3833=ORIENTED_EDGE('',*,*,#2655,.F.);
#3834=ORIENTED_EDGE('',*,*,#2660,.F.);
#3835=ORIENTED_EDGE('',*,*,#2659,.T.);
#3836=ORIENTED_EDGE('',*,*,#2644,.F.);
#3837=ORIENTED_EDGE('',*,*,#2627,.T.);
#3838=ORIENTED_EDGE('',*,*,#2636,.T.);
#3839=ORIENTED_EDGE('',*,*,#2612,.T.);
#3840=ORIENTED_EDGE('',*,*,#2631,.T.);
#3841=ORIENTED_EDGE('',*,*,#2640,.T.);
#3842=ORIENTED_EDGE('',*,*,#2661,.F.);
#3843=ORIENTED_EDGE('',*,*,#2662,.F.);
#3844=ORIENTED_EDGE('',*,*,#2647,.F.);
#3845=ORIENTED_EDGE('',*,*,#2623,.T.);
#3846=ORIENTED_EDGE('',*,*,#2620,.T.);
#3847=ORIENTED_EDGE('',*,*,#2615,.T.);
#3848=ORIENTED_EDGE('',*,*,#2662,.T.);
#3849=ORIENTED_EDGE('',*,*,#2663,.F.);
#3850=ORIENTED_EDGE('',*,*,#2664,.F.);
#3851=ORIENTED_EDGE('',*,*,#2648,.F.);
#3852=ORIENTED_EDGE('',*,*,#2625,.T.);
#3853=ORIENTED_EDGE('',*,*,#2649,.F.);
#3854=ORIENTED_EDGE('',*,*,#2664,.T.);
#3855=ORIENTED_EDGE('',*,*,#2665,.F.);
#3856=ORIENTED_EDGE('',*,*,#2638,.T.);
#3857=ORIENTED_EDGE('',*,*,#2634,.T.);
#3858=ORIENTED_EDGE('',*,*,#2637,.T.);
#3859=ORIENTED_EDGE('',*,*,#2614,.T.);
#3860=ORIENTED_EDGE('',*,*,#2665,.T.);
#3861=ORIENTED_EDGE('',*,*,#2663,.T.);
#3862=ORIENTED_EDGE('',*,*,#2661,.T.);
#3863=ORIENTED_EDGE('',*,*,#2639,.T.);
#3864=ORIENTED_EDGE('',*,*,#2654,.T.);
#3865=ORIENTED_EDGE('',*,*,#2657,.T.);
#3866=ORIENTED_EDGE('',*,*,#2658,.T.);
#3867=ORIENTED_EDGE('',*,*,#2660,.T.);
#3868=PLANE('',#4276);
#3869=PLANE('',#4277);
#3870=PLANE('',#4278);
#3871=PLANE('',#4279);
#3872=PLANE('',#4280);
#3873=PLANE('',#4281);
#3874=PLANE('',#4282);
#3875=PLANE('',#4283);
#3876=PLANE('',#4284);
#3877=PLANE('',#4297);
#3878=PLANE('',#4298);
#3879=PLANE('',#4299);
#3880=PLANE('',#4300);
#3881=PLANE('',#4302);
#3882=PLANE('',#4305);
#3883=PLANE('',#4307);
#3884=PLANE('',#4309);
#3885=PLANE('',#4311);
#3886=PLANE('',#4313);
#3887=PLANE('',#4324);
#3888=PLANE('',#4325);
#3889=PLANE('',#4326);
#3890=PLANE('',#4330);
#3891=PLANE('',#4334);
#3892=PLANE('',#4338);
#3893=PLANE('',#4344);
#3894=PLANE('',#4347);
#3895=PLANE('',#4348);
#3896=PLANE('',#4359);
#3897=PLANE('',#4360);
#3898=PLANE('',#4361);
#3899=PLANE('',#4362);
#3900=PLANE('',#4363);
#3901=PLANE('',#4364);
#3902=PLANE('',#4365);
#3903=PLANE('',#4366);
#3904=PLANE('',#4367);
#3905=PLANE('',#4368);
#3906=PLANE('',#4369);
#3907=PLANE('',#4370);
#3908=PLANE('',#4371);
#3909=PLANE('',#4372);
#3910=PLANE('',#4373);
#3911=PLANE('',#4374);
#3912=PLANE('',#4375);
#3913=PLANE('',#4376);
#3914=PLANE('',#4377);
#3915=PLANE('',#4378);
#3916=PLANE('',#4379);
#3917=PLANE('',#4380);
#3918=PLANE('',#4381);
#3919=PLANE('',#4382);
#3920=PLANE('',#4383);
#3921=PLANE('',#4384);
#3922=PLANE('',#4385);
#3923=PLANE('',#4386);
#3924=PLANE('',#4391);
#3925=PLANE('',#4397);
#3926=PLANE('',#4398);
#3927=PLANE('',#4399);
#3928=PLANE('',#4400);
#3929=PLANE('',#4401);
#3930=PLANE('',#4402);
#3931=PLANE('',#4403);
#3932=PLANE('',#4404);
#3933=PLANE('',#4405);
#3934=PLANE('',#4406);
#3935=PLANE('',#4407);
#3936=PLANE('',#4408);
#3937=PLANE('',#4409);
#3938=PLANE('',#4410);
#3939=PLANE('',#4411);
#3940=PLANE('',#4412);
#3941=PLANE('',#4413);
#3942=PLANE('',#4414);
#3943=PLANE('',#4415);
#3944=PLANE('',#4416);
#3945=PLANE('',#4417);
#3946=PLANE('',#4418);
#3947=PLANE('',#4419);
#3948=PLANE('',#4420);
#3949=PLANE('',#4422);
#3950=PLANE('',#4423);
#3951=PLANE('',#4424);
#3952=PLANE('',#4425);
#3953=PLANE('',#4428);
#3954=PLANE('',#4432);
#3955=PLANE('',#4433);
#3956=PLANE('',#4434);
#3957=PLANE('',#4435);
#3958=PLANE('',#4437);
#3959=PLANE('',#4438);
#3960=PLANE('',#4439);
#3961=PLANE('',#4441);
#3962=PLANE('',#4442);
#3963=PLANE('',#4443);
#3964=PLANE('',#4445);
#3965=PLANE('',#4446);
#3966=PLANE('',#4447);
#3967=PLANE('',#4449);
#3968=PLANE('',#4450);
#3969=PLANE('',#4451);
#3970=PLANE('',#4452);
#3971=PLANE('',#4453);
#3972=PLANE('',#4454);
#3973=PLANE('',#4455);
#3974=PLANE('',#4456);
#3975=PLANE('',#4459);
#3976=PLANE('',#4460);
#3977=PLANE('',#4463);
#3978=PLANE('',#4464);
#3979=PLANE('',#4465);
#3980=PLANE('',#4468);
#3981=PLANE('',#4469);
#3982=PLANE('',#4470);
#3983=PLANE('',#4473);
#3984=PLANE('',#4474);
#3985=PLANE('',#4476);
#3986=PLANE('',#4478);
#3987=PLANE('',#4480);
#3988=PLANE('',#4481);
#3989=PLANE('',#4482);
#3990=PLANE('',#4485);
#3991=PLANE('',#4488);
#3992=PLANE('',#4491);
#3993=PLANE('',#4492);
#3994=PLANE('',#4493);
#3995=PLANE('',#4495);
#3996=PLANE('',#4496);
#3997=PLANE('',#4497);
#3998=PLANE('',#4500);
#3999=PLANE('',#4501);
#4000=PLANE('',#4502);
#4001=PLANE('',#4510);
#4002=PLANE('',#4511);
#4003=PLANE('',#4512);
#4004=PLANE('',#4527);
#4005=PLANE('',#4530);
#4006=PLANE('',#4533);
#4007=PLANE('',#4534);
#4008=PLANE('',#4535);
#4009=PLANE('',#4545);
#4010=PLANE('',#4546);
#4011=PLANE('',#4547);
#4012=PLANE('',#4548);
#4013=PLANE('',#4552);
#4014=PLANE('',#4553);
#4015=PLANE('',#4554);
#4016=PLANE('',#4555);
#4017=PLANE('',#4556);
#4018=PLANE('',#4557);
#4019=PLANE('',#4558);
#4020=PLANE('',#4559);
#4021=PLANE('',#4560);
#4022=PLANE('',#4561);
#4023=PLANE('',#4562);
#4024=PLANE('',#4563);
#4025=ADVANCED_FACE('',(#320),#3868,.F.);
#4026=ADVANCED_FACE('',(#321),#3869,.F.);
#4027=ADVANCED_FACE('',(#322),#3870,.F.);
#4028=ADVANCED_FACE('',(#323),#3871,.F.);
#4029=ADVANCED_FACE('',(#324),#3872,.F.);
#4030=ADVANCED_FACE('',(#325),#3873,.F.);
#4031=ADVANCED_FACE('',(#326),#3874,.F.);
#4032=ADVANCED_FACE('',(#327),#3875,.F.);
#4033=ADVANCED_FACE('',(#328,#274,#275),#3876,.T.);
#4034=ADVANCED_FACE('',(#329),#240,.F.);
#4035=ADVANCED_FACE('',(#330),#241,.F.);
#4036=ADVANCED_FACE('',(#331),#242,.F.);
#4037=ADVANCED_FACE('',(#332),#243,.F.);
#4038=ADVANCED_FACE('',(#333),#3877,.T.);
#4039=ADVANCED_FACE('',(#334,#276,#277),#3878,.T.);
#4040=ADVANCED_FACE('',(#335),#3879,.T.);
#4041=ADVANCED_FACE('',(#336),#3880,.F.);
#4042=ADVANCED_FACE('',(#337),#3881,.T.);
#4043=ADVANCED_FACE('',(#338,#278),#244,.F.);
#4044=ADVANCED_FACE('',(#339,#279,#280,#281,#282,#283),#3882,.F.);
#4045=ADVANCED_FACE('',(#340),#3883,.T.);
#4046=ADVANCED_FACE('',(#341),#3884,.T.);
#4047=ADVANCED_FACE('',(#342),#3885,.T.);
#4048=ADVANCED_FACE('',(#343),#3886,.T.);
#4049=ADVANCED_FACE('',(#344),#245,.F.);
#4050=ADVANCED_FACE('',(#345),#246,.F.);
#4051=ADVANCED_FACE('',(#346),#247,.F.);
#4052=ADVANCED_FACE('',(#347),#248,.F.);
#4053=ADVANCED_FACE('',(#348),#249,.F.);
#4054=ADVANCED_FACE('',(#349,#284,#285),#3887,.F.);
#4055=ADVANCED_FACE('',(#350,#286,#287),#3888,.F.);
#4056=ADVANCED_FACE('',(#351),#3889,.T.);
#4057=ADVANCED_FACE('',(#352),#49,.F.);
#4058=ADVANCED_FACE('',(#353),#3890,.T.);
#4059=ADVANCED_FACE('',(#354),#50,.F.);
#4060=ADVANCED_FACE('',(#355),#3891,.T.);
#4061=ADVANCED_FACE('',(#356),#51,.F.);
#4062=ADVANCED_FACE('',(#357),#3892,.T.);
#4063=ADVANCED_FACE('',(#358),#52,.F.);
#4064=ADVANCED_FACE('',(#359),#250,.F.);
#4065=ADVANCED_FACE('',(#360),#3893,.F.);
#4066=ADVANCED_FACE('',(#361),#251,.F.);
#4067=ADVANCED_FACE('',(#362),#3894,.F.);
#4068=ADVANCED_FACE('',(#363,#288,#289),#3895,.T.);
#4069=ADVANCED_FACE('',(#364),#53,.F.);
#4070=ADVANCED_FACE('',(#365),#252,.F.);
#4071=ADVANCED_FACE('',(#366),#54,.F.);
#4072=ADVANCED_FACE('',(#367),#253,.F.);
#4073=ADVANCED_FACE('',(#368,#290),#3896,.T.);
#4074=ADVANCED_FACE('',(#369),#3897,.F.);
#4075=ADVANCED_FACE('',(#370),#3898,.F.);
#4076=ADVANCED_FACE('',(#371),#3899,.F.);
#4077=ADVANCED_FACE('',(#372),#3900,.F.);
#4078=ADVANCED_FACE('',(#373),#3901,.F.);
#4079=ADVANCED_FACE('',(#374),#3902,.F.);
#4080=ADVANCED_FACE('',(#375,#291),#3903,.F.);
#4081=ADVANCED_FACE('',(#376),#3904,.T.);
#4082=ADVANCED_FACE('',(#377,#292),#3905,.T.);
#4083=ADVANCED_FACE('',(#378),#3906,.T.);
#4084=ADVANCED_FACE('',(#379),#3907,.T.);
#4085=ADVANCED_FACE('',(#380),#3908,.T.);
#4086=ADVANCED_FACE('',(#381),#3909,.T.);
#4087=ADVANCED_FACE('',(#382),#3910,.T.);
#4088=ADVANCED_FACE('',(#383),#3911,.T.);
#4089=ADVANCED_FACE('',(#384),#19,.T.);
#4090=ADVANCED_FACE('',(#385),#20,.T.);
#4091=ADVANCED_FACE('',(#386),#21,.T.);
#4092=ADVANCED_FACE('',(#387),#22,.T.);
#4093=ADVANCED_FACE('',(#388),#23,.T.);
#4094=ADVANCED_FACE('',(#389),#3912,.T.);
#4095=ADVANCED_FACE('',(#390),#3913,.T.);
#4096=ADVANCED_FACE('',(#391),#3914,.T.);
#4097=ADVANCED_FACE('',(#392),#3915,.T.);
#4098=ADVANCED_FACE('',(#393),#3916,.T.);
#4099=ADVANCED_FACE('',(#394),#3917,.T.);
#4100=ADVANCED_FACE('',(#395),#3918,.T.);
#4101=ADVANCED_FACE('',(#396),#3919,.T.);
#4102=ADVANCED_FACE('',(#397),#3920,.T.);
#4103=ADVANCED_FACE('',(#398),#3921,.T.);
#4104=ADVANCED_FACE('',(#399),#3922,.T.);
#4105=ADVANCED_FACE('',(#400,#293),#3923,.T.);
#4106=ADVANCED_FACE('',(#401),#55,.T.);
#4107=ADVANCED_FACE('',(#402),#3924,.T.);
#4108=ADVANCED_FACE('',(#403),#254,.F.);
#4109=ADVANCED_FACE('',(#404),#56,.F.);
#4110=ADVANCED_FACE('',(#405),#3925,.F.);
#4111=ADVANCED_FACE('',(#406),#3926,.F.);
#4112=ADVANCED_FACE('',(#407),#3927,.F.);
#4113=ADVANCED_FACE('',(#408),#3928,.F.);
#4114=ADVANCED_FACE('',(#409),#3929,.F.);
#4115=ADVANCED_FACE('',(#410),#3930,.F.);
#4116=ADVANCED_FACE('',(#411,#294),#3931,.F.);
#4117=ADVANCED_FACE('',(#412),#3932,.T.);
#4118=ADVANCED_FACE('',(#413,#295),#3933,.F.);
#4119=ADVANCED_FACE('',(#414),#3934,.T.);
#4120=ADVANCED_FACE('',(#415),#3935,.T.);
#4121=ADVANCED_FACE('',(#416),#3936,.T.);
#4122=ADVANCED_FACE('',(#417),#3937,.T.);
#4123=ADVANCED_FACE('',(#418),#3938,.T.);
#4124=ADVANCED_FACE('',(#419),#3939,.T.);
#4125=ADVANCED_FACE('',(#420),#24,.T.);
#4126=ADVANCED_FACE('',(#421),#25,.T.);
#4127=ADVANCED_FACE('',(#422),#26,.T.);
#4128=ADVANCED_FACE('',(#423),#27,.T.);
#4129=ADVANCED_FACE('',(#424),#28,.T.);
#4130=ADVANCED_FACE('',(#425),#29,.T.);
#4131=ADVANCED_FACE('',(#426),#30,.T.);
#4132=ADVANCED_FACE('',(#427),#31,.T.);
#4133=ADVANCED_FACE('',(#428),#3940,.T.);
#4134=ADVANCED_FACE('',(#429,#296),#3941,.T.);
#4135=ADVANCED_FACE('',(#430),#32,.T.);
#4136=ADVANCED_FACE('',(#431),#3942,.T.);
#4137=ADVANCED_FACE('',(#432),#3943,.T.);
#4138=ADVANCED_FACE('',(#433),#3944,.T.);
#4139=ADVANCED_FACE('',(#434),#3945,.T.);
#4140=ADVANCED_FACE('',(#435),#3946,.T.);
#4141=ADVANCED_FACE('',(#436),#3947,.T.);
#4142=ADVANCED_FACE('',(#437,#297),#3948,.T.);
#4143=ADVANCED_FACE('',(#438),#3949,.T.);
#4144=ADVANCED_FACE('',(#439),#33,.T.);
#4145=ADVANCED_FACE('',(#440),#34,.T.);
#4146=ADVANCED_FACE('',(#441),#35,.T.);
#4147=ADVANCED_FACE('',(#442),#36,.T.);
#4148=ADVANCED_FACE('',(#443),#37,.T.);
#4149=ADVANCED_FACE('',(#444),#3950,.T.);
#4150=ADVANCED_FACE('',(#445),#38,.T.);
#4151=ADVANCED_FACE('',(#446),#39,.T.);
#4152=ADVANCED_FACE('',(#447),#40,.T.);
#4153=ADVANCED_FACE('',(#448),#41,.T.);
#4154=ADVANCED_FACE('',(#449),#42,.T.);
#4155=ADVANCED_FACE('',(#450),#43,.T.);
#4156=ADVANCED_FACE('',(#451),#44,.T.);
#4157=ADVANCED_FACE('',(#452),#45,.T.);
#4158=ADVANCED_FACE('',(#453),#3951,.T.);
#4159=ADVANCED_FACE('',(#454),#46,.T.);
#4160=ADVANCED_FACE('',(#455),#47,.T.);
#4161=ADVANCED_FACE('',(#456,#298),#3952,.F.);
#4162=ADVANCED_FACE('',(#457),#48,.F.);
#4163=ADVANCED_FACE('',(#458,#299),#3953,.T.);
#4164=ADVANCED_FACE('',(#459),#57,.T.);
#4165=ADVANCED_FACE('',(#460),#3954,.T.);
#4166=ADVANCED_FACE('',(#461),#3955,.F.);
#4167=ADVANCED_FACE('',(#462),#3956,.F.);
#4168=ADVANCED_FACE('',(#463,#300),#3957,.T.);
#4169=ADVANCED_FACE('',(#464),#3958,.F.);
#4170=ADVANCED_FACE('',(#465),#3959,.F.);
#4171=ADVANCED_FACE('',(#466,#301),#3960,.T.);
#4172=ADVANCED_FACE('',(#467),#3961,.F.);
#4173=ADVANCED_FACE('',(#468),#3962,.F.);
#4174=ADVANCED_FACE('',(#469,#302),#3963,.T.);
#4175=ADVANCED_FACE('',(#470),#3964,.F.);
#4176=ADVANCED_FACE('',(#471),#3965,.F.);
#4177=ADVANCED_FACE('',(#472,#303),#3966,.T.);
#4178=ADVANCED_FACE('',(#473),#3967,.T.);
#4179=ADVANCED_FACE('',(#474),#3968,.T.);
#4180=ADVANCED_FACE('',(#475),#3969,.T.);
#4181=ADVANCED_FACE('',(#476),#3970,.T.);
#4182=ADVANCED_FACE('',(#477),#3971,.T.);
#4183=ADVANCED_FACE('',(#478),#3972,.T.);
#4184=ADVANCED_FACE('',(#479),#3973,.T.);
#4185=ADVANCED_FACE('',(#480),#3974,.T.);
#4186=ADVANCED_FACE('',(#481),#255,.F.);
#4187=ADVANCED_FACE('',(#482),#3975,.T.);
#4188=ADVANCED_FACE('',(#483),#3976,.T.);
#4189=ADVANCED_FACE('',(#484),#256,.F.);
#4190=ADVANCED_FACE('',(#485),#3977,.T.);
#4191=ADVANCED_FACE('',(#486),#3978,.T.);
#4192=ADVANCED_FACE('',(#487),#3979,.T.);
#4193=ADVANCED_FACE('',(#488),#257,.F.);
#4194=ADVANCED_FACE('',(#489),#3980,.T.);
#4195=ADVANCED_FACE('',(#490),#3981,.T.);
#4196=ADVANCED_FACE('',(#491),#3982,.T.);
#4197=ADVANCED_FACE('',(#492),#258,.F.);
#4198=ADVANCED_FACE('',(#493),#3983,.T.);
#4199=ADVANCED_FACE('',(#494),#3984,.T.);
#4200=ADVANCED_FACE('',(#495),#259,.F.);
#4201=ADVANCED_FACE('',(#496),#3985,.F.);
#4202=ADVANCED_FACE('',(#497),#260,.F.);
#4203=ADVANCED_FACE('',(#498),#3986,.F.);
#4204=ADVANCED_FACE('',(#499),#261,.F.);
#4205=ADVANCED_FACE('',(#500),#3987,.F.);
#4206=ADVANCED_FACE('',(#501),#3988,.T.);
#4207=ADVANCED_FACE('',(#502,#304),#3989,.T.);
#4208=ADVANCED_FACE('',(#503,#305),#3990,.T.);
#4209=ADVANCED_FACE('',(#504,#306),#3991,.T.);
#4210=ADVANCED_FACE('',(#505),#3992,.T.);
#4211=ADVANCED_FACE('',(#506),#3993,.T.);
#4212=ADVANCED_FACE('',(#507),#3994,.T.);
#4213=ADVANCED_FACE('',(#508),#3995,.T.);
#4214=ADVANCED_FACE('',(#509),#3996,.T.);
#4215=ADVANCED_FACE('',(#510,#307),#3997,.T.);
#4216=ADVANCED_FACE('',(#511),#3998,.T.);
#4217=ADVANCED_FACE('',(#512),#3999,.T.);
#4218=ADVANCED_FACE('',(#513),#4000,.T.);
#4219=ADVANCED_FACE('',(#514),#15,.F.);
#4220=ADVANCED_FACE('',(#515),#4001,.T.);
#4221=ADVANCED_FACE('',(#516),#4002,.T.);
#4222=ADVANCED_FACE('',(#517),#4003,.T.);
#4223=ADVANCED_FACE('',(#518),#262,.T.);
#4224=ADVANCED_FACE('',(#519),#16,.F.);
#4225=ADVANCED_FACE('',(#520),#263,.T.);
#4226=ADVANCED_FACE('',(#521),#17,.F.);
#4227=ADVANCED_FACE('',(#522),#264,.T.);
#4228=ADVANCED_FACE('',(#523),#18,.F.);
#4229=ADVANCED_FACE('',(#524),#265,.T.);
#4230=ADVANCED_FACE('',(#525),#266,.F.);
#4231=ADVANCED_FACE('',(#526),#267,.F.);
#4232=ADVANCED_FACE('',(#527),#4004,.T.);
#4233=ADVANCED_FACE('',(#528),#268,.F.);
#4234=ADVANCED_FACE('',(#529),#4005,.T.);
#4235=ADVANCED_FACE('',(#530),#269,.F.);
#4236=ADVANCED_FACE('',(#531),#4006,.T.);
#4237=ADVANCED_FACE('',(#532),#4007,.T.);
#4238=ADVANCED_FACE('',(#533,#308,#309,#310,#311),#4008,.F.);
#4239=ADVANCED_FACE('',(#534),#270,.F.);
#4240=ADVANCED_FACE('',(#535),#271,.F.);
#4241=ADVANCED_FACE('',(#536),#272,.F.);
#4242=ADVANCED_FACE('',(#537),#4009,.F.);
#4243=ADVANCED_FACE('',(#538),#4010,.F.);
#4244=ADVANCED_FACE('',(#539),#4011,.F.);
#4245=ADVANCED_FACE('',(#540),#4012,.F.);
#4246=ADVANCED_FACE('',(#541),#273,.F.);
#4247=ADVANCED_FACE('',(#542),#4013,.T.);
#4248=ADVANCED_FACE('',(#543),#4014,.T.);
#4249=ADVANCED_FACE('',(#544),#4015,.F.);
#4250=ADVANCED_FACE('',(#545),#4016,.T.);
#4251=ADVANCED_FACE('',(#546,#312),#4017,.T.);
#4252=ADVANCED_FACE('',(#547),#4018,.T.);
#4253=ADVANCED_FACE('',(#548,#313),#4019,.T.);
#4254=ADVANCED_FACE('',(#549,#314),#4020,.T.);
#4255=ADVANCED_FACE('',(#550),#4021,.T.);
#4256=ADVANCED_FACE('',(#551,#315),#4022,.T.);
#4257=ADVANCED_FACE('',(#552),#4023,.T.);
#4258=ADVANCED_FACE('',(#553),#4024,.F.);
#4259=CLOSED_SHELL('',(#4025,#4026,#4027,#4028,#4029,#4030,#4031,#4032,
#4033,#4034,#4035,#4036,#4037,#4038,#4039,#4040,#4041,#4042,#4043,#4044,
#4045,#4046,#4047,#4048,#4049,#4050,#4051,#4052,#4053,#4054,#4055));
#4260=CLOSED_SHELL('',(#4056,#4057,#4058,#4059,#4060,#4061,#4062,#4063,
#4064,#4065,#4066,#4067,#4068,#4069,#4070,#4071,#4072,#4073,#4074,#4075,
#4076,#4077,#4078,#4079,#4080,#4081,#4082,#4083,#4084,#4085,#4086,#4087,
#4088,#4089,#4090,#4091,#4092,#4093,#4094,#4095,#4096,#4097,#4098,#4099,
#4100,#4101,#4102,#4103,#4104,#4105,#4106,#4107,#4108,#4109,#4110,#4111,
#4112,#4113,#4114,#4115,#4116,#4117,#4118,#4119,#4120,#4121,#4122,#4123,
#4124,#4125,#4126,#4127,#4128,#4129,#4130,#4131,#4132,#4133,#4134,#4135,
#4136,#4137,#4138,#4139,#4140,#4141,#4142,#4143,#4144,#4145,#4146,#4147,
#4148,#4149,#4150,#4151,#4152,#4153,#4154,#4155,#4156,#4157,#4158,#4159,
#4160,#4161,#4162,#4163,#4164,#4165,#4166,#4167,#4168,#4169,#4170,#4171,
#4172,#4173,#4174,#4175,#4176,#4177,#4178,#4179,#4180,#4181,#4182,#4183,
#4184,#4185,#4186,#4187,#4188,#4189,#4190,#4191,#4192,#4193,#4194,#4195,
#4196,#4197,#4198,#4199,#4200,#4201,#4202,#4203,#4204,#4205,#4206,#4207,
#4208,#4209,#4210,#4211,#4212,#4213,#4214,#4215,#4216,#4217,#4218,#4219,
#4220,#4221,#4222,#4223,#4224,#4225,#4226,#4227,#4228,#4229,#4230,#4231,
#4232,#4233,#4234,#4235,#4236,#4237,#4238));
#4261=CLOSED_SHELL('',(#4239,#4240,#4241,#4242,#4243,#4244,#4245,#4246,
#4247,#4248,#4249,#4250,#4251,#4252,#4253,#4254,#4255,#4256,#4257,#4258));
#4262=DERIVED_UNIT_ELEMENT(#4264,1.);
#4263=DERIVED_UNIT_ELEMENT(#7859,-3.);
#4264=(
MASS_UNIT()
NAMED_UNIT(*)
SI_UNIT(.KILO.,.GRAM.)
);
#4265=DERIVED_UNIT((#4262,#4263));
#4266=MEASURE_REPRESENTATION_ITEM('density measure',
POSITIVE_RATIO_MEASURE(0.),#4265);
#4267=PROPERTY_DEFINITION_REPRESENTATION(#4272,#4269);
#4268=PROPERTY_DEFINITION_REPRESENTATION(#4273,#4270);
#4269=REPRESENTATION('material name',(#4271),#7856);
#4270=REPRESENTATION('density',(#4266),#7856);
#4271=DESCRIPTIVE_REPRESENTATION_ITEM('PTC_SYSTEM_MTRL_PROPS',
'PTC_SYSTEM_MTRL_PROPS');
#4272=PROPERTY_DEFINITION('material property','material name',#7871);
#4273=PROPERTY_DEFINITION('material property','density of part',#7871);
#4274=AXIS2_PLACEMENT_3D('',#5572,#4565,#4566);
#4275=AXIS2_PLACEMENT_3D('',#5573,#4567,#4568);
#4276=AXIS2_PLACEMENT_3D('',#5574,#4569,#4570);
#4277=AXIS2_PLACEMENT_3D('',#5581,#4574,#4575);
#4278=AXIS2_PLACEMENT_3D('',#5588,#4579,#4580);
#4279=AXIS2_PLACEMENT_3D('',#5591,#4583,#4584);
#4280=AXIS2_PLACEMENT_3D('',#5593,#4586,#4587);
#4281=AXIS2_PLACEMENT_3D('',#5602,#4592,#4593);
#4282=AXIS2_PLACEMENT_3D('',#5606,#4596,#4597);
#4283=AXIS2_PLACEMENT_3D('',#5610,#4600,#4601);
#4284=AXIS2_PLACEMENT_3D('',#5612,#4603,#4604);
#4285=AXIS2_PLACEMENT_3D('',#5623,#4610,#4611);
#4286=AXIS2_PLACEMENT_3D('',#5625,#4612,#4613);
#4287=AXIS2_PLACEMENT_3D('',#5626,#4614,#4615);
#4288=AXIS2_PLACEMENT_3D('',#5628,#4616,#4617);
#4289=AXIS2_PLACEMENT_3D('',#5631,#4619,#4620);
#4290=AXIS2_PLACEMENT_3D('',#5632,#4621,#4622);
#4291=AXIS2_PLACEMENT_3D('',#5634,#4623,#4624);
#4292=AXIS2_PLACEMENT_3D('',#5636,#4626,#4627);
#4293=AXIS2_PLACEMENT_3D('',#5638,#4628,#4629);
#4294=AXIS2_PLACEMENT_3D('',#5641,#4631,#4632);
#4295=AXIS2_PLACEMENT_3D('',#5642,#4633,#4634);
#4296=AXIS2_PLACEMENT_3D('',#5644,#4635,#4636);
#4297=AXIS2_PLACEMENT_3D('',#5646,#4638,#4639);
#4298=AXIS2_PLACEMENT_3D('',#5652,#4643,#4644);
#4299=AXIS2_PLACEMENT_3D('',#5662,#4650,#4651);
#4300=AXIS2_PLACEMENT_3D('',#5668,#4655,#4656);
#4301=AXIS2_PLACEMENT_3D('',#5672,#4658,#4659);
#4302=AXIS2_PLACEMENT_3D('',#5675,#4662,#4663);
#4303=AXIS2_PLACEMENT_3D('',#5680,#4666,#4667);
#4304=AXIS2_PLACEMENT_3D('',#5682,#4669,#4670);
#4305=AXIS2_PLACEMENT_3D('',#5720,#4673,#4674);
#4306=AXIS2_PLACEMENT_3D('',#5722,#4675,#4676);
#4307=AXIS2_PLACEMENT_3D('',#5723,#4677,#4678);
#4308=AXIS2_PLACEMENT_3D('',#5725,#4679,#4680);
#4309=AXIS2_PLACEMENT_3D('',#5726,#4681,#4682);
#4310=AXIS2_PLACEMENT_3D('',#5728,#4683,#4684);
#4311=AXIS2_PLACEMENT_3D('',#5729,#4685,#4686);
#4312=AXIS2_PLACEMENT_3D('',#5731,#4687,#4688);
#4313=AXIS2_PLACEMENT_3D('',#5732,#4689,#4690);
#4314=AXIS2_PLACEMENT_3D('',#5734,#4691,#4692);
#4315=AXIS2_PLACEMENT_3D('',#5735,#4693,#4694);
#4316=AXIS2_PLACEMENT_3D('',#5738,#4696,#4697);
#4317=AXIS2_PLACEMENT_3D('',#5739,#4698,#4699);
#4318=AXIS2_PLACEMENT_3D('',#5742,#4701,#4702);
#4319=AXIS2_PLACEMENT_3D('',#5743,#4703,#4704);
#4320=AXIS2_PLACEMENT_3D('',#5746,#4706,#4707);
#4321=AXIS2_PLACEMENT_3D('',#5747,#4708,#4709);
#4322=AXIS2_PLACEMENT_3D('',#5750,#4711,#4712);
#4323=AXIS2_PLACEMENT_3D('',#5751,#4713,#4714);
#4324=AXIS2_PLACEMENT_3D('',#5753,#4716,#4717);
#4325=AXIS2_PLACEMENT_3D('',#5754,#4718,#4719);
#4326=AXIS2_PLACEMENT_3D('',#5755,#4720,#4721);
#4327=AXIS2_PLACEMENT_3D('',#5764,#4726,#4727);
#4328=AXIS2_PLACEMENT_3D('',#5768,#4729,#4730);
#4329=AXIS2_PLACEMENT_3D('',#5769,#4731,#4732);
#4330=AXIS2_PLACEMENT_3D('',#5770,#4733,#4734);
#4331=AXIS2_PLACEMENT_3D('',#5776,#4738,#4739);
#4332=AXIS2_PLACEMENT_3D('',#5780,#4741,#4742);
#4333=AXIS2_PLACEMENT_3D('',#5781,#4743,#4744);
#4334=AXIS2_PLACEMENT_3D('',#5782,#4745,#4746);
#4335=AXIS2_PLACEMENT_3D('',#5788,#4750,#4751);
#4336=AXIS2_PLACEMENT_3D('',#5792,#4753,#4754);
#4337=AXIS2_PLACEMENT_3D('',#5793,#4755,#4756);
#4338=AXIS2_PLACEMENT_3D('',#5794,#4757,#4758);
#4339=AXIS2_PLACEMENT_3D('',#5800,#4762,#4763);
#4340=AXIS2_PLACEMENT_3D('',#5801,#4764,#4765);
#4341=AXIS2_PLACEMENT_3D('',#5802,#4766,#4767);
#4342=AXIS2_PLACEMENT_3D('',#5803,#4768,#4769);
#4343=AXIS2_PLACEMENT_3D('',#5807,#4771,#4772);
#4344=AXIS2_PLACEMENT_3D('',#5809,#4774,#4775);
#4345=AXIS2_PLACEMENT_3D('',#5813,#4778,#4779);
#4346=AXIS2_PLACEMENT_3D('',#5816,#4781,#4782);
#4347=AXIS2_PLACEMENT_3D('',#5817,#4783,#4784);
#4348=AXIS2_PLACEMENT_3D('',#5821,#4787,#4788);
#4349=AXIS2_PLACEMENT_3D('',#5861,#4808,#4809);
#4350=AXIS2_PLACEMENT_3D('',#5862,#4810,#4811);
#4351=AXIS2_PLACEMENT_3D('',#5865,#4813,#4814);
#4352=AXIS2_PLACEMENT_3D('',#5866,#4815,#4816);
#4353=AXIS2_PLACEMENT_3D('',#5868,#4817,#4818);
#4354=AXIS2_PLACEMENT_3D('',#5870,#4820,#4821);
#4355=AXIS2_PLACEMENT_3D('',#5872,#4822,#4823);
#4356=AXIS2_PLACEMENT_3D('',#5875,#4825,#4826);
#4357=AXIS2_PLACEMENT_3D('',#5876,#4827,#4828);
#4358=AXIS2_PLACEMENT_3D('',#5878,#4829,#4830);
#4359=AXIS2_PLACEMENT_3D('',#5880,#4832,#4833);
#4360=AXIS2_PLACEMENT_3D('',#5919,#4853,#4854);
#4361=AXIS2_PLACEMENT_3D('',#5928,#4859,#4860);
#4362=AXIS2_PLACEMENT_3D('',#5934,#4864,#4865);
#4363=AXIS2_PLACEMENT_3D('',#5940,#4869,#4870);
#4364=AXIS2_PLACEMENT_3D('',#5946,#4874,#4875);
#4365=AXIS2_PLACEMENT_3D('',#5952,#4879,#4880);
#4366=AXIS2_PLACEMENT_3D('',#5955,#4883,#4884);
#4367=AXIS2_PLACEMENT_3D('',#5956,#4885,#4886);
#4368=AXIS2_PLACEMENT_3D('',#5988,#4892,#4893);
#4369=AXIS2_PLACEMENT_3D('',#5998,#4899,#4900);
#4370=AXIS2_PLACEMENT_3D('',#6004,#4904,#4905);
#4371=AXIS2_PLACEMENT_3D('',#6008,#4908,#4909);
#4372=AXIS2_PLACEMENT_3D('',#6035,#4913,#4914);
#4373=AXIS2_PLACEMENT_3D('',#6037,#4916,#4917);
#4374=AXIS2_PLACEMENT_3D('',#6039,#4919,#4920);
#4375=AXIS2_PLACEMENT_3D('',#6201,#4922,#4923);
#4376=AXIS2_PLACEMENT_3D('',#6214,#4927,#4928);
#4377=AXIS2_PLACEMENT_3D('',#6239,#4935,#4936);
#4378=AXIS2_PLACEMENT_3D('',#6250,#4939,#4940);
#4379=AXIS2_PLACEMENT_3D('',#6262,#4947,#4948);
#4380=AXIS2_PLACEMENT_3D('',#6268,#4952,#4953);
#4381=AXIS2_PLACEMENT_3D('',#6277,#4958,#4959);
#4382=AXIS2_PLACEMENT_3D('',#6286,#4964,#4965);
#4383=AXIS2_PLACEMENT_3D('',#6293,#4970,#4971);
#4384=AXIS2_PLACEMENT_3D('',#6302,#4976,#4977);
#4385=AXIS2_PLACEMENT_3D('',#6310,#4983,#4984);
#4386=AXIS2_PLACEMENT_3D('',#6316,#4989,#4990);
#4387=AXIS2_PLACEMENT_3D('',#6317,#4991,#4992);
#4388=AXIS2_PLACEMENT_3D('',#6328,#4998,#4999);
#4389=AXIS2_PLACEMENT_3D('',#6329,#5000,#5001);
#4390=AXIS2_PLACEMENT_3D('',#6330,#5002,#5003);
#4391=AXIS2_PLACEMENT_3D('',#6331,#5004,#5005);
#4392=AXIS2_PLACEMENT_3D('',#6332,#5006,#5007);
#4393=AXIS2_PLACEMENT_3D('',#6333,#5008,#5009);
#4394=AXIS2_PLACEMENT_3D('',#6334,#5010,#5011);
#4395=AXIS2_PLACEMENT_3D('',#6335,#5012,#5013);
#4396=AXIS2_PLACEMENT_3D('',#6336,#5014,#5015);
#4397=AXIS2_PLACEMENT_3D('',#6337,#5016,#5017);
#4398=AXIS2_PLACEMENT_3D('',#6346,#5022,#5023);
#4399=AXIS2_PLACEMENT_3D('',#6352,#5027,#5028);
#4400=AXIS2_PLACEMENT_3D('',#6358,#5032,#5033);
#4401=AXIS2_PLACEMENT_3D('',#6364,#5037,#5038);
#4402=AXIS2_PLACEMENT_3D('',#6370,#5042,#5043);
#4403=AXIS2_PLACEMENT_3D('',#6373,#5046,#5047);
#4404=AXIS2_PLACEMENT_3D('',#6374,#5048,#5049);
#4405=AXIS2_PLACEMENT_3D('',#6406,#5055,#5056);
#4406=AXIS2_PLACEMENT_3D('',#6416,#5062,#5063);
#4407=AXIS2_PLACEMENT_3D('',#6445,#5068,#5069);
#4408=AXIS2_PLACEMENT_3D('',#6449,#5072,#5073);
#4409=AXIS2_PLACEMENT_3D('',#6453,#5076,#5077);
#4410=AXIS2_PLACEMENT_3D('',#6455,#5079,#5080);
#4411=AXIS2_PLACEMENT_3D('',#6457,#5082,#5083);
#4412=AXIS2_PLACEMENT_3D('',#6681,#5085,#5086);
#4413=AXIS2_PLACEMENT_3D('',#6683,#5088,#5089);
#4414=AXIS2_PLACEMENT_3D('',#6762,#5099,#5100);
#4415=AXIS2_PLACEMENT_3D('',#6775,#5104,#5105);
#4416=AXIS2_PLACEMENT_3D('',#6798,#5115,#5116);
#4417=AXIS2_PLACEMENT_3D('',#6802,#5119,#5120);
#4418=AXIS2_PLACEMENT_3D('',#6806,#5123,#5124);
#4419=AXIS2_PLACEMENT_3D('',#6819,#5126,#5127);
#4420=AXIS2_PLACEMENT_3D('',#6820,#5128,#5129);
#4421=AXIS2_PLACEMENT_3D('',#6835,#5137,#5138);
#4422=AXIS2_PLACEMENT_3D('',#6836,#5139,#5140);
#4423=AXIS2_PLACEMENT_3D('',#6998,#5145,#5146);
#4424=AXIS2_PLACEMENT_3D('',#7179,#5151,#5152);
#4425=AXIS2_PLACEMENT_3D('',#7217,#5154,#5155);
#4426=AXIS2_PLACEMENT_3D('',#7255,#5156,#5157);
#4427=AXIS2_PLACEMENT_3D('',#7259,#5159,#5160);
#4428=AXIS2_PLACEMENT_3D('',#7402,#5163,#5164);
#4429=AXIS2_PLACEMENT_3D('',#7404,#5165,#5166);
#4430=AXIS2_PLACEMENT_3D('',#7406,#5167,#5168);
#4431=AXIS2_PLACEMENT_3D('',#7407,#5169,#5170);
#4432=AXIS2_PLACEMENT_3D('',#7409,#5172,#5173);
#4433=AXIS2_PLACEMENT_3D('',#7410,#5174,#5175);
#4434=AXIS2_PLACEMENT_3D('',#7414,#5178,#5179);
#4435=AXIS2_PLACEMENT_3D('',#7418,#5182,#5183);
#4436=AXIS2_PLACEMENT_3D('',#7421,#5185,#5186);
#4437=AXIS2_PLACEMENT_3D('',#7422,#5187,#5188);
#4438=AXIS2_PLACEMENT_3D('',#7426,#5191,#5192);
#4439=AXIS2_PLACEMENT_3D('',#7430,#5195,#5196);
#4440=AXIS2_PLACEMENT_3D('',#7433,#5198,#5199);
#4441=AXIS2_PLACEMENT_3D('',#7434,#5200,#5201);
#4442=AXIS2_PLACEMENT_3D('',#7438,#5204,#5205);
#4443=AXIS2_PLACEMENT_3D('',#7442,#5208,#5209);
#4444=AXIS2_PLACEMENT_3D('',#7445,#5211,#5212);
#4445=AXIS2_PLACEMENT_3D('',#7446,#5213,#5214);
#4446=AXIS2_PLACEMENT_3D('',#7450,#5217,#5218);
#4447=AXIS2_PLACEMENT_3D('',#7454,#5221,#5222);
#4448=AXIS2_PLACEMENT_3D('',#7457,#5224,#5225);
#4449=AXIS2_PLACEMENT_3D('',#7458,#5226,#5227);
#4450=AXIS2_PLACEMENT_3D('',#7460,#5229,#5230);
#4451=AXIS2_PLACEMENT_3D('',#7464,#5233,#5234);
#4452=AXIS2_PLACEMENT_3D('',#7468,#5237,#5238);
#4453=AXIS2_PLACEMENT_3D('',#7472,#5241,#5242);
#4454=AXIS2_PLACEMENT_3D('',#7476,#5245,#5246);
#4455=AXIS2_PLACEMENT_3D('',#7480,#5249,#5250);
#4456=AXIS2_PLACEMENT_3D('',#7482,#5252,#5253);
#4457=AXIS2_PLACEMENT_3D('',#7486,#5256,#5257);
#4458=AXIS2_PLACEMENT_3D('',#7489,#5259,#5260);
#4459=AXIS2_PLACEMENT_3D('',#7490,#5261,#5262);
#4460=AXIS2_PLACEMENT_3D('',#7494,#5265,#5266);
#4461=AXIS2_PLACEMENT_3D('',#7496,#5268,#5269);
#4462=AXIS2_PLACEMENT_3D('',#7499,#5271,#5272);
#4463=AXIS2_PLACEMENT_3D('',#7500,#5273,#5274);
#4464=AXIS2_PLACEMENT_3D('',#7504,#5277,#5278);
#4465=AXIS2_PLACEMENT_3D('',#7508,#5281,#5282);
#4466=AXIS2_PLACEMENT_3D('',#7510,#5284,#5285);
#4467=AXIS2_PLACEMENT_3D('',#7513,#5287,#5288);
#4468=AXIS2_PLACEMENT_3D('',#7514,#5289,#5290);
#4469=AXIS2_PLACEMENT_3D('',#7520,#5294,#5295);
#4470=AXIS2_PLACEMENT_3D('',#7522,#5297,#5298);
#4471=AXIS2_PLACEMENT_3D('',#7524,#5300,#5301);
#4472=AXIS2_PLACEMENT_3D('',#7527,#5303,#5304);
#4473=AXIS2_PLACEMENT_3D('',#7528,#5305,#5306);
#4474=AXIS2_PLACEMENT_3D('',#7532,#5309,#5310);
#4475=AXIS2_PLACEMENT_3D('',#7534,#5312,#5313);
#4476=AXIS2_PLACEMENT_3D('',#7536,#5315,#5316);
#4477=AXIS2_PLACEMENT_3D('',#7538,#5318,#5319);
#4478=AXIS2_PLACEMENT_3D('',#7540,#5321,#5322);
#4479=AXIS2_PLACEMENT_3D('',#7541,#5323,#5324);
#4480=AXIS2_PLACEMENT_3D('',#7543,#5326,#5327);
#4481=AXIS2_PLACEMENT_3D('',#7545,#5329,#5330);
#4482=AXIS2_PLACEMENT_3D('',#7547,#5332,#5333);
#4483=AXIS2_PLACEMENT_3D('',#7551,#5335,#5336);
#4484=AXIS2_PLACEMENT_3D('',#7554,#5338,#5339);
#4485=AXIS2_PLACEMENT_3D('',#7555,#5340,#5341);
#4486=AXIS2_PLACEMENT_3D('',#7559,#5343,#5344);
#4487=AXIS2_PLACEMENT_3D('',#7562,#5346,#5347);
#4488=AXIS2_PLACEMENT_3D('',#7563,#5348,#5349);
#4489=AXIS2_PLACEMENT_3D('',#7567,#5351,#5352);
#4490=AXIS2_PLACEMENT_3D('',#7570,#5354,#5355);
#4491=AXIS2_PLACEMENT_3D('',#7571,#5356,#5357);
#4492=AXIS2_PLACEMENT_3D('',#7586,#5360,#5361);
#4493=AXIS2_PLACEMENT_3D('',#7601,#5364,#5365);
#4494=AXIS2_PLACEMENT_3D('',#7602,#5366,#5367);
#4495=AXIS2_PLACEMENT_3D('',#7603,#5368,#5369);
#4496=AXIS2_PLACEMENT_3D('',#7618,#5372,#5373);
#4497=AXIS2_PLACEMENT_3D('',#7633,#5376,#5377);
#4498=AXIS2_PLACEMENT_3D('',#7637,#5379,#5380);
#4499=AXIS2_PLACEMENT_3D('',#7640,#5382,#5383);
#4500=AXIS2_PLACEMENT_3D('',#7641,#5384,#5385);
#4501=AXIS2_PLACEMENT_3D('',#7656,#5388,#5389);
#4502=AXIS2_PLACEMENT_3D('',#7671,#5392,#5393);
#4503=AXIS2_PLACEMENT_3D('',#7672,#5394,#5395);
#4504=AXIS2_PLACEMENT_3D('',#7676,#5397,#5398);
#4505=AXIS2_PLACEMENT_3D('',#7678,#5400,#5401);
#4506=AXIS2_PLACEMENT_3D('',#7679,#5402,#5403);
#4507=AXIS2_PLACEMENT_3D('',#7680,#5404,#5405);
#4508=AXIS2_PLACEMENT_3D('',#7681,#5406,#5407);
#4509=AXIS2_PLACEMENT_3D('',#7682,#5408,#5409);
#4510=AXIS2_PLACEMENT_3D('',#7683,#5410,#5411);
#4511=AXIS2_PLACEMENT_3D('',#7696,#5413,#5414);
#4512=AXIS2_PLACEMENT_3D('',#7709,#5416,#5417);
#4513=AXIS2_PLACEMENT_3D('',#7710,#5418,#5419);
#4514=AXIS2_PLACEMENT_3D('',#7711,#5420,#5421);
#4515=AXIS2_PLACEMENT_3D('',#7712,#5422,#5423);
#4516=AXIS2_PLACEMENT_3D('',#7713,#5424,#5425);
#4517=AXIS2_PLACEMENT_3D('',#7714,#5426,#5427);
#4518=AXIS2_PLACEMENT_3D('',#7715,#5428,#5429);
#4519=AXIS2_PLACEMENT_3D('',#7716,#5430,#5431);
#4520=AXIS2_PLACEMENT_3D('',#7717,#5432,#5433);
#4521=AXIS2_PLACEMENT_3D('',#7718,#5434,#5435);
#4522=AXIS2_PLACEMENT_3D('',#7719,#5436,#5437);
#4523=AXIS2_PLACEMENT_3D('',#7720,#5438,#5439);
#4524=AXIS2_PLACEMENT_3D('',#7723,#5441,#5442);
#4525=AXIS2_PLACEMENT_3D('',#7724,#5443,#5444);
#4526=AXIS2_PLACEMENT_3D('',#7727,#5446,#5447);
#4527=AXIS2_PLACEMENT_3D('',#7728,#5448,#5449);
#4528=AXIS2_PLACEMENT_3D('',#7729,#5450,#5451);
#4529=AXIS2_PLACEMENT_3D('',#7732,#5453,#5454);
#4530=AXIS2_PLACEMENT_3D('',#7733,#5455,#5456);
#4531=AXIS2_PLACEMENT_3D('',#7734,#5457,#5458);
#4532=AXIS2_PLACEMENT_3D('',#7737,#5460,#5461);
#4533=AXIS2_PLACEMENT_3D('',#7738,#5462,#5463);
#4534=AXIS2_PLACEMENT_3D('',#7739,#5464,#5465);
#4535=AXIS2_PLACEMENT_3D('',#7740,#5466,#5467);
#4536=AXIS2_PLACEMENT_3D('',#7741,#5468,#5469);
#4537=AXIS2_PLACEMENT_3D('',#7743,#5470,#5471);
#4538=AXIS2_PLACEMENT_3D('',#7746,#5473,#5474);
#4539=AXIS2_PLACEMENT_3D('',#7747,#5475,#5476);
#4540=AXIS2_PLACEMENT_3D('',#7749,#5477,#5478);
#4541=AXIS2_PLACEMENT_3D('',#7752,#5480,#5481);
#4542=AXIS2_PLACEMENT_3D('',#7753,#5482,#5483);
#4543=AXIS2_PLACEMENT_3D('',#7756,#5484,#5485);
#4544=AXIS2_PLACEMENT_3D('',#7760,#5487,#5488);
#4545=AXIS2_PLACEMENT_3D('',#7762,#5490,#5491);
#4546=AXIS2_PLACEMENT_3D('',#7768,#5495,#5496);
#4547=AXIS2_PLACEMENT_3D('',#7777,#5501,#5502);
#4548=AXIS2_PLACEMENT_3D('',#7783,#5506,#5507);
#4549=AXIS2_PLACEMENT_3D('',#7792,#5512,#5513);
#4550=AXIS2_PLACEMENT_3D('',#7793,#5514,#5515);
#4551=AXIS2_PLACEMENT_3D('',#7794,#5516,#5517);
#4552=AXIS2_PLACEMENT_3D('',#7795,#5518,#5519);
#4553=AXIS2_PLACEMENT_3D('',#7806,#5526,#5527);
#4554=AXIS2_PLACEMENT_3D('',#7817,#5534,#5535);
#4555=AXIS2_PLACEMENT_3D('',#7823,#5539,#5540);
#4556=AXIS2_PLACEMENT_3D('',#7829,#5544,#5545);
#4557=AXIS2_PLACEMENT_3D('',#7833,#5548,#5549);
#4558=AXIS2_PLACEMENT_3D('',#7837,#5552,#5553);
#4559=AXIS2_PLACEMENT_3D('',#7839,#5555,#5556);
#4560=AXIS2_PLACEMENT_3D('',#7843,#5559,#5560);
#4561=AXIS2_PLACEMENT_3D('',#7847,#5563,#5564);
#4562=AXIS2_PLACEMENT_3D('',#7849,#5566,#5567);
#4563=AXIS2_PLACEMENT_3D('',#7850,#5568,#5569);
#4564=AXIS2_PLACEMENT_3D('',#7851,#5570,#5571);
#4565=DIRECTION('axis',(0.,0.,1.));
#4566=DIRECTION('refdir',(1.,0.,0.));
#4567=DIRECTION('axis',(0.,0.,1.));
#4568=DIRECTION('refdir',(1.,0.,0.));
#4569=DIRECTION('center_axis',(0.,-1.47176311394125E-14,1.));
#4570=DIRECTION('ref_axis',(2.81880708875318E-17,-1.,-1.47176311394125E-14));
#4571=DIRECTION('',(-0.642787609686529,-0.766044443118986,-1.12743595502219E-14));
#4572=DIRECTION('',(2.81880708875318E-17,-1.,-1.47176311394125E-14));
#4573=DIRECTION('',(1.,0.,0.));
#4574=DIRECTION('center_axis',(0.,1.47176311394125E-14,-1.));
#4575=DIRECTION('ref_axis',(-2.81880708875318E-17,1.,1.47176311394125E-14));
#4576=DIRECTION('',(0.642787609686529,0.766044443118986,1.12743595502219E-14));
#4577=DIRECTION('',(1.,0.,0.));
#4578=DIRECTION('',(-2.81880708875318E-17,1.,1.47176311394125E-14));
#4579=DIRECTION('center_axis',(0.,-1.,-7.02008483534471E-15));
#4580=DIRECTION('ref_axis',(3.55080456472596E-18,7.02008483534471E-15,-1.));
#4581=DIRECTION('',(-4.73316543132607E-30,-3.23279977493644E-30,1.));
#4582=DIRECTION('',(3.55080456472596E-18,7.02008483534471E-15,-1.));
#4583=DIRECTION('center_axis',(1.,0.,0.));
#4584=DIRECTION('ref_axis',(0.,0.,-1.));
#4585=DIRECTION('',(0.,0.,1.));
#4586=DIRECTION('center_axis',(1.,0.,0.));
#4587=DIRECTION('ref_axis',(0.,0.,-1.));
#4588=DIRECTION('',(0.,0.,-1.));
#4589=DIRECTION('',(2.81880708875318E-17,-1.,-1.47176311394125E-14));
#4590=DIRECTION('',(-3.55080456472596E-18,-7.31614430857808E-15,1.));
#4591=DIRECTION('',(-2.81880708875318E-17,1.,1.47176311394125E-14));
#4592=DIRECTION('center_axis',(0.,1.47176311394125E-14,-1.));
#4593=DIRECTION('ref_axis',(-2.81880708875318E-17,1.,1.47176311394125E-14));
#4594=DIRECTION('',(-0.642787609686539,0.766044443118978,1.12743595502217E-14));
#4595=DIRECTION('',(1.,0.,0.));
#4596=DIRECTION('center_axis',(0.,1.,7.31614430857808E-15));
#4597=DIRECTION('ref_axis',(-3.55080456472596E-18,-7.31614430857808E-15,
1.));
#4598=DIRECTION('',(-4.73316543132607E-30,-3.23279977493644E-30,1.));
#4599=DIRECTION('',(1.,0.,0.));
#4600=DIRECTION('center_axis',(0.,-1.47176311394125E-14,1.));
#4601=DIRECTION('ref_axis',(2.81880708875318E-17,-1.,-1.47176311394125E-14));
#4602=DIRECTION('',(0.642787609686539,-0.766044443118978,-1.12743595502217E-14));
#4603=DIRECTION('center_axis',(-0.766044443118978,-0.642787609686539,0.));
#4604=DIRECTION('ref_axis',(0.642787609686539,-0.766044443118978,-1.08799768452919E-17));
#4605=DIRECTION('',(-4.73316543132607E-30,-3.23279977493644E-30,1.));
#4606=DIRECTION('',(-0.642787609686539,0.766044443118978,1.08799768452919E-17));
#4607=DIRECTION('',(0.,0.,1.));
#4608=DIRECTION('',(0.642787609686539,-0.766044443118978,-1.08799768452919E-17));
#4609=DIRECTION('',(-4.73316543132607E-30,-3.23279977493644E-30,1.));
#4610=DIRECTION('center_axis',(0.766044443118978,0.642787609686539,0.));
#4611=DIRECTION('ref_axis',(0.642787609686539,-0.766044443118978,-1.12743595502217E-14));
#4612=DIRECTION('center_axis',(0.766044443118978,0.642787609686539,0.));
#4613=DIRECTION('ref_axis',(0.642787609686539,-0.766044443118978,-1.12743595502217E-14));
#4614=DIRECTION('center_axis',(-1.,0.,0.));
#4615=DIRECTION('ref_axis',(0.,-1.,-1.47176311394125E-14));
#4616=DIRECTION('center_axis',(-1.,-4.93038065763132E-32,-4.73316543132607E-30));
#4617=DIRECTION('ref_axis',(0.,-1.,-1.47176311394125E-14));
#4618=DIRECTION('',(-1.,0.,0.));
#4619=DIRECTION('center_axis',(0.766044443118987,-0.642787609686529,0.));
#4620=DIRECTION('ref_axis',(-0.642787609686529,-0.766044443118986,-1.12743595502219E-14));
#4621=DIRECTION('center_axis',(-1.,0.,0.));
#4622=DIRECTION('ref_axis',(0.,-1.,-1.47176311394125E-14));
#4623=DIRECTION('center_axis',(-1.,-4.93038065763132E-32,-4.73316543132607E-30));
#4624=DIRECTION('ref_axis',(0.,-1.,-1.47176311394125E-14));
#4625=DIRECTION('',(-1.,0.,0.));
#4626=DIRECTION('center_axis',(-1.,0.,0.));
#4627=DIRECTION('ref_axis',(0.,-1.,-1.47176311394125E-14));
#4628=DIRECTION('center_axis',(-1.,-4.93038065763132E-32,-4.73316543132607E-30));
#4629=DIRECTION('ref_axis',(0.,-1.,-1.47176311394125E-14));
#4630=DIRECTION('',(-1.,0.,0.));
#4631=DIRECTION('center_axis',(0.766044443118987,-0.642787609686529,0.));
#4632=DIRECTION('ref_axis',(-0.642787609686529,-0.766044443118986,-1.12743595502219E-14));
#4633=DIRECTION('center_axis',(-1.,0.,0.));
#4634=DIRECTION('ref_axis',(0.,-1.,-1.47176311394125E-14));
#4635=DIRECTION('center_axis',(-1.,-4.93038065763132E-32,-4.73316543132607E-30));
#4636=DIRECTION('ref_axis',(0.,-1.,-1.47176311394125E-14));
#4637=DIRECTION('',(-1.,0.,0.));
#4638=DIRECTION('center_axis',(-1.69519088697456E-17,-1.,0.));
#4639=DIRECTION('ref_axis',(1.,-1.69519088697456E-17,4.24498406661202E-23));
#4640=DIRECTION('',(-1.,1.69519088697456E-17,-4.24498406661202E-23));
#4641=DIRECTION('',(0.,0.,1.));
#4642=DIRECTION('',(1.,-1.69519088697456E-17,4.24498406661202E-23));
#4643=DIRECTION('center_axis',(-0.766044443118987,0.642787609686529,0.));
#4644=DIRECTION('ref_axis',(-0.642787609686529,-0.766044443118986,-1.08800314177439E-17));
#4645=DIRECTION('',(-4.73316543132607E-30,-3.23279977493644E-30,1.));
#4646=DIRECTION('',(-0.642787609686529,-0.766044443118986,-1.08800314177439E-17));
#4647=DIRECTION('',(0.,0.,1.));
#4648=DIRECTION('',(-0.642787609686529,-0.766044443118986,-1.08800314177439E-17));
#4649=DIRECTION('',(-4.73316543132607E-30,-3.23279977493644E-30,1.));
#4650=DIRECTION('center_axis',(-3.05311331771918E-16,1.,0.));
#4651=DIRECTION('ref_axis',(-1.,-3.05311331771918E-16,-4.24498406661202E-23));
#4652=DIRECTION('',(-1.,-3.05311331771918E-16,-4.24498406661202E-23));
#4653=DIRECTION('',(-1.,-3.05311331771918E-16,-4.24498406661202E-23));
#4654=DIRECTION('',(0.,0.,1.));
#4655=DIRECTION('center_axis',(-4.73316543132607E-30,-3.23279977493644E-30,
1.));
#4656=DIRECTION('ref_axis',(1.,4.93038065763132E-32,4.73316543132607E-30));
#4657=DIRECTION('',(-4.93038065763132E-32,1.,3.23279977493644E-30));
#4658=DIRECTION('center_axis',(-4.73316543132607E-30,-3.23279977493644E-30,
1.));
#4659=DIRECTION('ref_axis',(4.93038065763132E-32,-1.,-3.23279977493644E-30));
#4660=DIRECTION('',(-4.93038065763132E-32,1.,3.23279977493644E-30));
#4661=DIRECTION('',(-1.93460504679662E-16,1.,1.42028367012608E-17));
#4662=DIRECTION('center_axis',(-4.73316543132607E-30,-3.23279977493644E-30,
1.));
#4663=DIRECTION('ref_axis',(1.,4.93038065763132E-32,4.73316543132607E-30));
#4664=DIRECTION('',(-3.05311331776783E-16,1.,1.42028367012476E-17));
#4665=DIRECTION('',(-4.93038065763132E-32,1.,3.23279977493644E-30));
#4666=DIRECTION('center_axis',(4.73316543132607E-30,3.23279977493644E-30,
-1.));
#4667=DIRECTION('ref_axis',(-4.93038065763132E-32,1.,3.23279977493644E-30));
#4668=DIRECTION('',(-4.93038065763132E-32,1.,3.23279977493644E-30));
#4669=DIRECTION('center_axis',(-4.73316543132607E-30,-3.23279977493644E-30,
1.));
#4670=DIRECTION('ref_axis',(1.,4.93038065763132E-32,4.73316543132607E-30));
#4671=DIRECTION('',(-4.73316543132607E-30,-3.23279977493644E-30,1.));
#4672=DIRECTION('',(-4.73316543132607E-30,-3.23279977493644E-30,1.));
#4673=DIRECTION('center_axis',(-1.,-4.93038065763132E-32,-4.73316543132607E-30));
#4674=DIRECTION('ref_axis',(-4.73316543132607E-30,-3.23279977493644E-30,
1.));
#4675=DIRECTION('center_axis',(1.,4.93038065763132E-32,4.73316543132607E-30));
#4676=DIRECTION('ref_axis',(-4.93038065763132E-32,1.,3.23279977493644E-30));
#4677=DIRECTION('center_axis',(-1.,-4.93038065763132E-32,-4.73316543132607E-30));
#4678=DIRECTION('ref_axis',(-4.73316543132607E-30,-3.23279977493644E-30,
1.));
#4679=DIRECTION('center_axis',(-1.,-4.93038065763132E-32,-4.73316543132607E-30));
#4680=DIRECTION('ref_axis',(4.93038065763132E-32,-1.,-3.23279977493644E-30));
#4681=DIRECTION('center_axis',(-1.,-4.93038065763132E-32,-4.73316543132607E-30));
#4682=DIRECTION('ref_axis',(-4.73316543132607E-30,-3.23279977493644E-30,
1.));
#4683=DIRECTION('center_axis',(-1.,-4.93038065763132E-32,-4.73316543132607E-30));
#4684=DIRECTION('ref_axis',(4.93038065763132E-32,-1.,-3.23279977493644E-30));
#4685=DIRECTION('center_axis',(-1.,-4.93038065763132E-32,-4.73316543132607E-30));
#4686=DIRECTION('ref_axis',(-4.73316543132607E-30,-3.23279977493644E-30,
1.));
#4687=DIRECTION('center_axis',(-1.,-4.93038065763132E-32,-4.73316543132607E-30));
#4688=DIRECTION('ref_axis',(4.93038065763132E-32,-1.,-3.23279977493644E-30));
#4689=DIRECTION('center_axis',(-1.,-4.93038065763132E-32,-4.73316543132607E-30));
#4690=DIRECTION('ref_axis',(-4.73316543132607E-30,-3.23279977493644E-30,
1.));
#4691=DIRECTION('center_axis',(-1.,-4.93038065763132E-32,-4.73316543132607E-30));
#4692=DIRECTION('ref_axis',(4.93038065763132E-32,-1.,-3.23279977493644E-30));
#4693=DIRECTION('center_axis',(-1.,-4.93038065763132E-32,-4.73316543132607E-30));
#4694=DIRECTION('ref_axis',(4.93038065763132E-32,-1.,-3.23279977493644E-30));
#4695=DIRECTION('',(-1.,-4.93038065763132E-32,-4.73316543132607E-30));
#4696=DIRECTION('center_axis',(-1.,-4.93038065763132E-32,-4.73316543132607E-30));
#4697=DIRECTION('ref_axis',(4.93038065763132E-32,-1.,-3.23279977493644E-30));
#4698=DIRECTION('center_axis',(-1.,-4.93038065763132E-32,-4.73316543132607E-30));
#4699=DIRECTION('ref_axis',(4.93038065763132E-32,-1.,-3.23279977493644E-30));
#4700=DIRECTION('',(-1.,-4.93038065763132E-32,-4.73316543132607E-30));
#4701=DIRECTION('center_axis',(-1.,-4.93038065763132E-32,-4.73316543132607E-30));
#4702=DIRECTION('ref_axis',(4.93038065763132E-32,-1.,-3.23279977493644E-30));
#4703=DIRECTION('center_axis',(-1.,-4.93038065763132E-32,-4.73316543132607E-30));
#4704=DIRECTION('ref_axis',(4.93038065763132E-32,-1.,-3.23279977493644E-30));
#4705=DIRECTION('',(-1.,-4.93038065763132E-32,-4.73316543132607E-30));
#4706=DIRECTION('center_axis',(-1.,-4.93038065763132E-32,-4.73316543132607E-30));
#4707=DIRECTION('ref_axis',(4.93038065763132E-32,-1.,-3.23279977493644E-30));
#4708=DIRECTION('center_axis',(-1.,-4.93038065763132E-32,-4.73316543132607E-30));
#4709=DIRECTION('ref_axis',(4.93038065763132E-32,-1.,-3.23279977493644E-30));
#4710=DIRECTION('',(-1.,-4.93038065763132E-32,-4.73316543132607E-30));
#4711=DIRECTION('center_axis',(-1.,-4.93038065763132E-32,-4.73316543132607E-30));
#4712=DIRECTION('ref_axis',(4.93038065763132E-32,-1.,-3.23279977493644E-30));
#4713=DIRECTION('center_axis',(1.,4.93038065763132E-32,4.73316543132607E-30));
#4714=DIRECTION('ref_axis',(-4.93038065763132E-32,1.,3.23279977493644E-30));
#4715=DIRECTION('',(1.,4.93038065763132E-32,4.73316543132607E-30));
#4716=DIRECTION('center_axis',(1.,4.93038065763132E-32,4.73316543132607E-30));
#4717=DIRECTION('ref_axis',(4.73316543132607E-30,3.23279977493644E-30,-1.));
#4718=DIRECTION('center_axis',(1.,4.93038065763132E-32,4.73316543132607E-30));
#4719=DIRECTION('ref_axis',(4.73316543132607E-30,3.23279977493644E-30,-1.));
#4720=DIRECTION('center_axis',(0.707106781186542,2.08511614699042E-16,0.707106781186553));
#4721=DIRECTION('ref_axis',(0.707106781186553,0.,-0.707106781186542));
#4722=DIRECTION('',(0.707106781186553,0.,-0.707106781186542));
#4723=DIRECTION('',(0.,1.,-2.94879953419696E-16));
#4724=DIRECTION('',(-0.707106781186553,0.,0.707106781186542));
#4725=DIRECTION('',(0.,-1.,2.94879953419696E-16));
#4726=DIRECTION('center_axis',(1.,0.,0.));
#4727=DIRECTION('ref_axis',(0.,-1.,-3.33066907387545E-15));
#4728=DIRECTION('',(0.707106781186548,-0.707106781186548,-2.35513868802567E-15));
#4729=DIRECTION('center_axis',(1.,0.,0.));
#4730=DIRECTION('ref_axis',(0.,-1.,-3.33066907387545E-15));
#4731=DIRECTION('center_axis',(-1.,0.,0.));
#4732=DIRECTION('ref_axis',(0.,-1.,-3.33066907387545E-15));
#4733=DIRECTION('center_axis',(0.707106781186538,0.707106781186557,-1.97495906752679E-15));
#4734=DIRECTION('ref_axis',(-2.79301389842814E-15,0.,-1.));
#4735=DIRECTION('',(0.707106781186557,-0.707106781186538,1.57009245868377E-15));
#4736=DIRECTION('',(0.,-2.79301389842807E-15,-1.));
#4737=DIRECTION('',(0.,2.79301389842807E-15,1.));
#4738=DIRECTION('center_axis',(1.,0.,0.));
#4739=DIRECTION('ref_axis',(0.,-4.44089209850062E-15,1.));
#4740=DIRECTION('',(0.707106781186547,0.,0.707106781186548));
#4741=DIRECTION('center_axis',(1.,0.,0.));
#4742=DIRECTION('ref_axis',(0.,-4.44089209850062E-15,1.));
#4743=DIRECTION('center_axis',(-1.,0.,0.));
#4744=DIRECTION('ref_axis',(0.,-4.44089209850062E-15,1.));
#4745=DIRECTION('center_axis',(0.707106781186543,0.,-0.707106781186552));
#4746=DIRECTION('ref_axis',(-0.707106781186552,0.,-0.707106781186543));
#4747=DIRECTION('',(0.707106781186554,0.,0.707106781186541));
#4748=DIRECTION('',(0.,-1.,0.));
#4749=DIRECTION('',(0.,1.,0.));
#4750=DIRECTION('center_axis',(1.,0.,0.));
#4751=DIRECTION('ref_axis',(0.,1.,-5.5511151231258E-15));
#4752=DIRECTION('',(0.707106781186548,0.707106781186548,-4.71027737605134E-15));
#4753=DIRECTION('center_axis',(1.,0.,0.));
#4754=DIRECTION('ref_axis',(0.,1.,-5.5511151231258E-15));
#4755=DIRECTION('center_axis',(-1.,0.,0.));
#4756=DIRECTION('ref_axis',(0.,1.,-5.5511151231258E-15));
#4757=DIRECTION('center_axis',(0.707106781186541,-0.707106781186554,0.));
#4758=DIRECTION('ref_axis',(0.,0.,-1.));
#4759=DIRECTION('',(0.707106781186554,0.707106781186541,0.));
#4760=DIRECTION('',(0.,0.,1.));
#4761=DIRECTION('',(0.,0.,-1.));
#4762=DIRECTION('center_axis',(1.,0.,0.));
#4763=DIRECTION('ref_axis',(0.,0.,-1.));
#4764=DIRECTION('center_axis',(1.,0.,0.));
#4765=DIRECTION('ref_axis',(0.,0.,-1.));
#4766=DIRECTION('center_axis',(-1.,0.,0.));
#4767=DIRECTION('ref_axis',(0.,0.,-1.));
#4768=DIRECTION('center_axis',(-1.,0.,0.));
#4769=DIRECTION('ref_axis',(0.,-4.44089209850062E-15,1.));
#4770=DIRECTION('',(-1.,0.,0.));
#4771=DIRECTION('center_axis',(1.,-9.18389232379321E-31,-2.707396130242E-31));
#4772=DIRECTION('ref_axis',(0.,-4.44089209850062E-15,1.));
#4773=DIRECTION('',(-1.,0.,0.));
#4774=DIRECTION('center_axis',(0.,-1.,2.79301389842807E-15));
#4775=DIRECTION('ref_axis',(0.,2.79301389842807E-15,1.));
#4776=DIRECTION('',(-1.,0.,0.));
#4777=DIRECTION('',(-2.70739613024202E-31,-2.79301389842807E-15,-1.));
#4778=DIRECTION('center_axis',(-1.,0.,0.));
#4779=DIRECTION('ref_axis',(0.,-1.,-3.33066907387545E-15));
#4780=DIRECTION('',(-1.,0.,0.));
#4781=DIRECTION('center_axis',(1.,-9.18389232379321E-31,-2.707396130242E-31));
#4782=DIRECTION('ref_axis',(0.,-1.,-3.33066907387545E-15));
#4783=DIRECTION('center_axis',(0.,-2.94879953419696E-16,-1.));
#4784=DIRECTION('ref_axis',(0.,-1.,2.94879953419696E-16));
#4785=DIRECTION('',(-1.,0.,0.));
#4786=DIRECTION('',(9.18389232379321E-31,1.,-2.94879953419696E-16));
#4787=DIRECTION('center_axis',(1.,0.,0.));
#4788=DIRECTION('ref_axis',(0.,1.,0.));
#4789=DIRECTION('',(0.,0.,-1.));
#4790=DIRECTION('',(0.,1.,0.));
#4791=DIRECTION('',(0.,0.,1.));
#4792=DIRECTION('',(0.,1.,0.));
#4793=DIRECTION('',(0.,0.,1.));
#4794=DIRECTION('',(0.,1.,0.));
#4795=DIRECTION('',(0.,0.,1.));
#4796=DIRECTION('',(0.,1.,0.));
#4797=DIRECTION('',(0.,0.,-1.));
#4798=DIRECTION('',(0.,1.,0.));
#4799=DIRECTION('',(0.,0.,1.));
#4800=DIRECTION('',(0.,-0.957826285221153,0.287347885566342));
#4801=DIRECTION('',(0.,1.,0.));
#4802=DIRECTION('',(0.,0.,1.));
#4803=DIRECTION('',(0.,1.,0.));
#4804=DIRECTION('',(0.,0.,1.));
#4805=DIRECTION('',(0.,-1.,0.));
#4806=DIRECTION('',(0.,0.,1.));
#4807=DIRECTION('',(0.,1.,0.));
#4808=DIRECTION('center_axis',(1.,0.,0.));
#4809=DIRECTION('ref_axis',(0.,-1.,0.));
#4810=DIRECTION('center_axis',(1.,0.,0.));
#4811=DIRECTION('ref_axis',(0.,-1.,0.));
#4812=DIRECTION('',(-0.707106781186552,-0.707106781186543,-8.65956056235488E-17));
#4813=DIRECTION('center_axis',(-1.,0.,0.));
#4814=DIRECTION('ref_axis',(0.,-1.,0.));
#4815=DIRECTION('center_axis',(1.,0.,0.));
#4816=DIRECTION('ref_axis',(0.,-1.,0.));
#4817=DIRECTION('center_axis',(1.,0.,0.));
#4818=DIRECTION('ref_axis',(0.,-1.,0.));
#4819=DIRECTION('',(1.,0.,0.));
#4820=DIRECTION('center_axis',(-1.,0.,0.));
#4821=DIRECTION('ref_axis',(0.,1.,0.));
#4822=DIRECTION('center_axis',(-1.,0.,0.));
#4823=DIRECTION('ref_axis',(0.,1.,0.));
#4824=DIRECTION('',(0.707106781186549,0.707106781186546,-8.65956056235492E-17));
#4825=DIRECTION('center_axis',(1.,0.,0.));
#4826=DIRECTION('ref_axis',(0.,1.,0.));
#4827=DIRECTION('center_axis',(-1.,0.,0.));
#4828=DIRECTION('ref_axis',(0.,1.,0.));
#4829=DIRECTION('center_axis',(-1.,0.,0.));
#4830=DIRECTION('ref_axis',(0.,1.,0.));
#4831=DIRECTION('',(-1.,0.,0.));
#4832=DIRECTION('center_axis',(-1.,0.,0.));
#4833=DIRECTION('ref_axis',(0.,-1.,0.));
#4834=DIRECTION('',(0.,0.,1.));
#4835=DIRECTION('',(0.,-1.,0.));
#4836=DIRECTION('',(0.,0.,1.));
#4837=DIRECTION('',(0.,1.,0.));
#4838=DIRECTION('',(0.,0.,1.));
#4839=DIRECTION('',(0.,-1.,0.));
#4840=DIRECTION('',(0.,0.,-1.));
#4841=DIRECTION('',(0.,-1.,0.));
#4842=DIRECTION('',(0.,0.,1.));
#4843=DIRECTION('',(0.,-1.,0.));
#4844=DIRECTION('',(0.,0.,1.));
#4845=DIRECTION('',(0.,-1.,0.));
#4846=DIRECTION('',(0.,0.,1.));
#4847=DIRECTION('',(0.,-1.,0.));
#4848=DIRECTION('',(0.,0.,1.));
#4849=DIRECTION('',(0.,-1.,0.));
#4850=DIRECTION('',(0.,0.957826285221153,-0.287347885566342));
#4851=DIRECTION('',(0.,0.,1.));
#4852=DIRECTION('',(0.,-1.,0.));
#4853=DIRECTION('center_axis',(0.,-1.,-2.7666378905497E-60));
#4854=DIRECTION('ref_axis',(-1.14189050713686E-30,-2.7666378905497E-60,
1.));
#4855=DIRECTION('',(-1.14189050713686E-30,-2.7666378905497E-60,1.));
#4856=DIRECTION('',(-1.,0.,0.));
#4857=DIRECTION('',(-1.14189050713686E-30,-2.7666378905497E-60,1.));
#4858=DIRECTION('',(-1.,0.,0.));
#4859=DIRECTION('center_axis',(0.,-0.5,-0.866025403784439));
#4860=DIRECTION('ref_axis',(1.52731082379946E-30,-0.866025403784439,0.5));
#4861=DIRECTION('',(1.52731082379946E-30,-0.866025403784439,0.5));
#4862=DIRECTION('',(-1.,0.,0.));
#4863=DIRECTION('',(1.52731082379946E-30,-0.866025403784439,0.5));
#4864=DIRECTION('center_axis',(0.,0.5,-0.866025403784438));
#4865=DIRECTION('ref_axis',(2.66920133093632E-30,-0.866025403784438,-0.5));
#4866=DIRECTION('',(2.66920133093632E-30,-0.866025403784438,-0.5));
#4867=DIRECTION('',(-1.,0.,0.));
#4868=DIRECTION('',(2.66920133093632E-30,-0.866025403784438,-0.5));
#4869=DIRECTION('center_axis',(0.,1.,2.7666378905497E-60));
#4870=DIRECTION('ref_axis',(1.14189050713686E-30,2.7666378905497E-60,-1.));
#4871=DIRECTION('',(1.14189050713686E-30,2.7666378905497E-60,-1.));
#4872=DIRECTION('',(-1.,0.,0.));
#4873=DIRECTION('',(1.14189050713686E-30,2.7666378905497E-60,-1.));
#4874=DIRECTION('center_axis',(0.,0.5,0.866025403784439));
#4875=DIRECTION('ref_axis',(-1.52731082379946E-30,0.866025403784439,-0.5));
#4876=DIRECTION('',(-1.52731082379946E-30,0.866025403784439,-0.5));
#4877=DIRECTION('',(-1.,0.,0.));
#4878=DIRECTION('',(-1.52731082379946E-30,0.866025403784439,-0.5));
#4879=DIRECTION('center_axis',(0.,-0.499999999999998,0.86602540378444));
#4880=DIRECTION('ref_axis',(-2.66920133093633E-30,0.86602540378444,0.499999999999998));
#4881=DIRECTION('',(-2.66920133093633E-30,0.86602540378444,0.499999999999998));
#4882=DIRECTION('',(-2.66920133093633E-30,0.86602540378444,0.499999999999998));
#4883=DIRECTION('center_axis',(-1.,0.,0.));
#4884=DIRECTION('ref_axis',(0.,0.,1.));
#4885=DIRECTION('center_axis',(0.707106781186548,0.707106781186547,-3.19938813061299E-16));
#4886=DIRECTION('ref_axis',(-4.52461808560839E-16,0.,-1.));
#4887=DIRECTION('',(0.,-4.52461808560839E-16,-1.));
#4888=DIRECTION('',(0.654653670707978,-0.654653670707978,-0.377964473009224));
#4889=DIRECTION('',(0.,0.,1.));
#4890=DIRECTION('',(0.654653670707978,-0.654653670707977,0.377964473009226));
#4891=DIRECTION('',(0.,-4.52461808560839E-16,-1.));
#4892=DIRECTION('center_axis',(1.,2.42285742219424E-30,1.14189050713686E-30));
#4893=DIRECTION('ref_axis',(1.14189050713686E-30,0.,-1.));
#4894=DIRECTION('',(0.,-0.866025403784439,-0.5));
#4895=DIRECTION('',(0.,0.,-1.));
#4896=DIRECTION('',(0.,0.866025403784438,-0.5));
#4897=DIRECTION('',(0.,0.866025403784439,0.499999999999999));
#4898=DIRECTION('',(0.,-0.866025403784439,0.5));
#4899=DIRECTION('center_axis',(0.707106781186547,-0.353553390593274,0.612372435695795));
#4900=DIRECTION('ref_axis',(0.654653670707978,0.,-0.755928946018454));
#4901=DIRECTION('',(0.,0.866025403784439,0.5));
#4902=DIRECTION('',(0.654653670707977,0.654653670707977,-0.377964473009227));
#4903=DIRECTION('',(0.654653670707976,-2.90724631350148E-15,-0.755928946018455));
#4904=DIRECTION('center_axis',(0.707106781186547,-0.707106781186548,0.));
#4905=DIRECTION('ref_axis',(0.,0.,-1.));
#4906=DIRECTION('',(0.,0.,1.));
#4907=DIRECTION('',(0.654653670707978,0.654653670707977,0.377964473009226));
#4908=DIRECTION('center_axis',(0.707106781186547,-0.353553390593274,-0.612372435695795));
#4909=DIRECTION('ref_axis',(-0.654653670707978,0.,-0.755928946018454));
#4910=DIRECTION('',(0.,-0.866025403784438,0.500000000000001));
#4911=DIRECTION('',(0.654653670707978,0.,0.755928946018454));
#4912=DIRECTION('',(0.,-0.866025403784438,0.500000000000001));
#4913=DIRECTION('center_axis',(0.707106781186547,0.353553390593274,-0.612372435695795));
#4914=DIRECTION('ref_axis',(-0.654653670707978,0.,-0.755928946018454));
#4915=DIRECTION('',(0.,-0.866025403784439,-0.5));
#4916=DIRECTION('center_axis',(0.707106781186549,0.353553390593275,0.612372435695793));
#4917=DIRECTION('ref_axis',(0.654653670707976,0.,-0.755928946018456));
#4918=DIRECTION('',(0.,0.866025403784437,-0.500000000000002));
#4919=DIRECTION('center_axis',(1.,0.,0.));
#4920=DIRECTION('ref_axis',(0.,1.,0.));
#4921=DIRECTION('',(0.,0.,1.));
#4922=DIRECTION('center_axis',(0.31912744594569,0.820742502209519,-0.473855904586024));
#4923=DIRECTION('ref_axis',(0.,-0.499999999999993,-0.866025403784443));
#4924=DIRECTION('',(0.566084576284031,-0.566084576284033,-0.599246614497451));
#4925=DIRECTION('',(0.829436927105277,0.,0.558600379479064));
#4926=DIRECTION('',(-0.829436927105277,0.,-0.558600379479064));
#4927=DIRECTION('center_axis',(0.,1.,6.93889390390722E-16));
#4928=DIRECTION('ref_axis',(0.,6.93889390390722E-16,-1.));
#4929=DIRECTION('',(-6.93889390390719E-16,-6.93889390390722E-16,1.));
#4930=DIRECTION('',(-1.,0.,0.));
#4931=DIRECTION('',(-1.,0.,0.));
#4932=DIRECTION('',(0.829436927105277,0.,-0.558600379479064));
#4933=DIRECTION('',(0.,6.93889390390722E-16,-1.));
#4934=DIRECTION('',(0.829436927105277,0.,-0.558600379479064));
#4935=DIRECTION('center_axis',(0.,0.499999999999999,0.866025403784439));
#4936=DIRECTION('ref_axis',(0.,0.866025403784439,-0.499999999999999));
#4937=DIRECTION('',(-0.654653670707976,-0.654653670707979,0.377964473009227));
#4938=DIRECTION('',(-1.,0.,0.));
#4939=DIRECTION('center_axis',(0.707106781186549,0.707106781186546,0.));
#4940=DIRECTION('ref_axis',(-0.707106781186546,0.707106781186549,0.));
#4941=DIRECTION('',(0.707106781186546,-0.707106781186549,0.));
#4942=DIRECTION('',(0.,0.,1.));
#4943=DIRECTION('',(-6.9388939039072E-16,6.93889390390722E-16,-1.));
#4944=DIRECTION('',(-0.654653670707976,0.654653670707978,-0.377964473009227));
#4945=DIRECTION('',(-0.707106781186546,0.707106781186549,0.));
#4946=DIRECTION('',(0.,0.,1.));
#4947=DIRECTION('center_axis',(1.,0.,0.));
#4948=DIRECTION('ref_axis',(0.,1.,0.));
#4949=DIRECTION('',(0.,-1.,0.));
#4950=DIRECTION('',(0.,1.,0.));
#4951=DIRECTION('',(0.,0.,1.));
#4952=DIRECTION('center_axis',(-0.500000000000002,-0.866025403784437,0.));
#4953=DIRECTION('ref_axis',(0.866025403784437,-0.500000000000002,0.));
#4954=DIRECTION('',(-0.866025403784437,0.500000000000002,0.));
#4955=DIRECTION('',(0.,0.,1.));
#4956=DIRECTION('',(0.866025403784437,-0.500000000000002,0.));
#4957=DIRECTION('',(0.,0.,1.));
#4958=DIRECTION('center_axis',(-1.,0.,0.));
#4959=DIRECTION('ref_axis',(0.,-1.,0.));
#4960=DIRECTION('',(0.,1.,0.));
#4961=DIRECTION('',(0.,0.,1.));
#4962=DIRECTION('',(0.,-1.,0.));
#4963=DIRECTION('',(0.,0.,1.));
#4964=DIRECTION('center_axis',(-0.707106781186549,0.707106781186546,0.));
#4965=DIRECTION('ref_axis',(-0.707106781186546,-0.707106781186549,0.));
#4966=DIRECTION('',(0.707106781186546,0.707106781186549,0.));
#4967=DIRECTION('',(-0.707106781186546,-0.707106781186549,0.));
#4968=DIRECTION('',(0.56608457628403,0.566084576284033,0.599246614497451));
#4969=DIRECTION('',(0.,0.,1.));
#4970=DIRECTION('center_axis',(0.500000000000002,-0.866025403784437,0.));
#4971=DIRECTION('ref_axis',(0.866025403784437,0.500000000000002,0.));
#4972=DIRECTION('',(-0.866025403784437,-0.500000000000002,0.));
#4973=DIRECTION('',(0.,0.,-1.));
#4974=DIRECTION('',(0.866025403784437,0.500000000000002,0.));
#4975=DIRECTION('',(0.,0.,1.));
#4976=DIRECTION('center_axis',(0.,0.,1.));
#4977=DIRECTION('ref_axis',(1.,0.,0.));
#4978=DIRECTION('',(-1.,0.,0.));
#4979=DIRECTION('',(-2.28575328599297E-17,1.,0.));
#4980=DIRECTION('',(-1.,0.,0.));
#4981=DIRECTION('',(1.,0.,0.));
#4982=DIRECTION('',(1.,0.,0.));
#4983=DIRECTION('center_axis',(0.,0.,1.));
#4984=DIRECTION('ref_axis',(1.,0.,0.));
#4985=DIRECTION('',(1.,0.,0.));
#4986=DIRECTION('',(-1.,0.,0.));
#4987=DIRECTION('',(0.,-1.,0.));
#4988=DIRECTION('',(1.,0.,0.));
#4989=DIRECTION('center_axis',(0.,-1.,0.));
#4990=DIRECTION('ref_axis',(1.,0.,0.));
#4991=DIRECTION('center_axis',(0.,1.,0.));
#4992=DIRECTION('ref_axis',(-1.,0.,0.));
#4993=DIRECTION('',(0.707106781186547,0.,0.707106781186548));
#4994=DIRECTION('',(0.,0.,1.));
#4995=DIRECTION('',(-1.,0.,0.));
#4996=DIRECTION('',(0.,0.,1.));
#4997=DIRECTION('',(-0.707106781186548,0.,0.707106781186547));
#4998=DIRECTION('center_axis',(0.,1.,0.));
#4999=DIRECTION('ref_axis',(-1.,0.,0.));
#5000=DIRECTION('center_axis',(0.,1.,0.));
#5001=DIRECTION('ref_axis',(-1.,0.,0.));
#5002=DIRECTION('center_axis',(0.,1.,0.));
#5003=DIRECTION('ref_axis',(1.,0.,0.));
#5004=DIRECTION('center_axis',(0.,-1.,0.));
#5005=DIRECTION('ref_axis',(0.,0.,-1.));
#5006=DIRECTION('center_axis',(0.,1.,0.));
#5007=DIRECTION('ref_axis',(1.,0.,0.));
#5008=DIRECTION('center_axis',(0.,1.,0.));
#5009=DIRECTION('ref_axis',(1.,0.,0.));
#5010=DIRECTION('center_axis',(0.,-1.,0.));
#5011=DIRECTION('ref_axis',(1.,0.,0.));
#5012=DIRECTION('center_axis',(0.,1.,0.));
#5013=DIRECTION('ref_axis',(1.,0.,0.));
#5014=DIRECTION('center_axis',(0.,1.,0.));
#5015=DIRECTION('ref_axis',(1.,0.,0.));
#5016=DIRECTION('center_axis',(0.,0.500000000000003,-0.866025403784437));
#5017=DIRECTION('ref_axis',(2.0063987814611E-29,0.866025403784437,0.500000000000003));
#5018=DIRECTION('',(2.54935372787319E-29,0.866025403784437,0.500000000000003));
#5019=DIRECTION('',(1.,0.,0.));
#5020=DIRECTION('',(2.0063987814611E-29,0.866025403784437,0.500000000000003));
#5021=DIRECTION('',(1.,0.,0.));
#5022=DIRECTION('center_axis',(0.,-0.5,-0.866025403784439));
#5023=DIRECTION('ref_axis',(1.18447185027274E-29,0.866025403784439,-0.5));
#5024=DIRECTION('',(1.37787166503001E-29,0.866025403784439,-0.5));
#5025=DIRECTION('',(1.,0.,0.));
#5026=DIRECTION('',(1.18447185027274E-29,0.866025403784438,-0.5));
#5027=DIRECTION('center_axis',(0.,-1.,-5.49417910395306E-16));
#5028=DIRECTION('ref_axis',(-8.21926931188359E-30,5.49417910395306E-16,
-1.));
#5029=DIRECTION('',(-1.17148206284318E-29,5.49417910395306E-16,-1.));
#5030=DIRECTION('',(1.,0.,0.));
#5031=DIRECTION('',(-8.21926931188359E-30,5.49417910395306E-16,-1.));
#5032=DIRECTION('center_axis',(0.,-0.5,0.866025403784439));
#5033=DIRECTION('ref_axis',(-2.0063987814611E-29,-0.866025403784439,-0.5));
#5034=DIRECTION('',(-2.54935372787319E-29,-0.866025403784439,-0.5));
#5035=DIRECTION('',(1.,0.,0.));
#5036=DIRECTION('',(-2.0063987814611E-29,-0.866025403784439,-0.5));
#5037=DIRECTION('center_axis',(0.,0.499999999999999,0.866025403784439));
#5038=DIRECTION('ref_axis',(-1.18447185027274E-29,-0.866025403784439,0.499999999999999));
#5039=DIRECTION('',(-1.37787166503001E-29,-0.866025403784439,0.499999999999999));
#5040=DIRECTION('',(1.,0.,0.));
#5041=DIRECTION('',(-1.18447185027274E-29,-0.866025403784439,0.499999999999999));
#5042=DIRECTION('center_axis',(0.,1.,1.51419490392505E-58));
#5043=DIRECTION('ref_axis',(8.21926931188359E-30,-1.51419490392505E-58,
1.));
#5044=DIRECTION('',(1.17148206284318E-29,-1.51419490392505E-58,1.));
#5045=DIRECTION('',(8.21926931188359E-30,-1.51419490392505E-58,1.));
#5046=DIRECTION('center_axis',(1.,0.,0.));
#5047=DIRECTION('ref_axis',(0.,0.,-1.));
#5048=DIRECTION('center_axis',(-0.707106781186547,0.707106781186548,0.));
#5049=DIRECTION('ref_axis',(0.,0.,1.));
#5050=DIRECTION('',(0.,0.,1.));
#5051=DIRECTION('',(-0.654653670707978,-0.654653670707977,0.377964473009227));
#5052=DIRECTION('',(0.,0.,-1.));
#5053=DIRECTION('',(-0.654653670707978,-0.654653670707977,-0.377964473009227));
#5054=DIRECTION('',(0.,0.,1.));
#5055=DIRECTION('center_axis',(1.,-2.26738463776099E-29,-1.17148206284318E-29));
#5056=DIRECTION('ref_axis',(-1.17148206284318E-29,0.,-1.));
#5057=DIRECTION('',(0.,-0.866025403784439,0.5));
#5058=DIRECTION('',(0.,0.,1.));
#5059=DIRECTION('',(0.,0.866025403784439,0.499999999999999));
#5060=DIRECTION('',(0.,0.866025403784439,-0.499999999999999));
#5061=DIRECTION('',(0.,-0.866025403784438,-0.500000000000001));
#5062=DIRECTION('center_axis',(-0.707106781186547,-0.353553390593274,-0.612372435695795));
#5063=DIRECTION('ref_axis',(-0.654653670707978,0.,0.755928946018454));
#5064=DIRECTION('',(0.,0.866025403784439,-0.5));
#5065=DIRECTION('',(-0.654653670707978,0.654653670707977,0.377964473009227));
#5066=DIRECTION('',(-0.654653670707978,-9.69082104500495E-16,0.755928946018454));
#5067=DIRECTION('',(0.,0.866025403784439,-0.5));
#5068=DIRECTION('center_axis',(-0.707106781186547,-0.707106781186548,0.));
#5069=DIRECTION('ref_axis',(0.,0.,1.));
#5070=DIRECTION('',(0.,0.,-1.));
#5071=DIRECTION('',(-0.654653670707978,0.654653670707976,-0.377964473009228));
#5072=DIRECTION('center_axis',(-0.707106781186548,-0.353553390593274,0.612372435695795));
#5073=DIRECTION('ref_axis',(0.654653670707977,0.,0.755928946018454));
#5074=DIRECTION('',(0.,-0.866025403784439,-0.5));
#5075=DIRECTION('',(-0.654653670707977,1.93816420900099E-15,-0.755928946018454));
#5076=DIRECTION('center_axis',(-0.707106781186547,0.353553390593274,0.612372435695795));
#5077=DIRECTION('ref_axis',(0.654653670707978,0.,0.755928946018454));
#5078=DIRECTION('',(0.,-0.866025403784439,0.499999999999999));
#5079=DIRECTION('center_axis',(-0.707106781186547,0.353553390593274,-0.612372435695795));
#5080=DIRECTION('ref_axis',(-0.654653670707978,0.,0.755928946018454));
#5081=DIRECTION('',(0.,0.866025403784439,0.5));
#5082=DIRECTION('center_axis',(-1.,0.,0.));
#5083=DIRECTION('ref_axis',(0.,-1.,0.));
#5084=DIRECTION('',(0.,0.,1.));
#5085=DIRECTION('center_axis',(-0.319127445945689,0.820742502209519,-0.473855904586024));
#5086=DIRECTION('ref_axis',(0.,0.499999999999993,0.866025403784443));
#5087=DIRECTION('',(0.829436927105277,0.,-0.558600379479064));
#5088=DIRECTION('center_axis',(-1.,0.,0.));
#5089=DIRECTION('ref_axis',(0.,-1.,0.));
#5090=DIRECTION('',(0.,0.,1.));
#5091=DIRECTION('',(0.,1.,0.));
#5092=DIRECTION('',(0.,0.,1.));
#5093=DIRECTION('',(0.,1.,0.));
#5094=DIRECTION('',(0.,0.,-1.));
#5095=DIRECTION('',(0.,1.,0.));
#5096=DIRECTION('',(0.,0.,1.));
#5097=DIRECTION('',(0.,1.,0.));
#5098=DIRECTION('',(0.,0.,1.));
#5099=DIRECTION('center_axis',(0.,1.,6.93889390390722E-16));
#5100=DIRECTION('ref_axis',(0.,6.93889390390722E-16,-1.));
#5101=DIRECTION('',(-0.829436927105277,0.,-0.558600379479064));
#5102=DIRECTION('',(-1.,0.,0.));
#5103=DIRECTION('',(-1.,0.,0.));
#5104=DIRECTION('center_axis',(1.,0.,0.));
#5105=DIRECTION('ref_axis',(0.,1.,0.));
#5106=DIRECTION('',(0.,0.,1.));
#5107=DIRECTION('',(2.28575328599297E-17,-1.,0.));
#5108=DIRECTION('',(0.,0.,-1.));
#5109=DIRECTION('',(0.,-1.,0.));
#5110=DIRECTION('',(0.,0.,1.));
#5111=DIRECTION('',(2.28575328599297E-17,-1.,0.));
#5112=DIRECTION('',(0.,0.,-1.));
#5113=DIRECTION('',(0.,-1.,0.));
#5114=DIRECTION('',(0.,0.,1.));
#5115=DIRECTION('center_axis',(-0.503811900924044,0.431906693768269,0.748084337735702));
#5116=DIRECTION('ref_axis',(0.,0.866025403784429,-0.500000000000016));
#5117=DIRECTION('',(-0.829436927105277,0.,-0.558600379479065));
#5118=DIRECTION('',(-0.86381338753651,-0.251905950462026,-0.436313904929149));
#5119=DIRECTION('center_axis',(0.503811900924044,0.431906693768269,0.748084337735702));
#5120=DIRECTION('ref_axis',(0.,-0.866025403784429,0.500000000000016));
#5121=DIRECTION('',(-0.86381338753651,0.251905950462026,0.436313904929149));
#5122=DIRECTION('',(-0.829436927105277,0.,0.558600379479064));
#5123=DIRECTION('center_axis',(0.,0.866025403784434,-0.500000000000008));
#5124=DIRECTION('ref_axis',(0.,-0.500000000000008,-0.866025403784434));
#5125=DIRECTION('',(1.,0.,0.));
#5126=DIRECTION('center_axis',(0.,1.,0.));
#5127=DIRECTION('ref_axis',(-1.,0.,0.));
#5128=DIRECTION('center_axis',(0.,1.,0.));
#5129=DIRECTION('ref_axis',(-1.,0.,0.));
#5130=DIRECTION('',(1.,0.,0.));
#5131=DIRECTION('',(0.,0.,-1.));
#5132=DIRECTION('',(1.,0.,0.));
#5133=DIRECTION('',(1.,0.,0.));
#5134=DIRECTION('',(1.,0.,0.));
#5135=DIRECTION('',(0.,0.,1.));
#5136=DIRECTION('',(1.,0.,0.));
#5137=DIRECTION('center_axis',(0.,-1.,0.));
#5138=DIRECTION('ref_axis',(1.,0.,0.));
#5139=DIRECTION('center_axis',(0.,1.,0.));
#5140=DIRECTION('ref_axis',(-1.,0.,0.));
#5141=DIRECTION('',(1.,0.,0.));
#5142=DIRECTION('',(-2.23323011848044E-5,0.963586493264278,0.267396838986402));
#5143=DIRECTION('',(-1.,0.,0.));
#5144=DIRECTION('',(1.02341255674696E-5,-0.441578504887363,0.89722261669928));
#5145=DIRECTION('center_axis',(0.,-1.,0.));
#5146=DIRECTION('ref_axis',(1.,0.,0.));
#5147=DIRECTION('',(-1.,0.,0.));
#5148=DIRECTION('',(-1.,0.,0.));
#5149=DIRECTION('',(0.,-0.957826285221153,0.287347885566342));
#5150=DIRECTION('',(-1.,0.,0.));
#5151=DIRECTION('center_axis',(0.,0.866025403784434,-0.500000000000008));
#5152=DIRECTION('ref_axis',(0.,-0.500000000000008,-0.866025403784434));
#5153=DIRECTION('',(0.,0.957826285221153,-0.287347885566342));
#5154=DIRECTION('center_axis',(1.,-9.18389232379321E-31,-2.707396130242E-31));
#5155=DIRECTION('ref_axis',(-2.707396130242E-31,0.,-1.));
#5156=DIRECTION('center_axis',(1.,-9.18389232379321E-31,-2.707396130242E-31));
#5157=DIRECTION('ref_axis',(0.,0.,-1.));
#5158=DIRECTION('',(2.707396130242E-31,0.,1.));
#5159=DIRECTION('center_axis',(1.,-9.18389232379321E-31,-2.707396130242E-31));
#5160=DIRECTION('ref_axis',(0.,1.,-5.5511151231258E-15));
#5161=DIRECTION('',(-9.18389232379321E-31,-1.,0.));
#5162=DIRECTION('',(0.707106781186546,-0.707106781186549,1.57009245868378E-15));
#5163=DIRECTION('center_axis',(0.,-1.,0.));
#5164=DIRECTION('ref_axis',(0.,0.,-1.));
#5165=DIRECTION('center_axis',(0.,1.,0.));
#5166=DIRECTION('ref_axis',(1.,0.,0.));
#5167=DIRECTION('center_axis',(0.,1.,0.));
#5168=DIRECTION('ref_axis',(1.,0.,0.));
#5169=DIRECTION('center_axis',(0.,1.,0.));
#5170=DIRECTION('ref_axis',(-1.,0.,0.));
#5171=DIRECTION('',(-0.866025403784457,-0.499999999999968,1.06057523872493E-16));
#5172=DIRECTION('center_axis',(0.,0.499999999999999,0.866025403784439));
#5173=DIRECTION('ref_axis',(0.,0.866025403784439,-0.499999999999999));
#5174=DIRECTION('center_axis',(0.,1.,0.));
#5175=DIRECTION('ref_axis',(-1.,0.,0.));
#5176=DIRECTION('',(0.707106781186548,0.,-0.707106781186547));
#5177=DIRECTION('',(-1.,0.,0.));
#5178=DIRECTION('center_axis',(-2.77555756156289E-17,-1.,0.));
#5179=DIRECTION('ref_axis',(1.,-2.77555756156289E-17,0.));
#5180=DIRECTION('',(-0.707106781186548,1.96261557335472E-17,0.707106781186547));
#5181=DIRECTION('',(1.,-2.77555756156289E-17,0.));
#5182=DIRECTION('center_axis',(0.,-1.11022302462516E-17,1.));
#5183=DIRECTION('ref_axis',(-1.,0.,0.));
#5184=DIRECTION('',(0.,1.,0.));
#5185=DIRECTION('center_axis',(0.,0.,-1.));
#5186=DIRECTION('ref_axis',(1.,0.,0.));
#5187=DIRECTION('center_axis',(0.,-1.,0.));
#5188=DIRECTION('ref_axis',(1.,0.,0.));
#5189=DIRECTION('',(-0.707106781186547,0.,-0.707106781186548));
#5190=DIRECTION('',(1.,0.,0.));
#5191=DIRECTION('center_axis',(0.,1.,0.));
#5192=DIRECTION('ref_axis',(-1.,0.,0.));
#5193=DIRECTION('',(0.707106781186547,0.,0.707106781186548));
#5194=DIRECTION('',(-1.,0.,0.));
#5195=DIRECTION('center_axis',(0.,5.55111512312578E-17,1.));
#5196=DIRECTION('ref_axis',(-1.,0.,0.));
#5197=DIRECTION('',(0.,-1.,0.));
#5198=DIRECTION('center_axis',(0.,0.,-1.));
#5199=DIRECTION('ref_axis',(1.,0.,0.));
#5200=DIRECTION('center_axis',(2.77555756156289E-17,-1.,0.));
#5201=DIRECTION('ref_axis',(1.,2.77555756156289E-17,0.));
#5202=DIRECTION('',(-0.707106781186547,-1.96261557335472E-17,-0.707106781186548));
#5203=DIRECTION('',(-1.,-2.77555756156289E-17,0.));
#5204=DIRECTION('center_axis',(0.,1.,0.));
#5205=DIRECTION('ref_axis',(-1.,0.,1.6101949751445E-18));
#5206=DIRECTION('',(0.707106781186547,0.,0.707106781186548));
#5207=DIRECTION('',(1.,0.,-1.6101949751445E-18));
#5208=DIRECTION('center_axis',(1.6101949751445E-18,0.,1.));
#5209=DIRECTION('ref_axis',(-1.,0.,1.6101949751445E-18));
#5210=DIRECTION('',(0.,-1.,0.));
#5211=DIRECTION('center_axis',(0.,0.,-1.));
#5212=DIRECTION('ref_axis',(1.,0.,0.));
#5213=DIRECTION('center_axis',(0.,1.,0.));
#5214=DIRECTION('ref_axis',(-1.,0.,0.));
#5215=DIRECTION('',(0.707106781186548,0.,-0.707106781186547));
#5216=DIRECTION('',(1.,0.,0.));
#5217=DIRECTION('center_axis',(0.,-1.,0.));
#5218=DIRECTION('ref_axis',(1.,0.,1.49183462991988E-18));
#5219=DIRECTION('',(-0.707106781186548,0.,0.707106781186547));
#5220=DIRECTION('',(-1.,0.,-1.49183462991988E-18));
#5221=DIRECTION('center_axis',(-1.49183462991988E-18,-1.11022302462516E-17,
1.));
#5222=DIRECTION('ref_axis',(-1.,0.,-1.49183462991988E-18));
#5223=DIRECTION('',(0.,1.,0.));
#5224=DIRECTION('center_axis',(0.,0.,-1.));
#5225=DIRECTION('ref_axis',(1.,0.,0.));
#5226=DIRECTION('center_axis',(-0.707106781186548,0.,0.707106781186547));
#5227=DIRECTION('ref_axis',(0.707106781186547,0.,0.707106781186548));
#5228=DIRECTION('',(0.,-1.,0.));
#5229=DIRECTION('center_axis',(-0.707106781186548,0.,0.707106781186547));
#5230=DIRECTION('ref_axis',(0.707106781186547,0.,0.707106781186548));
#5231=DIRECTION('',(-0.707106781186547,7.85046229341887E-17,-0.707106781186548));
#5232=DIRECTION('',(0.,-1.,0.));
#5233=DIRECTION('center_axis',(-0.707106781186548,0.,0.707106781186547));
#5234=DIRECTION('ref_axis',(0.707106781186547,0.,0.707106781186548));
#5235=DIRECTION('',(0.707106781186547,0.,0.707106781186548));
#5236=DIRECTION('',(0.,-1.,0.));
#5237=DIRECTION('center_axis',(-0.707106781186548,0.,0.707106781186547));
#5238=DIRECTION('ref_axis',(0.707106781186547,0.,0.707106781186548));
#5239=DIRECTION('',(0.,-1.,0.));
#5240=DIRECTION('',(0.707106781186547,0.,0.707106781186548));
#5241=DIRECTION('center_axis',(0.707106781186547,0.,0.707106781186548));
#5242=DIRECTION('ref_axis',(0.707106781186548,0.,-0.707106781186547));
#5243=DIRECTION('',(0.,1.,0.));
#5244=DIRECTION('',(0.707106781186548,0.,-0.707106781186547));
#5245=DIRECTION('center_axis',(0.707106781186547,0.,0.707106781186548));
#5246=DIRECTION('ref_axis',(0.707106781186548,0.,-0.707106781186547));
#5247=DIRECTION('',(0.707106781186548,0.,-0.707106781186547));
#5248=DIRECTION('',(0.,1.,0.));
#5249=DIRECTION('center_axis',(0.707106781186547,0.,0.707106781186548));
#5250=DIRECTION('ref_axis',(0.707106781186548,0.,-0.707106781186547));
#5251=DIRECTION('',(0.,1.,0.));
#5252=DIRECTION('center_axis',(0.707106781186547,0.,0.707106781186548));
#5253=DIRECTION('ref_axis',(0.707106781186548,0.,-0.707106781186547));
#5254=DIRECTION('',(0.,1.,0.));
#5255=DIRECTION('',(-0.707106781186548,7.85046229341888E-17,0.707106781186547));
#5256=DIRECTION('center_axis',(0.,0.,1.));
#5257=DIRECTION('ref_axis',(1.,0.,0.));
#5258=DIRECTION('',(0.,0.,-1.));
#5259=DIRECTION('center_axis',(0.,0.,1.));
#5260=DIRECTION('ref_axis',(1.,0.,0.));
#5261=DIRECTION('center_axis',(1.,0.,0.));
#5262=DIRECTION('ref_axis',(0.,1.,0.));
#5263=DIRECTION('',(0.,1.,0.));
#5264=DIRECTION('',(0.,0.,1.));
#5265=DIRECTION('center_axis',(0.,1.,0.));
#5266=DIRECTION('ref_axis',(-1.,0.,0.));
#5267=DIRECTION('',(-1.,0.,0.));
#5268=DIRECTION('center_axis',(0.,0.,1.));
#5269=DIRECTION('ref_axis',(1.,0.,0.));
#5270=DIRECTION('',(0.,0.,-1.));
#5271=DIRECTION('center_axis',(0.,0.,1.));
#5272=DIRECTION('ref_axis',(1.,0.,0.));
#5273=DIRECTION('center_axis',(0.,-1.,0.));
#5274=DIRECTION('ref_axis',(1.,0.,0.));
#5275=DIRECTION('',(-1.,0.,0.));
#5276=DIRECTION('',(0.,0.,1.));
#5277=DIRECTION('center_axis',(-1.,0.,0.));
#5278=DIRECTION('ref_axis',(0.,-1.,0.));
#5279=DIRECTION('',(0.,1.,0.));
#5280=DIRECTION('',(0.,0.,1.));
#5281=DIRECTION('center_axis',(0.,1.,0.));
#5282=DIRECTION('ref_axis',(-1.,0.,0.));
#5283=DIRECTION('',(1.,0.,0.));
#5284=DIRECTION('center_axis',(0.,0.,1.));
#5285=DIRECTION('ref_axis',(1.,0.,0.));
#5286=DIRECTION('',(0.,0.,-1.));
#5287=DIRECTION('center_axis',(0.,0.,1.));
#5288=DIRECTION('ref_axis',(1.,0.,0.));
#5289=DIRECTION('center_axis',(1.,0.,0.));
#5290=DIRECTION('ref_axis',(0.,1.,0.));
#5291=DIRECTION('',(0.,1.,0.));
#5292=DIRECTION('',(0.,0.,1.));
#5293=DIRECTION('',(0.,0.,1.));
#5294=DIRECTION('center_axis',(0.,-1.,0.));
#5295=DIRECTION('ref_axis',(1.,0.,0.));
#5296=DIRECTION('',(1.,0.,0.));
#5297=DIRECTION('center_axis',(0.,1.,0.));
#5298=DIRECTION('ref_axis',(-1.,0.,0.));
#5299=DIRECTION('',(-1.,0.,0.));
#5300=DIRECTION('center_axis',(0.,0.,1.));
#5301=DIRECTION('ref_axis',(1.,0.,0.));
#5302=DIRECTION('',(0.,0.,-1.));
#5303=DIRECTION('center_axis',(0.,0.,1.));
#5304=DIRECTION('ref_axis',(1.,0.,0.));
#5305=DIRECTION('center_axis',(-1.,0.,0.));
#5306=DIRECTION('ref_axis',(0.,-1.,0.));
#5307=DIRECTION('',(0.,1.,0.));
#5308=DIRECTION('',(0.,0.,1.));
#5309=DIRECTION('center_axis',(0.,1.,0.));
#5310=DIRECTION('ref_axis',(-1.,0.,0.));
#5311=DIRECTION('',(1.,0.,0.));
#5312=DIRECTION('center_axis',(-1.,0.,0.));
#5313=DIRECTION('ref_axis',(0.,0.,-1.));
#5314=DIRECTION('',(-1.,0.,0.));
#5315=DIRECTION('center_axis',(0.,1.,0.));
#5316=DIRECTION('ref_axis',(0.,0.,-1.));
#5317=DIRECTION('',(-1.,0.,0.));
#5318=DIRECTION('center_axis',(-1.,0.,0.));
#5319=DIRECTION('ref_axis',(0.,1.,-5.5511151231258E-15));
#5320=DIRECTION('',(-1.,0.,0.));
#5321=DIRECTION('center_axis',(0.,0.,1.));
#5322=DIRECTION('ref_axis',(0.,1.,0.));
#5323=DIRECTION('center_axis',(0.,1.,0.));
#5324=DIRECTION('ref_axis',(1.,0.,0.));
#5325=DIRECTION('',(0.,1.,0.));
#5326=DIRECTION('center_axis',(0.,-0.287347885566342,-0.957826285221153));
#5327=DIRECTION('ref_axis',(0.,0.957826285221153,-0.287347885566342));
#5328=DIRECTION('',(1.,0.,0.));
#5329=DIRECTION('center_axis',(0.,1.,0.));
#5330=DIRECTION('ref_axis',(-1.,0.,0.));
#5331=DIRECTION('',(-1.,0.,0.));
#5332=DIRECTION('center_axis',(0.,0.,1.));
#5333=DIRECTION('ref_axis',(-1.,0.,0.));
#5334=DIRECTION('',(-1.,0.,0.));
#5335=DIRECTION('center_axis',(0.,0.,1.));
#5336=DIRECTION('ref_axis',(-1.,0.,0.));
#5337=DIRECTION('',(1.,0.,0.));
#5338=DIRECTION('center_axis',(0.,0.,-1.));
#5339=DIRECTION('ref_axis',(-1.,0.,0.));
#5340=DIRECTION('center_axis',(0.,0.,1.));
#5341=DIRECTION('ref_axis',(-1.,0.,0.));
#5342=DIRECTION('',(-0.707106781186545,0.70710678118655,0.));
#5343=DIRECTION('center_axis',(0.,0.,1.));
#5344=DIRECTION('ref_axis',(-1.,0.,0.));
#5345=DIRECTION('',(0.707106781186552,-0.707106781186543,0.));
#5346=DIRECTION('center_axis',(0.,0.,-1.));
#5347=DIRECTION('ref_axis',(-1.,0.,0.));
#5348=DIRECTION('center_axis',(0.,0.,1.));
#5349=DIRECTION('ref_axis',(-1.,0.,0.));
#5350=DIRECTION('',(1.,0.,0.));
#5351=DIRECTION('center_axis',(0.,0.,1.));
#5352=DIRECTION('ref_axis',(-1.,0.,0.));
#5353=DIRECTION('',(-1.,0.,0.));
#5354=DIRECTION('center_axis',(0.,0.,-1.));
#5355=DIRECTION('ref_axis',(-1.,0.,0.));
#5356=DIRECTION('center_axis',(0.70710678118655,0.707106781186545,0.));
#5357=DIRECTION('ref_axis',(-0.707106781186545,0.70710678118655,0.));
#5358=DIRECTION('',(0.,0.,-1.));
#5359=DIRECTION('',(0.707106781186545,-0.70710678118655,0.));
#5360=DIRECTION('center_axis',(-0.707106781186543,-0.707106781186552,0.));
#5361=DIRECTION('ref_axis',(0.707106781186552,-0.707106781186543,0.));
#5362=DIRECTION('',(-0.707106781186552,0.707106781186543,0.));
#5363=DIRECTION('',(0.,0.,1.));
#5364=DIRECTION('center_axis',(0.,0.,1.));
#5365=DIRECTION('ref_axis',(1.,0.,0.));
#5366=DIRECTION('center_axis',(0.,0.,1.));
#5367=DIRECTION('ref_axis',(-1.,0.,0.));
#5368=DIRECTION('center_axis',(0.,-1.,0.));
#5369=DIRECTION('ref_axis',(1.,0.,0.));
#5370=DIRECTION('',(0.,0.,1.));
#5371=DIRECTION('',(-1.,0.,0.));
#5372=DIRECTION('center_axis',(0.,1.,0.));
#5373=DIRECTION('ref_axis',(-1.,0.,0.));
#5374=DIRECTION('',(0.,0.,-1.));
#5375=DIRECTION('',(1.,0.,0.));
#5376=DIRECTION('center_axis',(0.,0.,1.));
#5377=DIRECTION('ref_axis',(-1.,0.,0.));
#5378=DIRECTION('',(0.707106781186547,0.707106781186548,0.));
#5379=DIRECTION('center_axis',(0.,0.,1.));
#5380=DIRECTION('ref_axis',(-1.,0.,0.));
#5381=DIRECTION('',(-0.707106781186548,-0.707106781186547,0.));
#5382=DIRECTION('center_axis',(0.,0.,-1.));
#5383=DIRECTION('ref_axis',(-1.,0.,0.));
#5384=DIRECTION('center_axis',(-0.707106781186547,0.707106781186548,0.));
#5385=DIRECTION('ref_axis',(-0.707106781186548,-0.707106781186547,0.));
#5386=DIRECTION('',(0.,0.,1.));
#5387=DIRECTION('',(0.707106781186548,0.707106781186547,0.));
#5388=DIRECTION('center_axis',(0.707106781186548,-0.707106781186547,0.));
#5389=DIRECTION('ref_axis',(0.707106781186547,0.707106781186548,0.));
#5390=DIRECTION('',(0.,0.,-1.));
#5391=DIRECTION('',(-0.707106781186547,-0.707106781186548,0.));
#5392=DIRECTION('center_axis',(0.,0.,1.));
#5393=DIRECTION('ref_axis',(1.,0.,0.));
#5394=DIRECTION('center_axis',(0.,0.,1.));
#5395=DIRECTION('ref_axis',(-1.,0.,0.));
#5396=DIRECTION('',(1.,0.,0.));
#5397=DIRECTION('center_axis',(0.,0.,1.));
#5398=DIRECTION('ref_axis',(-1.,0.,0.));
#5399=DIRECTION('',(-1.,0.,0.));
#5400=DIRECTION('center_axis',(0.,0.,1.));
#5401=DIRECTION('ref_axis',(-1.,0.,0.));
#5402=DIRECTION('center_axis',(0.,0.,1.));
#5403=DIRECTION('ref_axis',(-1.,0.,0.));
#5404=DIRECTION('center_axis',(0.,0.,-1.));
#5405=DIRECTION('ref_axis',(0.707106781186548,0.707106781186547,0.));
#5406=DIRECTION('center_axis',(0.,0.,1.));
#5407=DIRECTION('ref_axis',(-1.,0.,0.));
#5408=DIRECTION('center_axis',(0.,0.,-1.));
#5409=DIRECTION('ref_axis',(-1.,0.,0.));
#5410=DIRECTION('center_axis',(0.,-1.,0.));
#5411=DIRECTION('ref_axis',(1.,0.,0.));
#5412=DIRECTION('',(0.,0.,-1.));
#5413=DIRECTION('center_axis',(0.,1.,0.));
#5414=DIRECTION('ref_axis',(-1.,0.,0.));
#5415=DIRECTION('',(0.,0.,1.));
#5416=DIRECTION('center_axis',(0.,0.,1.));
#5417=DIRECTION('ref_axis',(1.,0.,0.));
#5418=DIRECTION('center_axis',(0.,0.,1.));
#5419=DIRECTION('ref_axis',(0.707106781186548,0.707106781186547,0.));
#5420=DIRECTION('center_axis',(0.,0.,-1.));
#5421=DIRECTION('ref_axis',(1.,0.,0.));
#5422=DIRECTION('center_axis',(0.,0.,-1.));
#5423=DIRECTION('ref_axis',(-1.,0.,0.));
#5424=DIRECTION('center_axis',(0.,0.,1.));
#5425=DIRECTION('ref_axis',(1.,-1.22464679914735E-16,0.));
#5426=DIRECTION('center_axis',(0.,0.,-1.));
#5427=DIRECTION('ref_axis',(-1.,0.,0.));
#5428=DIRECTION('center_axis',(0.,0.,-1.));
#5429=DIRECTION('ref_axis',(-1.,0.,0.));
#5430=DIRECTION('center_axis',(0.,0.,1.));
#5431=DIRECTION('ref_axis',(-1.,0.,0.));
#5432=DIRECTION('center_axis',(0.,0.,-1.));
#5433=DIRECTION('ref_axis',(-0.707106781186549,0.707106781186546,0.));
#5434=DIRECTION('center_axis',(0.,0.,-1.));
#5435=DIRECTION('ref_axis',(-1.,0.,0.));
#5436=DIRECTION('center_axis',(0.,0.,1.));
#5437=DIRECTION('ref_axis',(-0.707106781186553,0.707106781186542,0.));
#5438=DIRECTION('center_axis',(0.,0.,1.));
#5439=DIRECTION('ref_axis',(-1.,0.,0.));
#5440=DIRECTION('',(0.,0.,-1.));
#5441=DIRECTION('center_axis',(0.,0.,1.));
#5442=DIRECTION('ref_axis',(-1.,0.,0.));
#5443=DIRECTION('center_axis',(0.,0.,1.));
#5444=DIRECTION('ref_axis',(-1.,0.,0.));
#5445=DIRECTION('',(0.,0.,-1.));
#5446=DIRECTION('center_axis',(0.,0.,1.));
#5447=DIRECTION('ref_axis',(-1.,0.,0.));
#5448=DIRECTION('center_axis',(0.,0.,1.));
#5449=DIRECTION('ref_axis',(1.,0.,0.));
#5450=DIRECTION('center_axis',(0.,0.,1.));
#5451=DIRECTION('ref_axis',(-1.,0.,0.));
#5452=DIRECTION('',(0.,0.,-1.));
#5453=DIRECTION('center_axis',(0.,0.,1.));
#5454=DIRECTION('ref_axis',(-1.,0.,0.));
#5455=DIRECTION('center_axis',(0.,0.,1.));
#5456=DIRECTION('ref_axis',(1.,0.,0.));
#5457=DIRECTION('center_axis',(0.,0.,1.));
#5458=DIRECTION('ref_axis',(-1.,0.,0.));
#5459=DIRECTION('',(0.,0.,-1.));
#5460=DIRECTION('center_axis',(0.,0.,1.));
#5461=DIRECTION('ref_axis',(-1.,0.,0.));
#5462=DIRECTION('center_axis',(0.,0.,1.));
#5463=DIRECTION('ref_axis',(1.,0.,0.));
#5464=DIRECTION('center_axis',(0.,0.,1.));
#5465=DIRECTION('ref_axis',(1.,0.,0.));
#5466=DIRECTION('center_axis',(0.,0.,1.));
#5467=DIRECTION('ref_axis',(1.,0.,0.));
#5468=DIRECTION('center_axis',(-1.,0.,0.));
#5469=DIRECTION('ref_axis',(0.,1.,0.));
#5470=DIRECTION('center_axis',(-1.,0.,-7.28934309097325E-17));
#5471=DIRECTION('ref_axis',(0.,1.,0.));
#5472=DIRECTION('',(-1.,0.,0.));
#5473=DIRECTION('center_axis',(1.,0.,0.));
#5474=DIRECTION('ref_axis',(0.,1.,0.));
#5475=DIRECTION('center_axis',(-1.,0.,0.));
#5476=DIRECTION('ref_axis',(0.,1.,0.));
#5477=DIRECTION('center_axis',(-1.,0.,0.));
#5478=DIRECTION('ref_axis',(0.,1.,0.));
#5479=DIRECTION('',(-1.,0.,0.));
#5480=DIRECTION('center_axis',(1.,0.,0.));
#5481=DIRECTION('ref_axis',(0.,1.,0.));
#5482=DIRECTION('center_axis',(-1.,0.,0.));
#5483=DIRECTION('ref_axis',(0.,1.,1.0279842820603E-17));
#5484=DIRECTION('center_axis',(1.,0.,0.));
#5485=DIRECTION('ref_axis',(0.,1.,1.0279842820603E-17));
#5486=DIRECTION('',(-1.,0.,0.));
#5487=DIRECTION('center_axis',(-1.,0.,0.));
#5488=DIRECTION('ref_axis',(0.,1.,1.0279842820603E-17));
#5489=DIRECTION('',(-1.,0.,0.));
#5490=DIRECTION('center_axis',(0.,-3.14399440601816E-16,1.));
#5491=DIRECTION('ref_axis',(0.,1.,3.14399440601816E-16));
#5492=DIRECTION('',(0.,-1.,-3.14399440601816E-16));
#5493=DIRECTION('',(0.,1.,3.14399440601816E-16));
#5494=DIRECTION('',(1.,0.,0.));
#5495=DIRECTION('center_axis',(0.,-3.14399440601816E-16,1.));
#5496=DIRECTION('ref_axis',(0.,1.,3.14399440601816E-16));
#5497=DIRECTION('',(0.,-1.,-3.14399440601816E-16));
#5498=DIRECTION('',(-1.,0.,0.));
#5499=DIRECTION('',(-2.2917653901567E-32,1.,3.14399440601816E-16));
#5500=DIRECTION('',(1.,0.,0.));
#5501=DIRECTION('center_axis',(0.,1.,0.));
#5502=DIRECTION('ref_axis',(0.,0.,-1.));
#5503=DIRECTION('',(0.,0.,1.));
#5504=DIRECTION('',(-1.,0.,3.56698160522139E-17));
#5505=DIRECTION('',(0.,0.,-1.));
#5506=DIRECTION('center_axis',(0.,1.,0.));
#5507=DIRECTION('ref_axis',(0.,0.,-1.));
#5508=DIRECTION('',(7.28934309097325E-17,0.,-1.));
#5509=DIRECTION('',(-1.,0.,0.));
#5510=DIRECTION('',(0.,0.,1.));
#5511=DIRECTION('',(-1.,0.,3.56698160522139E-17));
#5512=DIRECTION('center_axis',(-1.,0.,0.));
#5513=DIRECTION('ref_axis',(0.,1.,1.0279842820603E-17));
#5514=DIRECTION('center_axis',(-1.,0.,-7.28934309097325E-17));
#5515=DIRECTION('ref_axis',(0.,1.,1.0279842820603E-17));
#5516=DIRECTION('center_axis',(1.,0.,0.));
#5517=DIRECTION('ref_axis',(0.,1.,1.0279842820603E-17));
#5518=DIRECTION('center_axis',(-3.56698160522139E-17,0.,-1.));
#5519=DIRECTION('ref_axis',(-1.,0.,3.56698160522139E-17));
#5520=DIRECTION('',(0.,-1.,0.));
#5521=DIRECTION('',(-1.,0.,3.56698160522139E-17));
#5522=DIRECTION('',(0.,1.,0.));
#5523=DIRECTION('',(0.,1.,0.));
#5524=DIRECTION('',(-1.,0.,3.56698160522139E-17));
#5525=DIRECTION('',(6.742510114174E-17,-1.,-2.40504095502778E-33));
#5526=DIRECTION('center_axis',(0.,-1.,0.));
#5527=DIRECTION('ref_axis',(0.,0.,-1.));
#5528=DIRECTION('',(0.,0.,1.));
#5529=DIRECTION('',(1.,0.,0.));
#5530=DIRECTION('',(0.,0.,-1.));
#5531=DIRECTION('',(0.,0.,1.));
#5532=DIRECTION('',(-1.,0.,0.));
#5533=DIRECTION('',(0.,0.,-1.));
#5534=DIRECTION('center_axis',(0.,1.,0.));
#5535=DIRECTION('ref_axis',(-1.,0.,0.));
#5536=DIRECTION('',(0.,0.,1.));
#5537=DIRECTION('',(1.,0.,-1.75596498792754E-17));
#5538=DIRECTION('',(0.,0.,1.));
#5539=DIRECTION('center_axis',(1.75596498792754E-17,0.,1.));
#5540=DIRECTION('ref_axis',(-1.,0.,1.75596498792754E-17));
#5541=DIRECTION('',(0.,-1.,0.));
#5542=DIRECTION('',(1.,0.,-1.75596498792754E-17));
#5543=DIRECTION('',(0.,-1.,0.));
#5544=DIRECTION('center_axis',(-1.,0.,0.));
#5545=DIRECTION('ref_axis',(0.,0.,-1.));
#5546=DIRECTION('',(0.,-1.,0.));
#5547=DIRECTION('',(0.,0.,1.));
#5548=DIRECTION('center_axis',(0.,0.,-1.));
#5549=DIRECTION('ref_axis',(1.,0.,0.));
#5550=DIRECTION('',(-1.,0.,0.));
#5551=DIRECTION('',(0.,-1.,0.));
#5552=DIRECTION('center_axis',(1.,0.,7.28934309097325E-17));
#5553=DIRECTION('ref_axis',(-7.28934309097325E-17,0.,1.));
#5554=DIRECTION('',(7.28934309097325E-17,0.,-1.));
#5555=DIRECTION('center_axis',(1.,0.,0.));
#5556=DIRECTION('ref_axis',(0.,0.,-1.));
#5557=DIRECTION('',(0.,0.,-1.));
#5558=DIRECTION('',(0.,1.,0.));
#5559=DIRECTION('center_axis',(0.,0.,1.));
#5560=DIRECTION('ref_axis',(1.,0.,0.));
#5561=DIRECTION('',(1.,0.,0.));
#5562=DIRECTION('',(0.,1.,0.));
#5563=DIRECTION('center_axis',(-1.,0.,0.));
#5564=DIRECTION('ref_axis',(0.,0.,1.));
#5565=DIRECTION('',(0.,0.,1.));
#5566=DIRECTION('center_axis',(0.,1.,0.));
#5567=DIRECTION('ref_axis',(0.,0.,1.));
#5568=DIRECTION('center_axis',(0.,1.,0.));
#5569=DIRECTION('ref_axis',(1.,0.,0.));
#5570=DIRECTION('',(1.47034283027111E-14,0.999999999999999,5.29781839057873E-15));
#5571=DIRECTION('',(-2.77123260884464E-16,-5.29426758601415E-15,0.999999999999998));
#5572=CARTESIAN_POINT('',(0.,0.,0.));
#5573=CARTESIAN_POINT('',(0.,0.,0.));
#5574=CARTESIAN_POINT('Origin',(4.65349369967833E-13,73.4999999999995,40.0000000000021));
#5575=CARTESIAN_POINT('',(28.0000000000005,73.3691005926385,40.0000000000021));
#5576=CARTESIAN_POINT('',(4.66293670342566E-13,39.9999999999994,40.0000000000016));
#5577=CARTESIAN_POINT('',(22.3026837536967,66.5793034879604,40.000000000002));
#5578=CARTESIAN_POINT('',(28.0000000000005,39.9999999999994,40.0000000000016));
#5579=CARTESIAN_POINT('',(28.0000000000005,39.9999999999994,40.0000000000016));
#5580=CARTESIAN_POINT('',(4.66293670342566E-13,39.9999999999994,40.0000000000016));
#5581=CARTESIAN_POINT('Origin',(4.62797078618797E-13,39.9999999999996,10.0000000000016));
#5582=CARTESIAN_POINT('',(4.61852778244065E-13,39.9999999999996,10.0000000000016));
#5583=CARTESIAN_POINT('',(28.0000000000005,73.3691005926385,10.0000000000021));
#5584=CARTESIAN_POINT('',(14.0549188222196,56.7499999999998,10.0000000000018));
#5585=CARTESIAN_POINT('',(28.0000000000005,39.9999999999996,10.0000000000016));
#5586=CARTESIAN_POINT('',(4.61852778244065E-13,39.9999999999996,10.0000000000016));
#5587=CARTESIAN_POINT('',(28.0000000000005,73.4999999999999,10.0000000000021));
#5588=CARTESIAN_POINT('Origin',(4.61746254107123E-13,39.9999999999994,40.0000000000016));
#5589=CARTESIAN_POINT('',(-1.84889274661175E-30,40.,1.68561645873377E-28));
#5590=CARTESIAN_POINT('',(28.0000000000005,39.9999999999996,10.0000000000016));
#5591=CARTESIAN_POINT('Origin',(28.0000000000005,56.7499999999995,25.0000000000018));
#5592=CARTESIAN_POINT('',(28.0000000000005,73.3691005926385,12.5000000000009));
#5593=CARTESIAN_POINT('Origin',(28.0000000000005,-51.7500000000001,25.0000000000002));
#5594=CARTESIAN_POINT('',(28.0000000000005,-68.3691005926383,40.));
#5595=CARTESIAN_POINT('',(28.0000000000005,-68.3691005926383,9.99999999999999));
#5596=CARTESIAN_POINT('',(28.0000000000005,-68.3691005926383,12.5000000000001));
#5597=CARTESIAN_POINT('',(28.0000000000005,-35.0000000000001,40.0000000000005));
#5598=CARTESIAN_POINT('',(28.0000000000005,-35.0000000000001,40.0000000000005));
#5599=CARTESIAN_POINT('',(28.0000000000005,-34.9999999999999,10.0000000000005));
#5600=CARTESIAN_POINT('',(28.0000000000005,-34.9999999999999,10.0000000000005));
#5601=CARTESIAN_POINT('',(28.0000000000005,-68.5000000000001,9.99999999999998));
#5602=CARTESIAN_POINT('Origin',(4.66293670342566E-13,-68.5000000000001,
9.99999999999998));
#5603=CARTESIAN_POINT('',(4.61852778244065E-13,-34.9999999999999,10.0000000000005));
#5604=CARTESIAN_POINT('',(8.24776493147754,-44.8293034879608,10.0000000000003));
#5605=CARTESIAN_POINT('',(4.61852778244065E-13,-34.9999999999999,10.0000000000005));
#5606=CARTESIAN_POINT('Origin',(4.61852778244065E-13,-34.9999999999999,
10.0000000000005));
#5607=CARTESIAN_POINT('',(4.66293670342566E-13,-35.0000000000001,40.0000000000005));
#5608=CARTESIAN_POINT('',(1.84889274661175E-30,-35.,-7.38983372468556E-29));
#5609=CARTESIAN_POINT('',(4.66293670342566E-13,-35.0000000000001,40.0000000000005));
#5610=CARTESIAN_POINT('Origin',(4.66293670342566E-13,-35.0000000000001,
40.0000000000005));
#5611=CARTESIAN_POINT('',(4.23873458534079E-13,-35.0000000000004,40.0000000000005));
#5612=CARTESIAN_POINT('Origin',(2.30926389122033E-13,-35.0000000000001,
-5.70764032489773E-16));
#5613=CARTESIAN_POINT('',(1.84889274661175E-30,-35.,-7.38983372468556E-29));
#5614=CARTESIAN_POINT('',(1.84889274661175E-30,-35.,-7.38983372468556E-29));
#5615=CARTESIAN_POINT('',(28.1098376444389,-68.4999999999999,-1.04655786872372E-15));
#5616=CARTESIAN_POINT('',(28.1098376444389,-68.4999999999999,-1.04655786872372E-15));
#5617=CARTESIAN_POINT('',(28.1098376444389,-68.4999999999999,50.));
#5618=CARTESIAN_POINT('',(28.1098376444389,-68.4999999999999,-1.04655786872372E-15));
#5619=CARTESIAN_POINT('',(-2.34809378819692E-28,-35.,50.));
#5620=CARTESIAN_POINT('',(28.1098376444389,-68.4999999999999,50.));
#5621=CARTESIAN_POINT('',(1.84889274661175E-30,-35.,-7.38983372468556E-29));
#5622=CARTESIAN_POINT('',(22.6137350602278,-61.95,5.00000000000009));
#5623=CARTESIAN_POINT('Origin',(23.9143394885526,-63.5,5.00000000000007));
#5624=CARTESIAN_POINT('',(22.6137350602283,-61.9500000000006,45.0000000000001));
#5625=CARTESIAN_POINT('Origin',(23.9143394885531,-63.5000000000006,45.0000000000001));
#5626=CARTESIAN_POINT('Origin',(35.,68.4999999999994,45.000000000002));
#5627=CARTESIAN_POINT('',(35.,70.0499999999994,45.000000000002));
#5628=CARTESIAN_POINT('Origin',(35.,68.4999999999994,45.000000000002));
#5629=CARTESIAN_POINT('',(25.2149439168768,70.0499999999994,45.000000000002));
#5630=CARTESIAN_POINT('',(35.,70.0499999999994,45.000000000002));
#5631=CARTESIAN_POINT('Origin',(23.914339488552,68.4999999999994,45.000000000002));
#5632=CARTESIAN_POINT('Origin',(35.,-63.5000000000006,45.0000000000001));
#5633=CARTESIAN_POINT('',(35.,-61.9500000000006,45.0000000000001));
#5634=CARTESIAN_POINT('Origin',(35.,-63.5000000000006,45.0000000000001));
#5635=CARTESIAN_POINT('',(35.,-61.9500000000006,45.0000000000001));
#5636=CARTESIAN_POINT('Origin',(35.,68.5,5.00000000000201));
#5637=CARTESIAN_POINT('',(35.,70.05,5.00000000000203));
#5638=CARTESIAN_POINT('Origin',(35.,68.5,5.00000000000201));
#5639=CARTESIAN_POINT('',(25.2149439168773,70.05,5.00000000000203));
#5640=CARTESIAN_POINT('',(35.,70.05,5.00000000000203));
#5641=CARTESIAN_POINT('Origin',(23.9143394885525,68.5,5.00000000000201));
#5642=CARTESIAN_POINT('Origin',(35.,-63.5,5.00000000000007));
#5643=CARTESIAN_POINT('',(35.,-61.95,5.00000000000009));
#5644=CARTESIAN_POINT('Origin',(35.,-63.5,5.00000000000007));
#5645=CARTESIAN_POINT('',(35.,-61.95,5.00000000000009));
#5646=CARTESIAN_POINT('Origin',(28.1098376444389,-68.4999999999999,-1.04655786872374E-15));
#5647=CARTESIAN_POINT('',(35.,-68.4999999999999,-1.04655757623745E-15));
#5648=CARTESIAN_POINT('',(35.,-68.4999999999999,-1.04655757623745E-15));
#5649=CARTESIAN_POINT('',(35.,-68.4999999999999,50.));
#5650=CARTESIAN_POINT('',(35.,-68.4999999999999,-1.04655757623745E-15));
#5651=CARTESIAN_POINT('',(35.,-68.4999999999999,50.));
#5652=CARTESIAN_POINT('Origin',(28.1098376444389,73.5000000000001,9.70244942853434E-16));
#5653=CARTESIAN_POINT('',(-2.38507164312915E-28,40.,50.));
#5654=CARTESIAN_POINT('',(-1.84889274661175E-30,40.,1.68561645873377E-28));
#5655=CARTESIAN_POINT('',(28.1098376444389,73.5000000000001,50.));
#5656=CARTESIAN_POINT('',(28.1098376444389,73.5000000000001,50.));
#5657=CARTESIAN_POINT('',(28.1098376444389,73.5000000000001,9.70244942853434E-16));
#5658=CARTESIAN_POINT('',(28.1098376444389,73.5000000000001,9.70244942853434E-16));
#5659=CARTESIAN_POINT('',(-1.84889274661175E-30,40.,1.68561645873377E-28));
#5660=CARTESIAN_POINT('',(28.1098376444389,73.5000000000001,9.70244942853434E-16));
#5661=CARTESIAN_POINT('',(-1.84889274661175E-30,40.,1.68561645873377E-28));
#5662=CARTESIAN_POINT('Origin',(35.,73.5000000000001,9.70245235339329E-16));
#5663=CARTESIAN_POINT('',(35.,73.5000000000001,9.70245235339329E-16));
#5664=CARTESIAN_POINT('',(35.,73.5000000000001,9.70245235339329E-16));
#5665=CARTESIAN_POINT('',(35.,73.5000000000001,50.));
#5666=CARTESIAN_POINT('',(35.,73.5000000000001,50.));
#5667=CARTESIAN_POINT('',(35.,73.5000000000001,9.70245235339329E-16));
#5668=CARTESIAN_POINT('Origin',(-9.95682444457783E-59,2.49999999999999,
4.73316543132607E-29));
#5669=CARTESIAN_POINT('',(1.1956173094756E-30,-21.75,-3.10637402289479E-29));
#5670=CARTESIAN_POINT('',(1.84889274661175E-30,-35.,-7.38983372468556E-29));
#5671=CARTESIAN_POINT('',(-1.1956173094756E-30,26.75,1.25727048855469E-28));
#5672=CARTESIAN_POINT('Origin',(-9.95682444457783E-59,2.49999999999999,
4.73316543132607E-29));
#5673=CARTESIAN_POINT('',(-1.1956173094756E-30,26.75,1.25727048855469E-28));
#5674=CARTESIAN_POINT('',(35.,-68.4999999999999,-1.04655757623745E-15));
#5675=CARTESIAN_POINT('Origin',(-2.36658271566304E-28,2.49999999999999,
50.));
#5676=CARTESIAN_POINT('',(35.,73.5000000000001,50.));
#5677=CARTESIAN_POINT('',(7.42442121983059E-15,26.75,50.));
#5678=CARTESIAN_POINT('',(-2.37853888875779E-28,26.75,50.));
#5679=CARTESIAN_POINT('',(-2.35462654256828E-28,-21.75,50.));
#5680=CARTESIAN_POINT('Origin',(-2.36658271566304E-28,2.49999999999999,
50.));
#5681=CARTESIAN_POINT('',(-2.34809378819692E-28,-35.,50.));
#5682=CARTESIAN_POINT('Origin',(-9.95682444457783E-59,2.49999999999999,
4.73316543132607E-29));
#5683=CARTESIAN_POINT('',(-4.4546527318985E-15,-21.75,-3.10637402289479E-29));
#5684=CARTESIAN_POINT('',(7.42442121983083E-15,26.75,1.25727048855469E-28));
#5685=CARTESIAN_POINT('',(22.0921366101154,-7.50000000000002,20.));
#5686=CARTESIAN_POINT('Ctrl Pts',(22.0921366101154,12.5,20.));
#5687=CARTESIAN_POINT('Ctrl Pts',(22.0921366101154,12.5,18.7269763515106));
#5688=CARTESIAN_POINT('Ctrl Pts',(22.2138239301412,12.2424622863379,17.38127614259));
#5689=CARTESIAN_POINT('Ctrl Pts',(22.6356325403879,11.2176637776558,14.9230272871464));
#5690=CARTESIAN_POINT('Ctrl Pts',(22.9279313918122,10.4510209290121,13.8088853052811));
#5691=CARTESIAN_POINT('Ctrl Pts',(23.4641073106774,8.69213098827759,12.0499953645466));
#5692=CARTESIAN_POINT('Ctrl Pts',(23.7451478360704,7.57760869223183,11.2825843390532));
#5693=CARTESIAN_POINT('Ctrl Pts',(24.1404425645926,5.1178595833138,10.2571944266259));
#5694=CARTESIAN_POINT('Ctrl Pts',(24.25,3.77155338182528,10.));
#5695=CARTESIAN_POINT('Ctrl Pts',(24.25,1.2284466181747,10.));
#5696=CARTESIAN_POINT('Ctrl Pts',(24.1404425645926,-0.117859583313826,10.2571944266259));
#5697=CARTESIAN_POINT('Ctrl Pts',(23.7451478360704,-2.57760869223185,11.2825843390533));
#5698=CARTESIAN_POINT('Ctrl Pts',(23.4641073106774,-3.69213098827761,12.0499953645466));
#5699=CARTESIAN_POINT('Ctrl Pts',(22.9279313918122,-5.4510209290121,13.8088853052811));
#5700=CARTESIAN_POINT('Ctrl Pts',(22.6356325403879,-6.21766377765581,14.9230272871464));
#5701=CARTESIAN_POINT('Ctrl Pts',(22.2138239301412,-7.24246228633794,17.38127614259));
#5702=CARTESIAN_POINT('Ctrl Pts',(22.0921366101154,-7.50000000000001,18.7269763515106));
#5703=CARTESIAN_POINT('Ctrl Pts',(22.0921366101154,-7.50000000000001,21.2730236484894));
#5704=CARTESIAN_POINT('Ctrl Pts',(22.2138239301412,-7.24246228633794,22.61872385741));
#5705=CARTESIAN_POINT('Ctrl Pts',(22.6356325403879,-6.21766377765581,25.0769727128536));
#5706=CARTESIAN_POINT('Ctrl Pts',(22.9279313918122,-5.4510209290121,26.1911146947189));
#5707=CARTESIAN_POINT('Ctrl Pts',(23.4641073106774,-3.69213098827761,27.9500046354534));
#5708=CARTESIAN_POINT('Ctrl Pts',(23.7451478360704,-2.57760869223185,28.7174156609468));
#5709=CARTESIAN_POINT('Ctrl Pts',(24.1404425645926,-0.117859583313822,29.7428055733741));
#5710=CARTESIAN_POINT('Ctrl Pts',(24.25,1.2284466181747,30.));
#5711=CARTESIAN_POINT('Ctrl Pts',(24.25,3.77155338182528,30.));
#5712=CARTESIAN_POINT('Ctrl Pts',(24.1404425645926,5.11785958331381,29.7428055733741));
#5713=CARTESIAN_POINT('Ctrl Pts',(23.7451478360704,7.57760869223183,28.7174156609467));
#5714=CARTESIAN_POINT('Ctrl Pts',(23.4641073106774,8.69213098827759,27.9500046354534));
#5715=CARTESIAN_POINT('Ctrl Pts',(22.9279313918122,10.4510209290121,26.1911146947189));
#5716=CARTESIAN_POINT('Ctrl Pts',(22.6356325403879,11.2176637776558,25.0769727128536));
#5717=CARTESIAN_POINT('Ctrl Pts',(22.2138239301412,12.2424622863379,22.61872385741));
#5718=CARTESIAN_POINT('Ctrl Pts',(22.0921366101154,12.5,21.2730236484894));
#5719=CARTESIAN_POINT('Ctrl Pts',(22.0921366101154,12.5,20.));
#5720=CARTESIAN_POINT('Origin',(35.,-35.,9.17624528495569E-29));
#5721=CARTESIAN_POINT('',(35.,-7.50000000000001,20.));
#5722=CARTESIAN_POINT('Origin',(35.,2.49999999999999,20.));
#5723=CARTESIAN_POINT('Origin',(20.,2.49999999999999,1.41994962939782E-28));
#5724=CARTESIAN_POINT('',(20.,-24.3,10.));
#5725=CARTESIAN_POINT('Origin',(20.,-27.5,10.));
#5726=CARTESIAN_POINT('Origin',(20.,2.49999999999999,1.41994962939782E-28));
#5727=CARTESIAN_POINT('',(20.,-24.3,40.));
#5728=CARTESIAN_POINT('Origin',(20.,-27.5,40.));
#5729=CARTESIAN_POINT('Origin',(20.,2.49999999999999,1.41994962939782E-28));
#5730=CARTESIAN_POINT('',(20.,35.7,10.));
#5731=CARTESIAN_POINT('Origin',(20.,32.5,10.));
#5732=CARTESIAN_POINT('Origin',(20.,2.49999999999999,1.41994962939782E-28));
#5733=CARTESIAN_POINT('',(20.,35.7,40.));
#5734=CARTESIAN_POINT('Origin',(20.,32.5,40.));
#5735=CARTESIAN_POINT('Origin',(-1.90805731450332E-28,32.5,40.));
#5736=CARTESIAN_POINT('',(-1.90963503631376E-28,35.7,40.));
#5737=CARTESIAN_POINT('',(-1.90963503631376E-28,35.7,40.));
#5738=CARTESIAN_POINT('Origin',(-1.90805731450332E-28,32.5,40.));
#5739=CARTESIAN_POINT('Origin',(-4.88107685105501E-29,32.5,10.));
#5740=CARTESIAN_POINT('',(-4.89685406915943E-29,35.7,10.));
#5741=CARTESIAN_POINT('',(-4.89685406915943E-29,35.7,10.));
#5742=CARTESIAN_POINT('Origin',(-4.88107685105501E-29,32.5,10.));
#5743=CARTESIAN_POINT('Origin',(-1.87847503055753E-28,-27.5,40.));
#5744=CARTESIAN_POINT('',(-1.88005275236798E-28,-24.3,40.));
#5745=CARTESIAN_POINT('',(-1.88005275236798E-28,-24.3,40.));
#5746=CARTESIAN_POINT('Origin',(-1.87847503055753E-28,-27.5,40.));
#5747=CARTESIAN_POINT('Origin',(-4.58525401159713E-29,-27.5,10.));
#5748=CARTESIAN_POINT('',(-4.60103122970155E-29,-24.3,10.));
#5749=CARTESIAN_POINT('',(-4.60103122970155E-29,-24.3,10.));
#5750=CARTESIAN_POINT('Origin',(-4.58525401159713E-29,-27.5,10.));
#5751=CARTESIAN_POINT('Origin',(35.,2.49999999999999,20.));
#5752=CARTESIAN_POINT('',(35.,-7.50000000000001,20.));
#5753=CARTESIAN_POINT('Origin',(-9.95682444457783E-59,2.49999999999999,
4.73316543132607E-29));
#5754=CARTESIAN_POINT('Origin',(-9.95682444457783E-59,2.49999999999999,
4.73316543132607E-29));
#5755=CARTESIAN_POINT('Origin',(121.5,41.916499954,7.14900001480006));
#5756=CARTESIAN_POINT('',(121.,68.772999908,7.64900001480005));
#5757=CARTESIAN_POINT('',(122.,68.772999908,6.64900001480006));
#5758=CARTESIAN_POINT('',(121.,68.772999908,7.64900001480005));
#5759=CARTESIAN_POINT('',(122.,83.832999908,6.64900001480005));
#5760=CARTESIAN_POINT('',(122.,41.916499954,6.64900001480006));
#5761=CARTESIAN_POINT('',(121.,83.832999908,7.64900001480005));
#5762=CARTESIAN_POINT('',(122.,83.832999908,6.64900001480005));
#5763=CARTESIAN_POINT('',(121.,41.916499954,7.64900001480006));
#5764=CARTESIAN_POINT('Origin',(121.5,68.772999908,9.64900001480007));
#5765=CARTESIAN_POINT('',(121.,66.772999908,9.64900001480006));
#5766=CARTESIAN_POINT('',(122.,65.772999908,9.64900001480006));
#5767=CARTESIAN_POINT('',(121.,66.772999908,9.64900001480006));
#5768=CARTESIAN_POINT('Origin',(122.,68.772999908,9.64900001480007));
#5769=CARTESIAN_POINT('Origin',(121.,68.772999908,9.64900001480007));
#5770=CARTESIAN_POINT('Origin',(121.5,66.272999908,4.82450000739994));
#5771=CARTESIAN_POINT('',(121.,66.772999908,12.8290000148001));
#5772=CARTESIAN_POINT('',(122.,65.772999908,12.8290000148001));
#5773=CARTESIAN_POINT('',(121.,66.772999908,12.8290000148001));
#5774=CARTESIAN_POINT('',(122.,65.772999908,4.82450000739994));
#5775=CARTESIAN_POINT('',(121.,66.772999908,4.82450000739994));
#5776=CARTESIAN_POINT('Origin',(121.5,68.772999908,12.8290000148001));
#5777=CARTESIAN_POINT('',(121.,68.772999908,14.8290000148001));
#5778=CARTESIAN_POINT('',(122.,68.772999908,15.8290000148001));
#5779=CARTESIAN_POINT('',(121.,68.772999908,14.8290000148001));
#5780=CARTESIAN_POINT('Origin',(122.,68.772999908,12.8290000148001));
#5781=CARTESIAN_POINT('Origin',(121.,68.772999908,12.8290000148001));
#5782=CARTESIAN_POINT('Origin',(121.5,34.386499954,15.3290000148001));
#5783=CARTESIAN_POINT('',(121.,83.832999908,14.8290000148001));
#5784=CARTESIAN_POINT('',(122.,83.832999908,15.8290000148001));
#5785=CARTESIAN_POINT('',(121.,83.832999908,14.8290000148001));
#5786=CARTESIAN_POINT('',(122.,34.386499954,15.8290000148001));
#5787=CARTESIAN_POINT('',(121.,34.386499954,14.8290000148001));
#5788=CARTESIAN_POINT('Origin',(121.5,83.832999908,12.8290000148001));
#5789=CARTESIAN_POINT('',(121.,85.832999908,12.8290000148001));
#5790=CARTESIAN_POINT('',(122.,86.832999908,12.8290000148001));
#5791=CARTESIAN_POINT('',(121.,85.832999908,12.8290000148001));
#5792=CARTESIAN_POINT('Origin',(122.,83.832999908,12.8290000148001));
#5793=CARTESIAN_POINT('Origin',(121.,83.832999908,12.8290000148001));
#5794=CARTESIAN_POINT('Origin',(121.5,86.332999908,6.41450000740003));
#5795=CARTESIAN_POINT('',(121.,85.832999908,9.64900001480006));
#5796=CARTESIAN_POINT('',(122.,86.832999908,9.64900001480006));
#5797=CARTESIAN_POINT('',(121.,85.832999908,9.64900001480006));
#5798=CARTESIAN_POINT('',(122.,86.832999908,6.41450000740003));
#5799=CARTESIAN_POINT('',(121.,85.832999908,6.41450000740003));
#5800=CARTESIAN_POINT('Origin',(121.5,83.832999908,9.64900001480004));
#5801=CARTESIAN_POINT('Origin',(122.,83.832999908,9.64900001480004));
#5802=CARTESIAN_POINT('Origin',(121.,83.832999908,9.64900001480004));
#5803=CARTESIAN_POINT('Origin',(122.,68.772999908,12.8290000148001));
#5804=CARTESIAN_POINT('',(119.,66.772999908,12.8290000148001));
#5805=CARTESIAN_POINT('',(122.,66.772999908,12.8290000148001));
#5806=CARTESIAN_POINT('',(119.,68.772999908,14.8290000148001));
#5807=CARTESIAN_POINT('Origin',(119.,68.772999908,12.8290000148001));
#5808=CARTESIAN_POINT('',(121.,68.772999908,14.8290000148001));
#5809=CARTESIAN_POINT('Origin',(122.,66.772999908,9.64900001480006));
#5810=CARTESIAN_POINT('',(119.,66.772999908,9.64900001480006));
#5811=CARTESIAN_POINT('',(121.,66.772999908,9.64900001480006));
#5812=CARTESIAN_POINT('',(119.,66.772999908,10.5162727420728));
#5813=CARTESIAN_POINT('Origin',(122.,68.772999908,9.64900001480007));
#5814=CARTESIAN_POINT('',(119.,68.772999908,7.64900001480005));
#5815=CARTESIAN_POINT('',(121.,68.772999908,7.64900001480005));
#5816=CARTESIAN_POINT('Origin',(119.,68.772999908,9.64900001480007));
#5817=CARTESIAN_POINT('Origin',(122.,83.832999908,7.64900001480005));
#5818=CARTESIAN_POINT('',(119.,83.832999908,7.64900001480005));
#5819=CARTESIAN_POINT('',(121.,83.832999908,7.64900001480005));
#5820=CARTESIAN_POINT('',(119.,79.5439089989091,7.64900001480005));
#5821=CARTESIAN_POINT('Origin',(122.,0.,0.));
#5822=CARTESIAN_POINT('',(122.,10.,12.));
#5823=CARTESIAN_POINT('',(122.,10.,0.));
#5824=CARTESIAN_POINT('',(122.,10.,0.));
#5825=CARTESIAN_POINT('',(122.,40.,0.));
#5826=CARTESIAN_POINT('',(122.,0.,0.));
#5827=CARTESIAN_POINT('',(122.,40.,12.));
#5828=CARTESIAN_POINT('',(122.,40.,0.));
#5829=CARTESIAN_POINT('',(122.,41.,12.));
#5830=CARTESIAN_POINT('',(122.,0.,12.));
#5831=CARTESIAN_POINT('',(122.,41.,2.));
#5832=CARTESIAN_POINT('',(122.,41.,2.));
#5833=CARTESIAN_POINT('',(122.,49.,2.));
#5834=CARTESIAN_POINT('',(122.,41.,2.));
#5835=CARTESIAN_POINT('',(122.,49.,12.));
#5836=CARTESIAN_POINT('',(122.,49.,2.));
#5837=CARTESIAN_POINT('',(122.,50.,12.));
#5838=CARTESIAN_POINT('',(122.,0.,12.));
#5839=CARTESIAN_POINT('',(122.,50.,0.));
#5840=CARTESIAN_POINT('',(122.,50.,0.));
#5841=CARTESIAN_POINT('',(122.,172.,0.));
#5842=CARTESIAN_POINT('',(122.,0.,0.));
#5843=CARTESIAN_POINT('',(122.,172.,19.0000000000004));
#5844=CARTESIAN_POINT('',(122.,172.,0.));
#5845=CARTESIAN_POINT('',(122.,72.,49.));
#5846=CARTESIAN_POINT('',(122.,45.7155963302751,56.8853211009174));
#5847=CARTESIAN_POINT('',(122.,0.,49.));
#5848=CARTESIAN_POINT('',(122.,0.,49.));
#5849=CARTESIAN_POINT('',(122.,0.,12.));
#5850=CARTESIAN_POINT('',(122.,0.,0.));
#5851=CARTESIAN_POINT('',(122.,1.,12.));
#5852=CARTESIAN_POINT('',(122.,0.,12.));
#5853=CARTESIAN_POINT('',(122.,1.,2.));
#5854=CARTESIAN_POINT('',(122.,1.,2.));
#5855=CARTESIAN_POINT('',(122.,9.,2.));
#5856=CARTESIAN_POINT('',(122.,9.,2.));
#5857=CARTESIAN_POINT('',(122.,9.,12.));
#5858=CARTESIAN_POINT('',(122.,9.,2.));
#5859=CARTESIAN_POINT('',(122.,0.,12.));
#5860=CARTESIAN_POINT('',(122.,23.5,29.));
#5861=CARTESIAN_POINT('Origin',(122.,21.,29.));
#5862=CARTESIAN_POINT('Origin',(121.75,21.,29.));
#5863=CARTESIAN_POINT('',(121.5,23.,29.));
#5864=CARTESIAN_POINT('',(121.75,23.25,29.));
#5865=CARTESIAN_POINT('Origin',(121.5,21.,29.));
#5866=CARTESIAN_POINT('Origin',(121.,21.,29.));
#5867=CARTESIAN_POINT('',(121.,23.,29.));
#5868=CARTESIAN_POINT('Origin',(121.,21.,29.));
#5869=CARTESIAN_POINT('',(121.,23.,29.));
#5870=CARTESIAN_POINT('Origin',(0.25,21.,29.));
#5871=CARTESIAN_POINT('',(0.,18.5,29.));
#5872=CARTESIAN_POINT('Origin',(0.,21.,29.));
#5873=CARTESIAN_POINT('',(0.5,19.,29.));
#5874=CARTESIAN_POINT('',(0.25,18.75,29.));
#5875=CARTESIAN_POINT('Origin',(0.5,21.,29.));
#5876=CARTESIAN_POINT('Origin',(0.999999999999999,21.,29.));
#5877=CARTESIAN_POINT('',(0.999999999999999,19.,29.));
#5878=CARTESIAN_POINT('Origin',(0.999999999999999,21.,29.));
#5879=CARTESIAN_POINT('',(0.999999999999999,19.,29.));
#5880=CARTESIAN_POINT('Origin',(0.,172.,0.));
#5881=CARTESIAN_POINT('',(0.,50.,0.));
#5882=CARTESIAN_POINT('',(0.,50.,12.));
#5883=CARTESIAN_POINT('',(0.,50.,0.));
#5884=CARTESIAN_POINT('',(0.,49.,12.));
#5885=CARTESIAN_POINT('',(1.11022302462516E-15,86.,12.));
#5886=CARTESIAN_POINT('',(0.,49.,2.));
#5887=CARTESIAN_POINT('',(0.,49.,2.));
#5888=CARTESIAN_POINT('',(0.,41.,2.));
#5889=CARTESIAN_POINT('',(0.,41.,2.));
#5890=CARTESIAN_POINT('',(0.,41.,12.));
#5891=CARTESIAN_POINT('',(0.,41.,2.));
#5892=CARTESIAN_POINT('',(0.,40.,12.));
#5893=CARTESIAN_POINT('',(1.11022302462516E-15,86.,12.));
#5894=CARTESIAN_POINT('',(0.,40.,0.));
#5895=CARTESIAN_POINT('',(0.,40.,0.));
#5896=CARTESIAN_POINT('',(0.,10.,0.));
#5897=CARTESIAN_POINT('',(0.,172.,0.));
#5898=CARTESIAN_POINT('',(0.,10.,12.));
#5899=CARTESIAN_POINT('',(0.,10.,0.));
#5900=CARTESIAN_POINT('',(0.,9.,12.));
#5901=CARTESIAN_POINT('',(1.11022302462516E-15,86.,12.));
#5902=CARTESIAN_POINT('',(0.,9.,2.));
#5903=CARTESIAN_POINT('',(0.,9.,2.));
#5904=CARTESIAN_POINT('',(0.,1.,2.));
#5905=CARTESIAN_POINT('',(0.,9.,2.));
#5906=CARTESIAN_POINT('',(0.,1.,12.));
#5907=CARTESIAN_POINT('',(0.,1.,2.));
#5908=CARTESIAN_POINT('',(0.,0.,12.));
#5909=CARTESIAN_POINT('',(1.11022302462516E-15,86.,12.));
#5910=CARTESIAN_POINT('',(0.,0.,49.));
#5911=CARTESIAN_POINT('',(0.,0.,0.));
#5912=CARTESIAN_POINT('',(0.,72.,49.));
#5913=CARTESIAN_POINT('',(0.,172.,49.));
#5914=CARTESIAN_POINT('',(0.,172.,19.0000000000004));
#5915=CARTESIAN_POINT('',(0.,124.614678899083,33.2155963302754));
#5916=CARTESIAN_POINT('',(0.,172.,0.));
#5917=CARTESIAN_POINT('',(0.,172.,0.));
#5918=CARTESIAN_POINT('',(0.,172.,0.));
#5919=CARTESIAN_POINT('Origin',(4.,17.5,26.9792740578363));
#5920=CARTESIAN_POINT('',(4.,17.5,26.9792740578363));
#5921=CARTESIAN_POINT('',(4.,17.5,31.0207259421637));
#5922=CARTESIAN_POINT('',(4.,17.5,27.9896370289182));
#5923=CARTESIAN_POINT('',(0.999999999999999,17.5,26.9792740578363));
#5924=CARTESIAN_POINT('',(4.,17.5,26.9792740578363));
#5925=CARTESIAN_POINT('',(0.999999999999999,17.5,31.0207259421637));
#5926=CARTESIAN_POINT('',(0.999999999999999,17.5,31.0207259421637));
#5927=CARTESIAN_POINT('',(4.,17.5,31.0207259421637));
#5928=CARTESIAN_POINT('Origin',(4.,21.,24.9585481156726));
#5929=CARTESIAN_POINT('',(4.,21.,24.9585481156726));
#5930=CARTESIAN_POINT('',(4.,20.125,25.4637296012135));
#5931=CARTESIAN_POINT('',(0.999999999999999,21.,24.9585481156726));
#5932=CARTESIAN_POINT('',(4.,21.,24.9585481156726));
#5933=CARTESIAN_POINT('',(0.999999999999999,17.5,26.9792740578363));
#5934=CARTESIAN_POINT('Origin',(4.,24.5,26.9792740578363));
#5935=CARTESIAN_POINT('',(4.,24.5,26.9792740578363));
#5936=CARTESIAN_POINT('',(4.,23.625,26.4740925722954));
#5937=CARTESIAN_POINT('',(0.999999999999999,24.5,26.9792740578363));
#5938=CARTESIAN_POINT('',(4.,24.5,26.9792740578363));
#5939=CARTESIAN_POINT('',(0.999999999999999,21.,24.9585481156726));
#5940=CARTESIAN_POINT('Origin',(4.,24.5,31.0207259421637));
#5941=CARTESIAN_POINT('',(4.,24.5,31.0207259421637));
#5942=CARTESIAN_POINT('',(4.,24.5,30.0103629710819));
#5943=CARTESIAN_POINT('',(0.999999999999999,24.5,31.0207259421637));
#5944=CARTESIAN_POINT('',(4.,24.5,31.0207259421637));
#5945=CARTESIAN_POINT('',(0.999999999999999,24.5,26.9792740578363));
#5946=CARTESIAN_POINT('Origin',(4.,21.,33.0414518843274));
#5947=CARTESIAN_POINT('',(4.,21.,33.0414518843274));
#5948=CARTESIAN_POINT('',(4.,21.875,32.5362703987865));
#5949=CARTESIAN_POINT('',(0.999999999999999,21.,33.0414518843274));
#5950=CARTESIAN_POINT('',(4.,21.,33.0414518843274));
#5951=CARTESIAN_POINT('',(0.999999999999999,24.5,31.0207259421637));
#5952=CARTESIAN_POINT('Origin',(4.,17.5,31.0207259421637));
#5953=CARTESIAN_POINT('',(4.,18.375,31.5259074277046));
#5954=CARTESIAN_POINT('',(0.999999999999999,21.,33.0414518843274));
#5955=CARTESIAN_POINT('Origin',(0.999999999999999,21.,29.));
#5956=CARTESIAN_POINT('Origin',(1.,29.5,24.0925227118882));
#5957=CARTESIAN_POINT('',(1.99950189231017,28.5004981076898,26.2023504826319));
#5958=CARTESIAN_POINT('',(1.,29.5,24.9356702784441));
#5959=CARTESIAN_POINT('Ctrl Pts',(1.99950189231017,28.5004981076898,26.2023504826319));
#5960=CARTESIAN_POINT('Ctrl Pts',(1.83288619048273,28.6671138095173,25.9911964939947));
#5961=CARTESIAN_POINT('Ctrl Pts',(1.66627048865714,28.8337295113592,25.7800425053675));
#5962=CARTESIAN_POINT('Ctrl Pts',(1.33310319122042,29.1668968087959,25.3578157706383));
#5963=CARTESIAN_POINT('Ctrl Pts',(1.16655159560928,29.3334484043907,25.1467430245362));
#5964=CARTESIAN_POINT('Ctrl Pts',(1.,29.5,24.9356702784441));
#5965=CARTESIAN_POINT('',(1.99950189231017,28.5004981076898,28.204858969106));
#5966=CARTESIAN_POINT('Ctrl Pts',(1.99950189231017,28.5004981076898,28.204858969106));
#5967=CARTESIAN_POINT('Ctrl Pts',(1.99950189231017,28.5004981076898,27.8711075546936));
#5968=CARTESIAN_POINT('Ctrl Pts',(1.99950189231017,28.5004981076898,27.5373561402813));
#5969=CARTESIAN_POINT('Ctrl Pts',(1.99950189231017,28.5004981076898,26.8698533114566));
#5970=CARTESIAN_POINT('Ctrl Pts',(1.99950189231017,28.5004981076898,26.5361018970442));
#5971=CARTESIAN_POINT('Ctrl Pts',(1.99950189231017,28.5004981076898,26.2023504826319));
#5972=CARTESIAN_POINT('',(1.,29.5,29.2464788732394));
#5973=CARTESIAN_POINT('Ctrl Pts',(1.,29.5,29.2464788732394));
#5974=CARTESIAN_POINT('Ctrl Pts',(1.16662201163455,29.3333779883654,29.0728355763927));
#5975=CARTESIAN_POINT('Ctrl Pts',(1.33324402326123,29.1667559767224,28.8991922795465));
#5976=CARTESIAN_POINT('Ctrl Pts',(1.66641132069796,28.8335886792857,28.5519856448354));
#5977=CARTESIAN_POINT('Ctrl Pts',(1.832956606508,28.667043393492,28.3784223069704));
#5978=CARTESIAN_POINT('Ctrl Pts',(1.99950189231017,28.5004981076898,28.204858969106));
#5979=CARTESIAN_POINT('',(1.,29.5,33.9074772881118));
#5980=CARTESIAN_POINT('',(1.,29.5,13.0462613559441));
#5981=CARTESIAN_POINT('',(4.,26.5,32.1754264805429));
#5982=CARTESIAN_POINT('',(1.,29.5,33.9074772881118));
#5983=CARTESIAN_POINT('',(4.,26.5,25.8245735194571));
#5984=CARTESIAN_POINT('',(4.,26.5,25.8245735194571));
#5985=CARTESIAN_POINT('',(1.,29.5,24.0925227118882));
#5986=CARTESIAN_POINT('',(1.,29.5,24.0925227118882));
#5987=CARTESIAN_POINT('',(1.,29.5,13.0462613559441));
#5988=CARTESIAN_POINT('Origin',(4.,21.,29.));
#5989=CARTESIAN_POINT('',(4.,21.,35.3508529610859));
#5990=CARTESIAN_POINT('',(4.,15.5,32.1754264805429));
#5991=CARTESIAN_POINT('',(4.,21.,35.3508529610859));
#5992=CARTESIAN_POINT('',(4.,15.5,25.8245735194571));
#5993=CARTESIAN_POINT('',(4.,15.5,32.1754264805429));
#5994=CARTESIAN_POINT('',(4.,21.,22.6491470389141));
#5995=CARTESIAN_POINT('',(4.,15.5,25.8245735194571));
#5996=CARTESIAN_POINT('',(4.,21.,22.6491470389141));
#5997=CARTESIAN_POINT('',(4.,26.5,32.1754264805429));
#5998=CARTESIAN_POINT('Origin',(1.,21.,38.8149545762236));
#5999=CARTESIAN_POINT('',(1.,12.5,33.9074772881118));
#6000=CARTESIAN_POINT('',(1.,21.,38.8149545762236));
#6001=CARTESIAN_POINT('',(1.,5.52932852445505,29.8829582352735));
#6002=CARTESIAN_POINT('',(1.,12.5,33.9074772881118));
#6003=CARTESIAN_POINT('',(1.,21.,38.8149545762236));
#6004=CARTESIAN_POINT('Origin',(1.,12.5,33.9074772881118));
#6005=CARTESIAN_POINT('',(1.,12.5,24.0925227118882));
#6006=CARTESIAN_POINT('',(1.,12.5,17.9537386440559));
#6007=CARTESIAN_POINT('',(1.,12.5,24.0925227118882));
#6008=CARTESIAN_POINT('Origin',(1.,12.5,24.0925227118882));
#6009=CARTESIAN_POINT('',(1.,19.2723746696002,20.1824903733415));
#6010=CARTESIAN_POINT('',(1.99938988187521,18.7186813892639,21.6561613724442));
#6011=CARTESIAN_POINT('Ctrl Pts',(1.,19.2723746696002,20.1824903733415));
#6012=CARTESIAN_POINT('Ctrl Pts',(1.16657563786292,19.1800865515943,20.4281179218364));
#6013=CARTESIAN_POINT('Ctrl Pts',(1.33315127572594,19.0877984335855,20.6737454703302));
#6014=CARTESIAN_POINT('Ctrl Pts',(1.66628123635101,18.9032340068067,21.1649691366977));
#6015=CARTESIAN_POINT('Ctrl Pts',(1.83283555911305,18.8109576980367,21.4105652545716));
#6016=CARTESIAN_POINT('Ctrl Pts',(1.9993898818752,18.7186813892639,21.6561613724442));
#6017=CARTESIAN_POINT('',(1.,21.,19.1850454237764));
#6018=CARTESIAN_POINT('',(0.999999999999999,12.970671475545,23.8207804087824));
#6019=CARTESIAN_POINT('',(1.,21.,19.1850454237764));
#6020=CARTESIAN_POINT('',(1.,15.1363587632523,22.570420270244));
#6021=CARTESIAN_POINT('',(0.999999999999999,12.970671475545,23.8207804087824));
#6022=CARTESIAN_POINT('',(1.99936788062949,16.7973233198727,22.7654325661667));
#6023=CARTESIAN_POINT('Ctrl Pts',(1.9993678806295,16.7973233198727,22.7654325661667));
#6024=CARTESIAN_POINT('Ctrl Pts',(1.83270173068941,16.5203216539151,22.7329100595078));
#6025=CARTESIAN_POINT('Ctrl Pts',(1.6660355807839,16.24331998794,22.7003875528209));
#6026=CARTESIAN_POINT('Ctrl Pts',(1.33291295390741,15.6896651357333,22.63538345418));
#6027=CARTESIAN_POINT('Ctrl Pts',(1.16645647693642,15.4130119495015,22.6029018622261));
#6028=CARTESIAN_POINT('Ctrl Pts',(1.,15.1363587632523,22.570420270244));
#6029=CARTESIAN_POINT('Ctrl Pts',(1.9993898818752,18.7186813892639,21.6561613724442));
#6030=CARTESIAN_POINT('Ctrl Pts',(1.99938621221312,18.3982115874978,21.8411804614002));
#6031=CARTESIAN_POINT('Ctrl Pts',(1.99938254255104,18.0777417856794,22.0261995502656));
#6032=CARTESIAN_POINT('Ctrl Pts',(1.99937520880247,17.4372890958823,22.3959566148398));
#6033=CARTESIAN_POINT('Ctrl Pts',(1.99937154471598,17.1173062079037,22.5806945905485));
#6034=CARTESIAN_POINT('Ctrl Pts',(1.9993678806295,16.7973233198727,22.7654325661667));
#6035=CARTESIAN_POINT('Origin',(1.,21.,19.1850454237764));
#6036=CARTESIAN_POINT('',(1.,9.77932852445504,12.7067877268821));
#6037=CARTESIAN_POINT('Origin',(1.,29.5,33.9074772881118));
#6038=CARTESIAN_POINT('',(1.,25.720671475545,36.0894736290619));
#6039=CARTESIAN_POINT('Origin',(1.,1.00000000000001,2.));
#6040=CARTESIAN_POINT('',(1.,62.7216999876164,44.6875506984696));
#6041=CARTESIAN_POINT('Ctrl Pts',(1.,29.5,29.2464788732394));
#6042=CARTESIAN_POINT('Ctrl Pts',(1.,40.5738999958721,34.3935028149828));
#6043=CARTESIAN_POINT('Ctrl Pts',(1.,51.6477999917443,39.5405267567262));
#6044=CARTESIAN_POINT('Ctrl Pts',(1.,62.7216999876164,44.6875506984696));
#6045=CARTESIAN_POINT('',(0.999999999999996,0.999999999999996,44.6905989232415));
#6046=CARTESIAN_POINT('Ctrl Pts',(1.,62.7216999876164,44.6875506984696));
#6047=CARTESIAN_POINT('Ctrl Pts',(0.999999999999999,42.1477999917443,44.6885667733936));
#6048=CARTESIAN_POINT('Ctrl Pts',(0.999999999999997,21.5738999958721,44.6895828483176));
#6049=CARTESIAN_POINT('Ctrl Pts',(0.999999999999996,0.999999999999996,44.6905989232415));
#6050=CARTESIAN_POINT('',(0.999999999999996,0.999999999999996,16.));
#6051=CARTESIAN_POINT('',(1.,0.999999999999996,9.));
#6052=CARTESIAN_POINT('Ctrl Pts',(1.,0.999999999999996,16.));
#6053=CARTESIAN_POINT('Ctrl Pts',(1.,5.71211958775077,18.1901400900813));
#6054=CARTESIAN_POINT('Ctrl Pts',(1.,10.4242391755016,20.3802801801627));
#6055=CARTESIAN_POINT('Ctrl Pts',(1.,15.1363587632523,22.570420270244));
#6056=CARTESIAN_POINT('Ctrl Pts',(1.,72.,44.6870924747988));
#6057=CARTESIAN_POINT('Ctrl Pts',(1.,57.5001660358966,37.9484491241623));
#6058=CARTESIAN_POINT('Ctrl Pts',(1.,43.0003320717932,31.2098057735259));
#6059=CARTESIAN_POINT('Ctrl Pts',(1.,28.5004981076898,24.4711624228894));
#6060=CARTESIAN_POINT('Ctrl Pts',(1.33333333333334,72.,45.2644427439884));
#6061=CARTESIAN_POINT('Ctrl Pts',(1.33327798803447,57.5001660358966,38.5257035324823));
#6062=CARTESIAN_POINT('Ctrl Pts',(1.3332226427356,43.0003320717932,31.7869643209763));
#6063=CARTESIAN_POINT('Ctrl Pts',(1.33316729743673,28.5004981076898,25.0482251094702));
#6064=CARTESIAN_POINT('Ctrl Pts',(1.66666666666667,72.,45.841793013178));
#6065=CARTESIAN_POINT('Ctrl Pts',(1.66655597606893,57.5001660358966,39.1029579408024));
#6066=CARTESIAN_POINT('Ctrl Pts',(1.66644528547119,43.0003320717932,32.3641228684267));
#6067=CARTESIAN_POINT('Ctrl Pts',(1.66633459487345,28.5004981076898,25.625287796051));
#6068=CARTESIAN_POINT('Ctrl Pts',(2.00000000000001,72.,46.4191432823677));
#6069=CARTESIAN_POINT('Ctrl Pts',(1.9998339641034,57.5001660358966,39.6802123491224));
#6070=CARTESIAN_POINT('Ctrl Pts',(1.99966792820679,43.0003320717932,32.9412814158771));
#6071=CARTESIAN_POINT('Ctrl Pts',(1.99950189231017,28.5004981076898,26.2023504826319));
#6072=CARTESIAN_POINT('',(1.,72.,44.6870924747988));
#6073=CARTESIAN_POINT('Ctrl Pts',(1.,72.,44.6870924747988));
#6074=CARTESIAN_POINT('Ctrl Pts',(1.,57.8333333333333,38.1032850760139));
#6075=CARTESIAN_POINT('Ctrl Pts',(1.,43.6666666666667,31.519477677229));
#6076=CARTESIAN_POINT('Ctrl Pts',(1.,29.5,24.9356702784441));
#6077=CARTESIAN_POINT('',(2.00000000000001,72.,46.4191432823677));
#6078=CARTESIAN_POINT('Ctrl Pts',(2.00000000000001,71.9999999999999,46.4191432823676));
#6079=CARTESIAN_POINT('Ctrl Pts',(1.66666666666667,72.,45.841793013178));
#6080=CARTESIAN_POINT('Ctrl Pts',(1.33333333333334,72.,45.2644427439884));
#6081=CARTESIAN_POINT('Ctrl Pts',(1.,72.,44.6870924747988));
#6082=CARTESIAN_POINT('Ctrl Pts',(2.00000000000001,72.,46.4191432823677));
#6083=CARTESIAN_POINT('Ctrl Pts',(1.9998339641034,57.5001660358966,39.6802123491224));
#6084=CARTESIAN_POINT('Ctrl Pts',(1.99966792820679,43.0003320717932,32.9412814158771));
#6085=CARTESIAN_POINT('Ctrl Pts',(1.99950189231017,28.5004981076898,26.2023504826319));
#6086=CARTESIAN_POINT('Ctrl Pts',(1.99995064255393,67.6896382789647,46.4192706668639));
#6087=CARTESIAN_POINT('Ctrl Pts',(1.99980105913934,54.6265915552064,40.3478001009446));
#6088=CARTESIAN_POINT('Ctrl Pts',(1.99965147572476,41.5635448314481,34.2763295350253));
#6089=CARTESIAN_POINT('Ctrl Pts',(1.99950189231017,28.5004981076898,28.204858969106));
#6090=CARTESIAN_POINT('Ctrl Pts',(1.66663376170262,67.6896382789647,46.6117112577489));
#6091=CARTESIAN_POINT('Ctrl Pts',(1.66653403942623,54.6265915552064,40.540211904488));
#6092=CARTESIAN_POINT('Ctrl Pts',(1.66643431714984,41.5635448314481,34.4687125512271));
#6093=CARTESIAN_POINT('Ctrl Pts',(1.66633459487345,28.5004981076898,28.3972131979663));
#6094=CARTESIAN_POINT('Ctrl Pts',(1.33331688085131,67.6896382789647,46.8041518486338));
#6095=CARTESIAN_POINT('Ctrl Pts',(1.33326701971311,54.6265915552064,40.7326237080314));
#6096=CARTESIAN_POINT('Ctrl Pts',(1.33321715857492,41.5635448314481,34.661095567429));
#6097=CARTESIAN_POINT('Ctrl Pts',(1.33316729743672,28.5004981076898,28.5895674268265));
#6098=CARTESIAN_POINT('Ctrl Pts',(1.,67.6896382789647,46.9965924395188));
#6099=CARTESIAN_POINT('Ctrl Pts',(1.,54.6265915552064,40.9250355115748));
#6100=CARTESIAN_POINT('Ctrl Pts',(1.,41.5635448314481,34.8534785836308));
#6101=CARTESIAN_POINT('Ctrl Pts',(1.,28.5004981076898,28.7819216556868));
#6102=CARTESIAN_POINT('',(1.99995064255393,67.6896382789647,46.4192706668639));
#6103=CARTESIAN_POINT('Ctrl Pts',(1.99995064255393,67.6896382789647,46.4192706668639));
#6104=CARTESIAN_POINT('Ctrl Pts',(1.99980105913934,54.6265915552064,40.3478001009446));
#6105=CARTESIAN_POINT('Ctrl Pts',(1.99965147572476,41.5635448314481,34.2763295350253));
#6106=CARTESIAN_POINT('Ctrl Pts',(1.99950189231017,28.5004981076898,28.204858969106));
#6107=CARTESIAN_POINT('Ctrl Pts',(1.,62.7216999876164,44.6875506984696));
#6108=CARTESIAN_POINT('Ctrl Pts',(1.16584179512499,63.5456324591263,44.9747564224229));
#6109=CARTESIAN_POINT('Ctrl Pts',(1.33168359064473,64.3695649306362,45.2619621461484));
#6110=CARTESIAN_POINT('Ctrl Pts',(1.49752538576972,65.1934974021461,45.5491678701017));
#6111=CARTESIAN_POINT('Ctrl Pts',(1.66500047149604,66.0255443610856,45.8392021356131));
#6112=CARTESIAN_POINT('Ctrl Pts',(1.83247555682761,66.8575913200252,46.1292364013525));
#6113=CARTESIAN_POINT('Ctrl Pts',(1.99995064255393,67.6896382789647,46.4192706668639));
#6114=CARTESIAN_POINT('Ctrl Pts',(1.9993678806295,16.7973233198727,22.7654325661667));
#6115=CARTESIAN_POINT('Ctrl Pts',(1.99930758286453,11.5315488799151,20.317994752075));
#6116=CARTESIAN_POINT('Ctrl Pts',(1.99924728509955,6.26577443995755,17.8705569379833));
#6117=CARTESIAN_POINT('Ctrl Pts',(1.99918698733458,0.999999999999996,15.4231191238916));
#6118=CARTESIAN_POINT('Ctrl Pts',(1.666245253753,16.7973233198727,22.957761004467));
#6119=CARTESIAN_POINT('Ctrl Pts',(1.66620505524302,11.5315488799151,20.510311586065));
#6120=CARTESIAN_POINT('Ctrl Pts',(1.66616485673304,6.26577443995755,18.062862167663));
#6121=CARTESIAN_POINT('Ctrl Pts',(1.66612465822305,0.999999999999996,15.6154127492611));
#6122=CARTESIAN_POINT('Ctrl Pts',(1.3331226268765,16.7973233198727,23.1500894427673));
#6123=CARTESIAN_POINT('Ctrl Pts',(1.33310252762151,11.5315488799151,20.702628420055));
#6124=CARTESIAN_POINT('Ctrl Pts',(1.33308242836652,6.26577443995756,18.2551673973428));
#6125=CARTESIAN_POINT('Ctrl Pts',(1.33306232911153,0.999999999999996,15.8077063746305));
#6126=CARTESIAN_POINT('Ctrl Pts',(1.,16.7973233198727,23.3424178810676));
#6127=CARTESIAN_POINT('Ctrl Pts',(1.,11.5315488799151,20.894945254045));
#6128=CARTESIAN_POINT('Ctrl Pts',(1.,6.26577443995755,18.4474726270225));
#6129=CARTESIAN_POINT('Ctrl Pts',(1.,0.999999999999996,16.));
#6130=CARTESIAN_POINT('',(1.83316487376728,1.99999999999999,15.9837607682455));
#6131=CARTESIAN_POINT('Ctrl Pts',(1.83316487376728,1.99999999999999,15.9837607682455));
#6132=CARTESIAN_POINT('Ctrl Pts',(1.72202306029799,1.86660285741553,15.9859270353633));
#6133=CARTESIAN_POINT('Ctrl Pts',(1.61088124682309,1.73320571483583,15.9880933024866));
#6134=CARTESIAN_POINT('Ctrl Pts',(1.33315962223399,1.3998723815025,15.9935063797381));
#6135=CARTESIAN_POINT('Ctrl Pts',(1.1665798111239,1.19993619074539,15.9967531898624));
#6136=CARTESIAN_POINT('Ctrl Pts',(1.,0.999999999999996,16.));
#6137=CARTESIAN_POINT('',(1.99919843821719,2.00000000000002,15.8879012451158));
#6138=CARTESIAN_POINT('Ctrl Pts',(1.99919843821719,2.00000000000002,15.8879012451158));
#6139=CARTESIAN_POINT('Ctrl Pts',(1.94385391673389,2.00000000000002,15.9198544194924));
#6140=CARTESIAN_POINT('Ctrl Pts',(1.88850939525058,1.99999999999999,15.9518075938689));
#6141=CARTESIAN_POINT('Ctrl Pts',(1.83316487376728,1.99999999999999,15.9837607682455));
#6142=CARTESIAN_POINT('Ctrl Pts',(1.99936788062949,16.7973233198727,22.7654325661666));
#6143=CARTESIAN_POINT('Ctrl Pts',(1.99931139982539,11.8648822132484,20.4729221258164));
#6144=CARTESIAN_POINT('Ctrl Pts',(1.99925491902129,6.93244110662423,18.1804116854661));
#6145=CARTESIAN_POINT('Ctrl Pts',(1.99919843821719,2.00000000000002,15.8879012451158));
#6146=CARTESIAN_POINT('Ctrl Pts',(2.00000000000001,72.,46.4191432823677));
#6147=CARTESIAN_POINT('Ctrl Pts',(1.9998339641034,57.5001660358966,39.6802123491224));
#6148=CARTESIAN_POINT('Ctrl Pts',(1.99966792820679,43.0003320717932,32.9412814158771));
#6149=CARTESIAN_POINT('Ctrl Pts',(1.99950189231017,28.5004981076898,26.2023504826319));
#6150=CARTESIAN_POINT('Ctrl Pts',(2.00000000000001,72.,47.0869787651819));
#6151=CARTESIAN_POINT('Ctrl Pts',(1.9998339641034,57.5001660358966,40.3479369472735));
#6152=CARTESIAN_POINT('Ctrl Pts',(1.99966792820679,43.0003320717932,33.608895129365));
#6153=CARTESIAN_POINT('Ctrl Pts',(1.99950189231017,28.5004981076898,26.8698533114566));
#6154=CARTESIAN_POINT('Ctrl Pts',(2.00000000000001,72.,47.7548142479961));
#6155=CARTESIAN_POINT('Ctrl Pts',(1.9998339641034,57.5001660358966,41.0156615454245));
#6156=CARTESIAN_POINT('Ctrl Pts',(1.99966792820679,43.0003320717932,34.2765088428529));
#6157=CARTESIAN_POINT('Ctrl Pts',(1.99950189231017,28.5004981076898,27.5373561402813));
#6158=CARTESIAN_POINT('Ctrl Pts',(2.00000000000001,72.,48.4226497308104));
#6159=CARTESIAN_POINT('Ctrl Pts',(1.9998339641034,57.5001660358966,41.6833861435756));
#6160=CARTESIAN_POINT('Ctrl Pts',(1.99966792820679,43.0003320717932,34.9441225563408));
#6161=CARTESIAN_POINT('Ctrl Pts',(1.99950189231017,28.5004981076898,28.204858969106));
#6162=CARTESIAN_POINT('Ctrl Pts',(1.99995064255393,67.6896382789647,46.4192706668639));
#6163=CARTESIAN_POINT('Ctrl Pts',(1.99995883838667,68.4053763599888,46.4192495145939));
#6164=CARTESIAN_POINT('Ctrl Pts',(1.99996703421942,69.1211144410128,46.419228361725));
#6165=CARTESIAN_POINT('Ctrl Pts',(1.99997523005217,69.8368525220369,46.419207209455));
#6166=CARTESIAN_POINT('Ctrl Pts',(1.99998348670145,70.5579016813579,46.4191859002262));
#6167=CARTESIAN_POINT('Ctrl Pts',(1.99999174335073,71.2789508406789,46.4191645915964));
#6168=CARTESIAN_POINT('Ctrl Pts',(2.00000000000001,71.9999999999999,46.4191432823676));
#6169=CARTESIAN_POINT('Ctrl Pts',(1.9993898818752,18.7186813892639,21.6561613724442));
#6170=CARTESIAN_POINT('Ctrl Pts',(1.99932543609585,13.0906628737542,19.040488106051));
#6171=CARTESIAN_POINT('Ctrl Pts',(1.99926099031649,7.46264435824448,16.4248148396578));
#6172=CARTESIAN_POINT('Ctrl Pts',(1.99919654453713,1.83462584273475,13.8091415732646));
#6173=CARTESIAN_POINT('Ctrl Pts',(1.9993898818752,18.7186813892639,22.323589396726));
#6174=CARTESIAN_POINT('Ctrl Pts',(1.99932543609585,13.0906628737542,19.7078730911546));
#6175=CARTESIAN_POINT('Ctrl Pts',(1.99926099031649,7.46264435824447,17.0921567855832));
#6176=CARTESIAN_POINT('Ctrl Pts',(1.99919654453713,1.83462584273475,14.4764404800119));
#6177=CARTESIAN_POINT('Ctrl Pts',(1.9993898818752,18.7186813892639,22.9910174210078));
#6178=CARTESIAN_POINT('Ctrl Pts',(1.99932543609585,13.0906628737542,20.3752580762582));
#6179=CARTESIAN_POINT('Ctrl Pts',(1.99926099031649,7.46264435824448,17.7594987315087));
#6180=CARTESIAN_POINT('Ctrl Pts',(1.99919654453713,1.83462584273475,15.1437393867591));
#6181=CARTESIAN_POINT('Ctrl Pts',(1.9993898818752,18.7186813892639,23.6584454452896));
#6182=CARTESIAN_POINT('Ctrl Pts',(1.99932543609585,13.0906628737542,21.0426430613618));
#6183=CARTESIAN_POINT('Ctrl Pts',(1.99926099031649,7.46264435824448,18.4268406774341));
#6184=CARTESIAN_POINT('Ctrl Pts',(1.99919654453713,1.83462584273475,15.8110382935064));
#6185=CARTESIAN_POINT('',(1.9991984382172,2.,14.0955792912424));
#6186=CARTESIAN_POINT('Ctrl Pts',(1.9991984382172,2.,14.0955792912424));
#6187=CARTESIAN_POINT('Ctrl Pts',(1.9991984382172,2.,14.3593698568266));
#6188=CARTESIAN_POINT('Ctrl Pts',(1.99919843821719,2.00000000000001,14.6231604224107));
#6189=CARTESIAN_POINT('Ctrl Pts',(1.99919843821719,2.00000000000001,15.2206010737018));
#6190=CARTESIAN_POINT('Ctrl Pts',(1.99919843821719,2.00000000000002,15.5542511594088));
#6191=CARTESIAN_POINT('Ctrl Pts',(1.99919843821719,2.00000000000002,15.8879012451158));
#6192=CARTESIAN_POINT('',(1.99919654453713,1.83462584273476,13.8091415732646));
#6193=CARTESIAN_POINT('Ctrl Pts',(1.99919654453713,1.83462584273475,13.8091415732646));
#6194=CARTESIAN_POINT('Ctrl Pts',(1.99919717576382,1.88975056182317,13.9046208125905));
#6195=CARTESIAN_POINT('Ctrl Pts',(1.99919780699051,1.94487528091404,14.0001000519151));
#6196=CARTESIAN_POINT('Ctrl Pts',(1.9991984382172,2.,14.0955792912424));
#6197=CARTESIAN_POINT('Ctrl Pts',(1.9993898818752,18.7186813892639,21.6561613724442));
#6198=CARTESIAN_POINT('Ctrl Pts',(1.99932543609585,13.0906628737542,19.040488106051));
#6199=CARTESIAN_POINT('Ctrl Pts',(1.99926099031649,7.46264435824448,16.4248148396578));
#6200=CARTESIAN_POINT('Ctrl Pts',(1.99919654453713,1.83462584273477,13.8091415732646));
#6201=CARTESIAN_POINT('Origin',(50.,2.,46.4226497308104));
#6202=CARTESIAN_POINT('',(49.,2.,45.7491803430554));
#6203=CARTESIAN_POINT('',(50.,0.999999999999996,44.6905989232415));
#6204=CARTESIAN_POINT('',(48.8150705861597,2.18492941384031,45.9449431845238));
#6205=CARTESIAN_POINT('',(0.999999999999996,0.999999999999996,11.6905989232415));
#6206=CARTESIAN_POINT('',(64.9342446557245,1.,54.7483555281173));
#6207=CARTESIAN_POINT('Ctrl Pts',(1.,0.999999999999996,11.6905989232415));
#6208=CARTESIAN_POINT('Ctrl Pts',(1.16650895184434,1.13908442239494,12.0436388912253));
#6209=CARTESIAN_POINT('Ctrl Pts',(1.33301790369149,1.27816884478268,12.3966788592106));
#6210=CARTESIAN_POINT('Ctrl Pts',(1.66608341853721,1.5563774590276,13.1028597425516));
#6211=CARTESIAN_POINT('Ctrl Pts',(1.83263998153577,1.69550165088478,13.4560006579073));
#6212=CARTESIAN_POINT('Ctrl Pts',(1.99919654453713,1.83462584273475,13.8091415732646));
#6213=CARTESIAN_POINT('',(50.,2.,46.4226497308104));
#6214=CARTESIAN_POINT('Origin',(121.,1.99999999999999,48.4226497308104));
#6215=CARTESIAN_POINT('',(73.,2.,45.7491803430554));
#6216=CARTESIAN_POINT('',(73.,1.99999999999999,48.4226497308104));
#6217=CARTESIAN_POINT('',(73.,2.,48.7113248654052));
#6218=CARTESIAN_POINT('',(119.999999998311,1.99999999999999,48.4226497298354));
#6219=CARTESIAN_POINT('',(121.,1.99999999999999,48.4226497308104));
#6220=CARTESIAN_POINT('',(119.999999998311,2.,46.4226497174156));
#6221=CARTESIAN_POINT('Ctrl Pts',(119.999999998311,1.99999999999999,48.4226497298354));
#6222=CARTESIAN_POINT('Ctrl Pts',(119.999999998311,1.99999999999999,48.0893163944321));
#6223=CARTESIAN_POINT('Ctrl Pts',(119.999999998311,1.99999999999999,47.7559830590288));
#6224=CARTESIAN_POINT('Ctrl Pts',(119.999999998311,2.,47.0893163882222));
#6225=CARTESIAN_POINT('Ctrl Pts',(119.999999998311,2.,46.7559830528189));
#6226=CARTESIAN_POINT('Ctrl Pts',(119.999999998311,2.,46.4226497174156));
#6227=CARTESIAN_POINT('',(74.9696969696969,1.99999999999999,46.4226497308104));
#6228=CARTESIAN_POINT('',(121.,2.,46.4226497308104));
#6229=CARTESIAN_POINT('',(120.166835126233,1.99999999999999,15.9837607682455));
#6230=CARTESIAN_POINT('',(72.,1.99999999999999,48.4226497308104));
#6231=CARTESIAN_POINT('',(119.999991850203,2.00000000000002,15.8874337579173));
#6232=CARTESIAN_POINT('Ctrl Pts',(120.166835126233,1.99999999999999,15.9837607682455));
#6233=CARTESIAN_POINT('Ctrl Pts',(120.111220700889,1.99999999999999,15.9516517648027));
#6234=CARTESIAN_POINT('Ctrl Pts',(120.055606275546,2.00000000000002,15.91954276136));
#6235=CARTESIAN_POINT('Ctrl Pts',(119.999991850203,2.00000000000002,15.8874337579173));
#6236=CARTESIAN_POINT('',(119.999991850203,2.,14.0961246072043));
#6237=CARTESIAN_POINT('',(119.999991850203,1.99999999999999,48.4226497308104));
#6238=CARTESIAN_POINT('',(72.,2.,46.4226497308104));
#6239=CARTESIAN_POINT('Origin',(121.,0.999999999999996,49.));
#6240=CARTESIAN_POINT('',(72.,1.,49.));
#6241=CARTESIAN_POINT('',(83.698226315937,12.6982263159371,42.2460258874526));
#6242=CARTESIAN_POINT('',(121.,1.00000000000001,49.));
#6243=CARTESIAN_POINT('',(1.,0.999999999999996,49.));
#6244=CARTESIAN_POINT('Ctrl Pts',(121.,0.999999999999996,49.));
#6245=CARTESIAN_POINT('Ctrl Pts',(120.833366388858,1.16663361114156,48.9037940397514));
#6246=CARTESIAN_POINT('Ctrl Pts',(120.666732777717,1.33326722228313,48.8075880795028));
#6247=CARTESIAN_POINT('Ctrl Pts',(120.333399443821,1.66660055617935,48.6151379894479));
#6248=CARTESIAN_POINT('Ctrl Pts',(120.166699721066,1.833300278934,48.5188938596417));
#6249=CARTESIAN_POINT('Ctrl Pts',(119.999999998311,2.00000000168865,48.4226497298354));
#6250=CARTESIAN_POINT('Origin',(51.,0.,32.));
#6251=CARTESIAN_POINT('',(50.,1.,32.));
#6252=CARTESIAN_POINT('',(51.,0.,32.));
#6253=CARTESIAN_POINT('',(50.5,0.5,32.));
#6254=CARTESIAN_POINT('',(50.,1.,32.));
#6255=CARTESIAN_POINT('',(49.,1.99999999999999,48.4226497308104));
#6256=CARTESIAN_POINT('',(49.,2.,48.7113248654052));
#6257=CARTESIAN_POINT('',(50.,1.,49.));
#6258=CARTESIAN_POINT('',(65.2142857142857,-14.2142857142857,57.7839719526707));
#6259=CARTESIAN_POINT('',(51.,0.,49.));
#6260=CARTESIAN_POINT('',(50.5,0.5,49.));
#6261=CARTESIAN_POINT('',(51.,0.,32.));
#6262=CARTESIAN_POINT('Origin',(51.,-2.50000000000001,32.));
#6263=CARTESIAN_POINT('',(51.,-2.50000000000001,32.));
#6264=CARTESIAN_POINT('',(51.,0.,32.));
#6265=CARTESIAN_POINT('',(51.,-2.50000000000001,49.));
#6266=CARTESIAN_POINT('',(51.,0.,49.));
#6267=CARTESIAN_POINT('',(51.,-2.50000000000001,32.));
#6268=CARTESIAN_POINT('Origin',(44.6698729810778,-1.08246744900953E-14,
32.));
#6269=CARTESIAN_POINT('',(49.,-2.50000000000002,32.));
#6270=CARTESIAN_POINT('',(44.6698729810778,-8.64759652774438E-15,32.));
#6271=CARTESIAN_POINT('',(46.8349364905389,-1.25000000000001,32.));
#6272=CARTESIAN_POINT('',(49.,-2.50000000000002,49.));
#6273=CARTESIAN_POINT('',(49.,-2.50000000000002,32.));
#6274=CARTESIAN_POINT('',(44.6698729810778,0.,49.));
#6275=CARTESIAN_POINT('',(46.8349364905389,-1.25000000000001,49.));
#6276=CARTESIAN_POINT('',(44.6698729810778,0.,16.));
#6277=CARTESIAN_POINT('Origin',(71.,-1.38777878078145E-16,32.));
#6278=CARTESIAN_POINT('',(71.,-2.50000000000001,32.));
#6279=CARTESIAN_POINT('',(71.,-1.38777878078145E-16,32.));
#6280=CARTESIAN_POINT('',(71.,0.,32.));
#6281=CARTESIAN_POINT('',(71.,-2.50000000000001,49.));
#6282=CARTESIAN_POINT('',(71.,-2.50000000000001,32.));
#6283=CARTESIAN_POINT('',(71.,-1.38777878078145E-16,49.));
#6284=CARTESIAN_POINT('',(71.,0.,49.));
#6285=CARTESIAN_POINT('',(71.,-1.38777878078145E-16,32.));
#6286=CARTESIAN_POINT('Origin',(72.,1.,32.));
#6287=CARTESIAN_POINT('',(72.,1.,32.));
#6288=CARTESIAN_POINT('',(71.5,0.5,32.));
#6289=CARTESIAN_POINT('',(71.5,0.5,49.));
#6290=CARTESIAN_POINT('',(72.,0.999999999999996,44.6905989232415));
#6291=CARTESIAN_POINT('',(73.6268653809255,2.62686538092549,46.4127683880276));
#6292=CARTESIAN_POINT('',(72.,1.,32.));
#6293=CARTESIAN_POINT('Origin',(73.,-2.50000000000002,32.));
#6294=CARTESIAN_POINT('',(77.3301270189222,-1.11022302462516E-15,32.));
#6295=CARTESIAN_POINT('',(73.,-2.50000000000002,32.));
#6296=CARTESIAN_POINT('',(75.1650635094611,-1.25000000000001,32.));
#6297=CARTESIAN_POINT('',(77.3301270189222,0.,49.));
#6298=CARTESIAN_POINT('',(77.3301270189222,0.,24.5));
#6299=CARTESIAN_POINT('',(73.,-2.50000000000002,49.));
#6300=CARTESIAN_POINT('',(75.1650635094611,-1.25000000000001,49.));
#6301=CARTESIAN_POINT('',(73.,-2.50000000000002,32.));
#6302=CARTESIAN_POINT('Origin',(61.,86.,49.));
#6303=CARTESIAN_POINT('',(0.999999999999996,1.00000000000001,49.));
#6304=CARTESIAN_POINT('',(1.,0.999999999999996,49.));
#6305=CARTESIAN_POINT('',(1.,72.,49.));
#6306=CARTESIAN_POINT('',(0.999999999999996,171.,49.));
#6307=CARTESIAN_POINT('',(30.5,72.,49.));
#6308=CARTESIAN_POINT('',(0.,0.,49.));
#6309=CARTESIAN_POINT('',(50.,-2.50000000000002,49.));
#6310=CARTESIAN_POINT('Origin',(61.,86.,49.));
#6311=CARTESIAN_POINT('',(0.,0.,49.));
#6312=CARTESIAN_POINT('',(121.,72.,49.));
#6313=CARTESIAN_POINT('',(30.5,72.,49.));
#6314=CARTESIAN_POINT('',(121.,0.999999999999996,49.));
#6315=CARTESIAN_POINT('',(63.1650635094611,-2.50000000000002,49.));
#6316=CARTESIAN_POINT('Origin',(0.,0.,0.));
#6317=CARTESIAN_POINT('Origin',(61.,0.,32.));
#6318=CARTESIAN_POINT('',(-10.,0.,2.));
#6319=CARTESIAN_POINT('',(-10.,0.,2.));
#6320=CARTESIAN_POINT('',(-10.,0.,0.));
#6321=CARTESIAN_POINT('',(-10.,0.,0.));
#6322=CARTESIAN_POINT('',(132.,0.,0.));
#6323=CARTESIAN_POINT('',(0.,0.,0.));
#6324=CARTESIAN_POINT('',(132.,0.,2.));
#6325=CARTESIAN_POINT('',(132.,0.,0.));
#6326=CARTESIAN_POINT('',(132.,0.,2.));
#6327=CARTESIAN_POINT('',(117.708076211354,2.77555756156289E-16,11.0440000000001));
#6328=CARTESIAN_POINT('Origin',(107.11,0.,11.0440000000001));
#6329=CARTESIAN_POINT('Origin',(61.,-1.25000000000001,32.));
#6330=CARTESIAN_POINT('Origin',(61.,-2.50000000000002,32.));
#6331=CARTESIAN_POINT('Origin',(49.,-2.50000000000002,32.));
#6332=CARTESIAN_POINT('Origin',(61.,-2.50000000000001,32.));
#6333=CARTESIAN_POINT('Origin',(61.,0.,32.));
#6334=CARTESIAN_POINT('Origin',(61.,0.,32.));
#6335=CARTESIAN_POINT('Origin',(61.,0.5,32.));
#6336=CARTESIAN_POINT('Origin',(61.,1.,32.));
#6337=CARTESIAN_POINT('Origin',(118.,21.,24.9585481156726));
#6338=CARTESIAN_POINT('',(118.,21.,24.9585481156726));
#6339=CARTESIAN_POINT('',(118.,24.5,26.9792740578363));
#6340=CARTESIAN_POINT('',(118.,21.875,25.4637296012136));
#6341=CARTESIAN_POINT('',(121.,21.,24.9585481156726));
#6342=CARTESIAN_POINT('',(118.,21.,24.9585481156726));
#6343=CARTESIAN_POINT('',(121.,24.5,26.9792740578363));
#6344=CARTESIAN_POINT('',(121.,24.5,26.9792740578363));
#6345=CARTESIAN_POINT('',(118.,24.5,26.9792740578363));
#6346=CARTESIAN_POINT('Origin',(118.,17.5,26.9792740578363));
#6347=CARTESIAN_POINT('',(118.,17.5,26.9792740578363));
#6348=CARTESIAN_POINT('',(118.,18.375,26.4740925722954));
#6349=CARTESIAN_POINT('',(121.,17.5,26.9792740578363));
#6350=CARTESIAN_POINT('',(118.,17.5,26.9792740578363));
#6351=CARTESIAN_POINT('',(121.,21.,24.9585481156726));
#6352=CARTESIAN_POINT('Origin',(118.,17.5,31.0207259421637));
#6353=CARTESIAN_POINT('',(118.,17.5,31.0207259421637));
#6354=CARTESIAN_POINT('',(118.,17.5,30.0103629710818));
#6355=CARTESIAN_POINT('',(121.,17.5,31.0207259421637));
#6356=CARTESIAN_POINT('',(118.,17.5,31.0207259421637));
#6357=CARTESIAN_POINT('',(121.,17.5,26.9792740578363));
#6358=CARTESIAN_POINT('Origin',(118.,21.,33.0414518843274));
#6359=CARTESIAN_POINT('',(118.,21.,33.0414518843274));
#6360=CARTESIAN_POINT('',(118.,20.125,32.5362703987865));
#6361=CARTESIAN_POINT('',(121.,21.,33.0414518843274));
#6362=CARTESIAN_POINT('',(118.,21.,33.0414518843274));
#6363=CARTESIAN_POINT('',(121.,17.5,31.0207259421637));
#6364=CARTESIAN_POINT('Origin',(118.,24.5,31.0207259421637));
#6365=CARTESIAN_POINT('',(118.,24.5,31.0207259421637));
#6366=CARTESIAN_POINT('',(118.,23.625,31.5259074277046));
#6367=CARTESIAN_POINT('',(121.,24.5,31.0207259421637));
#6368=CARTESIAN_POINT('',(118.,24.5,31.0207259421637));
#6369=CARTESIAN_POINT('',(121.,21.,33.0414518843274));
#6370=CARTESIAN_POINT('Origin',(118.,24.5,26.9792740578363));
#6371=CARTESIAN_POINT('',(118.,24.5,27.9896370289182));
#6372=CARTESIAN_POINT('',(121.,24.5,31.0207259421637));
#6373=CARTESIAN_POINT('Origin',(121.,21.,29.));
#6374=CARTESIAN_POINT('Origin',(121.,29.,33.618802153517));
#6375=CARTESIAN_POINT('',(119.999991850203,27.999991850203,27.971937012237));
#6376=CARTESIAN_POINT('',(121.,29.,29.0140845070422));
#6377=CARTESIAN_POINT('Ctrl Pts',(119.999991850203,27.999991850203,27.971937012237));
#6378=CARTESIAN_POINT('Ctrl Pts',(120.166697333586,28.1666973335863,28.1456672982485));
#6379=CARTESIAN_POINT('Ctrl Pts',(120.333402816969,28.3334028169695,28.3193975842601));
#6380=CARTESIAN_POINT('Ctrl Pts',(120.666738866902,28.6667388669018,28.6667800825286));
#6381=CARTESIAN_POINT('Ctrl Pts',(120.833369433451,28.8333694334509,28.8404322947854));
#6382=CARTESIAN_POINT('Ctrl Pts',(121.,29.,29.0140845070422));
#6383=CARTESIAN_POINT('',(119.999991850203,27.999991850203,25.9719558333869));
#6384=CARTESIAN_POINT('Ctrl Pts',(119.999991850203,27.999991850203,25.9719558333869));
#6385=CARTESIAN_POINT('Ctrl Pts',(119.999991850203,27.999991850203,26.3052860298619));
#6386=CARTESIAN_POINT('Ctrl Pts',(119.999991850203,27.999991850203,26.6386162263369));
#6387=CARTESIAN_POINT('Ctrl Pts',(119.999991850203,27.999991850203,27.3052766192869));
#6388=CARTESIAN_POINT('Ctrl Pts',(119.999991850203,27.999991850203,27.638606815762));
#6389=CARTESIAN_POINT('Ctrl Pts',(119.999991850203,27.999991850203,27.971937012237));
#6390=CARTESIAN_POINT('',(121.,29.,24.7046834302838));
#6391=CARTESIAN_POINT('Ctrl Pts',(121.,29.,24.7046834302838));
#6392=CARTESIAN_POINT('Ctrl Pts',(120.83329891856,28.83329891856,24.9159373886833));
#6393=CARTESIAN_POINT('Ctrl Pts',(120.66659783712,28.66659783712,25.1271913470827));
#6394=CARTESIAN_POINT('Ctrl Pts',(120.333261787188,28.3332617871877,25.5496154814504));
#6395=CARTESIAN_POINT('Ctrl Pts',(120.166626818695,28.1666268186953,25.7607856574187));
#6396=CARTESIAN_POINT('Ctrl Pts',(119.999991850203,27.999991850203,25.9719558333869));
#6397=CARTESIAN_POINT('',(121.,29.,24.381197846483));
#6398=CARTESIAN_POINT('',(121.,29.,17.8094010767585));
#6399=CARTESIAN_POINT('',(118.,26.,26.1132486540519));
#6400=CARTESIAN_POINT('',(121.,29.,24.381197846483));
#6401=CARTESIAN_POINT('',(118.,26.,31.8867513459481));
#6402=CARTESIAN_POINT('',(118.,26.,31.8867513459481));
#6403=CARTESIAN_POINT('',(121.,29.,33.618802153517));
#6404=CARTESIAN_POINT('',(121.,29.,33.618802153517));
#6405=CARTESIAN_POINT('',(121.,29.,17.8094010767585));
#6406=CARTESIAN_POINT('Origin',(118.,21.,29.));
#6407=CARTESIAN_POINT('',(118.,21.,23.2264973081037));
#6408=CARTESIAN_POINT('',(118.,16.,26.1132486540519));
#6409=CARTESIAN_POINT('',(118.,21.,23.2264973081037));
#6410=CARTESIAN_POINT('',(118.,16.,31.8867513459481));
#6411=CARTESIAN_POINT('',(118.,16.,26.1132486540519));
#6412=CARTESIAN_POINT('',(118.,21.,34.7735026918963));
#6413=CARTESIAN_POINT('',(118.,16.,31.8867513459481));
#6414=CARTESIAN_POINT('',(118.,21.,34.7735026918963));
#6415=CARTESIAN_POINT('',(118.,26.,26.1132486540519));
#6416=CARTESIAN_POINT('Origin',(121.,21.,19.762395692966));
#6417=CARTESIAN_POINT('',(121.,15.6903638127823,22.8279155749551));
#6418=CARTESIAN_POINT('',(119.999991850203,17.3523925064581,23.0230528102147));
#6419=CARTESIAN_POINT('Ctrl Pts',(121.,15.6903638127823,22.8279155749551));
#6420=CARTESIAN_POINT('Ctrl Pts',(120.833228544826,15.9675404976342,22.8604586304187));
#6421=CARTESIAN_POINT('Ctrl Pts',(120.666457089652,16.2447171824861,22.8930016858824));
#6422=CARTESIAN_POINT('Ctrl Pts',(120.333121039719,16.7987267470447,22.9580474309689));
#6423=CARTESIAN_POINT('Ctrl Pts',(120.166556444961,17.0755596267514,22.9905501205918));
#6424=CARTESIAN_POINT('Ctrl Pts',(119.999991850203,17.3523925064581,23.0230528102147));
#6425=CARTESIAN_POINT('',(121.,13.,24.381197846483));
#6426=CARTESIAN_POINT('',(121.,81.095671475545,-14.9338564105712));
#6427=CARTESIAN_POINT('',(121.,13.,24.381197846483));
#6428=CARTESIAN_POINT('',(121.,21.,19.762395692966));
#6429=CARTESIAN_POINT('',(121.,21.,19.762395692966));
#6430=CARTESIAN_POINT('',(121.,19.8255137977731,20.4404856179812));
#6431=CARTESIAN_POINT('',(121.,81.095671475545,-14.9338564105712));
#6432=CARTESIAN_POINT('',(119.999991850203,19.2715042332146,21.9150531381669));
#6433=CARTESIAN_POINT('Ctrl Pts',(119.999991850203,19.2715042332145,21.9150531381669));
#6434=CARTESIAN_POINT('Ctrl Pts',(120.16667002231,19.3638447822081,21.6692769222807));
#6435=CARTESIAN_POINT('Ctrl Pts',(120.333348194416,19.4561853312016,21.4235007063945));
#6436=CARTESIAN_POINT('Ctrl Pts',(120.666684244349,19.6408551860545,20.9319781996659));
#6437=CARTESIAN_POINT('Ctrl Pts',(120.833342122174,19.7331844919138,20.6862319088235));
#6438=CARTESIAN_POINT('Ctrl Pts',(121.,19.8255137977731,20.4404856179812));
#6439=CARTESIAN_POINT('Ctrl Pts',(119.999991850203,17.3523925064581,23.0230528102147));
#6440=CARTESIAN_POINT('Ctrl Pts',(119.999991850203,17.6724835654752,22.838248151126));
#6441=CARTESIAN_POINT('Ctrl Pts',(119.999991850203,17.9925746244922,22.6534434920373));
#6442=CARTESIAN_POINT('Ctrl Pts',(119.999991850203,18.632278533411,22.2841102680214));
#6443=CARTESIAN_POINT('Ctrl Pts',(119.999991850203,18.9518913833128,22.0995817030941));
#6444=CARTESIAN_POINT('Ctrl Pts',(119.999991850203,19.2715042332145,21.9150531381669));
#6445=CARTESIAN_POINT('Origin',(121.,13.,24.381197846483));
#6446=CARTESIAN_POINT('',(121.,13.,33.618802153517));
#6447=CARTESIAN_POINT('',(121.,13.,13.1905989232415));
#6448=CARTESIAN_POINT('',(121.,13.,33.618802153517));
#6449=CARTESIAN_POINT('Origin',(121.,13.,33.618802153517));
#6450=CARTESIAN_POINT('',(121.,21.,38.237604307034));
#6451=CARTESIAN_POINT('',(121.,65.404328524455,63.8744553338127));
#6452=CARTESIAN_POINT('',(121.,21.,38.237604307034));
#6453=CARTESIAN_POINT('Origin',(121.,21.,38.237604307034));
#6454=CARTESIAN_POINT('',(121.,85.095671475545,1.23195112673835));
#6455=CARTESIAN_POINT('Origin',(121.,29.,24.381197846483));
#6456=CARTESIAN_POINT('',(121.,77.404328524455,52.3274499500202));
#6457=CARTESIAN_POINT('Origin',(121.,171.,2.));
#6458=CARTESIAN_POINT('',(121.,0.999999999999996,16.));
#6459=CARTESIAN_POINT('Ctrl Pts',(121.,15.6903638127819,22.8279155749549));
#6460=CARTESIAN_POINT('Ctrl Pts',(121.,10.7935758751879,20.5519437166366));
#6461=CARTESIAN_POINT('Ctrl Pts',(121.,5.89678793759396,18.2759718583183));
#6462=CARTESIAN_POINT('Ctrl Pts',(121.,0.999999999999996,16.));
#6463=CARTESIAN_POINT('',(121.,0.999999999999996,44.6905989232415));
#6464=CARTESIAN_POINT('',(121.,0.999999999999996,9.));
#6465=CARTESIAN_POINT('',(121.,62.7282573035016,44.6905984650078));
#6466=CARTESIAN_POINT('Ctrl Pts',(121.,0.999999999999997,44.6905989141988));
#6467=CARTESIAN_POINT('Ctrl Pts',(121.,21.5760857678339,44.6905987644685));
#6468=CARTESIAN_POINT('Ctrl Pts',(121.,42.1521715356677,44.6905986147381));
#6469=CARTESIAN_POINT('Ctrl Pts',(121.,62.7282573035016,44.6905984650078));
#6470=CARTESIAN_POINT('Ctrl Pts',(121.,62.7282573035016,44.6905984650078));
#6471=CARTESIAN_POINT('Ctrl Pts',(121.,51.485504869001,39.4650938123526));
#6472=CARTESIAN_POINT('Ctrl Pts',(121.,40.2427524345004,34.2395891596974));
#6473=CARTESIAN_POINT('Ctrl Pts',(121.,28.9999999999997,29.0140845070421));
#6474=CARTESIAN_POINT('Ctrl Pts',(121.,17.3523925064581,23.6004077846918));
#6475=CARTESIAN_POINT('Ctrl Pts',(121.,11.9015950043054,21.0669385231279));
#6476=CARTESIAN_POINT('Ctrl Pts',(121.,6.45079750215271,18.5334692615639));
#6477=CARTESIAN_POINT('Ctrl Pts',(121.,0.999999999999996,16.));
#6478=CARTESIAN_POINT('Ctrl Pts',(120.666663950068,17.3523925064581,23.4079561265328));
#6479=CARTESIAN_POINT('Ctrl Pts',(120.666663950068,11.9015950043054,20.8744868649688));
#6480=CARTESIAN_POINT('Ctrl Pts',(120.666663950068,6.4507975021527,18.3410176034049));
#6481=CARTESIAN_POINT('Ctrl Pts',(120.666663950068,0.999999999999996,15.807548341841));
#6482=CARTESIAN_POINT('Ctrl Pts',(120.333327900135,17.3523925064581,23.2155044683737));
#6483=CARTESIAN_POINT('Ctrl Pts',(120.333327900135,11.9015950043054,20.6820352068098));
#6484=CARTESIAN_POINT('Ctrl Pts',(120.333327900135,6.45079750215272,18.1485659452459));
#6485=CARTESIAN_POINT('Ctrl Pts',(120.333327900135,0.999999999999996,15.6150966836819));
#6486=CARTESIAN_POINT('Ctrl Pts',(119.999991850203,17.3523925064581,23.0230528102147));
#6487=CARTESIAN_POINT('Ctrl Pts',(119.999991850203,11.9015950043054,20.4895835486507));
#6488=CARTESIAN_POINT('Ctrl Pts',(119.999991850203,6.45079750215271,17.9561142870868));
#6489=CARTESIAN_POINT('Ctrl Pts',(119.999991850203,0.999999999999996,15.4226450255229));
#6490=CARTESIAN_POINT('Ctrl Pts',(119.999991850203,17.3523925064581,23.0230528102147));
#6491=CARTESIAN_POINT('Ctrl Pts',(119.999991850203,12.2349283376388,20.6445131261155));
#6492=CARTESIAN_POINT('Ctrl Pts',(119.999991850203,7.11746416881938,18.2659734420164));
#6493=CARTESIAN_POINT('Ctrl Pts',(119.999991850203,2.00000000000001,15.8874337579172));
#6494=CARTESIAN_POINT('Ctrl Pts',(121.,0.999999999999996,16.));
#6495=CARTESIAN_POINT('Ctrl Pts',(120.833379591446,1.19998491751117,15.9967523985771));
#6496=CARTESIAN_POINT('Ctrl Pts',(120.666759182893,1.39996983502234,15.9935047971542));
#6497=CARTESIAN_POINT('Ctrl Pts',(120.389037558304,1.73330316835567,15.9880917199027));
#6498=CARTESIAN_POINT('Ctrl Pts',(120.277936342268,1.86665158417784,15.9859262440741));
#6499=CARTESIAN_POINT('Ctrl Pts',(120.166835126233,1.99999999999999,15.9837607682455));
#6500=CARTESIAN_POINT('Ctrl Pts',(119.999991850203,19.2715042332145,23.915034317017));
#6501=CARTESIAN_POINT('Ctrl Pts',(119.999991850203,13.4594482644276,21.2136561906794));
#6502=CARTESIAN_POINT('Ctrl Pts',(119.999991850203,7.64739229564069,18.5122780643418));
#6503=CARTESIAN_POINT('Ctrl Pts',(119.999991850203,1.83533632685377,15.8108999380042));
#6504=CARTESIAN_POINT('Ctrl Pts',(119.999991850203,19.2715042332145,23.2483739240669));
#6505=CARTESIAN_POINT('Ctrl Pts',(119.999991850203,13.4594482644276,20.5469957977294));
#6506=CARTESIAN_POINT('Ctrl Pts',(119.999991850203,7.64739229564068,17.8456176713918));
#6507=CARTESIAN_POINT('Ctrl Pts',(119.999991850203,1.83533632685377,15.1442395450542));
#6508=CARTESIAN_POINT('Ctrl Pts',(119.999991850203,19.2715042332145,22.5817135311169));
#6509=CARTESIAN_POINT('Ctrl Pts',(119.999991850203,13.4594482644276,19.8803354047793));
#6510=CARTESIAN_POINT('Ctrl Pts',(119.999991850203,7.6473922956407,17.1789572784418));
#6511=CARTESIAN_POINT('Ctrl Pts',(119.999991850203,1.83533632685377,14.4775791521042));
#6512=CARTESIAN_POINT('Ctrl Pts',(119.999991850203,19.2715042332145,21.9150531381669));
#6513=CARTESIAN_POINT('Ctrl Pts',(119.999991850203,13.4594482644276,19.2136750118293));
#6514=CARTESIAN_POINT('Ctrl Pts',(119.999991850203,7.64739229564069,16.5122968854917));
#6515=CARTESIAN_POINT('Ctrl Pts',(119.999991850203,1.83533632685377,13.8109187591542));
#6516=CARTESIAN_POINT('',(119.999991850203,1.83533632685377,13.8109187591541));
#6517=CARTESIAN_POINT('Ctrl Pts',(119.999991850203,19.2715042332145,21.9150531381669));
#6518=CARTESIAN_POINT('Ctrl Pts',(119.999991850203,13.4594482644276,19.2136750118293));
#6519=CARTESIAN_POINT('Ctrl Pts',(119.999991850203,7.64739229564069,16.5122968854917));
#6520=CARTESIAN_POINT('Ctrl Pts',(119.999991850203,1.83533632685377,13.8109187591542));
#6521=CARTESIAN_POINT('Ctrl Pts',(119.999991850203,2.,14.0961246072043));
#6522=CARTESIAN_POINT('Ctrl Pts',(119.999991850203,1.94511210895126,14.0010559911876));
#6523=CARTESIAN_POINT('Ctrl Pts',(119.999991850203,1.89022421790251,13.9059873751709));
#6524=CARTESIAN_POINT('Ctrl Pts',(119.999991850203,1.83533632685378,13.8109187591542));
#6525=CARTESIAN_POINT('Ctrl Pts',(119.999991850203,19.8255137977731,22.1725505414124));
#6526=CARTESIAN_POINT('Ctrl Pts',(119.999991850203,13.5503425318488,19.2559216431659));
#6527=CARTESIAN_POINT('Ctrl Pts',(119.999991850203,7.27517126592438,16.3392927449194));
#6528=CARTESIAN_POINT('Ctrl Pts',(119.999991850203,1.00000000000001,13.4226638466728));
#6529=CARTESIAN_POINT('Ctrl Pts',(120.333327900135,19.8255137977731,21.5951955669353));
#6530=CARTESIAN_POINT('Ctrl Pts',(120.333327900135,13.5503425318488,18.6785666686888));
#6531=CARTESIAN_POINT('Ctrl Pts',(120.333327900135,7.27517126592437,15.7619377704423));
#6532=CARTESIAN_POINT('Ctrl Pts',(120.333327900135,1.00000000000001,12.8453088721957));
#6533=CARTESIAN_POINT('Ctrl Pts',(120.666663950068,19.8255137977731,21.0178405924583));
#6534=CARTESIAN_POINT('Ctrl Pts',(120.666663950068,13.5503425318487,18.1012116942117));
#6535=CARTESIAN_POINT('Ctrl Pts',(120.666663950068,7.27517126592439,15.1845827959652));
#6536=CARTESIAN_POINT('Ctrl Pts',(120.666663950068,1.00000000000001,12.2679538977186));
#6537=CARTESIAN_POINT('Ctrl Pts',(121.,19.8255137977731,20.4404856179812));
#6538=CARTESIAN_POINT('Ctrl Pts',(121.,13.5503425318488,17.5238567197346));
#6539=CARTESIAN_POINT('Ctrl Pts',(121.,7.27517126592438,14.6072278214881));
#6540=CARTESIAN_POINT('Ctrl Pts',(121.,1.00000000000001,11.6905989232415));
#6541=CARTESIAN_POINT('',(121.,0.999999999999996,11.6905989232415));
#6542=CARTESIAN_POINT('Ctrl Pts',(121.,1.00000000000001,11.6905989232415));
#6543=CARTESIAN_POINT('Ctrl Pts',(121.,7.27517126592438,14.6072278214881));
#6544=CARTESIAN_POINT('Ctrl Pts',(121.,13.5503425318488,17.5238567197346));
#6545=CARTESIAN_POINT('Ctrl Pts',(121.,19.8255137977731,20.4404856179812));
#6546=CARTESIAN_POINT('Ctrl Pts',(119.999991850203,1.83533632685378,13.8109187591542));
#6547=CARTESIAN_POINT('Ctrl Pts',(120.166636807792,1.69613287457254,13.4575810296541));
#6548=CARTESIAN_POINT('Ctrl Pts',(120.333281765381,1.55692942229131,13.1042433001541));
#6549=CARTESIAN_POINT('Ctrl Pts',(120.666617815313,1.27848398000672,12.3974700215165));
#6550=CARTESIAN_POINT('Ctrl Pts',(120.833308907657,1.13924199000336,12.044034472379));
#6551=CARTESIAN_POINT('Ctrl Pts',(121.,1.00000000000001,11.6905989232415));
#6552=CARTESIAN_POINT('Ctrl Pts',(121.,67.6969791764804,47.0000044059698));
#6553=CARTESIAN_POINT('Ctrl Pts',(121.,54.4646500677213,40.8497669328845));
#6554=CARTESIAN_POINT('Ctrl Pts',(121.,41.2323209589621,34.6995294597993));
#6555=CARTESIAN_POINT('Ctrl Pts',(121.,27.999991850203,28.5492919867141));
#6556=CARTESIAN_POINT('Ctrl Pts',(120.666663950068,67.6969791764804,46.8075527478107));
#6557=CARTESIAN_POINT('Ctrl Pts',(120.666663950068,54.4646500677213,40.6573152747255));
#6558=CARTESIAN_POINT('Ctrl Pts',(120.666663950068,41.2323209589621,34.5070778016403));
#6559=CARTESIAN_POINT('Ctrl Pts',(120.666663950068,27.999991850203,28.356840328555));
#6560=CARTESIAN_POINT('Ctrl Pts',(120.333327900135,67.6969791764804,46.6151010896517));
#6561=CARTESIAN_POINT('Ctrl Pts',(120.333327900135,54.4646500677212,40.4648636165664));
#6562=CARTESIAN_POINT('Ctrl Pts',(120.333327900135,41.2323209589622,34.3146261434812));
#6563=CARTESIAN_POINT('Ctrl Pts',(120.333327900135,27.999991850203,28.164388670396));
#6564=CARTESIAN_POINT('Ctrl Pts',(119.999991850203,67.6969791764804,46.4226494314926));
#6565=CARTESIAN_POINT('Ctrl Pts',(119.999991850203,54.4646500677213,40.2724119584074));
#6566=CARTESIAN_POINT('Ctrl Pts',(119.999991850203,41.2323209589621,34.1221744853222));
#6567=CARTESIAN_POINT('Ctrl Pts',(119.999991850203,27.999991850203,27.971937012237));
#6568=CARTESIAN_POINT('',(119.999991850203,67.6969791764804,46.4226494314926));
#6569=CARTESIAN_POINT('Ctrl Pts',(119.999999887375,67.6969691928839,46.4226494314927));
#6570=CARTESIAN_POINT('Ctrl Pts',(120.165855627366,66.8728798984774,46.1353788690967));
#6571=CARTESIAN_POINT('Ctrl Pts',(120.331711367358,66.0487906040709,45.8481083067007));
#6572=CARTESIAN_POINT('Ctrl Pts',(120.665044738233,64.3925533076102,45.270757984539));
#6573=CARTESIAN_POINT('Ctrl Pts',(120.832522369117,63.5604053055559,44.9806782247734));
#6574=CARTESIAN_POINT('Ctrl Pts',(121.,62.7282573035016,44.6905984650078));
#6575=CARTESIAN_POINT('Ctrl Pts',(119.999991850203,67.6969791764804,46.4226494314926));
#6576=CARTESIAN_POINT('Ctrl Pts',(119.999991850203,54.4646500677213,40.2724119584074));
#6577=CARTESIAN_POINT('Ctrl Pts',(119.999991850203,41.2323209589621,34.1221744853222));
#6578=CARTESIAN_POINT('Ctrl Pts',(119.999991850203,27.999991850203,27.971937012237));
#6579=CARTESIAN_POINT('Ctrl Pts',(119.999991850203,72.,46.4226638466728));
#6580=CARTESIAN_POINT('Ctrl Pts',(119.999991850203,57.3333306167343,39.6057611755775));
#6581=CARTESIAN_POINT('Ctrl Pts',(119.999991850203,42.6666612334687,32.7888585044822));
#6582=CARTESIAN_POINT('Ctrl Pts',(119.999991850203,27.999991850203,25.9719558333869));
#6583=CARTESIAN_POINT('Ctrl Pts',(120.333327900135,72.,45.8453088721957));
#6584=CARTESIAN_POINT('Ctrl Pts',(120.333327900135,57.3333306167344,39.0284062011004));
#6585=CARTESIAN_POINT('Ctrl Pts',(120.333327900135,42.6666612334687,32.2115035300051));
#6586=CARTESIAN_POINT('Ctrl Pts',(120.333327900135,27.999991850203,25.3946008589098));
#6587=CARTESIAN_POINT('Ctrl Pts',(120.666663950068,72.,45.2679538977186));
#6588=CARTESIAN_POINT('Ctrl Pts',(120.666663950068,57.3333306167343,38.4510512266233));
#6589=CARTESIAN_POINT('Ctrl Pts',(120.666663950068,42.6666612334687,31.634148555528));
#6590=CARTESIAN_POINT('Ctrl Pts',(120.666663950068,27.999991850203,24.8172458844327));
#6591=CARTESIAN_POINT('Ctrl Pts',(121.,72.,44.6905989232415));
#6592=CARTESIAN_POINT('Ctrl Pts',(121.,57.3333306167343,37.8736962521462));
#6593=CARTESIAN_POINT('Ctrl Pts',(121.,42.6666612334687,31.0567935810509));
#6594=CARTESIAN_POINT('Ctrl Pts',(121.,27.999991850203,24.2398909099556));
#6595=CARTESIAN_POINT('',(119.999999880108,72.0000000000011,46.4226494127653));
#6596=CARTESIAN_POINT('Ctrl Pts',(119.999991850203,72.,46.4226638466728));
#6597=CARTESIAN_POINT('Ctrl Pts',(119.999991850203,57.3333306167343,39.6057611755775));
#6598=CARTESIAN_POINT('Ctrl Pts',(119.999991850203,42.6666612334687,32.7888585044822));
#6599=CARTESIAN_POINT('Ctrl Pts',(119.999991850203,27.999991850203,25.9719558333869));
#6600=CARTESIAN_POINT('',(121.,72.,44.6905983975381));
#6601=CARTESIAN_POINT('Ctrl Pts',(121.,72.,44.6905983975381));
#6602=CARTESIAN_POINT('Ctrl Pts',(120.666666626703,72.0000000000003,45.2679487359472));
#6603=CARTESIAN_POINT('Ctrl Pts',(120.333333253406,72.0000000000007,45.8452990743562));
#6604=CARTESIAN_POINT('Ctrl Pts',(119.999999880108,72.0000000000011,46.4226494127653));
#6605=CARTESIAN_POINT('Ctrl Pts',(121.,29.,24.7046834302838));
#6606=CARTESIAN_POINT('Ctrl Pts',(121.,43.3333332663554,31.3666552301391));
#6607=CARTESIAN_POINT('Ctrl Pts',(121.,57.6666665327109,38.0286270299945));
#6608=CARTESIAN_POINT('Ctrl Pts',(121.,71.9999997990664,44.6905988298499));
#6609=CARTESIAN_POINT('Ctrl Pts',(119.999991850203,72.,48.4226450255229));
#6610=CARTESIAN_POINT('Ctrl Pts',(119.999991850203,57.3333306167343,41.6057423544276));
#6611=CARTESIAN_POINT('Ctrl Pts',(119.999991850203,42.6666612334687,34.7888396833323));
#6612=CARTESIAN_POINT('Ctrl Pts',(119.999991850203,27.999991850203,27.971937012237));
#6613=CARTESIAN_POINT('Ctrl Pts',(119.999991850203,72.,47.7559846325729));
#6614=CARTESIAN_POINT('Ctrl Pts',(119.999991850203,57.3333306167344,40.9390819614776));
#6615=CARTESIAN_POINT('Ctrl Pts',(119.999991850203,42.6666612334687,34.1221792903822));
#6616=CARTESIAN_POINT('Ctrl Pts',(119.999991850203,27.999991850203,27.3052766192869));
#6617=CARTESIAN_POINT('Ctrl Pts',(119.999991850203,72.,47.0893242396228));
#6618=CARTESIAN_POINT('Ctrl Pts',(119.999991850203,57.3333306167343,40.2724215685275));
#6619=CARTESIAN_POINT('Ctrl Pts',(119.999991850203,42.6666612334687,33.4555188974322));
#6620=CARTESIAN_POINT('Ctrl Pts',(119.999991850203,27.999991850203,26.6386162263369));
#6621=CARTESIAN_POINT('Ctrl Pts',(119.999991850203,72.,46.4226638466728));
#6622=CARTESIAN_POINT('Ctrl Pts',(119.999991850203,57.3333306167343,39.6057611755775));
#6623=CARTESIAN_POINT('Ctrl Pts',(119.999991850203,42.6666612334687,32.7888585044822));
#6624=CARTESIAN_POINT('Ctrl Pts',(119.999991850203,27.999991850203,25.9719558333869));
#6625=CARTESIAN_POINT('Ctrl Pts',(119.999999887375,67.6969791764804,46.4226494314926));
#6626=CARTESIAN_POINT('Ctrl Pts',(119.999999884953,69.1313194509873,46.4226494252502));
#6627=CARTESIAN_POINT('Ctrl Pts',(119.999999882531,70.5656597254942,46.4226494190077));
#6628=CARTESIAN_POINT('Ctrl Pts',(119.999999880108,72.0000000000011,46.4226494127653));
#6629=CARTESIAN_POINT('Ctrl Pts',(119.999999998311,2.,46.4226497174156));
#6630=CARTESIAN_POINT('Ctrl Pts',(119.99999995891,25.3333333333337,46.4226496158655));
#6631=CARTESIAN_POINT('Ctrl Pts',(119.999999919509,48.6666666666674,46.4226495143154));
#6632=CARTESIAN_POINT('Ctrl Pts',(119.999999880108,72.0000000000011,46.4226494127653));
#6633=CARTESIAN_POINT('Ctrl Pts',(119.999999998311,1.99999999999946,47.0893163882222));
#6634=CARTESIAN_POINT('Ctrl Pts',(119.99999995891,25.3333333333331,47.0893163129394));
#6635=CARTESIAN_POINT('Ctrl Pts',(119.999999919509,48.6666666666668,47.0893162376566));
#6636=CARTESIAN_POINT('Ctrl Pts',(119.999999880108,72.0000000000005,47.0893161623738));
#6637=CARTESIAN_POINT('Ctrl Pts',(119.999999998311,1.99999999999892,47.7559830590288));
#6638=CARTESIAN_POINT('Ctrl Pts',(119.99999995891,25.3333333333326,47.7559830100133));
#6639=CARTESIAN_POINT('Ctrl Pts',(119.999999919509,48.6666666666663,47.7559829609979));
#6640=CARTESIAN_POINT('Ctrl Pts',(119.999999880108,72.,47.7559829119824));
#6641=CARTESIAN_POINT('Ctrl Pts',(119.999999998311,1.99999999999838,48.4226497298354));
#6642=CARTESIAN_POINT('Ctrl Pts',(119.99999995891,25.3333333333321,48.4226497070873));
#6643=CARTESIAN_POINT('Ctrl Pts',(119.999999919509,48.6666666666658,48.4226496843391));
#6644=CARTESIAN_POINT('Ctrl Pts',(119.999999880108,71.9999999999994,48.422649661591));
#6645=CARTESIAN_POINT('Ctrl Pts',(119.999999998311,2.,46.4226497174156));
#6646=CARTESIAN_POINT('Ctrl Pts',(119.999999961332,23.8989930588268,46.4226496221079));
#6647=CARTESIAN_POINT('Ctrl Pts',(119.999999924354,45.7979861176536,46.4226495268003));
#6648=CARTESIAN_POINT('Ctrl Pts',(119.999999887375,67.6969791764804,46.4226494314926));
#6649=CARTESIAN_POINT('',(119.999999880108,71.9999999999994,48.4226496615909));
#6650=CARTESIAN_POINT('Ctrl Pts',(119.999999998311,1.99999999999838,48.4226497298354));
#6651=CARTESIAN_POINT('Ctrl Pts',(119.99999995891,25.3333333333321,48.4226497070873));
#6652=CARTESIAN_POINT('Ctrl Pts',(119.999999919509,48.6666666666658,48.4226496843391));
#6653=CARTESIAN_POINT('Ctrl Pts',(119.999999880108,71.9999999999994,48.422649661591));
#6654=CARTESIAN_POINT('Ctrl Pts',(119.999999880108,72.0000000000011,46.4226494127653));
#6655=CARTESIAN_POINT('Ctrl Pts',(119.999999880108,72.0000000000005,47.0893161623738));
#6656=CARTESIAN_POINT('Ctrl Pts',(119.999999880108,72.,47.7559829119824));
#6657=CARTESIAN_POINT('Ctrl Pts',(119.999999880108,71.9999999999994,48.422649661591));
#6658=CARTESIAN_POINT('Ctrl Pts',(121.,0.999999999999997,44.6905989141988));
#6659=CARTESIAN_POINT('Ctrl Pts',(121.,23.2323263921598,44.6905987524162));
#6660=CARTESIAN_POINT('Ctrl Pts',(121.,45.4646527843196,44.6905985906335));
#6661=CARTESIAN_POINT('Ctrl Pts',(121.,67.6969791764793,44.6905984288508));
#6662=CARTESIAN_POINT('Ctrl Pts',(120.666666666667,1.00000000000035,45.2679491833884));
#6663=CARTESIAN_POINT('Ctrl Pts',(120.666666654153,23.2323263921601,45.2679490432806));
#6664=CARTESIAN_POINT('Ctrl Pts',(120.666666641639,45.4646527843199,45.2679489031727));
#6665=CARTESIAN_POINT('Ctrl Pts',(120.666666629125,67.6969791764797,45.2679487630648));
#6666=CARTESIAN_POINT('Ctrl Pts',(120.333333333333,1.00000000000071,45.8452994525781));
#6667=CARTESIAN_POINT('Ctrl Pts',(120.333333308305,23.2323263921605,45.845299334145));
#6668=CARTESIAN_POINT('Ctrl Pts',(120.333333283278,45.4646527843203,45.8452992157118));
#6669=CARTESIAN_POINT('Ctrl Pts',(120.33333325825,67.6969791764801,45.8452990972787));
#6670=CARTESIAN_POINT('Ctrl Pts',(120.,1.00000000000106,46.4226497217677));
#6671=CARTESIAN_POINT('Ctrl Pts',(119.999999962458,23.2323263921608,46.4226496250094));
#6672=CARTESIAN_POINT('Ctrl Pts',(119.999999924916,45.4646527843206,46.422649528251));
#6673=CARTESIAN_POINT('Ctrl Pts',(119.999999887375,67.6969791764804,46.4226494314926));
#6674=CARTESIAN_POINT('Ctrl Pts',(119.999999998311,1.9999999922665,46.4226497174156));
#6675=CARTESIAN_POINT('Ctrl Pts',(120.166633609735,1.83336638154347,46.1340318373946));
#6676=CARTESIAN_POINT('Ctrl Pts',(120.333267221158,1.66673277082044,45.8454139573737));
#6677=CARTESIAN_POINT('Ctrl Pts',(120.499900832581,1.50009916009741,45.5567960773528));
#6678=CARTESIAN_POINT('Ctrl Pts',(120.666600554706,1.33339943867272,45.2680636902376));
#6679=CARTESIAN_POINT('Ctrl Pts',(120.833300277875,1.16669972142469,44.9793313013139));
#6680=CARTESIAN_POINT('Ctrl Pts',(121.,0.999999999999997,44.6905989141988));
#6681=CARTESIAN_POINT('Origin',(72.,0.999999999999996,44.6905989232415));
#6682=CARTESIAN_POINT('',(98.7449424726191,1.,26.6786988906613));
#6683=CARTESIAN_POINT('Origin',(121.,171.,2.));
#6684=CARTESIAN_POINT('',(121.,171.,14.9905869669206));
#6685=CARTESIAN_POINT('Ctrl Pts',(121.,72.,44.6905983975381));
#6686=CARTESIAN_POINT('Ctrl Pts',(121.,105.,34.7905945873323));
#6687=CARTESIAN_POINT('Ctrl Pts',(121.,138.,24.8905907771265));
#6688=CARTESIAN_POINT('Ctrl Pts',(121.,171.,14.9905869669206));
#6689=CARTESIAN_POINT('',(121.,171.,2.));
#6690=CARTESIAN_POINT('',(121.,171.,2.));
#6691=CARTESIAN_POINT('',(121.,115.1,2.));
#6692=CARTESIAN_POINT('',(121.,128.5,2.));
#6693=CARTESIAN_POINT('',(121.,115.1,9.));
#6694=CARTESIAN_POINT('',(121.,115.1,2.));
#6695=CARTESIAN_POINT('',(121.,112.9,9.));
#6696=CARTESIAN_POINT('',(121.,142.5,9.));
#6697=CARTESIAN_POINT('',(121.,112.9,2.));
#6698=CARTESIAN_POINT('',(121.,112.9,2.));
#6699=CARTESIAN_POINT('',(121.,2.05563491861042,2.));
#6700=CARTESIAN_POINT('',(121.,128.5,2.));
#6701=CARTESIAN_POINT('',(121.,2.05563491861042,9.));
#6702=CARTESIAN_POINT('',(121.,2.05563491861042,2.));
#6703=CARTESIAN_POINT('',(121.,0.999999999999996,9.));
#6704=CARTESIAN_POINT('',(121.,142.5,9.));
#6705=CARTESIAN_POINT('',(121.,0.999999999999996,9.));
#6706=CARTESIAN_POINT('',(121.,62.772999908,12.8290000148001));
#6707=CARTESIAN_POINT('Ctrl Pts',(121.,62.772999908,12.8290000148001));
#6708=CARTESIAN_POINT('Ctrl Pts',(121.,62.772999908,11.7690000148001));
#6709=CARTESIAN_POINT('Ctrl Pts',(121.,62.7728323295148,10.7089350230549));
#6710=CARTESIAN_POINT('Ctrl Pts',(121.,62.7734175501849,9.00690492331431));
#6711=CARTESIAN_POINT('Ctrl Pts',(121.,62.9886279419975,7.49530390546226));
#6712=CARTESIAN_POINT('Ctrl Pts',(121.,64.3910761318018,5.26733567186442));
#6713=CARTESIAN_POINT('Ctrl Pts',(121.,66.6190633281195,3.86489968612997));
#6714=CARTESIAN_POINT('Ctrl Pts',(121.,68.1306999331066,3.64977010311162));
#6715=CARTESIAN_POINT('Ctrl Pts',(121.,70.0276458687677,3.64910773414809));
#6716=CARTESIAN_POINT('Ctrl Pts',(121.,72.5375956983453,3.6494241695851));
#6717=CARTESIAN_POINT('Ctrl Pts',(121.,77.5574205721616,3.6493221545804));
#6718=CARTESIAN_POINT('Ctrl Pts',(121.,81.3218165398142,3.64964953222598));
#6719=CARTESIAN_POINT('Ctrl Pts',(121.,84.473196897832,3.65047631259055));
#6720=CARTESIAN_POINT('Ctrl Pts',(121.,85.9845155850698,3.86762843549613));
#6721=CARTESIAN_POINT('Ctrl Pts',(121.,88.2128684469324,5.26640007147973));
#6722=CARTESIAN_POINT('Ctrl Pts',(121.,89.6180270973475,7.49476682367537));
#6723=CARTESIAN_POINT('Ctrl Pts',(121.,89.8333635815975,9.00632737363008));
#6724=CARTESIAN_POINT('Ctrl Pts',(121.,89.833559104983,10.1785169836214));
#6725=CARTESIAN_POINT('Ctrl Pts',(121.,89.8333732216965,11.2385544475277));
#6726=CARTESIAN_POINT('Ctrl Pts',(121.,89.8334543793189,12.2985831960611));
#6727=CARTESIAN_POINT('Ctrl Pts',(121.,89.8329351131055,13.4707355383511));
#6728=CARTESIAN_POINT('Ctrl Pts',(121.,89.6176233514547,14.9824129365377));
#6729=CARTESIAN_POINT('Ctrl Pts',(121.,88.2151331620943,17.2103920742717));
#6730=CARTESIAN_POINT('Ctrl Pts',(121.,85.987100880076,18.6128523367356));
#6731=CARTESIAN_POINT('Ctrl Pts',(121.,84.4753955654182,18.8280006327877));
#6732=CARTESIAN_POINT('Ctrl Pts',(121.,81.3235027944915,18.8291556066025));
#6733=CARTESIAN_POINT('Ctrl Pts',(121.,77.55787198446,18.8289249716472));
#6734=CARTESIAN_POINT('Ctrl Pts',(121.,72.5380362391945,18.828888361405));
#6735=CARTESIAN_POINT('Ctrl Pts',(121.,70.0276900979401,18.8291099559745));
#6736=CARTESIAN_POINT('Ctrl Pts',(121.,68.1306386455454,18.8284408435938));
#6737=CARTESIAN_POINT('Ctrl Pts',(121.,66.6189441693975,18.6132942165066));
#6738=CARTESIAN_POINT('Ctrl Pts',(121.,64.3908825317552,17.2108817914469));
#6739=CARTESIAN_POINT('Ctrl Pts',(121.,62.9884657341172,14.9828778052545));
#6740=CARTESIAN_POINT('Ctrl Pts',(121.,62.772999908,13.4713848410297));
#6741=CARTESIAN_POINT('Ctrl Pts',(121.,62.772999908,12.8290000148001));
#6742=CARTESIAN_POINT('Ctrl Pts',(1.,19.2723746696002,20.1824903733415));
#6743=CARTESIAN_POINT('Ctrl Pts',(1.,13.1815831130668,17.3518598899749));
#6744=CARTESIAN_POINT('Ctrl Pts',(1.,7.09079155653338,14.5212294066082));
#6745=CARTESIAN_POINT('Ctrl Pts',(1.,0.999999999999996,11.6905989232415));
#6746=CARTESIAN_POINT('Ctrl Pts',(1.33313207405065,19.2723746696002,20.7594920512281));
#6747=CARTESIAN_POINT('Ctrl Pts',(1.33310882573761,13.1815831130668,17.928821300602));
#6748=CARTESIAN_POINT('Ctrl Pts',(1.33308557742457,7.09079155653338,15.098150549976));
#6749=CARTESIAN_POINT('Ctrl Pts',(1.33306232911153,0.999999999999999,12.2674797993499));
#6750=CARTESIAN_POINT('Ctrl Pts',(1.66626414810131,19.2723746696002,21.3364937291146));
#6751=CARTESIAN_POINT('Ctrl Pts',(1.66621765147522,13.1815831130668,18.5057827112292));
#6752=CARTESIAN_POINT('Ctrl Pts',(1.66617115484914,7.09079155653339,15.6750716933437));
#6753=CARTESIAN_POINT('Ctrl Pts',(1.66612465822306,1.,12.8443606754583));
#6754=CARTESIAN_POINT('Ctrl Pts',(1.99939622215196,19.2723746696002,21.9134954070011));
#6755=CARTESIAN_POINT('Ctrl Pts',(1.99932647721283,13.1815831130668,19.0827441218563));
#6756=CARTESIAN_POINT('Ctrl Pts',(1.99925673227371,7.09079155653339,16.2519928367115));
#6757=CARTESIAN_POINT('Ctrl Pts',(1.99918698733458,1.00000000000001,13.4212415515667));
#6758=CARTESIAN_POINT('Ctrl Pts',(1.,19.2723746696002,20.1824903733415));
#6759=CARTESIAN_POINT('Ctrl Pts',(1.,13.1815831130668,17.3518598899749));
#6760=CARTESIAN_POINT('Ctrl Pts',(1.,7.09079155653338,14.5212294066082));
#6761=CARTESIAN_POINT('Ctrl Pts',(1.,0.999999999999996,11.6905989232415));
#6762=CARTESIAN_POINT('Origin',(121.,1.99999999999999,48.4226497308104));
#6763=CARTESIAN_POINT('',(47.030303030303,1.99999999999999,46.4226497308104));
#6764=CARTESIAN_POINT('',(50.,1.99999999999999,48.4226497308104));
#6765=CARTESIAN_POINT('',(2.00001146019989,2.,46.4226497308104));
#6766=CARTESIAN_POINT('',(121.,2.,46.4226497308104));
#6767=CARTESIAN_POINT('',(2.0000114601999,1.99999999999999,48.422643114261));
#6768=CARTESIAN_POINT('Ctrl Pts',(2.00001146019989,2.,46.4226497308104));
#6769=CARTESIAN_POINT('Ctrl Pts',(2.00001146019989,2.,46.7559770385606));
#6770=CARTESIAN_POINT('Ctrl Pts',(2.0000114601999,2.,47.0893043463108));
#6771=CARTESIAN_POINT('Ctrl Pts',(2.0000114601999,1.99999999999999,47.755968807461));
#6772=CARTESIAN_POINT('Ctrl Pts',(2.0000114601999,1.99999999999999,48.089305960861));
#6773=CARTESIAN_POINT('Ctrl Pts',(2.0000114601999,1.99999999999999,48.422643114261));
#6774=CARTESIAN_POINT('',(121.,1.99999999999999,48.4226497308104));
#6775=CARTESIAN_POINT('Origin',(1.,1.00000000000001,2.));
#6776=CARTESIAN_POINT('',(1.,0.999999999999996,9.));
#6777=CARTESIAN_POINT('',(1.,0.999999999999996,9.));
#6778=CARTESIAN_POINT('',(1.,2.05563491861041,9.));
#6779=CARTESIAN_POINT('',(0.999999999999996,57.5,9.));
#6780=CARTESIAN_POINT('',(1.,2.05563491861041,2.));
#6781=CARTESIAN_POINT('',(1.,2.05563491861041,2.));
#6782=CARTESIAN_POINT('',(0.999999999999998,112.9,2.));
#6783=CARTESIAN_POINT('',(0.999999999999996,43.5,2.));
#6784=CARTESIAN_POINT('',(0.999999999999999,112.9,9.));
#6785=CARTESIAN_POINT('',(1.,112.9,2.));
#6786=CARTESIAN_POINT('',(0.999999999999998,115.1,9.));
#6787=CARTESIAN_POINT('',(0.999999999999996,57.5,9.));
#6788=CARTESIAN_POINT('',(0.999999999999997,115.1,2.));
#6789=CARTESIAN_POINT('',(1.,115.1,2.));
#6790=CARTESIAN_POINT('',(1.,171.,2.));
#6791=CARTESIAN_POINT('',(0.999999999999996,43.5,2.));
#6792=CARTESIAN_POINT('',(1.,171.,14.989725221937));
#6793=CARTESIAN_POINT('',(1.,171.,2.));
#6794=CARTESIAN_POINT('Ctrl Pts',(1.,171.,14.989725221937));
#6795=CARTESIAN_POINT('Ctrl Pts',(1.,138.,24.8888476395576));
#6796=CARTESIAN_POINT('Ctrl Pts',(1.,105.,34.7879700571782));
#6797=CARTESIAN_POINT('Ctrl Pts',(1.,72.,44.6870924747988));
#6798=CARTESIAN_POINT('Origin',(50.,0.999999999999996,49.));
#6799=CARTESIAN_POINT('',(43.6011923405708,1.,44.6905989232415));
#6800=CARTESIAN_POINT('',(63.534670487106,1.,58.1151862464183));
#6801=CARTESIAN_POINT('',(76.1122678890531,10.4809058353903,61.1120095319135));
#6802=CARTESIAN_POINT('Origin',(72.,1.99999999999999,48.4226497308104));
#6803=CARTESIAN_POINT('',(78.3988076594292,1.,44.6905989232415));
#6804=CARTESIAN_POINT('',(90.658146220185,-2.57507810916212,38.4983819971456));
#6805=CARTESIAN_POINT('',(99.8770165308424,1.,30.2256827445347));
#6806=CARTESIAN_POINT('Origin',(121.,2.,46.4226497308104));
#6807=CARTESIAN_POINT('',(121.,1.,44.6905989232415));
#6808=CARTESIAN_POINT('',(2.00001146000447,1.9999829471252,46.4226201943648));
#6809=CARTESIAN_POINT('Ctrl Pts',(0.999999999999996,0.999999999999996,44.6905989232415));
#6810=CARTESIAN_POINT('Ctrl Pts',(1.16663456731125,1.1666298161344,44.9792102308422));
#6811=CARTESIAN_POINT('Ctrl Pts',(1.33326913462578,1.33325963225568,45.2678215384485));
#6812=CARTESIAN_POINT('Ctrl Pts',(1.66660628796061,1.66658728129741,45.8451619621563));
#6813=CARTESIAN_POINT('Ctrl Pts',(1.8333088739809,1.83328511421787,46.1338910782577));
#6814=CARTESIAN_POINT('Ctrl Pts',(2.00001146000447,1.9999829471252,46.4226201943648));
#6815=CARTESIAN_POINT('Ctrl Pts',(2.00001146000447,1.9999829471252,46.4226201943648));
#6816=CARTESIAN_POINT('Ctrl Pts',(2.00001146006961,1.9999886314168,46.4226300398467));
#6817=CARTESIAN_POINT('Ctrl Pts',(2.00001146013475,1.9999943157084,46.4226398853285));
#6818=CARTESIAN_POINT('Ctrl Pts',(2.00001146019989,2.,46.4226497308104));
#6819=CARTESIAN_POINT('Origin',(121.,1.,2.));
#6820=CARTESIAN_POINT('Origin',(121.,1.,2.));
#6821=CARTESIAN_POINT('',(118.94436508139,1.,9.));
#6822=CARTESIAN_POINT('',(117.75,0.999999999999996,9.));
#6823=CARTESIAN_POINT('',(118.94436508139,0.999999999999999,2.));
#6824=CARTESIAN_POINT('',(118.94436508139,1.,2.));
#6825=CARTESIAN_POINT('',(114.5,0.999999999999996,2.));
#6826=CARTESIAN_POINT('',(91.,0.999999999999996,2.));
#6827=CARTESIAN_POINT('',(7.5,0.999999999999996,2.));
#6828=CARTESIAN_POINT('',(91.,0.999999999999996,2.));
#6829=CARTESIAN_POINT('',(3.05563491861039,0.999999999999996,2.));
#6830=CARTESIAN_POINT('',(91.,0.999999999999996,2.));
#6831=CARTESIAN_POINT('',(3.05563491861039,0.999999999999996,9.));
#6832=CARTESIAN_POINT('',(3.05563491861038,1.,2.));
#6833=CARTESIAN_POINT('',(117.75,0.999999999999996,9.));
#6834=CARTESIAN_POINT('',(100.11,1.,11.0440000000001));
#6835=CARTESIAN_POINT('Origin',(107.11,1.,11.0440000000001));
#6836=CARTESIAN_POINT('Origin',(121.,1.,2.));
#6837=CARTESIAN_POINT('',(121.,1.,44.6905989232415));
#6838=CARTESIAN_POINT('Ctrl Pts',(120.000023176869,169.999999997661,19.022498352265));
#6839=CARTESIAN_POINT('Ctrl Pts',(80.3333565099899,169.999933897216,19.0224800092827));
#6840=CARTESIAN_POINT('Ctrl Pts',(40.6666898431112,169.999867796771,19.0224616663004));
#6841=CARTESIAN_POINT('Ctrl Pts',(1.0000231762325,169.999801696327,19.0224433233182));
#6842=CARTESIAN_POINT('Ctrl Pts',(120.000015451459,170.333333331774,19.1149989015086));
#6843=CARTESIAN_POINT('Ctrl Pts',(80.3333487845802,170.333289264811,19.1149866728538));
#6844=CARTESIAN_POINT('Ctrl Pts',(40.6666821177015,170.333245197848,19.1149744441989));
#6845=CARTESIAN_POINT('Ctrl Pts',(1.00001545082283,170.333201130885,19.1149622155441));
#6846=CARTESIAN_POINT('Ctrl Pts',(120.000007726049,170.666666665887,19.2074994507523));
#6847=CARTESIAN_POINT('Ctrl Pts',(80.3333410591705,170.666644632406,19.2074933364249));
#6848=CARTESIAN_POINT('Ctrl Pts',(40.6666743922919,170.666622598924,19.2074872220974));
#6849=CARTESIAN_POINT('Ctrl Pts',(1.00000772541317,170.666600565443,19.20748110777));
#6850=CARTESIAN_POINT('Ctrl Pts',(120.00000000064,171.000000000001,19.2999999999959));
#6851=CARTESIAN_POINT('Ctrl Pts',(80.3333333337609,171.000000000001,19.2999999999959));
#6852=CARTESIAN_POINT('Ctrl Pts',(40.6666666668822,171.000000000001,19.2999999999959));
#6853=CARTESIAN_POINT('Ctrl Pts',(1.0000000000035,171.000000000001,19.2999999999959));
#6854=CARTESIAN_POINT('',(119.999999880108,170.00025938061,19.0225703314606));
#6855=CARTESIAN_POINT('',(119.999999880108,169.999999997622,19.0224983522542));
#6856=CARTESIAN_POINT('Ctrl Pts',(119.999999880108,170.00025938061,19.0225703314606));
#6857=CARTESIAN_POINT('Ctrl Pts',(119.999999880108,170.000172919614,19.0225463383918));
#6858=CARTESIAN_POINT('Ctrl Pts',(119.999999880108,170.000086458618,19.022522345323));
#6859=CARTESIAN_POINT('Ctrl Pts',(119.999999880108,169.999999997622,19.0224983522542));
#6860=CARTESIAN_POINT('',(120.000023170317,170.000282664775,19.0225767928547));
#6861=CARTESIAN_POINT('Ctrl Pts',(120.000023170317,170.000282664775,19.0225767928547));
#6862=CARTESIAN_POINT('Ctrl Pts',(120.000015406914,170.000274903387,19.0225746390567));
#6863=CARTESIAN_POINT('Ctrl Pts',(120.000007643511,170.000267141998,19.0225724852587));
#6864=CARTESIAN_POINT('Ctrl Pts',(119.999999880108,170.00025938061,19.0225703314607));
#6865=CARTESIAN_POINT('',(120.00000000064,171.000000000001,19.2999999999959));
#6866=CARTESIAN_POINT('',(120.000023176869,169.999999997661,19.022498352265));
#6867=CARTESIAN_POINT('',(1.,171.,19.3000000000004));
#6868=CARTESIAN_POINT('',(0.499999999999998,171.,19.3000000000004));
#6869=CARTESIAN_POINT('',(2.00020891378589,170.000053266456,19.0225131344435));
#6870=CARTESIAN_POINT('Ctrl Pts',(2.00020891378589,170.000053266456,19.0225131344435));
#6871=CARTESIAN_POINT('Ctrl Pts',(1.83347768977418,170.166740785967,19.0687691956557));
#6872=CARTESIAN_POINT('Ctrl Pts',(1.66674646576265,170.333428305478,19.1150252568679));
#6873=CARTESIAN_POINT('Ctrl Pts',(1.33334349450252,170.666743883327,19.2075208787189));
#6874=CARTESIAN_POINT('Ctrl Pts',(1.16667174725191,170.833371941663,19.2537604393571));
#6875=CARTESIAN_POINT('Ctrl Pts',(1.0000000000035,171.000000000001,19.2999999999959));
#6876=CARTESIAN_POINT('',(2.00020891532805,169.999803363034,19.0224437858322));
#6877=CARTESIAN_POINT('Ctrl Pts',(2.00020891532805,169.999803363034,19.0224437858322));
#6878=CARTESIAN_POINT('Ctrl Pts',(2.000208914814,169.999886664175,19.022466902036));
#6879=CARTESIAN_POINT('Ctrl Pts',(2.00020891429994,169.999969965316,19.0224900182397));
#6880=CARTESIAN_POINT('Ctrl Pts',(2.00020891378589,170.000053266456,19.0225131344435));
#6881=CARTESIAN_POINT('Ctrl Pts',(119.999999880108,169.999999997622,19.0224983522542));
#6882=CARTESIAN_POINT('Ctrl Pts',(80.6667362251817,169.999934452759,19.0224801634469));
#6883=CARTESIAN_POINT('Ctrl Pts',(41.3334725702548,169.999868907897,19.0224619746395));
#6884=CARTESIAN_POINT('Ctrl Pts',(2.00020891532805,169.999803363034,19.0224437858322));
#6885=CARTESIAN_POINT('Ctrl Pts',(120.000023176867,169.999999997665,17.0224328058725));
#6886=CARTESIAN_POINT('Ctrl Pts',(80.6667160920649,169.99993445273,17.0222835228791));
#6887=CARTESIAN_POINT('Ctrl Pts',(41.3334090072625,169.999868907795,17.0221342398857));
#6888=CARTESIAN_POINT('Ctrl Pts',(2.00010192246008,169.99980336286,17.0219849568923));
#6889=CARTESIAN_POINT('Ctrl Pts',(120.000023176868,169.999999997664,17.6891213213367));
#6890=CARTESIAN_POINT('Ctrl Pts',(80.6667160920654,169.999934452729,17.6890157363986));
#6891=CARTESIAN_POINT('Ctrl Pts',(41.3334090072629,169.999868907794,17.6889101514605));
#6892=CARTESIAN_POINT('Ctrl Pts',(2.00010192246047,169.999803362859,17.6888045665225));
#6893=CARTESIAN_POINT('Ctrl Pts',(120.000023176868,169.999999997662,18.3558098368008));
#6894=CARTESIAN_POINT('Ctrl Pts',(80.6667160920657,169.999934452727,18.3557479499181));
#6895=CARTESIAN_POINT('Ctrl Pts',(41.3334090072634,169.999868907792,18.3556860630353));
#6896=CARTESIAN_POINT('Ctrl Pts',(2.00010192246087,169.999803362857,18.3556241761526));
#6897=CARTESIAN_POINT('Ctrl Pts',(120.000023176869,169.999999997661,19.022498352265));
#6898=CARTESIAN_POINT('Ctrl Pts',(80.6667160920661,169.999934452726,19.0224801634376));
#6899=CARTESIAN_POINT('Ctrl Pts',(41.3334090072637,169.999868907791,19.0224619746101));
#6900=CARTESIAN_POINT('Ctrl Pts',(2.00010192246125,169.999803362856,19.0224437857827));
#6901=CARTESIAN_POINT('',(120.000060455496,169.999999997727,17.0225377261978));
#6902=CARTESIAN_POINT('Ctrl Pts',(119.999999880108,169.999999997622,19.0224983522542));
#6903=CARTESIAN_POINT('Ctrl Pts',(119.999999880108,169.999999997623,18.6891540945092));
#6904=CARTESIAN_POINT('Ctrl Pts',(119.999999880108,169.999999997623,18.3558098367642));
#6905=CARTESIAN_POINT('Ctrl Pts',(119.999999880108,169.999999997625,17.6891912680633));
#6906=CARTESIAN_POINT('Ctrl Pts',(119.999999880108,169.999999997626,17.3559169571075));
#6907=CARTESIAN_POINT('Ctrl Pts',(119.999999880108,169.999999997627,17.0226426461517));
#6908=CARTESIAN_POINT('',(2.00020891532805,169.999803363039,17.0221702739222));
#6909=CARTESIAN_POINT('Ctrl Pts',(2.00020891532804,169.999803363039,17.0221702739222));
#6910=CARTESIAN_POINT('Ctrl Pts',(2.00020891532804,169.999803363038,17.3555800786779));
#6911=CARTESIAN_POINT('Ctrl Pts',(2.00020891532805,169.999803363037,17.6889898834335));
#6912=CARTESIAN_POINT('Ctrl Pts',(2.00020891532805,169.999803363036,18.3557477207368));
#6913=CARTESIAN_POINT('Ctrl Pts',(2.00020891532805,169.999803363035,18.6890957532845));
#6914=CARTESIAN_POINT('Ctrl Pts',(2.00020891532805,169.999803363034,19.0224437858322));
#6915=CARTESIAN_POINT('',(2.00010192246008,169.99980336286,17.0219849568923));
#6916=CARTESIAN_POINT('Ctrl Pts',(2.00010192246008,169.99980336286,17.0219849568923));
#6917=CARTESIAN_POINT('Ctrl Pts',(2.00013758674941,169.99980336292,17.0220467292356));
#6918=CARTESIAN_POINT('Ctrl Pts',(2.00017325103872,169.999803362979,17.0221085015789));
#6919=CARTESIAN_POINT('Ctrl Pts',(2.00020891532804,169.999803363039,17.0221702739222));
#6920=CARTESIAN_POINT('Ctrl Pts',(120.000023176867,169.999999997665,17.0224328058725));
#6921=CARTESIAN_POINT('Ctrl Pts',(80.6667160920649,169.99993445273,17.0222835228791));
#6922=CARTESIAN_POINT('Ctrl Pts',(41.3334090072625,169.999868907795,17.0221342398857));
#6923=CARTESIAN_POINT('Ctrl Pts',(2.00010192246008,169.99980336286,17.0219849568923));
#6924=CARTESIAN_POINT('Ctrl Pts',(120.000000000636,170.999999999999,14.9905797857125));
#6925=CARTESIAN_POINT('Ctrl Pts',(80.3333333337574,170.999999999999,14.9902949311207));
#6926=CARTESIAN_POINT('Ctrl Pts',(40.6666666668787,170.999999999999,14.9900100765289));
#6927=CARTESIAN_POINT('Ctrl Pts',(0.999999999999996,170.999999999999,14.9897252219371));
#6928=CARTESIAN_POINT('Ctrl Pts',(120.000007726046,170.666666665888,15.6678641257659));
#6929=CARTESIAN_POINT('Ctrl Pts',(80.3333410591678,170.666644632406,15.66762403997));
#6930=CARTESIAN_POINT('Ctrl Pts',(40.6666743922891,170.666622598925,15.6673839541741));
#6931=CARTESIAN_POINT('Ctrl Pts',(1.00000772541045,170.666600565443,15.6671438683782));
#6932=CARTESIAN_POINT('Ctrl Pts',(120.000015451457,170.333333331777,16.3451484658192));
#6933=CARTESIAN_POINT('Ctrl Pts',(80.3333487845783,170.333289264813,16.3449531488193));
#6934=CARTESIAN_POINT('Ctrl Pts',(40.6666821176996,170.33324519785,16.3447578318193));
#6935=CARTESIAN_POINT('Ctrl Pts',(1.0000154508209,170.333201130887,16.3445625148194));
#6936=CARTESIAN_POINT('Ctrl Pts',(120.000023176867,169.999999997665,17.0224328058725));
#6937=CARTESIAN_POINT('Ctrl Pts',(80.3333565099887,169.999933897221,17.0222822576685));
#6938=CARTESIAN_POINT('Ctrl Pts',(40.66668984311,169.999867796776,17.0221317094646));
#6939=CARTESIAN_POINT('Ctrl Pts',(1.00002317623135,169.999801696331,17.0219811612606));
#6940=CARTESIAN_POINT('Ctrl Pts',(0.999999999999996,170.999999999999,14.9897252219371));
#6941=CARTESIAN_POINT('Ctrl Pts',(1.1666720209424,170.833312194379,15.3284115392992));
#6942=CARTESIAN_POINT('Ctrl Pts',(1.33334404188451,170.666624388758,15.6670978566615));
#6943=CARTESIAN_POINT('Ctrl Pts',(1.66671134937123,170.333225509712,16.3445177683133));
#6944=CARTESIAN_POINT('Ctrl Pts',(1.83340663591577,170.166514436286,16.6832513626028));
#6945=CARTESIAN_POINT('Ctrl Pts',(2.00010192246008,169.99980336286,17.0219849568923));
#6946=CARTESIAN_POINT('',(120.000000000636,170.999999999999,14.9905797857125));
#6947=CARTESIAN_POINT('Ctrl Pts',(120.000000000636,170.999999999999,14.9905797857125));
#6948=CARTESIAN_POINT('Ctrl Pts',(80.3333333337574,170.999999999999,14.9902949311207));
#6949=CARTESIAN_POINT('Ctrl Pts',(40.6666666668787,170.999999999999,14.9900100765289));
#6950=CARTESIAN_POINT('Ctrl Pts',(0.999999999999996,170.999999999999,14.9897252219371));
#6951=CARTESIAN_POINT('',(120.000000000636,170.999999999999,14.9905797857125));
#6952=CARTESIAN_POINT('Ctrl Pts',(119.999999880108,72.0000000000011,46.4226494127653));
#6953=CARTESIAN_POINT('Ctrl Pts',(119.999999880108,104.666753126871,36.6226212189229));
#6954=CARTESIAN_POINT('Ctrl Pts',(119.999999880108,137.333506253741,26.8225930250806));
#6955=CARTESIAN_POINT('Ctrl Pts',(119.999999880108,170.000259380612,17.0225648312383));
#6956=CARTESIAN_POINT('Ctrl Pts',(119.999999880108,72.0000000000005,47.0893161623738));
#6957=CARTESIAN_POINT('Ctrl Pts',(119.999999880108,104.666753126871,37.28928855202));
#6958=CARTESIAN_POINT('Ctrl Pts',(119.999999880108,137.333506253741,27.4892609416662));
#6959=CARTESIAN_POINT('Ctrl Pts',(119.999999880108,170.000259380611,17.6892333313124));
#6960=CARTESIAN_POINT('Ctrl Pts',(119.999999880108,72.,47.7559829119824));
#6961=CARTESIAN_POINT('Ctrl Pts',(119.999999880108,104.66675312687,37.9559558851171));
#6962=CARTESIAN_POINT('Ctrl Pts',(119.999999880108,137.33350625374,28.1559288582518));
#6963=CARTESIAN_POINT('Ctrl Pts',(119.999999880108,170.00025938061,18.3559018313865));
#6964=CARTESIAN_POINT('Ctrl Pts',(119.999999880108,71.9999999999994,48.422649661591));
#6965=CARTESIAN_POINT('Ctrl Pts',(119.999999880108,104.66675312687,38.6226232182142));
#6966=CARTESIAN_POINT('Ctrl Pts',(119.999999880108,137.33350625374,28.8225967748374));
#6967=CARTESIAN_POINT('Ctrl Pts',(119.999999880108,170.00025938061,19.0225703314606));
#6968=CARTESIAN_POINT('Ctrl Pts',(119.999999880108,72.0000000000011,46.4226494127653));
#6969=CARTESIAN_POINT('Ctrl Pts',(119.999999880108,104.666666665876,36.6226471572274));
#6970=CARTESIAN_POINT('Ctrl Pts',(119.999999880108,137.333333331751,26.8226449016896));
#6971=CARTESIAN_POINT('Ctrl Pts',(119.999999880108,169.999999997627,17.0226426461517));
#6972=CARTESIAN_POINT('Ctrl Pts',(119.999999880108,71.9999999999994,48.422649661591));
#6973=CARTESIAN_POINT('Ctrl Pts',(119.999999880108,104.66675312687,38.6226232182142));
#6974=CARTESIAN_POINT('Ctrl Pts',(119.999999880108,137.33350625374,28.8225967748374));
#6975=CARTESIAN_POINT('Ctrl Pts',(119.999999880108,170.00025938061,19.0225703314606));
#6976=CARTESIAN_POINT('Ctrl Pts',(121.,72.,44.6905983975381));
#6977=CARTESIAN_POINT('Ctrl Pts',(121.,105.,34.7905945873323));
#6978=CARTESIAN_POINT('Ctrl Pts',(121.,138.,24.8905907771265));
#6979=CARTESIAN_POINT('Ctrl Pts',(121.,171.,14.9905869669206));
#6980=CARTESIAN_POINT('Ctrl Pts',(120.666666626703,72.0000000000003,45.2679487359472));
#6981=CARTESIAN_POINT('Ctrl Pts',(120.666666626703,105.,35.3679454362122));
#6982=CARTESIAN_POINT('Ctrl Pts',(120.666666626703,138.,25.4679421364771));
#6983=CARTESIAN_POINT('Ctrl Pts',(120.666666626703,171.,15.5679388367421));
#6984=CARTESIAN_POINT('Ctrl Pts',(120.333333253406,72.0000000000007,45.8452990743562));
#6985=CARTESIAN_POINT('Ctrl Pts',(120.333333253406,105.000000000001,35.945296285092));
#6986=CARTESIAN_POINT('Ctrl Pts',(120.333333253406,138.000000000001,26.0452934958278));
#6987=CARTESIAN_POINT('Ctrl Pts',(120.333333253406,171.000000000001,16.1452907065636));
#6988=CARTESIAN_POINT('Ctrl Pts',(119.999999880108,72.0000000000011,46.4226494127653));
#6989=CARTESIAN_POINT('Ctrl Pts',(119.999999880108,105.000000000001,36.5226471339718));
#6990=CARTESIAN_POINT('Ctrl Pts',(119.999999880108,138.000000000001,26.6226448551784));
#6991=CARTESIAN_POINT('Ctrl Pts',(119.999999880108,171.000000000001,16.722642576385));
#6992=CARTESIAN_POINT('Ctrl Pts',(120.000121030883,169.999999997828,17.0224328062439));
#6993=CARTESIAN_POINT('Ctrl Pts',(120.166764343264,170.166663477534,16.6837983091711));
#6994=CARTESIAN_POINT('Ctrl Pts',(120.333407653777,170.333326957605,16.3451638113582));
#6995=CARTESIAN_POINT('Ctrl Pts',(120.666700643483,170.666660291662,15.6678818649172));
#6996=CARTESIAN_POINT('Ctrl Pts',(120.833350322676,170.833330145648,15.3292344162891));
#6997=CARTESIAN_POINT('Ctrl Pts',(121.,170.999999999999,14.9905869669208));
#6998=CARTESIAN_POINT('Origin',(0.999999999999996,171.,2.));
#6999=CARTESIAN_POINT('',(31.,171.,2.));
#7000=CARTESIAN_POINT('Ctrl Pts',(121.,170.999999999999,14.9905869669207));
#7001=CARTESIAN_POINT('Ctrl Pts',(120.666666666879,170.999999999999,14.9905845731847));
#7002=CARTESIAN_POINT('Ctrl Pts',(120.333333333757,170.999999999999,14.9905821794486));
#7003=CARTESIAN_POINT('Ctrl Pts',(120.000000000636,170.999999999999,14.9905797857125));
#7004=CARTESIAN_POINT('Ctrl Pts',(2.00081367419285,71.9999999999999,46.4205526074104));
#7005=CARTESIAN_POINT('Ctrl Pts',(2.00061003049303,105.,36.5210774685551));
#7006=CARTESIAN_POINT('Ctrl Pts',(2.00040638679321,138.,26.6216023296998));
#7007=CARTESIAN_POINT('Ctrl Pts',(2.00020274309339,171.,16.7221271908445));
#7008=CARTESIAN_POINT('Ctrl Pts',(1.66720911612857,72.,45.8427325632066));
#7009=CARTESIAN_POINT('Ctrl Pts',(1.66707335366202,105.,35.9433749980961));
#7010=CARTESIAN_POINT('Ctrl Pts',(1.66693759119547,138.,26.0440174329857));
#7011=CARTESIAN_POINT('Ctrl Pts',(1.66680182872893,171.,16.1446598678753));
#7012=CARTESIAN_POINT('Ctrl Pts',(1.33360455806428,72.,45.2649125190026));
#7013=CARTESIAN_POINT('Ctrl Pts',(1.33353667683101,105.,35.3656725276372));
#7014=CARTESIAN_POINT('Ctrl Pts',(1.33346879559774,138.,25.4664325362717));
#7015=CARTESIAN_POINT('Ctrl Pts',(1.33340091436447,171.,15.5671925449062));
#7016=CARTESIAN_POINT('Ctrl Pts',(1.,72.,44.6870924747988));
#7017=CARTESIAN_POINT('Ctrl Pts',(1.,105.,34.7879700571782));
#7018=CARTESIAN_POINT('Ctrl Pts',(1.,138.,24.8888476395576));
#7019=CARTESIAN_POINT('Ctrl Pts',(1.,171.,14.989725221937));
#7020=CARTESIAN_POINT('',(2.00081367419285,71.9999999999999,46.4205526074104));
#7021=CARTESIAN_POINT('Ctrl Pts',(2.00081367419285,71.9999999999999,46.4205526074104));
#7022=CARTESIAN_POINT('Ctrl Pts',(2.00061208790458,104.666601121013,36.621091829581));
#7023=CARTESIAN_POINT('Ctrl Pts',(2.00041050161632,137.333202242026,26.8216310517516));
#7024=CARTESIAN_POINT('Ctrl Pts',(2.00020891532805,169.999803363039,17.0221702739222));
#7025=CARTESIAN_POINT('Ctrl Pts',(2.00081367419285,71.9999999999999,46.4205526074104));
#7026=CARTESIAN_POINT('Ctrl Pts',(2.0005424494619,71.9999999999999,46.4200828323962));
#7027=CARTESIAN_POINT('Ctrl Pts',(2.00027122473096,72.,46.4196130573819));
#7028=CARTESIAN_POINT('Ctrl Pts',(2.00000000000001,72.,46.4191432823677));
#7029=CARTESIAN_POINT('Ctrl Pts',(120.00000000064,171.000000000001,19.2999999999959));
#7030=CARTESIAN_POINT('Ctrl Pts',(120.333333333761,171.000000000001,19.2999999999959));
#7031=CARTESIAN_POINT('Ctrl Pts',(120.666666666882,171.000000000001,19.2999999999959));
#7032=CARTESIAN_POINT('Ctrl Pts',(121.000000000003,171.000000000001,19.2999999999959));
#7033=CARTESIAN_POINT('Ctrl Pts',(120.000007723865,170.666760888259,19.2075255976155));
#7034=CARTESIAN_POINT('Ctrl Pts',(120.333341056987,170.666761073362,19.2075256489819));
#7035=CARTESIAN_POINT('Ctrl Pts',(120.666674390108,170.666761258465,19.2075257003483));
#7036=CARTESIAN_POINT('Ctrl Pts',(121.000007723229,170.666761443568,19.2075257517147));
#7037=CARTESIAN_POINT('Ctrl Pts',(120.000015447091,170.333521776517,19.1150511952351));
#7038=CARTESIAN_POINT('Ctrl Pts',(120.333348780213,170.333522146723,19.1150512979679));
#7039=CARTESIAN_POINT('Ctrl Pts',(120.666682113334,170.333522516929,19.1150514007006));
#7040=CARTESIAN_POINT('Ctrl Pts',(121.000015446455,170.333522887135,19.1150515034334));
#7041=CARTESIAN_POINT('Ctrl Pts',(120.000023170317,170.000282664775,19.0225767928547));
#7042=CARTESIAN_POINT('Ctrl Pts',(120.333356503439,170.000283220084,19.0225769469538));
#7043=CARTESIAN_POINT('Ctrl Pts',(120.66668983656,170.000283775393,19.022577101053));
#7044=CARTESIAN_POINT('Ctrl Pts',(121.000023169681,170.000284330701,19.0225772551521));
#7045=CARTESIAN_POINT('',(121.,171.,19.3000000000004));
#7046=CARTESIAN_POINT('Ctrl Pts',(121.000000000001,171.000000000002,19.3000000000003));
#7047=CARTESIAN_POINT('Ctrl Pts',(120.833324083398,170.833367331413,19.2537591600093));
#7048=CARTESIAN_POINT('Ctrl Pts',(120.666648165635,170.666734663903,19.2075183203136));
#7049=CARTESIAN_POINT('Ctrl Pts',(120.333322555741,170.33349555216,19.1150439179328));
#7050=CARTESIAN_POINT('Ctrl Pts',(120.166672863608,170.16688910793,19.0688103552447));
#7051=CARTESIAN_POINT('Ctrl Pts',(120.000023170317,170.000282664775,19.0225767928547));
#7052=CARTESIAN_POINT('',(0.499999999999998,171.,19.3000000000004));
#7053=CARTESIAN_POINT('Ctrl Pts',(120.000023176867,169.999999997665,17.0224328058725));
#7054=CARTESIAN_POINT('Ctrl Pts',(120.333356509989,170.000000553131,17.0224340709835));
#7055=CARTESIAN_POINT('Ctrl Pts',(120.66668984311,170.000001108597,17.0224353360944));
#7056=CARTESIAN_POINT('Ctrl Pts',(121.000023176231,170.000001664063,17.0224366012054));
#7057=CARTESIAN_POINT('Ctrl Pts',(120.000015451457,170.333333331777,16.3451484658192));
#7058=CARTESIAN_POINT('Ctrl Pts',(120.333348784578,170.333333702087,16.3451501071385));
#7059=CARTESIAN_POINT('Ctrl Pts',(120.6666821177,170.333334072398,16.3451517484578));
#7060=CARTESIAN_POINT('Ctrl Pts',(121.000015450821,170.333334442708,16.3451533897772));
#7061=CARTESIAN_POINT('Ctrl Pts',(120.000007726046,170.666666665888,15.6678641257659));
#7062=CARTESIAN_POINT('Ctrl Pts',(120.333341059168,170.666666851043,15.6678661432936));
#7063=CARTESIAN_POINT('Ctrl Pts',(120.666674392289,170.666667036198,15.6678681608213));
#7064=CARTESIAN_POINT('Ctrl Pts',(121.00000772541,170.666667221354,15.667870178349));
#7065=CARTESIAN_POINT('Ctrl Pts',(120.000000000636,170.999999999999,14.9905797857125));
#7066=CARTESIAN_POINT('Ctrl Pts',(120.333333333757,170.999999999999,14.9905821794486));
#7067=CARTESIAN_POINT('Ctrl Pts',(120.666666666879,170.999999999999,14.9905845731847));
#7068=CARTESIAN_POINT('Ctrl Pts',(121.,170.999999999999,14.9905869669207));
#7069=CARTESIAN_POINT('Ctrl Pts',(2.00081367419285,71.9999999999999,48.4221799557962));
#7070=CARTESIAN_POINT('Ctrl Pts',(2.00061208739053,104.666684422152,38.6222910153453));
#7071=CARTESIAN_POINT('Ctrl Pts',(2.00041050058821,137.333368844304,28.8224020748944));
#7072=CARTESIAN_POINT('Ctrl Pts',(2.00020891378589,170.000053266456,19.0225131344435));
#7073=CARTESIAN_POINT('Ctrl Pts',(2.00081367419285,71.9999999999999,47.7549708396676));
#7074=CARTESIAN_POINT('Ctrl Pts',(2.00061208739053,104.666684422152,37.9552162904183));
#7075=CARTESIAN_POINT('Ctrl Pts',(2.00041050058821,137.333368844304,28.1554617411689));
#7076=CARTESIAN_POINT('Ctrl Pts',(2.00020891378589,170.000053266456,18.3557071919195));
#7077=CARTESIAN_POINT('Ctrl Pts',(2.00081367419285,71.9999999999999,47.087761723539));
#7078=CARTESIAN_POINT('Ctrl Pts',(2.00061208739053,104.666684422152,37.2881415654912));
#7079=CARTESIAN_POINT('Ctrl Pts',(2.00041050058821,137.333368844304,27.4885214074434));
#7080=CARTESIAN_POINT('Ctrl Pts',(2.00020891378589,170.000053266456,17.6889012493956));
#7081=CARTESIAN_POINT('Ctrl Pts',(2.00081367419285,71.9999999999999,46.4205526074104));
#7082=CARTESIAN_POINT('Ctrl Pts',(2.00061208739053,104.666684422152,36.6210668405642));
#7083=CARTESIAN_POINT('Ctrl Pts',(2.00041050058821,137.333368844304,26.8215810737179));
#7084=CARTESIAN_POINT('Ctrl Pts',(2.00020891378589,170.000053266456,17.0220953068716));
#7085=CARTESIAN_POINT('',(2.00081367419285,71.9999999999999,48.4221799557962));
#7086=CARTESIAN_POINT('Ctrl Pts',(2.00081367419285,72.,48.4221799557962));
#7087=CARTESIAN_POINT('Ctrl Pts',(2.00061208739053,104.666684422152,38.6222910153453));
#7088=CARTESIAN_POINT('Ctrl Pts',(2.00041050058821,137.333368844304,28.8224020748944));
#7089=CARTESIAN_POINT('Ctrl Pts',(2.00020891378589,170.000053266456,19.0225131344435));
#7090=CARTESIAN_POINT('Ctrl Pts',(2.00081367419285,71.9999999999999,48.4221799557962));
#7091=CARTESIAN_POINT('Ctrl Pts',(2.00081367419285,71.9999999999999,47.7549708396676));
#7092=CARTESIAN_POINT('Ctrl Pts',(2.00081367419285,71.9999999999999,47.087761723539));
#7093=CARTESIAN_POINT('Ctrl Pts',(2.00081367419285,71.9999999999999,46.4205526074104));
#7094=CARTESIAN_POINT('Ctrl Pts',(1.,72.,49.));
#7095=CARTESIAN_POINT('Ctrl Pts',(1.,105.,39.1000000000001));
#7096=CARTESIAN_POINT('Ctrl Pts',(1.,138.,29.2000000000003));
#7097=CARTESIAN_POINT('Ctrl Pts',(1.,171.,19.3000000000004));
#7098=CARTESIAN_POINT('Ctrl Pts',(1.33360455806428,72.,48.8073933185987));
#7099=CARTESIAN_POINT('Ctrl Pts',(1.33353667683101,105.,38.9074325098472));
#7100=CARTESIAN_POINT('Ctrl Pts',(1.33346879559774,138.,29.0074717010956));
#7101=CARTESIAN_POINT('Ctrl Pts',(1.33340091436446,171.,19.1075108923441));
#7102=CARTESIAN_POINT('Ctrl Pts',(1.66720911612856,72.,48.6147866371975));
#7103=CARTESIAN_POINT('Ctrl Pts',(1.66707335366202,105.,38.7148650196942));
#7104=CARTESIAN_POINT('Ctrl Pts',(1.66693759119547,138.,28.814943402191));
#7105=CARTESIAN_POINT('Ctrl Pts',(1.66680182872893,171.,18.9150217846877));
#7106=CARTESIAN_POINT('Ctrl Pts',(2.00081367419285,72.,48.4221799557962));
#7107=CARTESIAN_POINT('Ctrl Pts',(2.00061003049303,105.,38.5222975295413));
#7108=CARTESIAN_POINT('Ctrl Pts',(2.00040638679321,138.,28.6224151032863));
#7109=CARTESIAN_POINT('Ctrl Pts',(2.00020274309339,171.,18.7225326770314));
#7110=CARTESIAN_POINT('',(1.,45.8990825688072,56.8302752293577));
#7111=CARTESIAN_POINT('Ctrl Pts',(1.,72.,49.));
#7112=CARTESIAN_POINT('Ctrl Pts',(1.33360455806428,72.,48.8073933185987));
#7113=CARTESIAN_POINT('Ctrl Pts',(1.66720911612856,72.,48.6147866371975));
#7114=CARTESIAN_POINT('Ctrl Pts',(2.00081367419285,72.,48.4221799557962));
#7115=CARTESIAN_POINT('Ctrl Pts',(0.999999999999996,0.999999999999996,49.));
#7116=CARTESIAN_POINT('Ctrl Pts',(0.999999999999998,24.6666666666667,49.));
#7117=CARTESIAN_POINT('Ctrl Pts',(0.999999999999999,48.3333333333333,49.));
#7118=CARTESIAN_POINT('Ctrl Pts',(1.,72.,49.));
#7119=CARTESIAN_POINT('Ctrl Pts',(1.33333333333333,0.999999999999996,48.8075499102702));
#7120=CARTESIAN_POINT('Ctrl Pts',(1.33342374157698,24.6666666666667,48.8074977130464));
#7121=CARTESIAN_POINT('Ctrl Pts',(1.33351414982063,48.3333333333333,48.8074455158225));
#7122=CARTESIAN_POINT('Ctrl Pts',(1.33360455806428,72.,48.8073933185987));
#7123=CARTESIAN_POINT('Ctrl Pts',(1.66666666666666,0.999999999999996,48.6150998205403));
#7124=CARTESIAN_POINT('Ctrl Pts',(1.66684748315396,24.6666666666667,48.6149954260927));
#7125=CARTESIAN_POINT('Ctrl Pts',(1.66702829964126,48.3333333333333,48.6148910316451));
#7126=CARTESIAN_POINT('Ctrl Pts',(1.66720911612856,72.,48.6147866371975));
#7127=CARTESIAN_POINT('Ctrl Pts',(2.,0.999999999999996,48.4226497308105));
#7128=CARTESIAN_POINT('Ctrl Pts',(2.00027122473095,24.6666666666667,48.4224931391391));
#7129=CARTESIAN_POINT('Ctrl Pts',(2.0005424494619,48.3333333333333,48.4223365474676));
#7130=CARTESIAN_POINT('Ctrl Pts',(2.00081367419285,72.,48.4221799557962));
#7131=CARTESIAN_POINT('',(2.00000000000019,1.99999999999999,48.4226497308104));
#7132=CARTESIAN_POINT('Ctrl Pts',(2.00000000000019,1.99999999999999,48.4226497308104));
#7133=CARTESIAN_POINT('Ctrl Pts',(1.83336734572825,1.83336734572809,48.51885513861));
#7134=CARTESIAN_POINT('Ctrl Pts',(1.66673469144927,1.66673469146556,48.6150605464138));
#7135=CARTESIAN_POINT('Ctrl Pts',(1.33340135811588,1.33340135813222,48.8075106361437));
#7136=CARTESIAN_POINT('Ctrl Pts',(1.16670067906145,1.16670067906142,48.9037553180698));
#7137=CARTESIAN_POINT('Ctrl Pts',(0.999999999999996,0.999999999999996,49.));
#7138=CARTESIAN_POINT('',(121.,1.99999999999999,48.4226497308104));
#7139=CARTESIAN_POINT('Ctrl Pts',(2.0000114601999,1.99999999999999,48.422643114261));
#7140=CARTESIAN_POINT('Ctrl Pts',(2.00027886486421,25.3333333333333,48.4224887281061));
#7141=CARTESIAN_POINT('Ctrl Pts',(2.00054626952853,48.6666666666667,48.4223343419511));
#7142=CARTESIAN_POINT('Ctrl Pts',(2.00081367419285,72.,48.4221799557962));
#7143=CARTESIAN_POINT('Ctrl Pts',(2.,0.999999999999944,46.4226497308104));
#7144=CARTESIAN_POINT('Ctrl Pts',(2.00027122473095,24.6666666666666,46.4219506896771));
#7145=CARTESIAN_POINT('Ctrl Pts',(2.0005424494619,48.3333333333333,46.4212516485438));
#7146=CARTESIAN_POINT('Ctrl Pts',(2.00081367419285,71.9999999999999,46.4205526074104));
#7147=CARTESIAN_POINT('Ctrl Pts',(1.66666666666666,0.999999999999961,45.8452994616208));
#7148=CARTESIAN_POINT('Ctrl Pts',(1.66684748315396,24.6666666666666,45.844443828816));
#7149=CARTESIAN_POINT('Ctrl Pts',(1.66702829964126,48.3333333333333,45.8435881960113));
#7150=CARTESIAN_POINT('Ctrl Pts',(1.66720911612857,72.,45.8427325632066));
#7151=CARTESIAN_POINT('Ctrl Pts',(1.33333333333333,0.999999999999979,45.2679491924312));
#7152=CARTESIAN_POINT('Ctrl Pts',(1.33342374157698,24.6666666666667,45.266936967955));
#7153=CARTESIAN_POINT('Ctrl Pts',(1.33351414982063,48.3333333333333,45.2659247434788));
#7154=CARTESIAN_POINT('Ctrl Pts',(1.33360455806428,72.,45.2649125190026));
#7155=CARTESIAN_POINT('Ctrl Pts',(0.999999999999996,0.999999999999996,44.6905989232415));
#7156=CARTESIAN_POINT('Ctrl Pts',(0.999999999999998,24.6666666666667,44.6894301070939));
#7157=CARTESIAN_POINT('Ctrl Pts',(0.999999999999999,48.3333333333333,44.6882612909463));
#7158=CARTESIAN_POINT('Ctrl Pts',(1.,72.,44.6870924747988));
#7159=CARTESIAN_POINT('Ctrl Pts',(2.00001146000447,1.9999829471252,46.4226201943648));
#7160=CARTESIAN_POINT('Ctrl Pts',(2.00027886473393,25.3333219647501,46.4219309987134));
#7161=CARTESIAN_POINT('Ctrl Pts',(2.00054626946339,48.666660982375,46.4212418030619));
#7162=CARTESIAN_POINT('Ctrl Pts',(2.00081367419285,71.9999999999999,46.4205526074104));
#7163=CARTESIAN_POINT('Ctrl Pts',(2.00001146000447,1.99998294712519,48.4226431143738));
#7164=CARTESIAN_POINT('Ctrl Pts',(2.00027886473393,25.3333219647501,48.4224887281813));
#7165=CARTESIAN_POINT('Ctrl Pts',(2.00054626946339,48.666660982375,48.4223343419887));
#7166=CARTESIAN_POINT('Ctrl Pts',(2.00081367419285,71.9999999999999,48.4221799557962));
#7167=CARTESIAN_POINT('Ctrl Pts',(2.00001146000447,1.99998294712519,47.7559688077041));
#7168=CARTESIAN_POINT('Ctrl Pts',(2.00027886473393,25.3333219647501,47.755636151692));
#7169=CARTESIAN_POINT('Ctrl Pts',(2.00054626946339,48.666660982375,47.7553034956798));
#7170=CARTESIAN_POINT('Ctrl Pts',(2.00081367419285,71.9999999999999,47.7549708396676));
#7171=CARTESIAN_POINT('Ctrl Pts',(2.00001146000447,1.99998294712519,47.0892945010345));
#7172=CARTESIAN_POINT('Ctrl Pts',(2.00027886473393,25.3333219647501,47.0887835752027));
#7173=CARTESIAN_POINT('Ctrl Pts',(2.00054626946339,48.666660982375,47.0882726493709));
#7174=CARTESIAN_POINT('Ctrl Pts',(2.00081367419285,71.9999999999999,47.087761723539));
#7175=CARTESIAN_POINT('Ctrl Pts',(2.00001146000447,1.9999829471252,46.4226201943648));
#7176=CARTESIAN_POINT('Ctrl Pts',(2.00027886473393,25.3333219647501,46.4219309987134));
#7177=CARTESIAN_POINT('Ctrl Pts',(2.00054626946339,48.666660982375,46.4212418030619));
#7178=CARTESIAN_POINT('Ctrl Pts',(2.00081367419285,71.9999999999999,46.4205526074104));
#7179=CARTESIAN_POINT('Origin',(121.,2.,46.4226497308104));
#7180=CARTESIAN_POINT('Ctrl Pts',(119.999999880108,72.,48.422649661591));
#7181=CARTESIAN_POINT('Ctrl Pts',(119.999999880108,105.,38.5226491511203));
#7182=CARTESIAN_POINT('Ctrl Pts',(119.999999880108,138.,28.6226486406496));
#7183=CARTESIAN_POINT('Ctrl Pts',(119.999999880108,171.,18.722648130179));
#7184=CARTESIAN_POINT('Ctrl Pts',(120.333333253406,72.,48.615099774394));
#7185=CARTESIAN_POINT('Ctrl Pts',(120.333333253406,105.,38.7150994340802));
#7186=CARTESIAN_POINT('Ctrl Pts',(120.333333253406,138.,28.8150990937665));
#7187=CARTESIAN_POINT('Ctrl Pts',(120.333333253406,171.,18.9150987534528));
#7188=CARTESIAN_POINT('Ctrl Pts',(120.666666626703,72.,48.807549887197));
#7189=CARTESIAN_POINT('Ctrl Pts',(120.666666626703,105.,38.9075497170402));
#7190=CARTESIAN_POINT('Ctrl Pts',(120.666666626703,138.,29.0075495468834));
#7191=CARTESIAN_POINT('Ctrl Pts',(120.666666626703,171.,19.1075493767266));
#7192=CARTESIAN_POINT('Ctrl Pts',(121.,72.,49.));
#7193=CARTESIAN_POINT('Ctrl Pts',(121.,105.,39.1000000000001));
#7194=CARTESIAN_POINT('Ctrl Pts',(121.,138.,29.2000000000003));
#7195=CARTESIAN_POINT('Ctrl Pts',(121.,171.,19.3000000000004));
#7196=CARTESIAN_POINT('Ctrl Pts',(119.999999880108,72.,48.422649661591));
#7197=CARTESIAN_POINT('Ctrl Pts',(120.333333253406,72.,48.615099774394));
#7198=CARTESIAN_POINT('Ctrl Pts',(120.666666626703,72.,48.807549887197));
#7199=CARTESIAN_POINT('Ctrl Pts',(121.,72.,49.));
#7200=CARTESIAN_POINT('',(121.,123.880733944954,33.435779816514));
#7201=CARTESIAN_POINT('Ctrl Pts',(120.,0.999999999999996,48.4226497308104));
#7202=CARTESIAN_POINT('Ctrl Pts',(119.999999960036,24.6666666666667,48.4226497077372));
#7203=CARTESIAN_POINT('Ctrl Pts',(119.999999920072,48.3333333333333,48.4226496846641));
#7204=CARTESIAN_POINT('Ctrl Pts',(119.999999880108,72.,48.422649661591));
#7205=CARTESIAN_POINT('Ctrl Pts',(120.333333333333,0.999999999999996,48.6150998205402));
#7206=CARTESIAN_POINT('Ctrl Pts',(120.333333306691,24.6666666666666,48.6150998051582));
#7207=CARTESIAN_POINT('Ctrl Pts',(120.333333280048,48.3333333333333,48.6150997897761));
#7208=CARTESIAN_POINT('Ctrl Pts',(120.333333253406,72.,48.615099774394));
#7209=CARTESIAN_POINT('Ctrl Pts',(120.666666666667,0.999999999999996,48.8075499102701));
#7210=CARTESIAN_POINT('Ctrl Pts',(120.666666653345,24.6666666666667,48.8075499025791));
#7211=CARTESIAN_POINT('Ctrl Pts',(120.666666640024,48.3333333333333,48.807549894888));
#7212=CARTESIAN_POINT('Ctrl Pts',(120.666666626703,72.,48.807549887197));
#7213=CARTESIAN_POINT('Ctrl Pts',(121.,0.999999999999996,49.));
#7214=CARTESIAN_POINT('Ctrl Pts',(121.,24.6666666666667,49.));
#7215=CARTESIAN_POINT('Ctrl Pts',(121.,48.3333333333333,49.));
#7216=CARTESIAN_POINT('Ctrl Pts',(121.,72.,49.));
#7217=CARTESIAN_POINT('Origin',(119.,75.2548180898182,11.3835454693455));
#7218=CARTESIAN_POINT('',(119.,64.772999908,12.8290000148001));
#7219=CARTESIAN_POINT('Ctrl Pts',(119.,64.772999908,12.8290000148001));
#7220=CARTESIAN_POINT('Ctrl Pts',(119.,64.772999908,13.3525987903984));
#7221=CARTESIAN_POINT('Ctrl Pts',(119.,64.9811505648445,14.3996804082875));
#7222=CARTESIAN_POINT('Ctrl Pts',(119.,65.8707996752108,15.7312501911203));
#7223=CARTESIAN_POINT('Ctrl Pts',(119.,67.2023671110926,16.6208957000668));
#7224=CARTESIAN_POINT('Ctrl Pts',(119.,68.2494687747767,16.8290425700775));
#7225=CARTESIAN_POINT('Ctrl Pts',(119.,69.7959547062022,16.8290584870478));
#7226=CARTESIAN_POINT('Ctrl Pts',(119.,72.1899391195181,16.8290335220257));
#7227=CARTESIAN_POINT('Ctrl Pts',(119.,77.6740527754043,16.829032666696));
#7228=CARTESIAN_POINT('Ctrl Pts',(119.,81.7872037935047,16.8290285127071));
#7229=CARTESIAN_POINT('Ctrl Pts',(119.,84.3566059039207,16.8289868628807));
#7230=CARTESIAN_POINT('Ctrl Pts',(119.,85.4037114324413,16.6208356041077));
#7231=CARTESIAN_POINT('Ctrl Pts',(119.,86.7352840262695,15.7311820150148));
#7232=CARTESIAN_POINT('Ctrl Pts',(119.,87.6249384031534,14.3996130321824));
#7233=CARTESIAN_POINT('Ctrl Pts',(119.,87.8331038184833,13.3525035953687));
#7234=CARTESIAN_POINT('Ctrl Pts',(119.,87.8331265578303,12.3969323319046));
#7235=CARTESIAN_POINT('Ctrl Pts',(119.,87.8331270540153,11.2389224093657));
#7236=CARTESIAN_POINT('Ctrl Pts',(119.,87.8331378370163,10.080912171677));
#7237=CARTESIAN_POINT('Ctrl Pts',(119.,87.8331488085864,9.12533096249532));
#7238=CARTESIAN_POINT('Ctrl Pts',(119.,87.6249812329531,8.07824567317993));
#7239=CARTESIAN_POINT('Ctrl Pts',(119.,86.7350876111197,6.74677652451578));
#7240=CARTESIAN_POINT('Ctrl Pts',(119.,85.4033730979194,5.85741368711549));
#7241=CARTESIAN_POINT('Ctrl Pts',(119.,84.3563658698077,5.64910016819261));
#7242=CARTESIAN_POINT('Ctrl Pts',(119.,81.7870041875753,5.64907337107094));
#7243=CARTESIAN_POINT('Ctrl Pts',(119.,77.6739889599227,5.64900239243523));
#7244=CARTESIAN_POINT('Ctrl Pts',(119.,72.1898737181141,5.64900674624097));
#7245=CARTESIAN_POINT('Ctrl Pts',(119.,69.7959259714288,5.64896929104701));
#7246=CARTESIAN_POINT('Ctrl Pts',(119.,68.249448422703,5.64898379959727));
#7247=CARTESIAN_POINT('Ctrl Pts',(119.,67.2023524350971,5.85712832321119));
#7248=CARTESIAN_POINT('Ctrl Pts',(119.,65.8707880806825,6.7467764083705));
#7249=CARTESIAN_POINT('Ctrl Pts',(119.,64.98113961556,8.07834196375872));
#7250=CARTESIAN_POINT('Ctrl Pts',(119.,64.7729970643657,9.12543579978647));
#7251=CARTESIAN_POINT('Ctrl Pts',(119.,64.77298416619,10.5129847901768));
#7252=CARTESIAN_POINT('Ctrl Pts',(119.,64.772999908,11.9650090245524));
#7253=CARTESIAN_POINT('Ctrl Pts',(119.,64.772999908,12.8290000148001));
#7254=CARTESIAN_POINT('',(119.,85.832999908,9.64900001480006));
#7255=CARTESIAN_POINT('Origin',(119.,83.832999908,9.64900001480004));
#7256=CARTESIAN_POINT('',(119.,85.832999908,12.8290000148001));
#7257=CARTESIAN_POINT('',(119.,85.832999908,12.1062727420728));
#7258=CARTESIAN_POINT('',(119.,83.832999908,14.8290000148001));
#7259=CARTESIAN_POINT('Origin',(119.,83.832999908,12.8290000148001));
#7260=CARTESIAN_POINT('',(119.,72.0139089989091,14.8290000148001));
#7261=CARTESIAN_POINT('Ctrl Pts',(119.,64.772999908,12.8290000148001));
#7262=CARTESIAN_POINT('Ctrl Pts',(119.666666666667,64.1063332413333,12.8290000148001));
#7263=CARTESIAN_POINT('Ctrl Pts',(120.333333333333,63.4396665746667,12.8290000148001));
#7264=CARTESIAN_POINT('Ctrl Pts',(121.,62.772999908,12.8290000148001));
#7265=CARTESIAN_POINT('Ctrl Pts',(119.,64.772999908,13.3525987903984));
#7266=CARTESIAN_POINT('Ctrl Pts',(119.666666666667,64.1063575174978,13.3914557746729));
#7267=CARTESIAN_POINT('Ctrl Pts',(120.333333333333,63.4396422985023,13.4325278567552));
#7268=CARTESIAN_POINT('Ctrl Pts',(121.,62.772999908,13.4713848410297));
#7269=CARTESIAN_POINT('Ctrl Pts',(119.,64.9811505648445,14.3996804082875));
#7270=CARTESIAN_POINT('Ctrl Pts',(119.666666666667,64.3171461260507,14.5940929165388));
#7271=CARTESIAN_POINT('Ctrl Pts',(120.333333333333,63.652470172911,14.7884652970031));
#7272=CARTESIAN_POINT('Ctrl Pts',(121.,62.9884657341172,14.9828778052545));
#7273=CARTESIAN_POINT('Ctrl Pts',(119.,65.8707996752108,15.7312501911203));
#7274=CARTESIAN_POINT('Ctrl Pts',(119.666666666667,65.3778519666113,16.2241060679104));
#7275=CARTESIAN_POINT('Ctrl Pts',(120.333333333333,64.8838302403547,16.7180259146567));
#7276=CARTESIAN_POINT('Ctrl Pts',(121.,64.3908825317552,17.2108817914469));
#7277=CARTESIAN_POINT('Ctrl Pts',(119.,67.2023671110926,16.6208957000668));
#7278=CARTESIAN_POINT('Ctrl Pts',(119.666666666667,67.0081445994171,17.2849559026972));
#7279=CARTESIAN_POINT('Ctrl Pts',(120.333333333333,66.8131666810729,17.9492340138763));
#7280=CARTESIAN_POINT('Ctrl Pts',(121.,66.6189441693975,18.6132942165066));
#7281=CARTESIAN_POINT('Ctrl Pts',(119.,68.2494687747767,16.8290425700775));
#7282=CARTESIAN_POINT('Ctrl Pts',(119.666666666667,68.2102447473063,17.4956884396789));
#7283=CARTESIAN_POINT('Ctrl Pts',(120.333333333333,68.1698626730157,18.1617949739924));
#7284=CARTESIAN_POINT('Ctrl Pts',(121.,68.1306386455454,18.8284408435938));
#7285=CARTESIAN_POINT('Ctrl Pts',(119.,69.7959547062022,16.8290584870478));
#7286=CARTESIAN_POINT('Ctrl Pts',(119.666666666667,69.8730552054528,17.495748275522));
#7287=CARTESIAN_POINT('Ctrl Pts',(120.333333333333,69.9505895986894,18.1624201675004));
#7288=CARTESIAN_POINT('Ctrl Pts',(121.,70.0276900979401,18.8291099559745));
#7289=CARTESIAN_POINT('Ctrl Pts',(119.,72.1899391195181,16.8290335220257));
#7290=CARTESIAN_POINT('Ctrl Pts',(119.666666666667,72.3061606204685,17.495692896901));
#7291=CARTESIAN_POINT('Ctrl Pts',(120.333333333333,72.4218147382441,18.1622289865298));
#7292=CARTESIAN_POINT('Ctrl Pts',(121.,72.5380362391945,18.828888361405));
#7293=CARTESIAN_POINT('Ctrl Pts',(119.,77.6740527754043,16.829032666696));
#7294=CARTESIAN_POINT('Ctrl Pts',(119.666666666667,77.635104470137,17.4956991414842));
#7295=CARTESIAN_POINT('Ctrl Pts',(120.333333333333,77.5968202897273,18.162258496859));
#7296=CARTESIAN_POINT('Ctrl Pts',(121.,77.55787198446,18.8289249716472));
#7297=CARTESIAN_POINT('Ctrl Pts',(119.,81.7872037935047,16.8290285127071));
#7298=CARTESIAN_POINT('Ctrl Pts',(119.666666666667,81.6328165361101,17.4957042746984));
#7299=CARTESIAN_POINT('Ctrl Pts',(120.333333333334,81.4778900518861,18.1624798446113));
#7300=CARTESIAN_POINT('Ctrl Pts',(121.,81.3235027944915,18.8291556066025));
#7301=CARTESIAN_POINT('Ctrl Pts',(119.,84.3566059039207,16.8289868628807));
#7302=CARTESIAN_POINT('Ctrl Pts',(119.666666666667,84.3959120246343,17.4956522344263));
#7303=CARTESIAN_POINT('Ctrl Pts',(120.333333333334,84.4360894447046,18.1613352612421));
#7304=CARTESIAN_POINT('Ctrl Pts',(121.,84.4753955654182,18.8280006327877));
#7305=CARTESIAN_POINT('Ctrl Pts',(119.,85.4037114324413,16.6208356041077));
#7306=CARTESIAN_POINT('Ctrl Pts',(119.666666666667,85.5978849813332,17.2848491431383));
#7307=CARTESIAN_POINT('Ctrl Pts',(120.333333333334,85.792927331184,17.9488387977049));
#7308=CARTESIAN_POINT('Ctrl Pts',(121.,85.987100880076,18.6128523367356));
#7309=CARTESIAN_POINT('Ctrl Pts',(119.,86.7352840262695,15.7311820150148));
#7310=CARTESIAN_POINT('Ctrl Pts',(119.666666666667,87.22826102932,16.2241010461338));
#7311=CARTESIAN_POINT('Ctrl Pts',(120.333333333334,87.7221561590438,16.7174730431527));
#7312=CARTESIAN_POINT('Ctrl Pts',(121.,88.2151331620943,17.2103920742717));
#7313=CARTESIAN_POINT('Ctrl Pts',(119.,87.6249384031534,14.3996130321824));
#7314=CARTESIAN_POINT('Ctrl Pts',(119.666666666667,88.2889139832228,14.5939029023728));
#7315=CARTESIAN_POINT('Ctrl Pts',(120.333333333334,88.9536477713853,14.7881230663474));
#7316=CARTESIAN_POINT('Ctrl Pts',(121.,89.6176233514547,14.9824129365377));
#7317=CARTESIAN_POINT('Ctrl Pts',(119.,87.8331038184833,13.3525035953687));
#7318=CARTESIAN_POINT('Ctrl Pts',(119.666666666667,88.4997741171863,13.3915940928116));
#7319=CARTESIAN_POINT('Ctrl Pts',(120.333333333334,89.1662648144026,13.4316450409082));
#7320=CARTESIAN_POINT('Ctrl Pts',(121.,89.8329351131055,13.4707355383511));
#7321=CARTESIAN_POINT('Ctrl Pts',(119.,87.8331265578303,12.3969323319046));
#7322=CARTESIAN_POINT('Ctrl Pts',(119.666666666667,88.4997986069368,12.3644318361236));
#7323=CARTESIAN_POINT('Ctrl Pts',(120.333333333334,89.1667823302124,12.3310836918421));
#7324=CARTESIAN_POINT('Ctrl Pts',(121.,89.8334543793189,12.2985831960611));
#7325=CARTESIAN_POINT('Ctrl Pts',(119.,87.8331270540153,11.2389224093657));
#7326=CARTESIAN_POINT('Ctrl Pts',(119.666666666667,88.4998055751196,11.2389101795775));
#7327=CARTESIAN_POINT('Ctrl Pts',(120.333333333334,89.1666947005922,11.2385666773159));
#7328=CARTESIAN_POINT('Ctrl Pts',(121.,89.8333732216965,11.2385544475277));
#7329=CARTESIAN_POINT('Ctrl Pts',(119.,87.8331378370163,10.080912171677));
#7330=CARTESIAN_POINT('Ctrl Pts',(119.666666666667,88.4997801196086,10.1134301746262));
#7331=CARTESIAN_POINT('Ctrl Pts',(120.333333333334,89.1669168223907,10.1459989806722));
#7332=CARTESIAN_POINT('Ctrl Pts',(121.,89.833559104983,10.1785169836214));
#7333=CARTESIAN_POINT('Ctrl Pts',(119.,87.8331488085864,9.12533096249532));
#7334=CARTESIAN_POINT('Ctrl Pts',(119.666666666667,88.4999043364365,9.0862111217766));
#7335=CARTESIAN_POINT('Ctrl Pts',(120.333333333334,89.1666080537474,9.0454472143488));
#7336=CARTESIAN_POINT('Ctrl Pts',(121.,89.8333635815975,9.00632737363008));
#7337=CARTESIAN_POINT('Ctrl Pts',(119.,87.6249812329531,8.07824567317993));
#7338=CARTESIAN_POINT('Ctrl Pts',(119.666666666667,88.2887533881107,7.88402824893951));
#7339=CARTESIAN_POINT('Ctrl Pts',(120.333333333334,88.9542549421899,7.68898424791579));
#7340=CARTESIAN_POINT('Ctrl Pts',(121.,89.6180270973475,7.49476682367537));
#7341=CARTESIAN_POINT('Ctrl Pts',(119.,86.7350876111197,6.74677652451578));
#7342=CARTESIAN_POINT('Ctrl Pts',(119.666666666667,87.2282422760859,6.25391812337257));
#7343=CARTESIAN_POINT('Ctrl Pts',(120.333333333334,87.7197137819662,5.75925847262294));
#7344=CARTESIAN_POINT('Ctrl Pts',(121.,88.2128684469324,5.26640007147973));
#7345=CARTESIAN_POINT('Ctrl Pts',(119.,85.4033730979194,5.85741368711549));
#7346=CARTESIAN_POINT('Ctrl Pts',(119.666666666667,85.5974987599629,5.19340595762365));
#7347=CARTESIAN_POINT('Ctrl Pts',(120.333333333334,85.7903899230262,4.53163616498797));
#7348=CARTESIAN_POINT('Ctrl Pts',(121.,85.9845155850698,3.86762843549613));
#7349=CARTESIAN_POINT('Ctrl Pts',(119.,84.3563658698077,5.64910016819261));
#7350=CARTESIAN_POINT('Ctrl Pts',(119.666666666667,84.3956734675137,4.98242697815538));
#7351=CARTESIAN_POINT('Ctrl Pts',(120.333333333334,84.4338893001259,4.31714950262779));
#7352=CARTESIAN_POINT('Ctrl Pts',(121.,84.473196897832,3.65047631259055));
#7353=CARTESIAN_POINT('Ctrl Pts',(119.,81.7870041875753,5.64907337107094));
#7354=CARTESIAN_POINT('Ctrl Pts',(119.666666666667,81.6326162326506,4.98240310681546));
#7355=CARTESIAN_POINT('Ctrl Pts',(120.333333333334,81.4762044947389,4.31631979648146));
#7356=CARTESIAN_POINT('Ctrl Pts',(121.,81.3218165398142,3.64964953222598));
#7357=CARTESIAN_POINT('Ctrl Pts',(119.,77.6739889599227,5.64900239243523));
#7358=CARTESIAN_POINT('Ctrl Pts',(119.666666666667,77.6350412607794,4.98233479412159));
#7359=CARTESIAN_POINT('Ctrl Pts',(120.333333333333,77.596368271305,4.31598975289404));
#7360=CARTESIAN_POINT('Ctrl Pts',(121.,77.5574205721616,3.6493221545804));
#7361=CARTESIAN_POINT('Ctrl Pts',(119.,72.1898737181141,5.64900674624097));
#7362=CARTESIAN_POINT('Ctrl Pts',(119.666666666667,72.3060947047775,4.98234511698008));
#7363=CARTESIAN_POINT('Ctrl Pts',(120.333333333333,72.4213747116819,4.31608579884599));
#7364=CARTESIAN_POINT('Ctrl Pts',(121.,72.5375956983453,3.6494241695851));
#7365=CARTESIAN_POINT('Ctrl Pts',(119.,69.7959259714288,5.64896929104701));
#7366=CARTESIAN_POINT('Ctrl Pts',(119.666666666667,69.8730273581289,4.98228835968699));
#7367=CARTESIAN_POINT('Ctrl Pts',(120.333333333333,69.9505444820677,4.31578866550811));
#7368=CARTESIAN_POINT('Ctrl Pts',(121.,70.0276458687677,3.64910773414809));
#7369=CARTESIAN_POINT('Ctrl Pts',(119.,68.249448422703,5.64898379959727));
#7370=CARTESIAN_POINT('Ctrl Pts',(119.666666666667,68.2102230753414,4.98232236814057));
#7371=CARTESIAN_POINT('Ctrl Pts',(120.333333333333,68.1699252804682,4.31643153456833));
#7372=CARTESIAN_POINT('Ctrl Pts',(121.,68.1306999331066,3.64977010311162));
#7373=CARTESIAN_POINT('Ctrl Pts',(119.,67.2023524350971,5.85712832321119));
#7374=CARTESIAN_POINT('Ctrl Pts',(119.666666666667,67.0081339955711,5.19311804375667));
#7375=CARTESIAN_POINT('Ctrl Pts',(120.333333333333,66.8132817676455,4.52890996558449));
#7376=CARTESIAN_POINT('Ctrl Pts',(121.,66.6190633281195,3.86489968612997));
#7377=CARTESIAN_POINT('Ctrl Pts',(119.,65.8707880806825,6.7467764083705));
#7378=CARTESIAN_POINT('Ctrl Pts',(119.666666666667,65.3778346530868,6.25384975551633));
#7379=CARTESIAN_POINT('Ctrl Pts',(120.333333333333,64.8840295593976,5.76026232471859));
#7380=CARTESIAN_POINT('Ctrl Pts',(121.,64.3910761318018,5.26733567186442));
#7381=CARTESIAN_POINT('Ctrl Pts',(119.,64.98113961556,8.07834196375872));
#7382=CARTESIAN_POINT('Ctrl Pts',(119.666666666667,64.3171462429415,7.8840691638795));
#7383=CARTESIAN_POINT('Ctrl Pts',(120.333333333333,63.652621314616,7.68957670534148));
#7384=CARTESIAN_POINT('Ctrl Pts',(121.,62.9886279419975,7.49530390546226));
#7385=CARTESIAN_POINT('Ctrl Pts',(119.,64.7729970643657,9.12543579978647));
#7386=CARTESIAN_POINT('Ctrl Pts',(119.666666666667,64.1063350822567,9.08631188660326));
#7387=CARTESIAN_POINT('Ctrl Pts',(120.333333333333,63.4400795322939,9.04602883649752));
#7388=CARTESIAN_POINT('Ctrl Pts',(121.,62.7734175501849,9.00690492331431));
#7389=CARTESIAN_POINT('Ctrl Pts',(119.,64.77298416619,10.5129847901768));
#7390=CARTESIAN_POINT('Ctrl Pts',(119.666666666667,64.1062994063097,10.5779246990104));
#7391=CARTESIAN_POINT('Ctrl Pts',(120.333333333333,63.4395170893951,10.6439951142213));
#7392=CARTESIAN_POINT('Ctrl Pts',(121.,62.7728323295148,10.7089350230549));
#7393=CARTESIAN_POINT('Ctrl Pts',(119.,64.772999908,11.9650090245524));
#7394=CARTESIAN_POINT('Ctrl Pts',(119.666666666667,64.1063484084644,11.8999284598312));
#7395=CARTESIAN_POINT('Ctrl Pts',(120.333333333333,63.4396514075356,11.8340805795213));
#7396=CARTESIAN_POINT('Ctrl Pts',(121.,62.772999908,11.7690000148001));
#7397=CARTESIAN_POINT('Ctrl Pts',(119.,64.772999908,12.8290000148001));
#7398=CARTESIAN_POINT('Ctrl Pts',(119.666666666667,64.1063332413333,12.8290000148001));
#7399=CARTESIAN_POINT('Ctrl Pts',(120.333333333333,63.4396665746667,12.8290000148001));
#7400=CARTESIAN_POINT('Ctrl Pts',(121.,62.772999908,12.8290000148001));
#7401=CARTESIAN_POINT('',(119.,64.772999908,12.8290000148001));
#7402=CARTESIAN_POINT('Origin',(99.11,-1.5,11.0440000000001));
#7403=CARTESIAN_POINT('',(115.11,-1.5,11.0440000000001));
#7404=CARTESIAN_POINT('Origin',(107.11,-1.5,11.0440000000001));
#7405=CARTESIAN_POINT('',(100.11,-1.5,11.0440000000001));
#7406=CARTESIAN_POINT('Origin',(107.11,-1.5,11.0440000000001));
#7407=CARTESIAN_POINT('Origin',(107.11,-0.749999999999996,11.0440000000001));
#7408=CARTESIAN_POINT('',(116.409038105677,-0.749999999999996,11.0440000000001));
#7409=CARTESIAN_POINT('Origin',(121.,0.999999999999996,49.));
#7410=CARTESIAN_POINT('Origin',(132.,9.,2.));
#7411=CARTESIAN_POINT('',(132.,9.,2.));
#7412=CARTESIAN_POINT('',(127.,9.,7.));
#7413=CARTESIAN_POINT('',(132.,9.,2.));
#7414=CARTESIAN_POINT('Origin',(122.,1.,2.));
#7415=CARTESIAN_POINT('',(132.,1.,2.));
#7416=CARTESIAN_POINT('',(124.5,1.,9.5));
#7417=CARTESIAN_POINT('',(122.,1.,2.));
#7418=CARTESIAN_POINT('Origin',(127.,5.,2.));
#7419=CARTESIAN_POINT('',(132.,0.,2.));
#7420=CARTESIAN_POINT('',(125.25,5.,2.));
#7421=CARTESIAN_POINT('Origin',(127.,5.,2.));
#7422=CARTESIAN_POINT('Origin',(-10.,41.,2.));
#7423=CARTESIAN_POINT('',(-10.,41.,2.));
#7424=CARTESIAN_POINT('',(-10.,41.,2.));
#7425=CARTESIAN_POINT('',(-10.,41.,2.));
#7426=CARTESIAN_POINT('Origin',(0.,49.,2.));
#7427=CARTESIAN_POINT('',(-10.,49.,2.));
#7428=CARTESIAN_POINT('',(-7.5,49.,4.5));
#7429=CARTESIAN_POINT('',(0.,49.,2.));
#7430=CARTESIAN_POINT('Origin',(-5.,45.,2.));
#7431=CARTESIAN_POINT('',(-10.,40.,2.));
#7432=CARTESIAN_POINT('',(-6.75,45.,2.));
#7433=CARTESIAN_POINT('Origin',(-5.,45.,2.));
#7434=CARTESIAN_POINT('Origin',(-10.,1.,2.));
#7435=CARTESIAN_POINT('',(-10.,1.,2.));
#7436=CARTESIAN_POINT('',(-10.,1.,2.));
#7437=CARTESIAN_POINT('',(0.,1.,2.));
#7438=CARTESIAN_POINT('Origin',(0.,9.,2.));
#7439=CARTESIAN_POINT('',(-10.,9.,2.));
#7440=CARTESIAN_POINT('',(-7.5,9.,4.5));
#7441=CARTESIAN_POINT('',(-10.,9.,2.));
#7442=CARTESIAN_POINT('Origin',(-5.,5.,2.));
#7443=CARTESIAN_POINT('',(-10.,0.,2.));
#7444=CARTESIAN_POINT('',(-6.75,5.,2.));
#7445=CARTESIAN_POINT('Origin',(-5.,5.,2.));
#7446=CARTESIAN_POINT('Origin',(132.,49.,2.));
#7447=CARTESIAN_POINT('',(132.,49.,2.));
#7448=CARTESIAN_POINT('',(127.,49.,7.));
#7449=CARTESIAN_POINT('',(122.,49.,2.));
#7450=CARTESIAN_POINT('Origin',(122.,41.,2.));
#7451=CARTESIAN_POINT('',(132.,41.,2.));
#7452=CARTESIAN_POINT('',(124.5,41.,9.5));
#7453=CARTESIAN_POINT('',(132.,41.,2.));
#7454=CARTESIAN_POINT('Origin',(127.,45.,2.));
#7455=CARTESIAN_POINT('',(132.,40.,2.));
#7456=CARTESIAN_POINT('',(125.25,45.,2.));
#7457=CARTESIAN_POINT('Origin',(127.,45.,2.));
#7458=CARTESIAN_POINT('Origin',(-10.,0.,2.));
#7459=CARTESIAN_POINT('',(-10.,0.,2.));
#7460=CARTESIAN_POINT('Origin',(-10.,0.,2.));
#7461=CARTESIAN_POINT('',(-10.,10.,2.));
#7462=CARTESIAN_POINT('',(-10.,10.,2.));
#7463=CARTESIAN_POINT('',(-10.,0.,2.));
#7464=CARTESIAN_POINT('Origin',(-10.,0.,2.));
#7465=CARTESIAN_POINT('',(-10.,50.,2.));
#7466=CARTESIAN_POINT('',(-10.,50.,2.));
#7467=CARTESIAN_POINT('',(-10.,40.,2.));
#7468=CARTESIAN_POINT('Origin',(-10.,0.,2.));
#7469=CARTESIAN_POINT('',(-10.,40.,2.));
#7470=CARTESIAN_POINT('',(-10.,40.,2.));
#7471=CARTESIAN_POINT('',(-7.5,40.,4.5));
#7472=CARTESIAN_POINT('Origin',(122.,0.,12.));
#7473=CARTESIAN_POINT('',(132.,50.,2.));
#7474=CARTESIAN_POINT('',(132.,40.,2.));
#7475=CARTESIAN_POINT('',(132.,50.,2.));
#7476=CARTESIAN_POINT('Origin',(122.,0.,12.));
#7477=CARTESIAN_POINT('',(132.,40.,2.));
#7478=CARTESIAN_POINT('',(127.,40.,7.));
#7479=CARTESIAN_POINT('',(132.,40.,2.));
#7480=CARTESIAN_POINT('Origin',(122.,0.,12.));
#7481=CARTESIAN_POINT('',(132.,0.,2.));
#7482=CARTESIAN_POINT('Origin',(122.,0.,12.));
#7483=CARTESIAN_POINT('',(132.,10.,2.));
#7484=CARTESIAN_POINT('',(132.,0.,2.));
#7485=CARTESIAN_POINT('',(124.5,10.,9.5));
#7486=CARTESIAN_POINT('Origin',(127.,5.,0.));
#7487=CARTESIAN_POINT('',(125.25,5.,0.));
#7488=CARTESIAN_POINT('',(125.25,5.,0.));
#7489=CARTESIAN_POINT('Origin',(127.,5.,0.));
#7490=CARTESIAN_POINT('Origin',(132.,0.,0.));
#7491=CARTESIAN_POINT('',(132.,10.,0.));
#7492=CARTESIAN_POINT('',(132.,0.,0.));
#7493=CARTESIAN_POINT('',(132.,10.,0.));
#7494=CARTESIAN_POINT('Origin',(132.,10.,0.));
#7495=CARTESIAN_POINT('',(132.,10.,0.));
#7496=CARTESIAN_POINT('Origin',(-5.,45.,0.));
#7497=CARTESIAN_POINT('',(-6.75,45.,0.));
#7498=CARTESIAN_POINT('',(-6.75,45.,0.));
#7499=CARTESIAN_POINT('Origin',(-5.,45.,0.));
#7500=CARTESIAN_POINT('Origin',(-10.,40.,0.));
#7501=CARTESIAN_POINT('',(-10.,40.,0.));
#7502=CARTESIAN_POINT('',(0.,40.,0.));
#7503=CARTESIAN_POINT('',(-10.,40.,0.));
#7504=CARTESIAN_POINT('Origin',(-10.,50.,0.));
#7505=CARTESIAN_POINT('',(-10.,50.,0.));
#7506=CARTESIAN_POINT('',(-10.,40.,0.));
#7507=CARTESIAN_POINT('',(-10.,50.,0.));
#7508=CARTESIAN_POINT('Origin',(0.,50.,0.));
#7509=CARTESIAN_POINT('',(-10.,50.,0.));
#7510=CARTESIAN_POINT('Origin',(127.,45.,0.));
#7511=CARTESIAN_POINT('',(125.25,45.,0.));
#7512=CARTESIAN_POINT('',(125.25,45.,0.));
#7513=CARTESIAN_POINT('Origin',(127.,45.,0.));
#7514=CARTESIAN_POINT('Origin',(132.,40.,0.));
#7515=CARTESIAN_POINT('',(132.,40.,0.));
#7516=CARTESIAN_POINT('',(132.,50.,0.));
#7517=CARTESIAN_POINT('',(132.,40.,0.));
#7518=CARTESIAN_POINT('',(132.,50.,0.));
#7519=CARTESIAN_POINT('',(132.,40.,0.));
#7520=CARTESIAN_POINT('Origin',(122.,40.,0.));
#7521=CARTESIAN_POINT('',(122.,40.,0.));
#7522=CARTESIAN_POINT('Origin',(132.,50.,0.));
#7523=CARTESIAN_POINT('',(132.,50.,0.));
#7524=CARTESIAN_POINT('Origin',(-5.,5.,0.));
#7525=CARTESIAN_POINT('',(-6.75,5.,0.));
#7526=CARTESIAN_POINT('',(-6.75,5.,0.));
#7527=CARTESIAN_POINT('Origin',(-5.,5.,0.));
#7528=CARTESIAN_POINT('Origin',(-10.,10.,0.));
#7529=CARTESIAN_POINT('',(-10.,10.,0.));
#7530=CARTESIAN_POINT('',(-10.,0.,0.));
#7531=CARTESIAN_POINT('',(-10.,10.,0.));
#7532=CARTESIAN_POINT('Origin',(0.,10.,0.));
#7533=CARTESIAN_POINT('',(-10.,10.,0.));
#7534=CARTESIAN_POINT('Origin',(122.,83.832999908,9.64900001480004));
#7535=CARTESIAN_POINT('',(121.,85.832999908,9.64900001480006));
#7536=CARTESIAN_POINT('Origin',(122.,85.832999908,12.8290000148001));
#7537=CARTESIAN_POINT('',(121.,85.832999908,12.8290000148001));
#7538=CARTESIAN_POINT('Origin',(122.,83.832999908,12.8290000148001));
#7539=CARTESIAN_POINT('',(121.,83.832999908,14.8290000148001));
#7540=CARTESIAN_POINT('Origin',(122.,68.772999908,14.8290000148001));
#7541=CARTESIAN_POINT('Origin',(107.11,0.,11.0440000000001));
#7542=CARTESIAN_POINT('',(100.11,0.,11.0440000000001));
#7543=CARTESIAN_POINT('Origin',(0.,72.,49.));
#7544=CARTESIAN_POINT('',(61.,172.,19.0000000000004));
#7545=CARTESIAN_POINT('Origin',(122.,172.,0.));
#7546=CARTESIAN_POINT('',(122.,172.,0.));
#7547=CARTESIAN_POINT('Origin',(114.5,114.,9.));
#7548=CARTESIAN_POINT('',(117.291057147391,115.1,9.));
#7549=CARTESIAN_POINT('',(121.,115.1,9.));
#7550=CARTESIAN_POINT('',(117.291057147391,112.9,9.));
#7551=CARTESIAN_POINT('Origin',(114.5,114.,9.));
#7552=CARTESIAN_POINT('',(115.6,112.9,9.));
#7553=CARTESIAN_POINT('',(115.6,114.,9.));
#7554=CARTESIAN_POINT('Origin',(114.5,114.,9.));
#7555=CARTESIAN_POINT('Origin',(114.5,114.,9.));
#7556=CARTESIAN_POINT('',(117.251392894904,5.80424202370618,9.));
#7557=CARTESIAN_POINT('',(116.05563491861,7.00000000000002,9.));
#7558=CARTESIAN_POINT('',(115.695757976294,4.24860710509576,9.));
#7559=CARTESIAN_POINT('Origin',(114.5,7.00000000000001,9.));
#7560=CARTESIAN_POINT('',(114.5,5.4443650813896,9.));
#7561=CARTESIAN_POINT('',(115.6,7.00000000000001,9.));
#7562=CARTESIAN_POINT('Origin',(114.5,7.00000000000001,9.));
#7563=CARTESIAN_POINT('Origin',(114.5,114.,9.));
#7564=CARTESIAN_POINT('',(4.70894285260943,112.9,9.));
#7565=CARTESIAN_POINT('',(6.4,112.9,9.));
#7566=CARTESIAN_POINT('',(4.70894285260943,115.1,9.));
#7567=CARTESIAN_POINT('Origin',(7.5,114.,9.));
#7568=CARTESIAN_POINT('',(0.999999999999997,115.1,9.));
#7569=CARTESIAN_POINT('',(8.6,114.,9.));
#7570=CARTESIAN_POINT('Origin',(7.5,114.,9.));
#7571=CARTESIAN_POINT('Origin',(121.,2.05563491861042,2.));
#7572=CARTESIAN_POINT('',(117.251392894904,5.80424202370617,5.));
#7573=CARTESIAN_POINT('',(119.44854881004,3.60708610857067,2.));
#7574=CARTESIAN_POINT('Ctrl Pts',(117.251392894904,5.80424202370618,5.));
#7575=CARTESIAN_POINT('Ctrl Pts',(117.251392894904,5.80424202370618,4.63563763754417));
#7576=CARTESIAN_POINT('Ctrl Pts',(117.315422859284,5.74021205932692,4.20788230068171));
#7577=CARTESIAN_POINT('Ctrl Pts',(117.522975284523,5.53265963408766,3.52713581091053));
#7578=CARTESIAN_POINT('Ctrl Pts',(117.705952566527,5.3496823520838,3.15609612589683));
#7579=CARTESIAN_POINT('Ctrl Pts',(118.091071792602,4.96456312600871,2.62673866263441));
#7580=CARTESIAN_POINT('Ctrl Pts',(118.362897171569,4.69273774704129,2.37584708444083));
#7581=CARTESIAN_POINT('Ctrl Pts',(118.862702520491,4.1929323981191,2.08836090786913));
#7582=CARTESIAN_POINT('Ctrl Pts',(119.179480964725,3.87615395388564,2.));
#7583=CARTESIAN_POINT('Ctrl Pts',(119.44854881004,3.60708610857067,2.));
#7584=CARTESIAN_POINT('',(117.251392894904,5.80424202370617,2.));
#7585=CARTESIAN_POINT('',(85.0139087296527,38.041726188958,2.));
#7586=CARTESIAN_POINT('Origin',(114.5,5.4443650813896,2.));
#7587=CARTESIAN_POINT('',(117.892913891429,2.05145118996028,2.));
#7588=CARTESIAN_POINT('',(115.695757976294,4.24860710509576,5.));
#7589=CARTESIAN_POINT('Ctrl Pts',(117.892913891429,2.05145118996028,2.));
#7590=CARTESIAN_POINT('Ctrl Pts',(117.623846046114,2.32051903527524,2.));
#7591=CARTESIAN_POINT('Ctrl Pts',(117.307067601881,2.6372974795087,2.08836090786913));
#7592=CARTESIAN_POINT('Ctrl Pts',(116.807262252959,3.13710282843089,2.37584708444083));
#7593=CARTESIAN_POINT('Ctrl Pts',(116.535436873991,3.4089282073983,2.62673866263441));
#7594=CARTESIAN_POINT('Ctrl Pts',(116.150317647916,3.79404743347338,3.15609612589682));
#7595=CARTESIAN_POINT('Ctrl Pts',(115.967340365912,3.97702471547724,3.52713581091053));
#7596=CARTESIAN_POINT('Ctrl Pts',(115.759787940673,4.1845771407165,4.20788230068171));
#7597=CARTESIAN_POINT('Ctrl Pts',(115.695757976294,4.24860710509576,4.63563763754417));
#7598=CARTESIAN_POINT('Ctrl Pts',(115.695757976294,4.24860710509576,5.));
#7599=CARTESIAN_POINT('',(80.9860912703473,38.958273811042,2.));
#7600=CARTESIAN_POINT('',(115.695757976294,4.24860710509576,2.));
#7601=CARTESIAN_POINT('Origin',(61.,86.,2.));
#7602=CARTESIAN_POINT('Origin',(114.5,7.00000000000001,2.));
#7603=CARTESIAN_POINT('Origin',(115.6,112.9,2.));
#7604=CARTESIAN_POINT('',(117.291057147391,112.9,5.));
#7605=CARTESIAN_POINT('',(117.291057147391,112.9,2.));
#7606=CARTESIAN_POINT('',(120.398304841223,112.9,2.));
#7607=CARTESIAN_POINT('Ctrl Pts',(120.398304841223,112.9,2.));
#7608=CARTESIAN_POINT('Ctrl Pts',(120.017785445181,112.9,2.));
#7609=CARTESIAN_POINT('Ctrl Pts',(119.569793073078,112.9,2.08836090786913));
#7610=CARTESIAN_POINT('Ctrl Pts',(118.862961570086,112.9,2.37584708444083));
#7611=CARTESIAN_POINT('Ctrl Pts',(118.478542432553,112.9,2.62673866263441));
#7612=CARTESIAN_POINT('Ctrl Pts',(117.933901599907,112.9,3.15609612589682));
#7613=CARTESIAN_POINT('Ctrl Pts',(117.675132646091,112.9,3.52713581091053));
#7614=CARTESIAN_POINT('Ctrl Pts',(117.381609191414,112.9,4.20788230068171));
#7615=CARTESIAN_POINT('Ctrl Pts',(117.291057147391,112.9,4.63563763754417));
#7616=CARTESIAN_POINT('Ctrl Pts',(117.291057147391,112.9,5.));
#7617=CARTESIAN_POINT('',(88.3,112.9,2.));
#7618=CARTESIAN_POINT('Origin',(121.,115.1,2.));
#7619=CARTESIAN_POINT('',(117.291057147391,115.1,5.));
#7620=CARTESIAN_POINT('',(117.291057147391,115.1,2.));
#7621=CARTESIAN_POINT('',(120.398304841223,115.1,2.));
#7622=CARTESIAN_POINT('',(91.,115.1,2.));
#7623=CARTESIAN_POINT('Ctrl Pts',(117.291057147391,115.1,5.));
#7624=CARTESIAN_POINT('Ctrl Pts',(117.291057147391,115.1,4.63563763754417));
#7625=CARTESIAN_POINT('Ctrl Pts',(117.381609191414,115.1,4.20788230068171));
#7626=CARTESIAN_POINT('Ctrl Pts',(117.675132646091,115.1,3.52713581091053));
#7627=CARTESIAN_POINT('Ctrl Pts',(117.933901599907,115.1,3.15609612589682));
#7628=CARTESIAN_POINT('Ctrl Pts',(118.478542432553,115.1,2.62673866263441));
#7629=CARTESIAN_POINT('Ctrl Pts',(118.862961570086,115.1,2.37584708444083));
#7630=CARTESIAN_POINT('Ctrl Pts',(119.569793073078,115.1,2.08836090786913));
#7631=CARTESIAN_POINT('Ctrl Pts',(120.017785445181,115.1,2.));
#7632=CARTESIAN_POINT('Ctrl Pts',(120.398304841223,115.1,2.));
#7633=CARTESIAN_POINT('Origin',(114.5,114.,9.));
#7634=CARTESIAN_POINT('',(6.30424202370615,4.24860710509575,9.));
#7635=CARTESIAN_POINT('',(3.05563491861039,0.999999999999996,9.));
#7636=CARTESIAN_POINT('',(4.74860710509574,5.80424202370616,9.));
#7637=CARTESIAN_POINT('Origin',(7.5,7.00000000000001,9.));
#7638=CARTESIAN_POINT('',(5.9443650813896,7.00000000000001,9.));
#7639=CARTESIAN_POINT('',(8.6,7.00000000000001,9.));
#7640=CARTESIAN_POINT('Origin',(7.5,7.00000000000001,9.));
#7641=CARTESIAN_POINT('Origin',(5.9443650813896,7.00000000000001,2.));
#7642=CARTESIAN_POINT('',(4.74860710509574,5.80424202370616,5.));
#7643=CARTESIAN_POINT('',(4.74860710509574,5.80424202370616,2.));
#7644=CARTESIAN_POINT('',(2.55145118996025,3.60708610857067,2.));
#7645=CARTESIAN_POINT('Ctrl Pts',(2.55145118996025,3.60708610857067,2.));
#7646=CARTESIAN_POINT('Ctrl Pts',(2.82051903527521,3.87615395388562,2.));
#7647=CARTESIAN_POINT('Ctrl Pts',(3.13729747950868,4.19293239811909,2.08836090786913));
#7648=CARTESIAN_POINT('Ctrl Pts',(3.63710282843087,4.69273774704128,2.37584708444084));
#7649=CARTESIAN_POINT('Ctrl Pts',(3.90892820739828,4.9645631260087,2.62673866263441));
#7650=CARTESIAN_POINT('Ctrl Pts',(4.29404743347337,5.34968235208378,3.15609612589683));
#7651=CARTESIAN_POINT('Ctrl Pts',(4.47702471547723,5.53265963408764,3.52713581091053));
#7652=CARTESIAN_POINT('Ctrl Pts',(4.68457714071649,5.7402120593269,4.20788230068171));
#7653=CARTESIAN_POINT('Ctrl Pts',(4.74860710509575,5.80424202370616,4.63563763754417));
#7654=CARTESIAN_POINT('Ctrl Pts',(4.74860710509575,5.80424202370616,5.));
#7655=CARTESIAN_POINT('',(39.4582738110422,40.5139087296526,2.));
#7656=CARTESIAN_POINT('Origin',(3.05563491861039,0.999999999999996,2.));
#7657=CARTESIAN_POINT('',(6.30424202370615,4.24860710509575,5.));
#7658=CARTESIAN_POINT('',(6.30424202370615,4.24860710509575,2.));
#7659=CARTESIAN_POINT('',(4.10708610857066,2.05145118996026,2.));
#7660=CARTESIAN_POINT('',(38.7917261889578,36.7360912703474,2.));
#7661=CARTESIAN_POINT('Ctrl Pts',(6.30424202370615,4.24860710509575,5.));
#7662=CARTESIAN_POINT('Ctrl Pts',(6.30424202370615,4.24860710509575,4.63563763754417));
#7663=CARTESIAN_POINT('Ctrl Pts',(6.24021205932689,4.1845771407165,4.20788230068171));
#7664=CARTESIAN_POINT('Ctrl Pts',(6.03265963408763,3.97702471547724,3.52713581091053));
#7665=CARTESIAN_POINT('Ctrl Pts',(5.84968235208377,3.79404743347338,3.15609612589683));
#7666=CARTESIAN_POINT('Ctrl Pts',(5.46456312600869,3.40892820739829,2.62673866263441));
#7667=CARTESIAN_POINT('Ctrl Pts',(5.19273774704127,3.13710282843088,2.37584708444084));
#7668=CARTESIAN_POINT('Ctrl Pts',(4.69293239811908,2.63729747950869,2.08836090786913));
#7669=CARTESIAN_POINT('Ctrl Pts',(4.37615395388561,2.32051903527522,2.));
#7670=CARTESIAN_POINT('Ctrl Pts',(4.10708610857066,2.05145118996026,2.));
#7671=CARTESIAN_POINT('Origin',(61.,86.,2.));
#7672=CARTESIAN_POINT('Origin',(114.5,114.,2.));
#7673=CARTESIAN_POINT('',(1.60169515877655,115.1,2.));
#7674=CARTESIAN_POINT('',(33.7,115.1,2.));
#7675=CARTESIAN_POINT('',(1.60169515877655,112.9,2.));
#7676=CARTESIAN_POINT('Origin',(7.5,114.,2.));
#7677=CARTESIAN_POINT('',(31.,112.9,2.));
#7678=CARTESIAN_POINT('Origin',(7.5,7.00000000000001,2.));
#7679=CARTESIAN_POINT('Origin',(114.5,7.00000000000001,2.));
#7680=CARTESIAN_POINT('Origin',(7.5,7.00000000000001,5.));
#7681=CARTESIAN_POINT('Origin',(7.5,7.00000000000001,2.));
#7682=CARTESIAN_POINT('Origin',(7.5,7.00000000000001,5.));
#7683=CARTESIAN_POINT('Origin',(0.999999999999999,112.9,2.));
#7684=CARTESIAN_POINT('',(4.70894285260943,112.9,5.));
#7685=CARTESIAN_POINT('Ctrl Pts',(4.70894285260943,112.9,5.));
#7686=CARTESIAN_POINT('Ctrl Pts',(4.70894285260943,112.9,4.63563763754417));
#7687=CARTESIAN_POINT('Ctrl Pts',(4.61839080858602,112.9,4.20788230068171));
#7688=CARTESIAN_POINT('Ctrl Pts',(4.32486735390923,112.9,3.52713581091053));
#7689=CARTESIAN_POINT('Ctrl Pts',(4.06609840009321,112.9,3.15609612589683));
#7690=CARTESIAN_POINT('Ctrl Pts',(3.52145756744719,112.9,2.62673866263441));
#7691=CARTESIAN_POINT('Ctrl Pts',(3.13703842991427,112.9,2.37584708444084));
#7692=CARTESIAN_POINT('Ctrl Pts',(2.43020692692189,112.9,2.08836090786913));
#7693=CARTESIAN_POINT('Ctrl Pts',(1.98221455481947,112.9,2.));
#7694=CARTESIAN_POINT('Ctrl Pts',(1.60169515877655,112.9,2.));
#7695=CARTESIAN_POINT('',(4.70894285260943,112.9,2.));
#7696=CARTESIAN_POINT('Origin',(6.4,115.1,2.));
#7697=CARTESIAN_POINT('',(4.70894285260943,115.1,5.));
#7698=CARTESIAN_POINT('Ctrl Pts',(1.60169515877655,115.1,2.));
#7699=CARTESIAN_POINT('Ctrl Pts',(1.98221455481947,115.1,2.));
#7700=CARTESIAN_POINT('Ctrl Pts',(2.43020692692189,115.1,2.08836090786913));
#7701=CARTESIAN_POINT('Ctrl Pts',(3.13703842991427,115.1,2.37584708444084));
#7702=CARTESIAN_POINT('Ctrl Pts',(3.52145756744719,115.1,2.62673866263441));
#7703=CARTESIAN_POINT('Ctrl Pts',(4.06609840009321,115.1,3.15609612589683));
#7704=CARTESIAN_POINT('Ctrl Pts',(4.32486735390923,115.1,3.52713581091053));
#7705=CARTESIAN_POINT('Ctrl Pts',(4.61839080858602,115.1,4.20788230068171));
#7706=CARTESIAN_POINT('Ctrl Pts',(4.70894285260943,115.1,4.63563763754417));
#7707=CARTESIAN_POINT('Ctrl Pts',(4.70894285260943,115.1,5.));
#7708=CARTESIAN_POINT('',(4.70894285260943,115.1,2.));
#7709=CARTESIAN_POINT('Origin',(61.,86.,2.));
#7710=CARTESIAN_POINT('Origin',(7.5,7.00000000000001,2.));
#7711=CARTESIAN_POINT('Origin',(7.5,114.,5.));
#7712=CARTESIAN_POINT('Origin',(7.5,114.,5.));
#7713=CARTESIAN_POINT('Origin',(7.5,114.,2.));
#7714=CARTESIAN_POINT('Origin',(114.5,114.,5.));
#7715=CARTESIAN_POINT('Origin',(114.5,114.,5.));
#7716=CARTESIAN_POINT('Origin',(114.5,114.,2.));
#7717=CARTESIAN_POINT('Origin',(114.5,7.00000000000001,5.));
#7718=CARTESIAN_POINT('Origin',(114.5,7.00000000000001,5.));
#7719=CARTESIAN_POINT('Origin',(114.5,7.00000000000001,2.));
#7720=CARTESIAN_POINT('Origin',(114.5,7.00000000000001,2.));
#7721=CARTESIAN_POINT('',(115.6,7.00000000000001,2.));
#7722=CARTESIAN_POINT('',(115.6,7.00000000000001,2.));
#7723=CARTESIAN_POINT('Origin',(114.5,7.00000000000001,2.));
#7724=CARTESIAN_POINT('Origin',(114.5,114.,2.));
#7725=CARTESIAN_POINT('',(115.6,114.,2.));
#7726=CARTESIAN_POINT('',(115.6,114.,2.));
#7727=CARTESIAN_POINT('Origin',(114.5,114.,2.));
#7728=CARTESIAN_POINT('Origin',(61.,86.,2.));
#7729=CARTESIAN_POINT('Origin',(7.5,7.00000000000001,2.));
#7730=CARTESIAN_POINT('',(8.6,7.00000000000001,2.));
#7731=CARTESIAN_POINT('',(8.6,7.00000000000001,2.));
#7732=CARTESIAN_POINT('Origin',(7.5,7.00000000000001,2.));
#7733=CARTESIAN_POINT('Origin',(61.,86.,2.));
#7734=CARTESIAN_POINT('Origin',(7.5,114.,2.));
#7735=CARTESIAN_POINT('',(8.6,114.,2.));
#7736=CARTESIAN_POINT('',(8.6,114.,2.));
#7737=CARTESIAN_POINT('Origin',(7.5,114.,2.));
#7738=CARTESIAN_POINT('Origin',(61.,86.,2.));
#7739=CARTESIAN_POINT('Origin',(61.,86.,2.));
#7740=CARTESIAN_POINT('Origin',(61.,86.,0.));
#7741=CARTESIAN_POINT('Origin',(123.25,21.,29.));
#7742=CARTESIAN_POINT('',(-0.250000000000004,19.,29.));
#7743=CARTESIAN_POINT('Origin',(-0.250000000000004,21.,29.));
#7744=CARTESIAN_POINT('',(-1.25,19.,29.));
#7745=CARTESIAN_POINT('',(123.25,19.,29.));
#7746=CARTESIAN_POINT('Origin',(-1.25,21.,29.));
#7747=CARTESIAN_POINT('Origin',(123.25,21.,29.));
#7748=CARTESIAN_POINT('',(123.25,19.,29.));
#7749=CARTESIAN_POINT('Origin',(123.25,21.,29.));
#7750=CARTESIAN_POINT('',(122.25,19.,29.));
#7751=CARTESIAN_POINT('',(123.25,19.,29.));
#7752=CARTESIAN_POINT('Origin',(122.25,21.,29.));
#7753=CARTESIAN_POINT('Origin',(123.25,53.5999999999997,1.24999999999966));
#7754=CARTESIAN_POINT('',(122.25,67.1,1.24999999999966));
#7755=CARTESIAN_POINT('',(122.25,53.5999999999997,14.75));
#7756=CARTESIAN_POINT('Origin',(122.25,53.5999999999997,1.24999999999966));
#7757=CARTESIAN_POINT('',(123.25,67.1,1.24999999999966));
#7758=CARTESIAN_POINT('',(123.25,67.1,1.24999999999966));
#7759=CARTESIAN_POINT('',(123.25,53.5999999999997,14.75));
#7760=CARTESIAN_POINT('Origin',(123.25,53.5999999999997,1.24999999999966));
#7761=CARTESIAN_POINT('',(123.25,53.5999999999997,14.75));
#7762=CARTESIAN_POINT('Origin',(123.25,-2.89999999999999,14.75));
#7763=CARTESIAN_POINT('',(122.25,-2.89999999999999,14.75));
#7764=CARTESIAN_POINT('',(122.25,84.6,14.75));
#7765=CARTESIAN_POINT('',(123.25,-2.89999999999999,14.75));
#7766=CARTESIAN_POINT('',(123.25,84.6,14.75));
#7767=CARTESIAN_POINT('',(92.125,-2.89999999999999,14.75));
#7768=CARTESIAN_POINT('Origin',(123.25,-2.89999999999999,14.75));
#7769=CARTESIAN_POINT('',(-1.25,53.5999999999997,14.75));
#7770=CARTESIAN_POINT('',(-1.25,-2.89999999999999,14.75));
#7771=CARTESIAN_POINT('',(-1.25,84.6,14.75));
#7772=CARTESIAN_POINT('',(-0.250000000000004,53.5999999999997,14.75));
#7773=CARTESIAN_POINT('',(123.25,53.5999999999997,14.75));
#7774=CARTESIAN_POINT('',(-0.250000000000004,-2.89999999999999,14.75));
#7775=CARTESIAN_POINT('',(-0.250000000000004,84.6,14.75));
#7776=CARTESIAN_POINT('',(92.125,-2.89999999999999,14.75));
#7777=CARTESIAN_POINT('Origin',(123.25,67.1,1.24999999999966));
#7778=CARTESIAN_POINT('',(122.25,67.1,-1.25));
#7779=CARTESIAN_POINT('',(122.25,67.1,25.2499999999998));
#7780=CARTESIAN_POINT('',(123.25,67.1,-1.25));
#7781=CARTESIAN_POINT('',(123.25,67.1,-1.25));
#7782=CARTESIAN_POINT('',(123.25,67.1,25.7499999999998));
#7783=CARTESIAN_POINT('Origin',(123.25,67.1,1.24999999999966));
#7784=CARTESIAN_POINT('',(-0.250000000000004,67.1,1.24999999999966));
#7785=CARTESIAN_POINT('',(-0.250000000000004,67.1,-1.25));
#7786=CARTESIAN_POINT('',(-0.250000000000004,67.1,0.499999999999822));
#7787=CARTESIAN_POINT('',(-1.25,67.1,1.24999999999966));
#7788=CARTESIAN_POINT('',(123.25,67.1,1.24999999999966));
#7789=CARTESIAN_POINT('',(-1.25,67.1,-1.25));
#7790=CARTESIAN_POINT('',(-1.25,67.1,-1.71043734731313E-13));
#7791=CARTESIAN_POINT('',(123.25,67.1,-1.25));
#7792=CARTESIAN_POINT('Origin',(123.25,53.5999999999997,1.24999999999966));
#7793=CARTESIAN_POINT('Origin',(-0.250000000000004,53.5999999999997,1.24999999999966));
#7794=CARTESIAN_POINT('Origin',(-1.25,53.5999999999997,1.24999999999966));
#7795=CARTESIAN_POINT('Origin',(123.25,172.1,-1.25));
#7796=CARTESIAN_POINT('',(-1.25,173.1,-1.25));
#7797=CARTESIAN_POINT('',(-1.25,172.1,-1.25));
#7798=CARTESIAN_POINT('',(123.25,173.1,-1.25));
#7799=CARTESIAN_POINT('',(123.25,173.1,-1.25));
#7800=CARTESIAN_POINT('',(123.25,172.1,-1.25));
#7801=CARTESIAN_POINT('',(122.25,103.1,-1.25));
#7802=CARTESIAN_POINT('',(122.25,84.6,-1.25));
#7803=CARTESIAN_POINT('',(-0.250000000000002,103.1,-1.25));
#7804=CARTESIAN_POINT('',(122.75,103.1,-1.25));
#7805=CARTESIAN_POINT('',(-0.250000000000004,137.6,-1.25));
#7806=CARTESIAN_POINT('Origin',(61.,-2.89999999999999,24.5));
#7807=CARTESIAN_POINT('',(-0.250000000000004,-2.89999999999999,49.25));
#7808=CARTESIAN_POINT('',(-0.249999999999996,-2.89999999999999,11.625));
#7809=CARTESIAN_POINT('',(122.25,-2.89999999999999,49.25));
#7810=CARTESIAN_POINT('',(122.25,-2.89999999999999,49.25));
#7811=CARTESIAN_POINT('',(122.25,-2.89999999999999,-0.250000000000002));
#7812=CARTESIAN_POINT('',(123.25,-2.89999999999999,50.25));
#7813=CARTESIAN_POINT('',(123.25,-2.89999999999999,-1.25));
#7814=CARTESIAN_POINT('',(-1.25,-2.89999999999999,50.25));
#7815=CARTESIAN_POINT('',(123.25,-2.89999999999999,50.25));
#7816=CARTESIAN_POINT('',(-1.25,-2.89999999999999,50.25));
#7817=CARTESIAN_POINT('Origin',(122.25,103.1,-1.25));
#7818=CARTESIAN_POINT('',(122.25,103.1,-0.25));
#7819=CARTESIAN_POINT('',(122.25,103.1,-1.25));
#7820=CARTESIAN_POINT('',(-0.250000000000002,103.1,-0.25));
#7821=CARTESIAN_POINT('',(122.25,103.1,-0.250000000000002));
#7822=CARTESIAN_POINT('',(-0.250000000000002,103.1,-1.25));
#7823=CARTESIAN_POINT('Origin',(122.25,172.1,-0.250000000000002));
#7824=CARTESIAN_POINT('',(122.25,172.1,-0.250000000000002));
#7825=CARTESIAN_POINT('',(122.25,172.1,-0.250000000000002));
#7826=CARTESIAN_POINT('',(-0.25,172.1,-0.250000000000004));
#7827=CARTESIAN_POINT('',(91.625,172.1,-0.250000000000004));
#7828=CARTESIAN_POINT('',(-0.25,172.1,-0.250000000000004));
#7829=CARTESIAN_POINT('Origin',(122.25,172.1,49.25));
#7830=CARTESIAN_POINT('',(122.25,172.1,49.25));
#7831=CARTESIAN_POINT('',(122.25,172.1,49.25));
#7832=CARTESIAN_POINT('',(122.25,172.1,36.875));
#7833=CARTESIAN_POINT('Origin',(-0.250000000000004,172.1,49.25));
#7834=CARTESIAN_POINT('',(-0.250000000000004,172.1,49.25));
#7835=CARTESIAN_POINT('',(30.375,172.1,49.25));
#7836=CARTESIAN_POINT('',(-0.250000000000004,172.1,49.25));
#7837=CARTESIAN_POINT('Origin',(-0.25,172.1,-0.250000000000004));
#7838=CARTESIAN_POINT('',(-0.250000000000004,172.1,12.125));
#7839=CARTESIAN_POINT('Origin',(123.25,172.1,50.25));
#7840=CARTESIAN_POINT('',(123.25,173.1,50.25));
#7841=CARTESIAN_POINT('',(123.25,173.1,50.25));
#7842=CARTESIAN_POINT('',(123.25,172.1,50.25));
#7843=CARTESIAN_POINT('Origin',(-1.25,172.1,50.25));
#7844=CARTESIAN_POINT('',(-1.25,173.1,50.25));
#7845=CARTESIAN_POINT('',(-1.25,173.1,50.25));
#7846=CARTESIAN_POINT('',(-1.25,172.1,50.25));
#7847=CARTESIAN_POINT('Origin',(-1.25,172.1,-1.25));
#7848=CARTESIAN_POINT('',(-1.25,173.1,-1.25));
#7849=CARTESIAN_POINT('Origin',(61.,173.1,24.5));
#7850=CARTESIAN_POINT('Origin',(61.,172.1,24.5));
#7851=CARTESIAN_POINT('',(58.4999999999996,-8.08146952135935E-13,-34.9999999999998));
#7852=UNCERTAINTY_MEASURE_WITH_UNIT(LENGTH_MEASURE(0.01),#7858,
'DISTANCE_ACCURACY_VALUE',
'Maximum model space distance between geometric entities at asserted c
onnectivities');
#7853=UNCERTAINTY_MEASURE_WITH_UNIT(LENGTH_MEASURE(0.01),#7858,
'DISTANCE_ACCURACY_VALUE',
'Maximum model space distance between geometric entities at asserted c
onnectivities');
#7854=UNCERTAINTY_MEASURE_WITH_UNIT(LENGTH_MEASURE(0.01),#7858,
'DISTANCE_ACCURACY_VALUE',
'Maximum model space distance between geometric entities at asserted c
onnectivities');
#7855=(
GEOMETRIC_REPRESENTATION_CONTEXT(3)
GLOBAL_UNCERTAINTY_ASSIGNED_CONTEXT((#7852))
GLOBAL_UNIT_ASSIGNED_CONTEXT((#7858,#7860,#7861))
REPRESENTATION_CONTEXT('','3D')
);
#7856=(
GEOMETRIC_REPRESENTATION_CONTEXT(3)
GLOBAL_UNCERTAINTY_ASSIGNED_CONTEXT((#7853))
GLOBAL_UNIT_ASSIGNED_CONTEXT((#7858,#7860,#7861))
REPRESENTATION_CONTEXT('','3D')
);
#7857=(
GEOMETRIC_REPRESENTATION_CONTEXT(3)
GLOBAL_UNCERTAINTY_ASSIGNED_CONTEXT((#7854))
GLOBAL_UNIT_ASSIGNED_CONTEXT((#7858,#7860,#7861))
REPRESENTATION_CONTEXT('','3D')
);
#7858=(
LENGTH_UNIT()
NAMED_UNIT(*)
SI_UNIT(.MILLI.,.METRE.)
);
#7859=(
LENGTH_UNIT()
NAMED_UNIT(*)
SI_UNIT($,.METRE.)
);
#7860=(
NAMED_UNIT(*)
PLANE_ANGLE_UNIT()
SI_UNIT($,.RADIAN.)
);
#7861=(
NAMED_UNIT(*)
SI_UNIT($,.STERADIAN.)
SOLID_ANGLE_UNIT()
);
#7862=SHAPE_DEFINITION_REPRESENTATION(#7864,#7867);
#7863=SHAPE_DEFINITION_REPRESENTATION(#7865,#7868);
#7864=PRODUCT_DEFINITION_SHAPE('',$,#7870);
#7865=PRODUCT_DEFINITION_SHAPE('',$,#7871);
#7866=PRODUCT_DEFINITION_SHAPE($,$,#14);
#7867=SHAPE_REPRESENTATION('',(#4274,#4564),#7855);
#7868=SHAPE_REPRESENTATION('',(#4275),#7856);
#7869=PRODUCT_DEFINITION_CONTEXT('part definition',#7877,'design');
#7870=PRODUCT_DEFINITION('board_housing','board_housing v6',#7872,#7869);
#7871=PRODUCT_DEFINITION('adapter_stange','adapter_stange',#7873,#7869);
#7872=PRODUCT_DEFINITION_FORMATION('',$,#7879);
#7873=PRODUCT_DEFINITION_FORMATION('',$,#7880);
#7874=PRODUCT_RELATED_PRODUCT_CATEGORY('board_housing v6',
'board_housing v6',(#7879));
#7875=PRODUCT_RELATED_PRODUCT_CATEGORY('adapter_stange',
'adapter_stange',(#7880));
#7876=APPLICATION_PROTOCOL_DEFINITION('international standard',
'automotive_design',2009,#7877);
#7877=APPLICATION_CONTEXT(
'Core Data for Automotive Mechanical Design Process');
#7878=PRODUCT_CONTEXT('part definition',#7877,'mechanical');
#7879=PRODUCT('board_housing','board_housing v6',$,(#7878));
#7880=PRODUCT('adapter_stange','adapter_stange',$,(#7878));
#7881=PRESENTATION_STYLE_ASSIGNMENT((#7882));
#7882=SURFACE_STYLE_USAGE(.BOTH.,#7883);
#7883=SURFACE_SIDE_STYLE('',(#7884));
#7884=SURFACE_STYLE_FILL_AREA(#7885);
#7885=FILL_AREA_STYLE('Stahl - satiniert',(#7886));
#7886=FILL_AREA_STYLE_COLOUR('Stahl - satiniert',#7887);
#7887=COLOUR_RGB('Stahl - satiniert',0.627450980392157,0.627450980392157,
0.627450980392157);
ENDSEC;
END-ISO-10303-21;
